{"patients":{"methods":[[2,0],[2,3],[2,0],[2,0],[2,3],[2,0],[2,4,5],[2,0],[2,0],[2,4,5]],"IDs":[[[17,18,4,5],[39,40,35,37,33,0,1,14,27,45,47]],[[17,18,4,5],[39,40,34,36,32,19,20,21,22,47,48]],[[17,18,4,5],[39,40,35,37,33,0,1,14,27,46,47]],[[17,18,4,5],[39,40,35,37,33,0,1,14,27,46,47]],[[17,18,4,5],[39,40,34,36,32,19,20,21,22,44,47,48]],[[17,18,4,5],[39,40,35,37,33,0,1,14,27,45,47]],[[17,18,4,5],[30,3,12,2,31,15,16,13,28,23,26,25,24,29,38],[39,40,47,48]],[[17,18,4,5],[39,40,35,37,33,0,1,14,27,46,47]],[[17,18,4,5],[39,40,35,37,33,0,1,14,27,46,47]],[[17,18,4,5],[30,3,12,2,31,15,16,13,28,23,26,25,24,29,38],[39,40,44,47,48]]],"values":[[[0,0,0,0],[1,0,0,0,0,0,0,0,0,0,0]],[[0,0,0,0],[1,0,0,0,0,0,0,0,0,0,0]],[[0,0,0,0],[1,0,0,0,0,0,0,0,0,0,0]],[[0,0,0,0],[1,0,0,0,0,0,0,0,0,0,0]],[[0,0,0,0],[1,0,0,0,0,0,0,0,0,0,0,0]],[[0,0,0,0],[1,0,0,0,0,0,0,0,0,0,0]],[[0,0,0,0],[0,0,0,0,0,0,0,0,0,0,0,0,0,0,0],[1,0,0,0]],[[0,0,0,0],[1,0,0,0,0,0,0,0,0,0,0]],[[0,0,0,0],[1,0,0,0,0,0,0,0,0,0,0]],[[0,0,0,0],[0,0,0,0,0,0,0,0,0,0,0,0,0,0,0],[1,0,0,0,0]]],"sensitivity":[[[0.64,0.75,1,1],[0.65,0.753,0.73,0.8,0.841,0.96,0.93,0.91,0.93,0.799,0.845]],[[0.64,0.75,1,1],[0.764,0.764,0.73,0.8,0.841,0.93,0.93,0.93,0.93,0.845,0.764]],[[0.64,0.75,1,1],[0.65,0.753,0.73,0.8,0.841,0.96,0.93,0.91,0.93,0.78,0.845]],[[0.64,0.75,1,1],[0.65,0.753,0.73,0.8,0.841,0.96,0.93,0.91,0.93,0.78,0.845]],[[0.64,0.75,1,1],[0.84,0.84,0.73,0.8,0.841,0.93,0.93,0.93,0.93,0.775,0.845,0.764]],[[0.64,0.75,1,1],[0.65,0.753,0.73,0.8,0.841,0.96,0.93,0.91,0.93,0.799,0.845]],[[0.64,0.75,1,1],[0,0,0,0,0,0,0,0,0,0,0,0,0,0,0],[0.84,0.84,0.845,0.764]],[[0.64,0.75,1,1],[0.65,0.753,0.73,0.8,0.841,0.96,0.93,0.91,0.93,0.78,0.845]],[[0.64,0.75,1,1],[0.65,0.753,0.73,0.8,0.841,0.96,0.93,0.91,0.93,0.78,0.845]],[[0.64,0.75,1,1],[0,0,0,0,0,0,0,0,0,0,0,0,0,0,0],[0.84,0.84,0.775,0.845,0.764]]],"specificity":[[[0.99,0.98,1,1],[0.99,0.9590000000000001,0.98,0.96,0.961,0.98,0.95,0.98,0.98,0.934,0.976]],[[0.99,0.98,1,1],[0.992,0.992,0.98,0.96,0.961,0.98,0.98,0.98,0.98,0.976,0.992]],[[0.99,0.98,1,1],[0.99,0.9590000000000001,0.98,0.96,0.961,0.98,0.95,0.98,0.98,0.84,0.976]],[[0.99,0.98,1,1],[0.99,0.9590000000000001,0.98,0.96,0.961,0.98,0.95,0.98,0.98,0.84,0.976]],[[0.99,0.98,1,1],[0.97,0.97,0.98,0.96,0.961,0.98,0.98,0.98,0.98,0.894,0.976,0.992]],[[0.99,0.98,1,1],[0.99,0.9590000000000001,0.98,0.96,0.961,0.98,0.95,0.98,0.98,0.934,0.976]],[[0.99,0.98,1,1],[0,0,0,0,0,0,0,0,0,0,0,0,0,0,0],[0.97,0.97,0.976,0.992]],[[0.99,0.98,1,1],[0.99,0.9590000000000001,0.98,0.96,0.961,0.98,0.95,0.98,0.98,0.84,0.976]],[[0.99,0.98,1,1],[0.99,0.9590000000000001,0.98,0.96,0.961,0.98,0.95,0.98,0.98,0.84,0.976]],[[0.99,0.98,1,1],[0,0,0,0,0,0,0,0,0,0,0,0,0,0,0],[0.97,0.97,0.894,0.976,0.992]]]},"households":{"methods":[[2,0],[2,0],[2,3]],"IDs":[[[17,18,4,5],[39,40,35,37,33,0,1,14,27,45,47]],[[17,18,4,5],[39,40,35,37,33,0,1,14,27,45,47]],[[17,18,4,5],[39,40,34,36,32,19,20,21,22,47,48]]],"values":[[[0,0,0,0],[1,0,0,0,0,0,0,0,0,0,0]],[[0,0,0,0],[1,0,0,0,0,0,0,0,0,0,0]],[[0,0,0,0],[1,0,0,0,0,0,0,0,0,0,0]]],"sensitivity":[[[0.64,0.75,1,1],[0.65,0.753,0.73,0.8,0.841,0.96,0.93,0.91,0.93,0.799,0.845]],[[0.64,0.75,1,1],[0.65,0.753,0.73,0.8,0.841,0.96,0.93,0.91,0.93,0.799,0.845]],[[0.64,0.75,1,1],[0.84,0.84,0.73,0.8,0.841,0.93,0.93,0.93,0.93,0.845,0.764]]],"specificity":[[[0.99,0.98,1,1],[0.99,0.9590000000000001,0.98,0.96,0.961,0.98,0.95,0.98,0.98,0.934,0.976]],[[0.99,0.98,1,1],[0.99,0.9590000000000001,0.98,0.96,0.961,0.98,0.95,0.98,0.98,0.934,0.976]],[[0.99,0.98,1,1],[0.97,0.97,0.98,0.96,0.961,0.98,0.98,0.98,0.98,0.976,0.992]]]},"art":{"methods":[[7],[7],[6]],"IDs":[[[42,41,32,39,40,34,36,46,47]],[[42,41,32,39,40,34,36,46,47]],[[42,41,32,39,40,34,36,44,47,48]]],"values":[[[0,0,0,1,0,0,0,0,0]],[[0,0,0,1,0,0,0,0,0]],[[0,0,0,1,0,0,0,0,0,0]]],"sensitivity":[[[0.76,0.7,0.841,0.65,0.753,0.73,0.8,0.78,0.845]],[[0.76,0.7,0.841,0.65,0.753,0.73,0.8,0.78,0.845]],[[0.76,0.91,0.841,0.84,0.84,0.73,0.8,0.775,0.845,0.764]]],"specificity":[[[0.53,0.95,0.961,0.99,0.9590000000000001,0.98,0.96,0.84,0.976]],[[0.53,0.95,0.961,0.99,0.9590000000000001,0.98,0.96,0.84,0.976]],[[0.53,0.98,0.961,0.97,0.97,0.98,0.96,0.894,0.976,0.992]]]},"highriskgroups":{"methods":[[2,3]],"IDs":[[[17,18,4,5],[39,40,34,36,32,19,20,21,22,47,48]]],"values":[[[0,0,0,0],[1,0,0,0,0,0,0,0,0,0,0]]],"sensitivity":[[[0.64,0.75,1,1],[0.84,0.84,0.73,0.8,0.841,0.93,0.93,0.93,0.93,0.845,0.764]]],"specificity":[[[0.99,0.98,1,1],[0.97,0.97,0.98,0.96,0.961,0.98,0.98,0.98,0.98,0.976,0.992]]]}}