{"name":"C\u00f4te d'Ivoire","ISO_Numeric":384,"ISO_Alpha":"CIV","ProxyNote":0,"Group":"A","surveyYear":2021.0,"MA_L18FirstBirth":5.8882224932215,"MA_L18_BO2_3":0.767305021267391,"MA_L18_BO_G3":0.094075347923501,"MA18_34FirstBirth":18.330336113261,"MA18_34BO2_3":18.9565496970967,"MA18_34BO_G3":40.637407538406,"MA_G35FirstBirth":0.415316083514585,"MA_G35BO2_3":0.781247876481678,"MA_G35BO_G3":14.1295398288276,"firstBirthInterval":24.6338746899971,"L18Months":3.96666973248123,"BO18_24Months":7.32779085654391,"BO_24MonthsOrGreater":64.0716647209777,"PropUnintendedPregEndInAbort":0.383123861495492,"mortalityRateUnsafeAbortMMR":0.403208426704411,"MortalityRateUnsafeAbort":248.897382842828,"propUnsafeAbort":0.847666562987155,"MMR":617.292115834903}