{"name":"Demo. People's Rep. of Korea","ISO_Numeric":408,"ISO_Alpha":"PRK","ProxyNote":"Risk Proxy: Myanmar","Group":0,"surveyYear":0,"MA_L18FirstBirth":2.17150107852945,"MA_L18_BO2_3":0.291465064801293,"MA_L18_BO_G3":0.0188939253493838,"MA18_34FirstBirth":31.5923253510806,"MA18_34BO2_3":22.0164575174535,"MA18_34BO_G3":25.5128374172,"MA_G35FirstBirth":1.39160980700374,"MA_G35BO2_3":3.03172399162855,"MA_G35BO_G3":13.9731858469536,"firstBirthInterval":35.1744656391545,"L18Months":3.10047903226232,"BO18_24Months":5.46908674541154,"BO_24MonthsOrGreater":56.2559685831717,"PropUnintendedPregEndInAbort":0.756511011023421,"mortalityRateUnsafeAbortMMR":0.734306684671433,"MortalityRateUnsafeAbort":65.3588692596488,"propUnsafeAbort":0.12,"MMR":89.0075912748822}