{"ISO3AlphaCountryCode":"ALB","firstYear":1990,"finalYear":2020,"interventions":[{"intervMstID":351,"PIN":[2.770250864,2.790179256,2.786412589,2.78006784,2.768821964,2.749456039,2.737537281,2.742953245,2.722325125,2.698939661,2.67608722,2.656902722,2.645860356,2.639366655,2.633526351,2.627941517,2.622018077,2.618105922,2.616152659,2.615313072,2.614619406,2.612140481,2.608410619,2.603667104,2.598420876,2.593043016,2.588775801,2.584189032,2.579248069,2.573983222,2.568383666]},{"intervMstID":352,"PIN":[12.795616,12.887664,12.870266,12.84096,12.789016,12.699566,12.644514,12.66953,12.57425,12.466234,12.36068,12.272068,12.221064,12.19107,12.164094,12.138298,12.110938,12.092868,12.083846,12.079968,12.076764,12.065314,12.048086,12.026176,12.001944,11.977104,11.957394,11.936208,11.913386,11.889068,11.863204]}]}