{"ISO3AlphaCountryCode":"BHS","firstYear":1990,"finalYear":2020,"interventions":[{"intervMstID":351,"PIN":[1.12395738,1.137606756,1.150985004,1.163512116,1.174138212,1.160700372,1.141940436,1.116817104,1.085854536,1.092721188,1.09950516,1.106711112,1.114381632,1.122173208,1.129471044,1.135957368,1.141772736,1.146930096,1.151662356,1.156291968,1.157324064,1.156461696,1.15581024,1.155274224,1.154777364,1.154234016,1.153849788,1.15354746,1.152907704,1.15131276,1.148457492]},{"intervMstID":352,"PIN":[14.40971,14.584702,14.756218,14.916822,15.053054,14.880774,14.640262,14.318168,13.921212,14.009246,14.09622,14.188604,14.286944,14.386836,14.480398,14.563556,14.638112,14.704232,14.764902,14.824256,14.837488,14.826432,14.81808,14.811208,14.804838,14.797872,14.792946,14.78907,14.780868,14.76042,14.723814]}]}