{"ISO3AlphaCountryCode":"BOL","firstYear":1990,"finalYear":2020,"interventions":[{"intervMstID":351,"PIN":[1.732694556,1.743984922,1.755529166,1.767136552,1.778567612,1.789692132,1.822527806,1.852959892,1.851598016,1.849232156,1.845700658,1.849626204,1.85336966,1.85689356,1.860180612,1.863266448,1.868012578,1.876469676,1.88043819,1.88674846,1.892621452,1.897316754,1.90252086,1.907981726,1.913357704,1.918470896,1.92367081,1.928669508,1.933562358,1.938555554,1.943771974]},{"intervMstID":352,"PIN":[13.226676,13.312862,13.400986,13.489592,13.576852,13.661772,13.912426,14.144732,14.134336,14.116276,14.089318,14.119284,14.14786,14.17476,14.199852,14.223408,14.259638,14.324196,14.35449,14.40266,14.447492,14.483334,14.52306,14.564746,14.605784,14.644816,14.68451,14.722668,14.760018,14.798134,14.837954]}]}