{"ISO3AlphaCountryCode":"CIV","firstYear":1990,"finalYear":2020,"interventions":[{"intervMstID":351,"PIN":[6.25842405,6.250655892,6.242121741,6.233112693,6.22398702,6.215005962,6.201763893,6.187339713,6.172180329,6.171677442,6.174774069,6.181844343,6.190503516,6.1994118,6.207010152,6.212347845,6.219392928,6.224984397,6.229329378,6.232985805,6.236369796,6.244548474,6.254256339,6.265165908,6.276768696,6.288777339,6.301180641,6.313959942,6.327455787,6.342215847,6.358519089]},{"intervMstID":352,"PIN":[13.4157,13.399048,13.380754,13.361442,13.34188,13.322628,13.294242,13.263322,13.230826,13.229748,13.236386,13.251542,13.270104,13.2892,13.305488,13.31693,13.332032,13.344018,13.353332,13.36117,13.368424,13.385956,13.406766,13.430152,13.455024,13.480766,13.507354,13.534748,13.563678,13.595318,13.630266]}]}