{"ISO3AlphaCountryCode":"CMR","firstYear":1990,"finalYear":2020,"interventions":[{"intervMstID":351,"PIN":[6.278283888,6.31195959,6.343148847,6.371745297,6.397208733,6.41791107,6.433611594,6.436600926,6.440118336,6.444955941,6.451453353,6.457937703,6.465981096,6.475446381,6.486328893,6.498860949,6.512147802,6.526181055,6.541582086,6.559154208,6.578784528,6.599819013,6.622772679,6.646536189,6.669454401,6.690469293,6.709446513,6.726511083,6.741800154,6.75577836,6.768912201]},{"intervMstID":352,"PIN":[13.458272,13.53046,13.597318,13.658618,13.713202,13.75758,13.791236,13.797644,13.805184,13.815554,13.829482,13.843382,13.860624,13.880914,13.904242,13.931106,13.959588,13.98967,14.022684,14.060352,14.102432,14.147522,14.196726,14.247666,14.296794,14.341842,14.382522,14.419102,14.451876,14.48184,14.509994]}]}