{"ISO3AlphaCountryCode":"CRI","firstYear":1990,"finalYear":2020,"interventions":[{"intervMstID":351,"PIN":[1.539793126,1.529832148,1.515448086,1.534524568,1.542836256,1.567229242,1.520706164,1.576237588,1.613844282,1.59804411,1.559947214,1.625841,1.618474346,1.611155376,1.582990638,1.635647398,1.63318748,1.656289854,1.642107794,1.635301296,1.641615496,1.647206576,1.652219684,1.65665482,1.660488404,1.6636607,1.666272578,1.668140376,1.66941029,1.6703286,1.67105696]},{"intervMstID":352,"PIN":[11.754146,11.678108,11.568306,11.713928,11.777376,11.963582,11.608444,12.032348,12.319422,12.19881,11.907994,12.411,12.354766,12.298896,12.083898,12.485858,12.46708,12.643434,12.535174,12.483216,12.531416,12.574096,12.612364,12.64622,12.675484,12.6997,12.719638,12.733896,12.74359,12.7506,12.75616]}]}