{"ISO3AlphaCountryCode":"DOM","firstYear":1990,"finalYear":2020,"interventions":[{"intervMstID":351,"PIN":[1.68338799,1.686484568,1.678563522,1.674116072,1.675446246,1.67321846,1.669867218,1.66559426,1.661712206,1.657953816,1.654986666,1.663294424,1.670868058,1.678494092,1.685541368,1.69150344,1.697517912,1.703067072,1.701234644,1.70118172,1.695797096,1.696655932,1.69759101,1.698329064,1.698472378,1.697779126,1.697086922,1.695657712,1.693642146,1.691289124,1.688745104]},{"intervMstID":352,"PIN":[12.85029,12.873928,12.813462,12.779512,12.789666,12.77266,12.747078,12.71446,12.684826,12.656136,12.633486,12.696904,12.754718,12.812932,12.866728,12.91224,12.958152,13.000512,12.986524,12.98612,12.945016,12.951572,12.95871,12.964344,12.965438,12.960146,12.954862,12.943952,12.928566,12.910604,12.891184]}]}