{"ISO3AlphaCountryCode":"ECU","firstYear":1990,"finalYear":2020,"interventions":[{"intervMstID":351,"PIN":[1.612170364,1.622065318,1.636779762,1.653102362,1.663998156,1.677626086,1.689617826,1.698905464,1.710037582,1.73149512,1.742335894,1.86842549,1.835754352,1.80267266,1.857244902,1.829539712,1.861998892,1.808469672,1.780280044,1.771255716,1.782808606,1.791904722,1.800530024,1.808708616,1.816532198,1.824086182,1.831973692,1.839590032,1.846951446,1.85411112,1.86111569]},{"intervMstID":352,"PIN":[12.306644,12.382178,12.494502,12.619102,12.702276,12.806306,12.897846,12.968744,13.053722,13.21752,13.300274,14.26279,14.013392,13.76086,14.177442,13.965952,14.213732,13.805112,13.589924,13.521036,13.609226,13.678662,13.744504,13.806936,13.866658,13.924322,13.984532,14.042672,14.098866,14.15352,14.20699]}]}