{"ISO3AlphaCountryCode":"ESP","firstYear":1990,"finalYear":2020,"interventions":[{"intervMstID":351,"PIN":[0.792237264,0.790980996,0.786892392,0.787191132,0.789928464,0.788928192,0.794403168,0.799743828,0.804747684,0.812701968,0.827307624,0.815138532,0.832098384,0.850389228,0.86775234,0.883607868,0.897723216,0.90565176,0.918415056,0.921534432,0.925049268,0.92553084,0.925446912,0.924800136,0.923585364,0.921832704,0.919773504,0.91721292,0.91420914,0.910808184,0.907040784]},{"intervMstID":352,"PIN":[10.156888,10.140782,10.088364,10.092194,10.127288,10.114464,10.184656,10.253126,10.317278,10.419256,10.606508,10.450494,10.667928,10.902426,11.12503,11.328306,11.509272,11.61092,11.774552,11.814544,11.859606,11.86578,11.864704,11.856412,11.840838,11.818368,11.791968,11.75914,11.72063,11.677028,11.628728]}]}