{"ISO3AlphaCountryCode":"FIN","firstYear":1990,"finalYear":2020,"interventions":[{"intervMstID":351,"PIN":[1.014003588,0.992558736,0.970017984,0.956360184,0.944205444,0.948554256,0.94692156,0.937611324,0.941438316,0.955338072,0.962700492,0.96476874,0.962745264,0.95456712,0.948481716,0.950652612,0.959200632,0.962085696,0.965355768,0.94321422,0.939508908,0.935207052,0.930934368,0.92675622,0.922797876,0.919177428,0.916130748,0.913434288,0.91097292,0.908585964,0.906180912]},{"intervMstID":352,"PIN":[13.000046,12.725112,12.436128,12.261028,12.105198,12.160952,12.14002,12.020658,12.069722,12.247924,12.342314,12.36883,12.342888,12.23804,12.160022,12.187854,12.297444,12.334432,12.376356,12.09249,12.044986,11.989834,11.935056,11.88149,11.830742,11.784326,11.745266,11.710696,11.67914,11.648538,11.617704]}]}