{"ISO3AlphaCountryCode":"FJI","firstYear":1990,"finalYear":2020,"interventions":[{"intervMstID":351,"PIN":[3.829344,3.861817488,3.894408948,3.926939388,3.959857644,3.993718998,4.024557828,4.025540928,4.018013094,3.994217328,3.997791066,4.00987845,4.021687854,4.038997872,4.045875504,4.059001584,4.055756676,4.055146476,4.050647946,4.052477868,4.051003218,4.049384832,4.048528518,4.047733902,4.045935168,4.042528896,4.039318566,4.034953602,4.029110598,4.021535982,4.012319928]},{"intervMstID":352,"PIN":[11.296,11.391792,11.487932,11.583892,11.680996,11.780882,11.871852,11.874752,11.852546,11.782352,11.792894,11.82855,11.863386,11.914448,11.934736,11.973456,11.963884,11.962084,11.948814,11.954212,11.949862,11.945088,11.942562,11.940218,11.934912,11.924864,11.915394,11.902518,11.885282,11.862938,11.835752]}]}