{"ISO3AlphaCountryCode":"GAB","firstYear":1990,"finalYear":2020,"interventions":[{"intervMstID":351,"PIN":[5.900698788,5.874674619,5.870349231,5.853929364,5.826602727,5.80108611,5.773770669,5.746821897,5.720849976,5.696551857,5.674374447,5.659181475,5.645572737,5.63240904,5.617857972,5.601147009,5.607021177,5.611116114,5.616177639,5.625954546,5.642423862,5.661507444,5.686350435,5.715606516,5.747228685,5.779837968,5.812306368,5.845551957,5.878994409,5.911943304,5.94372315]},{"intervMstID":352,"PIN":[12.648872,12.593086,12.583814,12.548616,12.490038,12.43534,12.376786,12.319018,12.263344,12.211258,12.163718,12.13115,12.101978,12.07376,12.042568,12.006746,12.019338,12.028116,12.038966,12.059924,12.095228,12.136136,12.18939,12.252104,12.31989,12.389792,12.459392,12.530658,12.602346,12.672976,12.7411]}]}