{"ISO3AlphaCountryCode":"GNQ","firstYear":1990,"finalYear":2020,"interventions":[{"intervMstID":351,"PIN":[1.343743596,1.348439352,1.3525668,1.355914872,1.358286852,1.359741708,1.359845604,1.35966012,1.35935358,1.359020208,1.358655324,1.357362396,1.355921424,1.354469844,1.3533156,1.3526877,1.351610832,1.351057656,1.350997752,1.35135234,1.352000676,1.352214864,1.352695812,1.353296724,1.353818232,1.354125396,1.353608568,1.352934336,1.35206526,1.350950016,1.34955288]},{"intervMstID":352,"PIN":[17.227482,17.287684,17.3406,17.383524,17.413934,17.432586,17.433918,17.43154,17.42761,17.423336,17.418658,17.402082,17.383608,17.364998,17.3502,17.34215,17.328344,17.321252,17.320484,17.32503,17.333342,17.336088,17.342254,17.349958,17.356644,17.360582,17.353956,17.345312,17.33417,17.319872,17.30196]}]}