{"ISO3AlphaCountryCode":"GTM","firstYear":1990,"finalYear":2020,"interventions":[{"intervMstID":351,"PIN":[1.680911828,1.67848859,1.674500426,1.670897664,1.667130104,1.662756276,1.661443132,1.659033256,1.656106192,1.654252542,1.652704908,1.653786968,1.653623218,1.654921166,1.65591991,1.70560035,1.752072338,1.752859648,1.756581096,1.762972848,1.767766138,1.771669676,1.775792508,1.780029834,1.78426061,1.788430078,1.792773776,1.797038612,1.801284584,1.805628544,1.81013704]},{"intervMstID":352,"PIN":[12.831388,12.81289,12.782446,12.754944,12.726184,12.692796,12.682772,12.664376,12.642032,12.627882,12.616068,12.624328,12.623078,12.632986,12.64061,13.01985,13.374598,13.380608,13.409016,13.457808,13.494398,13.524196,13.555668,13.588014,13.62031,13.652138,13.685296,13.717852,13.750264,13.783424,13.81784]}]}