{"ISO3AlphaCountryCode":"HUN","firstYear":1990,"finalYear":2020,"interventions":[{"intervMstID":351,"PIN":[2.374883327,2.349622973,2.357742156,2.261029441,2.183046141,2.140512984,2.113098888,2.076441974,2.073628773,2.117321504,2.129775883,2.115296363,2.11662091,2.149434083,2.146360216,2.170400809,2.18531636,2.178285306,2.163280557,2.165737832,2.192907283,2.193587093,2.195561573,2.19844492,2.201728792,2.20523869,2.206467544,2.207683408,2.209085029,2.210968146,2.21340507]},{"intervMstID":352,"PIN":[10.969438,10.852762,10.890264,10.443554,10.083354,9.886896,9.760272,9.590956,9.577962,9.779776,9.837302,9.770422,9.77654,9.928102,9.913904,10.024946,10.09384,10.061364,9.992058,10.003408,10.128902,10.132042,10.141162,10.15448,10.169648,10.18586,10.191536,10.197152,10.203626,10.212324,10.22358]}]}