{"ISO3AlphaCountryCode":"IND","firstYear":1990,"finalYear":2020,"interventions":[{"intervMstID":351,"PIN":[4.151733525,4.150096401,4.148411607,4.146893658,4.145894631,4.129871382,4.112714268,4.096315107,4.080496158,4.065019071,4.049758542,4.067879952,4.086214515,4.104868467,4.124002524,4.143659589,4.068321921,3.994790946,3.923159961,3.853537926,3.786078747,3.783120483,3.780592611,3.778272444,3.775863747,3.773165625,3.769390161,3.765496203,3.761436762,3.75715872,3.752605554]},{"intervMstID":352,"PIN":[12.19305,12.188242,12.183294,12.178836,12.175902,12.128844,12.078456,12.030294,11.983836,11.938382,11.893564,11.946784,12.00063,12.055414,12.111608,12.169338,11.948082,11.732132,11.521762,11.317292,11.119174,11.110486,11.103062,11.096248,11.089174,11.08125,11.070162,11.058726,11.046804,11.03424,11.020868]}]}