{"ISO3AlphaCountryCode":"IRN","firstYear":1990,"finalYear":2020,"interventions":[{"intervMstID":351,"PIN":[2.764605078,2.760733926,2.732643972,2.703774102,2.673309174,2.640870972,2.60692176,2.620488714,2.63773833,2.660601858,2.68995624,2.728395222,2.77049709,2.81610858,2.864972604,2.91710214,2.856967032,2.80122714,2.671888392,2.703659772,2.734950348,2.766101874,2.796052626,2.823642,2.84740101,2.866362486,2.880498618,2.889809406,2.894590872,2.8956081,2.893488978]},{"intervMstID":352,"PIN":[8.946942,8.934414,8.843508,8.750078,8.651486,8.546508,8.43664,8.480546,8.53637,8.610362,8.70536,8.829758,8.96601,9.11362,9.271756,9.44046,9.245848,9.06546,8.646888,8.749708,8.850972,8.951786,9.048714,9.138,9.21489,9.276254,9.322002,9.352134,9.367608,9.3709,9.364042]}]}