{"ISO3AlphaCountryCode":"KEN","firstYear":1990,"finalYear":2020,"interventions":[{"intervMstID":351,"PIN":[7.01964942,6.954055788,6.888461223,6.823124166,6.7581855,6.693828093,6.625347759,6.556341213,6.487469952,6.41953449,6.353302686,6.287591496,6.223170645,6.161699007,6.105434442,6.055523607,6.078353184,6.105575325,6.134863128,6.162962289,6.187882719,6.21248313,6.234412362,6.253169394,6.268159905,6.279129186,6.285913962,6.288620595,6.288677508,6.288058929,6.287969361]},{"intervMstID":352,"PIN":[15.04748,14.906872,14.766262,14.626204,14.487,14.349042,14.202246,14.054322,13.906688,13.76106,13.619084,13.478224,13.34013,13.208358,13.087748,12.980758,13.029696,13.08805,13.150832,13.211066,13.264486,13.31722,13.364228,13.404436,13.43657,13.460084,13.474628,13.48043,13.480552,13.479226,13.479034]}]}