{"ISO3AlphaCountryCode":"KOR","firstYear":1990,"finalYear":2020,"interventions":[{"intervMstID":351,"PIN":[0.93729324,0.942150144,0.944772348,0.943983456,0.955804512,0.962540436,0.968112444,0.97559514,0.94674918,0.945264996,0.951688452,0.95296188,0.960954852,0.95204538,0.961508808,0.959980632,0.957837972,0.957174504,0.94916406,0.938157168,0.940070976,0.938486484,0.93692976,0.93556632,0.934656996,0.934348896,0.934955736,0.936284232,0.937806948,0.938685228,0.938390544]},{"intervMstID":352,"PIN":[12.01658,12.078848,12.112466,12.102352,12.253904,12.340262,12.411698,12.50763,12.13781,12.118782,12.201134,12.21746,12.319934,12.20571,12.327036,12.307444,12.279974,12.271468,12.16877,12.027656,12.052192,12.031878,12.01192,11.99444,11.982782,11.978832,11.986612,12.003644,12.023166,12.034426,12.030648]}]}