{"ISO3AlphaCountryCode":"LBN","firstYear":1990,"finalYear":2020,"interventions":[{"intervMstID":351,"PIN":[2.575353702,2.611506084,2.63665065,2.654653608,2.664634308,2.671210446,2.675830614,2.697534156,2.694357636,2.70395085,2.70961482,2.714154648,2.725554894,2.740464762,2.742003582,2.765143356,2.78569062,2.801360628,2.81035191,2.818595412,2.82604293,2.832215514,2.837514246,2.842646118,2.848741452,2.856449148,2.865081372,2.875332138,2.886219444,2.89625391,2.90442078]},{"intervMstID":352,"PIN":[8.334478,8.451476,8.53285,8.591112,8.623412,8.644694,8.659646,8.729884,8.719604,8.75065,8.76898,8.783672,8.820566,8.868818,8.873798,8.948684,9.01518,9.065892,9.09499,9.121668,9.14577,9.165746,9.182894,9.199502,9.219228,9.244172,9.272108,9.305282,9.340516,9.37299,9.39942]}]}