{"ISO3AlphaCountryCode":"LSO","firstYear":1990,"finalYear":2020,"interventions":[{"intervMstID":351,"PIN":[6.945085926,6.94725795,6.936857799,6.936624549,6.930830619,6.935378061,6.934367622,6.937964337,6.93786264,6.949176198,6.853588482,6.752505396,6.651069636,6.550509963,6.451814424,6.355889895,6.26972268,6.188371611,6.111888003,6.124479771,6.136939053,6.15232329,6.167224233,6.182670981,6.199731819,6.218791143,6.238511031,6.259315998,6.280913082,6.302466315,6.323271282]},{"intervMstID":352,"PIN":[14.887644,14.8923,14.870006,14.869506,14.857086,14.866834,14.864668,14.872378,14.87216,14.896412,14.691508,14.474824,14.257384,14.041822,13.830256,13.62463,13.43992,13.265534,13.101582,13.128574,13.155282,13.18826,13.220202,13.253314,13.289886,13.330742,13.373014,13.417612,13.463908,13.51011,13.554708]}]}