{"ISO3AlphaCountryCode":"LVA","firstYear":1990,"finalYear":2020,"interventions":[{"intervMstID":351,"PIN":[1.075819524,1.053601224,1.030302312,1.005824664,0.979956276,0.952575624,0.92325246,0.920273328,0.91670124,0.894427248,0.870800736,0.878834736,0.908809824,0.894783864,0.898722396,0.900039972,0.925789332,0.948877176,0.972864048,0.95530734,0.935114388,0.945455628,0.955494072,0.964876536,0.973169496,0.980113992,0.9849177,0.988274508,0.990477228,0.99208122,0.99351096]},{"intervMstID":352,"PIN":[13.792558,13.507708,13.209004,12.895188,12.563542,12.212508,11.83657,11.798376,11.75258,11.467016,11.164112,11.267112,11.651408,11.471588,11.522082,11.538974,11.869094,12.165092,12.472616,12.24753,11.988646,12.121226,12.249924,12.370212,12.476532,12.565564,12.62715,12.670186,12.698426,12.71899,12.73732]}]}