{"ISO3AlphaCountryCode":"NIC","firstYear":1990,"finalYear":2020,"interventions":[{"intervMstID":351,"PIN":[1.536521008,1.53632215,1.536026876,1.535608986,1.53504883,1.534346408,1.541058324,1.547796702,1.554643024,1.561791432,1.569351704,1.577808278,1.586739072,1.59581449,1.604535684,1.61256153,1.620984568,1.62586982,1.630557786,1.635615434,1.641325724,1.648566356,1.656514126,1.664806164,1.672917946,1.680503894,1.688218746,1.695546624,1.702344476,1.708443312,1.713725232]},{"intervMstID":352,"PIN":[11.729168,11.72765,11.725396,11.722206,11.71793,11.712568,11.763804,11.815242,11.867504,11.922072,11.979784,12.044338,12.112512,12.18179,12.248364,12.30963,12.373928,12.41122,12.447006,12.485614,12.529204,12.584476,12.645146,12.708444,12.770366,12.828274,12.887166,12.943104,12.994996,13.041552,13.081872]}]}