{"ISO3AlphaCountryCode":"OMN","firstYear":1990,"finalYear":2020,"interventions":[{"intervMstID":351,"PIN":[0.855929256,0.872704248,0.889429008,0.905826948,0.919196616,0.926096028,0.908825112,0.889039944,0.874025256,0.865329192,0.856555128,0.84829524,0.844428,0.844332684,0.84420726,0.847631928,0.855930036,0.871454376,0.8892156,0.913946436,0.935795484,0.955954116,0.96673902,0.968469528,0.962561028,0.950605656,0.938589288,0.926540784,0.914669184,0.902899452,0.891191184]},{"intervMstID":352,"PIN":[10.973452,11.188516,11.402936,11.613166,11.784572,11.873026,11.651604,11.397948,11.205452,11.093964,10.981476,10.87558,10.826,10.824778,10.82317,10.867076,10.973462,11.172492,11.4002,11.717262,11.997378,12.255822,12.39409,12.416276,12.340526,12.187252,12.033196,11.878728,11.726528,11.575634,11.425528]}]}