{"ISO3AlphaCountryCode":"PAN","firstYear":1990,"finalYear":2020,"interventions":[{"intervMstID":351,"PIN":[1.549593498,1.543498854,1.57175896,1.598525404,1.609997598,1.639313826,1.64147585,1.642961914,1.67645023,1.662794528,1.665990404,1.668468138,1.670019964,1.676107796,1.688196214,1.694852848,1.671878592,1.68614685,1.727419448,1.730345726,1.728845514,1.731601492,1.733882726,1.735813404,1.737589502,1.739333898,1.741277676,1.743171674,1.745021394,1.746836006,1.748622584]},{"intervMstID":352,"PIN":[11.828958,11.782434,11.99816,12.202484,12.290058,12.513846,12.53035,12.541694,12.79733,12.693088,12.717484,12.736398,12.748244,12.794716,12.886994,12.937808,12.762432,12.87135,13.186408,13.208746,13.197294,13.218332,13.235746,13.250484,13.264042,13.277358,13.292196,13.306654,13.320774,13.334626,13.348264]}]}