{"ISO3AlphaCountryCode":"PER","firstYear":1990,"finalYear":2020,"interventions":[{"intervMstID":351,"PIN":[1.616132852,1.57638326,1.614116762,1.649884478,1.68414386,1.72710269,1.778987598,1.830481602,1.85586521,1.89046231,1.837302772,1.915643392,1.859803332,1.803291766,1.797016604,1.789222104,1.82709368,1.948048862,1.968401546,1.991754916,1.991888274,1.99581251,1.9998984,2.004085684,2.008290784,2.012470208,2.016973202,2.021496108,2.025976308,2.030345158,2.034568074]},{"intervMstID":352,"PIN":[12.336892,12.03346,12.321502,12.594538,12.85606,13.18399,13.580058,13.973142,14.16691,14.43101,14.025212,14.623232,14.196972,13.765586,13.717684,13.658184,13.94728,14.870602,15.025966,15.204236,15.205254,15.23521,15.2664,15.298364,15.330464,15.362368,15.396742,15.431268,15.465468,15.498818,15.531054]}]}