{"ISO3AlphaCountryCode":"POL","firstYear":1990,"finalYear":2020,"interventions":[{"intervMstID":351,"PIN":[0.987338664,0.971891232,0.95753034,0.948643332,0.931452912,0.9126663,0.902118984,0.892868652,0.885598116,0.869176776,0.874022292,0.871237692,0.856903164,0.852261072,0.85067502,0.853174296,0.843465168,0.840786024,0.84985914,0.860655432,0.87190272,0.871520676,0.870813528,0.86977644,0.86845824,0.866916648,0.86500908,0.862856904,0.86042346,0.857669124,0.854576268]},{"intervMstID":352,"PIN":[12.658188,12.460144,12.27603,12.162094,11.941704,11.70085,11.565628,11.447034,11.353822,11.143292,11.205414,11.169714,10.985938,10.926424,10.90609,10.938132,10.813656,10.779308,10.89563,11.034044,11.17824,11.173342,11.164276,11.15098,11.13408,11.114316,11.08986,11.062268,11.03107,10.995758,10.956106]}]}