{"ISO3AlphaCountryCode":"PYF","firstYear":1990,"finalYear":2020,"interventions":[{"intervMstID":351,"PIN":[0,0,0,0,0,0,0,0,0,0,0,0,0,0,0,0,0,0,0,0,0,0,0,0,0,0,0,0,0,0,0]},{"intervMstID":352,"PIN":[12.31856,12.299846,12.287484,12.274188,12.252594,12.21746,12.14944,12.07468,11.99495,11.911866,11.826686,11.739536,11.635234,11.57243,11.516732,11.480606,11.474514,11.491158,11.51443,11.523786,11.508948,11.494802,11.466738,11.430602,11.396748,11.371154,11.353894,11.343096,11.3337,11.317442,11.289102]}]}