{"ISO3AlphaCountryCode":"SEN","firstYear":1990,"finalYear":2020,"interventions":[{"intervMstID":351,"PIN":[7.066492551,7.068822252,7.075590234,7.08298146,7.093606464,7.092741573,7.096992321,7.098958152,7.095644136,7.092319857,7.096741344,7.10090439,7.114576572,7.116692616,7.120654134,7.125179184,7.136012247,7.142221362,7.151956284,7.164743982,7.174438785,7.179747555,7.185644115,7.191734739,7.197595845,7.202954997,7.207045269,7.21082112,7.214085687,7.21669902,7.218638727]},{"intervMstID":352,"PIN":[15.147894,15.152888,15.167396,15.18324,15.206016,15.204162,15.213274,15.217488,15.210384,15.203258,15.212736,15.22166,15.250968,15.255504,15.263996,15.273696,15.296918,15.310228,15.331096,15.358508,15.37929,15.39067,15.40331,15.416366,15.42893,15.440418,15.449186,15.45728,15.464278,15.46988,15.474038]}]}