{"ISO3AlphaCountryCode":"SLV","firstYear":1990,"finalYear":2020,"interventions":[{"intervMstID":351,"PIN":[1.588354826,1.58869595,1.589101002,1.613201334,1.634278186,1.610390598,1.57119959,1.566388484,1.612495768,1.600356522,1.584408582,1.56858876,1.552058656,1.588455434,1.552475498,1.565439782,1.580080604,1.598302442,1.609691582,1.607011584,1.6134615,1.616170842,1.619278948,1.622886688,1.627274926,1.632632302,1.640420776,1.649258298,1.658389522,1.66671693,1.673561156]},{"intervMstID":352,"PIN":[12.124846,12.12745,12.130542,12.314514,12.475406,12.293058,11.99389,11.957164,12.309128,12.216462,12.094722,11.97396,11.847776,12.125614,11.850958,11.949922,12.061684,12.200782,12.287722,12.267264,12.3165,12.337182,12.360908,12.388448,12.421946,12.462842,12.522296,12.589758,12.659462,12.72303,12.775276]}]}