{"ISO3AlphaCountryCode":"SRB","firstYear":1990,"finalYear":2020,"interventions":[{"intervMstID":351,"PIN":[2.391670304,2.407606436,2.399077202,2.39067527,2.382515818,2.374669425,2.36744482,2.361262446,2.356189851,2.352269036,2.349497836,2.346427866,2.344713619,2.344176699,2.344583286,2.345732035,2.347337599,2.362577034,2.359371102,2.364707827,2.363578996,2.372264976,2.381051412,2.389528253,2.39717027,2.40383847,2.407867968,2.410967382,2.413616043,2.416342211,2.419726539]},{"intervMstID":352,"PIN":[11.046976,11.120584,11.081188,11.04238,11.004692,10.96845,10.93508,10.906524,10.883094,10.864984,10.852184,10.838004,10.830086,10.827606,10.829484,10.83479,10.842206,10.912596,10.897788,10.922438,10.917224,10.957344,10.997928,11.037082,11.07238,11.10318,11.121792,11.136108,11.148342,11.160934,11.176566]}]}