{"ISO3AlphaCountryCode":"SSD","firstYear":1990,"finalYear":2020,"interventions":[{"intervMstID":351,"PIN":[4.937863314,4.862367753,4.785017388,4.705627485,4.771640967,4.815593664,4.845539232,4.853959557,4.862783871,4.872261285,4.882478568,4.89401418,4.906196361,4.918762005,4.931422815,4.944001521,4.956012963,4.968062658,4.979964006,4.991525742,5.002689087,5.013317823,5.023661061,5.033904468,5.044364331,5.055247776,5.066203062,5.077550208,5.089417968,5.102047989,5.11555503]},{"intervMstID":352,"PIN":[10.584916,10.423082,10.257272,10.08709,10.228598,10.322816,10.387008,10.405058,10.423974,10.44429,10.466192,10.49092,10.517034,10.54397,10.57111,10.598074,10.623822,10.649652,10.675164,10.699948,10.723878,10.746662,10.768834,10.790792,10.813214,10.836544,10.860028,10.884352,10.909792,10.936866,10.96582]}]}