{"ISO3AlphaCountryCode":"TCD","firstYear":1990,"finalYear":2020,"interventions":[{"intervMstID":351,"PIN":[6.764911497,6.743550462,6.723878157,6.770488038,6.764639061,6.75960366,6.754544001,6.750125313,6.746388648,6.743395584,6.74116758,6.73876044,6.736920564,6.735673143,6.735071358,6.735096549,6.735191715,6.735650751,6.736410213,6.737437446,6.738707259,6.740099295,6.741689127,6.743307882,6.744790419,6.746101284,6.746904597,6.747548367,6.748363809,6.749877135,6.752402766]},{"intervMstID":352,"PIN":[14.501418,14.455628,14.413458,14.513372,14.500834,14.49004,14.479194,14.469722,14.461712,14.455296,14.45052,14.44536,14.441416,14.438742,14.437452,14.437506,14.43771,14.438694,14.440322,14.442524,14.445246,14.44823,14.451638,14.455108,14.458286,14.461096,14.462818,14.464198,14.465946,14.46919,14.474604]}]}