{"ISO3AlphaCountryCode":"THA","firstYear":1990,"finalYear":2020,"interventions":[{"intervMstID":351,"PIN":[5.544719706,5.421240786,5.2910295,5.154554376,5.012365662,5.025782724,5.050516644,5.06403858,4.991027208,4.90025808,4.939985577,4.966086264,4.957603047,4.950366741,4.97839602,4.982748291,4.932591279,4.978398744,4.961835462,4.841299143,4.885343499,4.880900655,4.875768639,4.869448278,4.861447209,4.851589053,4.841062155,4.829212074,4.816205655,4.802573397,4.788732753]},{"intervMstID":352,"PIN":[16.284052,15.921412,15.539,15.138192,14.720604,14.760008,14.832648,14.87236,14.657936,14.39136,14.508034,14.584688,14.559774,14.538522,14.62084,14.633622,14.486318,14.620848,14.572204,14.218206,14.347558,14.33451,14.319438,14.300876,14.277378,14.248426,14.21751,14.182708,14.14451,14.104474,14.063826]}]}