{"ISO3AlphaCountryCode":"UGA","firstYear":1990,"finalYear":2020,"interventions":[{"intervMstID":351,"PIN":[7.655686716,7.65361359,7.652050815,7.650430194,7.648498884,7.645097166,7.639081182,7.633380552,7.627846929,7.619882841,7.617146352,7.615247697,7.612557858,7.541839257,7.449415344,7.331081088,7.317143001,7.303223574,7.289577516,7.276495923,7.264073028,7.252500096,7.241288235,7.230159411,7.218709635,7.206775632,7.194010326,7.180817706,7.167580302,7.154801001,7.142802621]},{"intervMstID":352,"PIN":[16.410904,16.40646,16.40311,16.399636,16.395496,16.388204,16.375308,16.363088,16.351226,16.334154,16.328288,16.324218,16.318452,16.166858,15.968736,15.715072,15.685194,15.655356,15.626104,15.598062,15.571432,15.546624,15.52259,15.498734,15.47419,15.448608,15.421244,15.392964,15.364588,15.337194,15.311474]}]}