{"2020-2025":1.93607437610626,"2026-2030":2.178798437,"2031-2035":1.95357978343963,"2036-2040":1.62610304355621,"2041-2045":1.19790720939636,"2046-2050":0.81683599948883,"2051-2055":0.694730758666992,"2056-2060":0.799004853,"2061-2065":0.827407896518707,"2066-2070":0.843631863594055,"2071-2075":0.802629351615905,"2076-2080":0.787705063819885,"2081-2085":0.765601933002471,"2086-2090":0.768219292163848,"2091-2095":0.781042397022247,"2096-2100":0.797802567481994}