{"2020-2025":3.10323071479797,"2026-2030":2.76278376579284,"2031-2035":2.48888444900512,"2036-2040":2.32021069526672,"2041-2045":2.15812134742736,"2046-2050":1.9177576303482,"2051-2055":1.72640669345855,"2056-2060":1.65204083919525,"2061-2065":1.62367355823516,"2066-2070":1.563174009,"2071-2075":1.49170315265655,"2076-2080":1.4559736251831,"2081-2085":1.42020106315612,"2086-2090":1.41271090507507,"2091-2095":1.42611372470855,"2096-2100":1.4321471452713}