{"2020-2025":2.88368844985961,"2026-2030":2.68668389320373,"2031-2035":2.54816150665283,"2036-2040":2.36468935012817,"2041-2045":2.13113570213317,"2046-2050":1.89352524280548,"2051-2055":1.73297441005706,"2056-2060":1.68273508548736,"2061-2065":1.63786005973815,"2066-2070":1.58174037933349,"2071-2075":1.53749823570251,"2076-2080":1.50790250301361,"2081-2085":1.47334158420562,"2086-2090":1.44823777675628,"2091-2095":1.43583858013153,"2096-2100":1.42073786258697}