{"2020-2025":4.91786766052246,"2026-2030":4.51395988464355,"2031-2035":4.15850162506103,"2036-2040":3.75489735603332,"2041-2045":3.30627393722534,"2046-2050":2.90732264518737,"2051-2055":2.58259558677673,"2056-2060":2.42565178871154,"2061-2065":2.41255760192871,"2066-2070":2.25053906440734,"2071-2075":2.00112676620483,"2076-2080":1.76398909091949,"2081-2085":1.68298041820526,"2086-2090":1.67731034755706,"2091-2095":1.66711723804473,"2096-2100":1.59927976131439}