{"2020-2025":3.29069876670837,"2026-2030":3.07755875587463,"2031-2035":2.85966277122497,"2036-2040":2.626204729,"2041-2045":2.32596969604492,"2046-2050":2.03839874267578,"2051-2055":1.90404903888702,"2056-2060":1.7739440202713,"2061-2065":1.67359519004821,"2066-2070":1.61399865150451,"2071-2075":1.524074316,"2076-2080":1.44582533836364,"2081-2085":1.350607276,"2086-2090":1.279373765,"2091-2095":1.24164628982543,"2096-2100":1.23548471927642}