{"2020-2025":6.83792161941528,"2026-2030":6.41121196746826,"2031-2035":6.02889680862426,"2036-2040":5.65538167953491,"2041-2045":5.34715890884399,"2046-2050":5.01245832443237,"2051-2055":4.68715143203735,"2056-2060":4.3854956626892,"2061-2065":4.07615089416503,"2066-2070":3.77012205123901,"2071-2075":3.47223281860351,"2076-2080":3.22542238235473,"2081-2085":3.0060589313507,"2086-2090":2.81789636611938,"2091-2095":2.65633058547973,"2096-2100":2.50106191635131}