{"2020-2025":3.02686357498168,"2026-2030":2.94609212875366,"2031-2035":2.66322183609008,"2036-2040":2.09635353088378,"2041-2045":1.47467684745788,"2046-2050":1.08548319339752,"2051-2055":1.06773543357849,"2056-2060":1.202031732,"2061-2065":1.32078659534454,"2066-2070":1.30982542037963,"2071-2075":1.25799787044525,"2076-2080":1.23334097862243,"2081-2085":1.256411314,"2086-2090":1.33459305763244,"2091-2095":1.3865395784378,"2096-2100":1.38325345516204}