{"2020-2025":2.49008989334106,"2026-2030":2.58448147773742,"2031-2035":2.445179939,"2036-2040":2.17220377922058,"2041-2045":1.86753892898559,"2046-2050":1.64377856254577,"2051-2055":1.5948063135147,"2056-2060":1.618150711,"2061-2065":1.54948985576629,"2066-2070":1.4565485715866,"2071-2075":1.36742007732391,"2076-2080":1.29659950733184,"2081-2085":1.2970026731491,"2086-2090":1.29897367954254,"2091-2095":1.30364155769348,"2096-2100":1.32860016822814}