{"2020-2025":3.5615119934082,"2026-2030":3.69876837730407,"2031-2035":3.74498486518859,"2036-2040":3.70692896842956,"2041-2045":3.72030973434448,"2046-2050":3.64732718467712,"2051-2055":3.48686528205871,"2056-2060":3.29336714744567,"2061-2065":3.08134031295776,"2066-2070":2.85547280311584,"2071-2075":2.64821648597717,"2076-2080":2.4924247264862,"2081-2085":2.33713626861572,"2086-2090":2.19138813018798,"2091-2095":2.05953407287597,"2096-2100":1.93042147159576}