{"2020-2025":3.84557104110717,"2026-2030":3.29909110069274,"2031-2035":2.85594773292541,"2036-2040":2.5055265426635698,"2041-2045":2.25298166275024,"2046-2050":2.01718783378601,"2051-2055":1.82280266284942,"2056-2060":1.67538666725158,"2061-2065":1.5233838558197,"2066-2070":1.39150393009185,"2071-2075":1.29816055297851,"2076-2080":1.26178920269012,"2081-2085":1.22509384155273,"2086-2090":1.1912270784378,"2091-2095":1.16504383087158,"2096-2100":1.15037453174591}