{"2020-2025":4.28836488723754,"2026-2030":3.85440778732299,"2031-2035":3.40950107574462,"2036-2040":3.04875802993774,"2041-2045":2.73939681053161,"2046-2050":2.50552415847778,"2051-2055":2.3240692615509,"2056-2060":2.15092539787292,"2061-2065":1.99272012710571,"2066-2070":1.85669028759002,"2071-2075":1.73426103591918,"2076-2080":1.65532839298248,"2081-2085":1.58560359477996,"2086-2090":1.52628695964813,"2091-2095":1.48408663272857,"2096-2100":1.43437528610229}