{"2020-2025":2.83302354812622,"2026-2030":2.589631557,"2031-2035":2.4106330871582,"2036-2040":2.04997372627258,"2041-2045":1.63343572616577,"2046-2050":1.32747983932495,"2051-2055":1.2374814748764,"2056-2060":1.29889726638793,"2061-2065":1.4319200515747,"2066-2070":1.47485744953155,"2071-2075":1.38599920272827,"2076-2080":1.29889345169067,"2081-2085":1.24092507362365,"2086-2090":1.21753811836242,"2091-2095":1.23834359645843,"2096-2100":1.27297556400299}