{"2020-2025":3.60394978523254,"2026-2030":3.4480390548706,"2031-2035":3.01160502433776,"2036-2040":2.62558031082153,"2041-2045":2.26103281974792,"2046-2050":2.07685208320617,"2051-2055":1.90132701396942,"2056-2060":2.01953840255737,"2061-2065":1.96173322200775,"2066-2070":1.8711130619049,"2071-2075":1.727223158,"2076-2080":1.63465917110443,"2081-2085":1.55141723155975,"2086-2090":1.52026295661926,"2091-2095":1.48989295959472,"2096-2100":1.43412804603576}