{"2020-2025":2.84747886657714,"2026-2030":2.61932134628295,"2031-2035":2.40227627754211,"2036-2040":2.23949098587036,"2041-2045":2.02064752578735,"2046-2050":1.83241391181945,"2051-2055":1.73308968544006,"2056-2060":1.64311373233795,"2061-2065":1.56958627700805,"2066-2070":1.49271917343139,"2071-2075":1.403508663,"2076-2080":1.34567081928253,"2081-2085":1.30196297168731,"2086-2090":1.26850354671478,"2091-2095":1.2415006160736,"2096-2100":1.22406339645385}