{"2020-2025":3.17119717597961,"2026-2030":3.76772832870483,"2031-2035":3.882276535,"2036-2040":3.94590234756469,"2041-2045":3.85831570625305,"2046-2050":3.6906144618988,"2051-2055":3.5400743484497,"2056-2060":3.31270289421081,"2061-2065":3.14525628089904,"2066-2070":2.92930245399475,"2071-2075":2.738360882,"2076-2080":2.62403798103332,"2081-2085":2.45123648643493,"2086-2090":2.35226821899414,"2091-2095":2.21338200569152,"2096-2100":2.10035991668701}