{"2020-2025":2.60641813278198,"2026-2030":2.76534247398376,"2031-2035":2.73041319847106,"2036-2040":2.61402916908264,"2041-2045":2.438481092453,"2046-2050":2.17479062080383,"2051-2055":2.012363672,"2056-2060":1.93158054351806,"2061-2065":1.846820235,"2066-2070":1.73145115375518,"2071-2075":1.68571269512176,"2076-2080":1.646157861,"2081-2085":1.58737897872924,"2086-2090":1.54507160186767,"2091-2095":1.52713000774383,"2096-2100":1.53164947032928}