{"2020-2025":3.44444680213928,"2026-2030":3.9992287158966,"2031-2035":4.18548011779785,"2036-2040":4.35586643218994,"2041-2045":4.3767557144165,"2046-2050":4.285119057,"2051-2055":4.12923145294189,"2056-2060":3.93411946296691,"2061-2065":3.70335102081298,"2066-2070":3.46941447257995,"2071-2075":3.22387480735778,"2076-2080":3.02244448661804,"2081-2085":2.850482464,"2086-2090":2.68743324279785,"2091-2095":2.549727678,"2096-2100":2.41343140602111}