{"2020-2025":4.25401973724365,"2026-2030":4.38847160339355,"2031-2035":4.30973863601684,"2036-2040":4.29483318328857,"2041-2045":4.23814535140991,"2046-2050":4.13348865509033,"2051-2055":3.99006795883178,"2056-2060":3.8109745979309,"2061-2065":3.60702395439147,"2066-2070":3.39008665084838,"2071-2075":3.16668987274169,"2076-2080":2.95769643783569,"2081-2085":2.76190209388732,"2086-2090":2.58028411865234,"2091-2095":2.41461396217346,"2096-2100":2.26859021186828}