{"2020-2025":5.59146881103515,"2026-2030":5.13320350646972,"2031-2035":4.594697475,"2036-2040":4.2250804901123,"2041-2045":3.808455706,"2046-2050":3.43252754211425,"2051-2055":3.15894031524658,"2056-2060":2.9496738910675,"2061-2065":2.721610785,"2066-2070":2.53035855293273,"2071-2075":2.39193749427795,"2076-2080":2.236113071,"2081-2085":2.09704661369323,"2086-2090":1.99134480953216,"2091-2095":1.91619539260864,"2096-2100":1.83866453170776}