{"2020-2025":4.03377294540405,"2026-2030":4.182725906,"2031-2035":4.05394411087036,"2036-2040":3.88125848770141,"2041-2045":3.69003844261169,"2046-2050":3.46825242042541,"2051-2055":3.29403066635131,"2056-2060":3.12955594062805,"2061-2065":2.956049442,"2066-2070":2.78261637687683,"2071-2075":2.63137793540954,"2076-2080":2.50241589546203,"2081-2085":2.36120724678039,"2086-2090":2.22354483604431,"2091-2095":2.106888533,"2096-2100":1.99873626232147}