{"2020-2025":2.85453796386718,"2026-2030":2.62053227424621,"2031-2035":2.45098710060119,"2036-2040":2.30376267433166,"2041-2045":2.1061897277832,"2046-2050":1.91474306583404,"2051-2055":1.83562457561492,"2056-2060":1.77090942859649,"2061-2065":1.650048256,"2066-2070":1.56238687038421,"2071-2075":1.54825735092163,"2076-2080":1.49072468280792,"2081-2085":1.43439400196075,"2086-2090":1.41186034679412,"2091-2095":1.4030305147171,"2096-2100":1.38482570648193}