{"2020-2025":6.6938829421997,"2026-2030":5.45762872695922,"2031-2035":4.57326936721801,"2036-2040":3.8924613,"2041-2045":3.347905636,"2046-2050":2.84923887252807,"2051-2055":2.48257684707641,"2056-2060":2.26139688491821,"2061-2065":2.11038255691528,"2066-2070":1.92579853534698,"2071-2075":1.75945794582366,"2076-2080":1.59192562103271,"2081-2085":1.45225179195404,"2086-2090":1.36558091640472,"2091-2095":1.28413939476013,"2096-2100":1.215931892}