{"2020-2025":8.14108180999755,"2026-2030":8.07643699645996,"2031-2035":7.35915374755859,"2036-2040":6.74830293655395,"2041-2045":6.20207214355468,"2046-2050":5.64297103881835,"2051-2055":5.1489782333374,"2056-2060":4.73037719726562,"2061-2065":4.34070968627929,"2066-2070":3.99794244766235,"2071-2075":3.68000221252441,"2076-2080":3.38457655906677,"2081-2085":3.12229108810424,"2086-2090":2.89604902267456,"2091-2095":2.70780849456787,"2096-2100":2.54803156852722}