{"2020-2025":1.901454687,"2026-2030":2.13073182106018,"2031-2035":2.19696068763732,"2036-2040":2.24736952781677,"2041-2045":2.23354864120483,"2046-2050":2.15293478965759,"2051-2055":2.06287765502929,"2056-2060":1.95270347595214,"2061-2065":1.88434875011444,"2066-2070":1.81737065315246,"2071-2075":1.73782801628112,"2076-2080":1.67131400108337,"2081-2085":1.599163532,"2086-2090":1.53427338600158,"2091-2095":1.48594594,"2096-2100":1.42293488979339}