{"2020-2025":5.35155439376831,"2026-2030":4.93693780899047,"2031-2035":4.48267030715942,"2036-2040":4.01444911956787,"2041-2045":3.53611397743225,"2046-2050":3.1237895488739,"2051-2055":2.84004497528076,"2056-2060":2.62843084335327,"2061-2065":2.43699932098388,"2066-2070":2.23923707008361,"2071-2075":2.065015793,"2076-2080":1.9450147151947,"2081-2085":1.84531712532043,"2086-2090":1.763178349,"2091-2095":1.69343733787536,"2096-2100":1.61097478866577}