{"2020-2025":2.64831495285034,"2026-2030":2.82816052436828,"2031-2035":3.04018902778625,"2036-2040":2.8814091682434,"2041-2045":2.44754815101623,"2046-2050":2.06203436851501,"2051-2055":1.88725244998931,"2056-2060":1.87613546848297,"2061-2065":1.94206392765045,"2066-2070":1.81891870498657,"2071-2075":1.69027245044708,"2076-2080":1.59857809543609,"2081-2085":1.57867610454559,"2086-2090":1.5842934846878,"2091-2095":1.574470878,"2096-2100":1.52750992774963}