{"2020-2025":5.40152597427368,"2026-2030":4.77656269073486,"2031-2035":4.20241785049438,"2036-2040":3.82748842239379,"2041-2045":3.44104695320129,"2046-2050":3.04969954490661,"2051-2055":2.690612793,"2056-2060":2.43353223800659,"2061-2065":2.30308389663696,"2066-2070":2.22673344612121,"2071-2075":2.11763834953308,"2076-2080":1.98055565357208,"2081-2085":1.84346783161163,"2086-2090":1.75303447246551,"2091-2095":1.716417313,"2096-2100":1.68890976905822}