{"2020-2025":3.82020568847656,"2026-2030":4.03306674957275,"2031-2035":3.99560046195983,"2036-2040":3.85272240638732,"2041-2045":3.66618728637695,"2046-2050":3.47887754440307,"2051-2055":3.31894636154174,"2056-2060":3.19742774963378,"2061-2065":3.04440879821777,"2066-2070":2.8711814880371,"2071-2075":2.73660159111022,"2076-2080":2.58119750022888,"2081-2085":2.47854709625244,"2086-2090":2.36231136322021,"2091-2095":2.221945047,"2096-2100":2.08141207695007}