{"2020-2025":4.173663616,"2026-2030":4.80672693252563,"2031-2035":4.88611078262329,"2036-2040":4.83154249191284,"2041-2045":4.68720483779907,"2046-2050":4.47728538513183,"2051-2055":4.25319051742553,"2056-2060":4.012384892,"2061-2065":3.74215388298034,"2066-2070":3.47491288185119,"2071-2075":3.22912669181823,"2076-2080":3.04367852210998,"2081-2085":2.865985394,"2086-2090":2.70191073417663,"2091-2095":2.54885268211364,"2096-2100":2.41106152534484}