{"2020-2025":6.12498474121093,"2026-2030":6.85062170028686,"2031-2035":6.74292612075805,"2036-2040":6.66313791275024,"2041-2045":6.51826763153076,"2046-2050":6.29879331588745,"2051-2055":5.97716283798217,"2056-2060":5.56345653533935,"2061-2065":5.12438344955444,"2066-2070":4.677458286,"2071-2075":4.2960090637207,"2076-2080":3.98448395729064,"2081-2085":3.69704318046569,"2086-2090":3.41764616966247,"2091-2095":3.13889718055725,"2096-2100":2.89014387130737}