{"2020-2025":1.85083854198455,"2026-2030":1.92639935016632,"2031-2035":1.9088110923767,"2036-2040":1.74031317234039,"2041-2045":1.53503310680389,"2046-2050":1.40361654758453,"2051-2055":1.35662972927093,"2056-2060":1.39714109897613,"2061-2065":1.41315937042236,"2066-2070":1.36016190052032,"2071-2075":1.27048802375793,"2076-2080":1.21065926551818,"2081-2085":1.19028174877166,"2086-2090":1.20161986351013,"2091-2095":1.22307479381561,"2096-2100":1.22603487968444}