{"2020-2025":4.63883399963378,"2026-2030":4.3800630569458,"2031-2035":3.90275812149047,"2036-2040":3.45602893829345,"2041-2045":3.07285499572753,"2046-2050":2.75131583213806,"2051-2055":2.51150441169738,"2056-2060":2.30946230888366,"2061-2065":2.13218164443969,"2066-2070":1.96206331253051,"2071-2075":1.83620631694793,"2076-2080":1.73214602470397,"2081-2085":1.61948883533477,"2086-2090":1.52872765064239,"2091-2095":1.46106278896331,"2096-2100":1.39767825603485}