{"2020-2025":2.71613240242004,"2026-2030":3.24303364753723,"2031-2035":3.16738581657409,"2036-2040":3.06598472595214,"2041-2045":3.0652379989624,"2046-2050":3.07437515258789,"2051-2055":3.05588054656982,"2056-2060":2.9041793346405,"2061-2065":2.58558964729309,"2066-2070":2.436074972,"2071-2075":2.06621575355529,"2076-2080":2.22867703437805,"2081-2085":2.19405269622802,"2086-2090":2.03645467758178,"2091-2095":1.973685861,"2096-2100":2.02746772766113}