{"2020-2025":4.85751819610595,"2026-2030":4.63051271438598,"2031-2035":4.15341472625732,"2036-2040":3.5633008480072,"2041-2045":2.96495342254638,"2046-2050":2.35973191261291,"2051-2055":2.019329548,"2056-2060":1.88383090496063,"2061-2065":1.84806811809539,"2066-2070":1.70252382755279,"2071-2075":1.50901103019714,"2076-2080":1.38299977779388,"2081-2085":1.26843881607055,"2086-2090":1.20992147922515,"2091-2095":1.21599769592285,"2096-2100":1.22624790668487}