{"2020-2025":3.27918076515197,"2026-2030":3.09218668937683,"2031-2035":2.79205346107482,"2036-2040":2.47445750236511,"2041-2045":2.210908413,"2046-2050":2.04932785034179,"2051-2055":1.87850725650787,"2056-2060":1.71595978736877,"2061-2065":1.59730267524719,"2066-2070":1.48302424,"2071-2075":1.39197707176208,"2076-2080":1.37932622432708,"2081-2085":1.34725224971771,"2086-2090":1.33059954643249,"2091-2095":1.32009208202362,"2096-2100":1.32369899749755}