{"2020-2025":2.33211064338684,"2026-2030":2.53741478919982,"2031-2035":2.67409753799438,"2036-2040":2.60655164718627,"2041-2045":2.525658607,"2046-2050":2.38792276382446,"2051-2055":2.25626063346862,"2056-2060":2.131692648,"2061-2065":1.961433649,"2066-2070":1.7907246351242,"2071-2075":1.66289949417114,"2076-2080":1.60518562793731,"2081-2085":1.5546418428421,"2086-2090":1.52409875392913,"2091-2095":1.49409484863281,"2096-2100":1.4561504125595}