{"2020-2025":3.02869534492492,"2026-2030":3.70794248580932,"2031-2035":3.87281441688537,"2036-2040":3.7742805480957,"2041-2045":3.49556851387023,"2046-2050":3.23528695106506,"2051-2055":3.08918642997741,"2056-2060":2.98259496688842,"2061-2065":2.86280798912048,"2066-2070":2.668313742,"2071-2075":2.46186113357543,"2076-2080":2.27269887924194,"2081-2085":2.10788607597351,"2086-2090":1.98842501640319,"2091-2095":1.88786971569061,"2096-2100":1.77326047420501}