{"2020-2025":4.725413322,"2026-2030":4.92554473876953,"2031-2035":4.72073554992675,"2036-2040":4.56103658676147,"2041-2045":4.397203445,"2046-2050":4.21002626419067,"2051-2055":4.05760526657104,"2056-2060":3.866906166,"2061-2065":3.64141511917114,"2066-2070":3.40971183776855,"2071-2075":3.16556406021118,"2076-2080":2.93536138534545,"2081-2085":2.73416352272033,"2086-2090":2.54648828506469,"2091-2095":2.376210213,"2096-2100":2.22296810150146}