{"data":{"pop00_22":[3.0851606E+7,3.1800343E+7,3.2779823E+7,3.3767122E+7,3.4791836E+7,3.584301E+7,3.6925253E+7,3.8036793E+7,3.9186895E+7,4.0364444E+7,4.1517895E+7,4.2635144E+7,4.3725806E+7,4.4792368E+7,4.5831863E+7,4.6851488E+7,4.789467E+7,4.8948137E+7,4.9953304E+7,5.095145E+7,5.198578E+7,5.3005614E+7,5.4027487E+7],"inc_all":[[181.51405148892411,450.54380637429375,839.50248813627411],[179.24334967078815,499.99460697640905,981.12149293484038],[173.88745509699672,533.86499371884952,1089.0845871864531],[159.91887019568915,610.06087519096241,1350.4260149858196],[155.20882542674667,635.20648924650027,1439.9929914592608],[156.23687854340358,630.5274026930216,1422.8715724488541],[151.65772865523766,647.2535205107464,1486.7873755665264],[157.74200522110263,617.82285378265192,1380.2425456846481],[168.42365285639497,563.96404971611048,1191.7249376354009],[168.46509764881191,564.85356270483987,1196.5976788878845],[173.41919671023783,529.8919899479489,1081.4613794846775],[178.25669827689569,506.62430036591405,1003.8666692435706],[180.67134085532922,471.1176736227572,896.49576728214],[183.06690103992716,442.03959031592166,817.103485129431],[183.27860685043504,423.28630629743333,761.4789737000217],[181.42433384399658,379.92389910860459,650.99319791081132],[179.56069015612803,348.68180530317881,572.08871049743118],[175.69616592353657,318.70467307060125,504.61573236178526],[170.15891481372282,292.27295956239448,446.4169176877669],[162.9001726153034,266.92076476724412,396.455841786642],[157.7354422690205,250.06838408503248,369.331767264048],[158.47377977736471,249.03022536443029,377.31852327943977],[148.072776362891,236.91644218062558,362.77830208908296]],"inc_h1":[33.316374681650473,53.676381431547988,81.440026999590032],"mdr2015":[3.9273032267406323,4.90912903342579,5.8909548401109477],"mdr2022":[1.1845822109031279,2.4061826158969786,3.7018194090722747],"mort_H0":[[103.72231513652807,178.27272914090761,269.0297548853697],[110.06170593820325,191.82183034943995,292.44967577865435],[115.92497006466446,198.29271195271554,305.06571069648544],[130.30426460389489,225.07100249763658,343.52942486481379],[132.21492536352494,229.9390006322173,356.4054509799368],[131.12738020607085,231.56537355540175,354.32292098236172],[162.4904235591832,235.61111416081565,322.27267339238],[152.48393838039922,220.83880730954368,299.709809920095],[137.80117051886862,196.49426166579411,270.49859398148283],[136.25853486300963,195.71680462141384,267.56221391281895],[125.24719762406066,180.64499657316441,245.67719533950361],[117.27414360322085,168.87476678863803,232.20280433437728],[107.48801291393005,155.51457187547325,212.68904682969136],[100.46354325361857,147.34653010530721,198.69456332382339],[96.0030797787993,137.45895513782628,187.64238320401682],[83.241753175480781,121.66102387185654,166.48350635096156],[75.1649400653559,110.65949509621842,150.32988013071181],[59.246381532355358,87.848082961768284,120.5357417382402],[44.041130892963551,64.059826753401538,88.0822617859271],[43.178359006465961,60.842233145474758,84.394065330819828],[40.395662044505244,59.631691589507753,82.714927043510741],[39.618444944341178,60.370963724710364,83.01007512147676],[31.465464977114333,48.123652317939573,70.334568772373217]],"mort_H1":[9.80982143404153,16.473096370371621,24.061826158969787],"noti":[207.96000052639073,229.61073092827959,244.61083880776292,278.91923984519616,289.07068888229986,286.47147658636925,293.40895782081708,279.82905919539536,255.03679227456018,255.16764209609823,239.10653466414902,228.26239310930907,212.65931610271517,200.47165177782071,192.06070676201838,173.5099640805432,159.38099166358177,170.79097412839226,189.2447394470644,165.53994047274415,136.69122594678777,143.39990477235111,164.15718169531002],"mdriniTX":[0.50788962292471618,0.63486202865589514,0.7618344343870741],"sym":[0.3,0.5,0.7],"rrhiv":[1.015625,22.656250000000004],"ART_start":2004,"ART_covg":[0.76377773448235753,0.89856204056747946,1.0333463466526014],"HIV_prev":[0.021237599853570831,0.024985411592436273,0.02873322333130171],"HIV_incd":[0.00016264811762255652,0.00026842463349477228,0.00043732395200493738,0.00070196988157201015,0.001130415343058056,0.0017612947649122323,0.00270732191477004,0.0039528206551201137,0.00552403325732974,0.0072105149055276272,0.008825114315872724,0.0098943129361119542,0.010063987980664185,0.0095305003548276836,0.0085067955321606083,0.0072796350154295288,0.0063519236833764741,0.0055924149172588778,0.0049638767578923711,0.0044978806892663871,0.0041158890992872305,0.0037528756927428632,0.0034530012033591332,0.003150798803226718,0.0029785425028585133,0.0027331250282639978,0.0025109374316856143,0.00232969918299868,0.0020267507593229443,0.0019235839724762486,0.0017740964413007279,0.0015611628514854321,0.0014596111018294474,0.0013453846008534172,0.0011900861069607384,0.0010196309923407858,0.00086765126601028974,0.00076982846099653583,0.00066280274372681048,0.00060840975109206839,0.00058894366370617886,0.00051607102911939472,0.00044450696437256764],"gth":[0.030269652778422657,0.022046392974173927,0.020053529591010325],"age_mort":[0.0079703963164882343,0.00085959072008686386,0.0007441961129723406,0.0071894254286570675,0.071085846086199653],"ageing":[0.19589615229795768,0.19729785018046378,0.20061314870646771,0.00482186884183953],"agepop":[7.0802E+6,6.763684E+6,6.764346E+6,3.2658799E+7,1.555598E+6],"contact_mat":[[0.93690716992418166,0.47215192689179381,0.17646842219841058,0.69263594484843372,0.0087659757146682261],[0.47940004400619468,2.0650740282905011,0.76523019162879735,0.87032262396221516,0.018841405168880422],[0.23589792448764074,0.54223982165483586,2.3313455502614135,1.4376279318300191,0.021552277072200893],[1.2129629702279523,1.0571970757678175,1.1131976636919625,10.366250065376414,0.057698967088652381],[0.028210694242683305,0.025352158207508791,0.025755050821979594,0.052688792748975782,0.006225323885866634]],"inc2000":[181.51405148892411,450.54380637429375,839.50248813627411],"inc2015":[181.42433384399658,379.92389910860459,650.99319791081132],"inc2022":[148.072776362891,236.91644218062558,362.77830208908296],"mort_H02000":[103.72231513652807,178.27272914090761,269.0297548853697],"mort_H02022":[31.465464977114333,48.123652317939573,70.334568772373217],"noti_cu":[3996.2887612687659,4995.3609515859571,5994.4331419031487],"noti2022":[131.325745356248,164.15718169531002,196.98861803437202],"mort_H12022":[9.80982143404153,16.473096370371621,24.061826158969787]},"r":{"mort":[0.0079703963164882343,0.00085959072008686386,0.0007441961129723406,0.0071894254286570675,0.071085846086199653],"ageing":[0,0.1906,0.1882,0.1682,0.0042],"progression":[0.0826,0.82600000000000007,0.1652],"LTBI_stabil":[0.872,0,0.872],"LTBI_cure":0.028,"reactivation":[0.0006,0.06,0.011999999999999999],"relapse":[0.032,0.14,0.0015],"Dx":52,"Tx":2,"Tx2":0.5,"default2":[0.54166666666666674,499999.5],"access":0,"cs3":0,"vacc":[0,0,0,0,0],"waning":0},"p":{"imm":[0.8,0,0.8],"MDR_rec2015":[0.001,0],"Tx_init2":[0.88,0],"SL_trans":[0.88,0],"Tx_init":[1,1],"cure":[1,1],"tsrsl":[0.48,1E-6],"cure2":[0.5,0],"PT_PLHIV":[1,1,1],"VE":[0,0],"TX_complete":[12.530900576396823,12.531199034258227],"HIV_relrate":12.528121152316826},"prm":{"N":[0.2,0.2,0.2,0.2,0.2],"cm":[[0.93690716992418166,0.47215192689179381,0.17646842219841058,0.69263594484843372,0.0087659757146682261],[0.47940004400619468,2.0650740282905011,0.76523019162879735,0.87032262396221516,0.018841405168880422],[0.23589792448764074,0.54223982165483586,2.3313455502614135,1.4376279318300191,0.021552277072200893],[1.2129629702279523,1.0571970757678175,1.1131976636919625,10.366250065376414,0.057698967088652381],[0.028210694242683305,0.025352158207508791,0.025755050821979594,0.052688792748975782,0.006225323885866634]],"gth":[0,0.035,0.035,0.035],"ART_start":2004,