{"data":{"pop00_22":[2.6654439E+7,2.7014909E+7,2.7334503E+7,2.7623341E+7,2.7893911E+7,2.8147267E+7,2.8381078E+7,2.8600387E+7,2.8806185E+7,2.9009326E+7,2.9229572E+7,2.9477721E+7,2.9749589E+7,3.0038809E+7,3.0353951E+7,3.0711863E+7,3.1132779E+7,3.1605486E+7,3.2203944E+7,3.2824861E+7,3.3304756E+7,3.3715471E+7,3.4049588E+7],"inc_all":[[120.05504974237124,183.83429491800595,258.868701006988],[114.75145076372456,173.97800599661468,240.60788063361605],[113.40978103754074,168.28548153957655,230.47794210855048],[104.98368028689941,144.80507625779228,195.48685294801956],[107.5503539105721,150.57049547480094,204.34567243008695],[106.58228381462398,152.76794013429438,202.50633924778558],[109.22770445858329,151.50939650706712,204.36151156767195],[104.8936855295,143.35470355698334,188.8086339531],[100.67282425631856,142.33054463824348,183.9882650201684],[99.967851717754485,137.88669202448895,182.69986693244786],[99.214589936520454,133.42651750083786,174.48083057801873],[98.379382856632645,132.30330797960943,173.01201812718153],[94.118947323944539,127.73285708249617,161.34676684104778],[93.212750212566689,123.17399135232026,159.79328607868575],[95.53945712042561,125.1896334681439,158.13427385449756],[94.4260528903766,123.73068999428658,156.29139788751988],[93.14941014420846,118.84579914950736,150.96628540613094],[91.756222321656438,117.06828365176855,148.70836031440871],[90.05108194201307,117.9979694412585,149.05006666264231],[91.394141775649871,118.81238430834482,149.27709823356145],[93.079799173427361,114.09781834162064,153.13128251112244],[103.80990969991194,127.53788905989181,166.09585551985913],[117.47572393533807,152.7184411159395,202.64562378845815]],"inc_h1":[7.3422327459586292,9.9854365345037355,12.922329632887188],"mdr2015":[5.8609274207819961,7.8145698943759943,10.093819446902325],"mdr2022":[5.8737861967669041,8.2233006754736646,10.572815154180427],"mort_H0":[[10.879988882902394,17.257913400465863,25.136526039808977],[9.6243152253446418,14.806638808222527,21.099460301717098],[9.14595008367264,13.901844127182413,19.389414177385994],[9.0503172661120175,12.670444172556824,17.376609150935074],[8.9625294925476755,12.547541289566745,16.491054266287723],[8.8818569845519981,12.07932549899072,15.987342572193599],[8.1039909759594053,11.979812747070424,16.560329385656175],[7.6922036054966663,11.188659789813334,15.034761592561667],[7.6372487366862352,10.761577765330605,14.580202133673723],[7.23905133128567,9.9967851717754481,12.754519012265227],[7.1845047885066533,9.5793397180088711,12.316293923154262],[7.4632635270548908,10.5164167881228,13.908809300420478],[7.3950601468813568,10.084172927565486,13.445563903420648],[6.6580535866119055,8.9883723419260733,11.98449645590143],[6.259481673407195,8.895052904315488,11.53062413522378],[6.8377486575789952,9.44260528903766,12.69867607836099],[7.3877118390234289,10.59976046468579,14.775423678046858],[6.3280153325280306,8.2264199322864382,9.8084237654184463],[7.141982360918278,8.6945872219874687,10.557713055270497],[7.0068842027998226,8.83476703831282,10.662649873825817],[8.40720766727731,10.208752167408162,12.310554084227489],[11.27079019599044,13.940187873988176,16.609585551985912],[14.09708687224057,17.915047900139058,21.733008928037545]],"mort_H1":[2.0264562378845818,2.5550969955936029,3.2305824082217969],"noti":[0,137.69063593736334,132.03825216796514,116.0757491282463,119.78958418559519,119.89441106307054,120.89392798962746,113.30965556515021,111.7572493546091,109.77159552069564,106.30672252060346,105.98173447669173,100.03499544144962,98.975295591779286,98.860276871370061,97.138359857882932,95.503841786818967,94.413988761318208,97.568794679310088,96.768117312058081,71.326149334347321,76.098595804875458,83.228613515088639],"mdriniTX":[5.4743687353867543,6.8429609192334429,8.2115531030801314],"sym":[0.3,0.5,0.7],"rrhiv":[5.3846153846153841,6.5384615384615374],"ART_start":2004,"ART_covg":[0.66941091260260743,0.78754225012071466,0.90567358763882178],"HIV_prev":[0.0024298810898974754,0.0028586836351735005,0.0032874861804495252],"HIV_incd":[8.9963288014327E-5,0.00014575512437074153,0.00022040666471450889,0.000303129086269645,0.00037805875400810846,0.00041361991209421575,0.00041745021350001013,0.00039249587148172319,0.000357382320007528,0.00031516363153254976,0.00029029049266006808,0.00025457110407205922,0.00022722945364242627,0.00020324040998068871,0.00019753089757516037,0.00019092842562873659,0.00018522835210746467,0.00018649600338026005,0.00018914105600901214,0.00018807914153559112,0.00018846763666968406,0.00018751123104313174,0.00018818780006443826,0.00018230963425332932,0.00018324024921995339,0.0001813010600942387,0.00018140511934419974,0.00017175917944255441,0.00016042781128770649,0.00015708046912350014,0.00014690755403397586,0.00012907024436629525,0.00012725933815600567,0.00011914175832048487,0.00011736152655240864,0.00011911055406638942,0.00012992310551469867,0.00013113667386408122,0.00013675855175675572,0.00014225213933422286,0.0001259113217651759,0.00012595557642080158,0.0001256170363677056],"gth":[0.0092658870243531536,0.015499188816501331,0.008997514886496907],"age_mort":[0.0028831305062318371,0.00043934108903380192,0.00031624881269275422,0.0027902779908317629,0.04143885704105979],"ageing":[0.19956137835535392,0.19558719493298068,0.19991790770811588,0.010516954614493279],"agepop":[2.877081E+6,2.781438E+6,2.728864E+6,2.2131845E+7,2.941418E+6],"contact_mat":[[0.56823996905053309,0.218516790125253,0.072213892215624659,0.65562665487973548,0.034052123664858262],[0.23690209192233855,0.95572964446306763,0.38301771988384925,0.91586047235666734,0.0568747102815095],[0.11752066059316818,0.26608163507215127,1.4958065547648431,1.3405470937549631,0.059367873943181389],[0.91933760193063718,0.861669369380854,0.86418850893879118,14.324062638918289,0.36192757293435268],[0.031758847069777767,0.026883558584316711,0.026182826395187864,0.14871104470583224,0.0589201441702225]],"inc2000":[120.05504974237124,183.83429491800595,258.868701006988],"inc2015":[94.4260528903766,123.73068999428658,156.29139788751988],"inc2022":[117.47572393533807,152.7184411159395,202.64562378845815],"mort_H02000":[10.879988882902394,17.257913400465863,25.136526039808977],"mort_H02022":[14.09708687224057,17.915047900139058,21.733008928037545],"noti_cu":[1842.7412374927335,2303.4265468659169,2764.1118562391002],"noti2022":[66.582890812070914,83.228613515088639,99.874336218106365],"mort_H12022":[2.0440775964748825,2.5550969955936029,3.0661163947123233]},"r":{"mort":[0.0028831305062318371,0.00043934108903380192,0.00031624881269275422,0.0027902779908317629,0.04143885704105979],"ageing":[0,0.1904,0.1857,0.1715,0.0062],"progression":[0.0826,0.82600000000000007,0.1652],"LTBI_stabil":[0.872,0,0.872],"LTBI_cure":0.028,"reactivation":[0.0006,0.06,0.011999999999999999],"relapse":[0.032,0.14,0.0015],"Dx":52,"Tx":2,"Tx2":0.5,"default2":[0.54166666666666674,499999.5],"access":0,"cs3":0,"vacc":[0,0,0,0,0],"waning":0},"p":{"imm":[0.8,0,0.8],"MDR_rec2015":[0.001,0],"Tx_init2":[0.88,0],"SL_trans":[0.88,0],"Tx_init":[1,1],"cure":[1,1],"tsrsl":[0.48,1E-6],"cure2":[0.5,0],"PT_PLHIV":[1,1,1],"VE":[0,0],"TX_complete":[7.5460289260566178,7.541081630014407],"HIV_relrate":7.5437497722387343},"prm":{"N":[0.2,0.2,0.2,0.2,0.2],"cm":[[0.56823996905053309,0.218516790125253,0.072213892215624659,0.65562665487973548,0.034052123664858262],[0.23690209192233855,0.95572964446306763,0.38301771988384925,0.91586047235666734,0.0568747102815095],[0.11752066059316818,0.26608163507215127,1.4958065547648431,1.3405470937549631,0.059367873943181389],[0.91933760193063718,0.861669369380854,0.86418850893879118,14.324062638918289,0.36192757293435268],[0.031758847069777767,0.026883558584316711,0.026182826395187864,0.14871104470583224,0.0589201441702225]],"gth":[0,0.013,0.013,0.015],"ART_start":2004,