{"data":{"pop00_22":[3.4463704E+7,3.5414469E+7,3.6353531E+7,3.7333918E+7,3.8360879E+7,3.9439505E+7,4.0562052E+7,4.1716497E+7,4.2870884E+7,4.3957933E+7,4.5110527E+7,4.6416031E+7,4.7786137E+7,4.9253643E+7,5.0814552E+7,5.2542823E+7,5.4401802E+7,5.6267032E+7,5.8090443E+7,5.9872579E+7,6.1704518E+7,6.3588334E+7,6.5497748E+7],"inc_all":[[95.752911526863159,501.97738467113112,1241.8862464696192],[101.65336659431487,505.44312834395458,1231.1352176422581],[104.52904836121695,508.89141965329316,1221.3394071679036],[109.81970871634744,508.92060136843929,1208.0167958798218],[114.70018713596212,510.9371972420131,1191.3178527530613],[119.16985266422589,509.64128479807238,1176.4853539617193],[123.26792539982938,502.93313563130386,1146.3917062184132],[124.65092646681241,491.41230626339507,1105.0784057923177],[123.62702854459451,473.51484518023932,1051.9960353511722],[122.84472065599627,452.70554463969,989.58247195108117],[119.70598348363343,425.62127460847438,922.17942831836126],[116.33911568182123,400.72362068182866,857.462371136386],[113.00348467171557,376.6782822390519,797.30236407265977],[107.60625361255003,335.00060086925959,692.334575129803],[108.23671140503215,326.67807442246072,663.19584988174256],[110.38615112096281,306.41672983577604,599.51099315695319],[112.12863868002019,286.75520711611722,544.09962375878649],[111.96609766088248,270.14042610244667,494.07262142421155],[111.89448150705272,253.05367356210382,449.29937958985784],[111.90431599747858,237.17034136779043,407.53213587141448],[105.34074668568029,222.02588147597228,382.46794181262379],[92.7843148084364,207.5852466900611,369.56464372851786],[80.918812659024553,195.42656642179517,358.79096179001453]],"inc_h1":[13.435576441498414,32.062171053575767,59.544031956640708],"mdr2015":[3.654162244004286,4.5677028050053572,5.4812433660064288],"mdr2022":[2.0764072682315735,2.5955090852894669,3.1146109023473603],"mort_H0":[[118.96573856367847,223.42346022934737,362.70042245023927],[112.94818510479432,211.77784707148936,338.84455531438294],[115.53210608345032,211.80886115299228,341.09478938923428],[112.49823819723395,206.24677002826223,329.45912614904228],[114.70018713596212,211.15261722756668,336.28009410316173],[119.16985266422589,218.05547508773248,344.83191409222809],[120.8025668918328,221.8822657196929,350.08090813551547],[136.63659247323668,213.34485491435197,309.23018296574611],[128.29219943306975,205.26751909291161,296.23835141817932],[120.56981842162597,191.0917876871053,279.81297482754707],[108.62209612403774,168.47508786585448,243.84552191110512],[101.25811920454811,159.42767704545872,232.67823136364245],[89.9842563126624,144.39334152496988,213.45102660212939],[71.060733517721729,119.78809364415947,180.69729380220667],[70.845847465111959,118.07641244185326,177.11461866277992],[64.709123070909229,108.48294161887723,163.67601717935864],[56.983406542305346,95.58506903870574,145.2157779626491],[49.762710071503328,83.530263334309154,124.40677517875831],[41.314885479527156,68.8581424658786,103.28721369881788],[31.734059760479,55.117051162937216,83.5106835802079],[29.171283697573006,48.618806162621674,74.5488361160199],[23.589232578416034,40.888003135921124,64.477235714337155],[14.809669486651664,27.481860903064941,42.74956140476769]],"mort_H1":[3.8169251254256862,7.7865272558684,13.130222431464359],"noti":[157.96909119228738,173.94867617526612,165.88759974925134,172.19462473775187,162.95768405098329,154.72303721864662,146.15138307105371,142.32019529348304,141.09809352193437,139.99065879644525,135.44066997931546,127.88038684307152,130.74712442229847,130.04723325744655,121.16804650762246,115.89594262950051,118.76261010618728,121.33748231113381,128.57880942653512,135.63471184363044,137.41457311116181,136.34733691874993,152.82968202204449],"mdriniTX":[0.42016711780685956,0.52520889725857445,0.63025067671028934],"sym":[0.3,0.5,0.7],"rrhiv":[1.328125,16.406249999999996],"ART_start":2004,"ART_covg":[0.70439917988946332,0.82870491751701569,0.953010655144568],"HIV_prev":[0.00494979155619213,0.0058232841837554472,0.0066967768113187637],"HIV_incd":[0.00021715216883730774,0.00032153515216046019,0.00043970615923600475,0.00059022751386809827,0.00076333319520385844,0.00094762897433527864,0.0011406803340526881,0.001303845031953381,0.0014220734960784531,0.0014934399077479827,0.00156307793825252,0.0015541148387258163,0.0015351227235896067,0.0014695774260647732,0.0013911952552482236,0.0013182243987772835,0.0012583512503754966,0.0011891880489009433,0.001077524832065295,0.00097859224491060473,0.00093003533210845853,0.00084677446656732623,0.00078766653027219911,0.00072992006587461,0.00068239522422371851,0.00063161092976773178,0.00059220164386353789,0.00055354760002601687,0.0005141070138994341,0.000476655795483272,0.00044098435666019005,0.00041723617088647736,0.00038602578328807607,0.00035416309341881744,0.00033191895256959954,0.00028040186507827394,0.00025467785300574083,0.00023110471454903413,0.00021742540455244882,0.00019892667961013047,0.00017827439236137727,0.00014602951403433037,0.00012305774285357006],"gth":[0.02923598840022662,0.034415163033856576,0.0327922636597368],"age_mort":[0.016409127281944741,0.0034881042355219957,0.0020419819558468539,0.0062649588119265921,0.077426403065623983],"ageing":[0.18657044361444444,0.18628636943895263,0.18364684963774991,0.0058078417247186265],"agepop":[1.8510308E+7,1.5515018E+7,1.2940369E+7,5.1001293E+7,2.928213E+6],"contact_mat":[[1.1581508189118395,0.5009303730110628,0.16705352058389619,0.49051390866062228,0.012949037208152284],[0.64289875675422059,2.7525860609980342,0.83136865549403516,0.67800303130612583,0.024180707920113564],[0.33999718171306326,0.66197683100214355,2.8614672232370935,1.1444268031536902,0.021132487849624338],[1.6927367409297926,1.2985247834118994,1.090505173557492,8.36763475809822,0.070850468399027852],[0.054556103672934814,0.041569108725370035,0.032470273445472909,0.0574279018970029,0.0060892900590802856]],"inc2000":[250.98869233556556,501.97738467113112,752.96607700669665],"inc2015":[110.38615112096281,306.41672983577604,599.51099315695319],"inc2022":[80.918812659024553,195.42656642179517,358.79096179001453],"mort_H02000":[118.96573856367847,223.42346022934737,362.70042245023927],"mort_H02022":[14.809669486651664,27.481860903064941,42.74956140476769],"noti_cu":[2599.4605225486407,3249.3256531858005,3899.1907838229604],"noti2022":[122.26374561763561,152.82968202204449,183.39561842645338],"mort_H12022":[3.8169251254256862,7.7865272558684,13.130222431464359]},"r":{"mort":[0.016409127281944741,0.0034881042355219957,0.0020419819558468539,0.0062649588119265921,0.077426403065623983],"ageing":[0,0.157,0.1548,0.1453,0.0053],"progression":[[0.0826,1.4459782922367705,0.57839131689470824],[0.0826,1.4459782922367705,0.57839131689470824],[0.0826,1.4459782922367705,0.57839131689470824],[0.0826,1.4459782922367705,0.57839131689470824],[0.0826,1.4459782922367705,0.57839131689470824]],"LTBI_stabil":[0.872,0,0.872],"LTBI_cure":0.028,"reactivation":[[0.0006,0.010503474277748935,0.004201389711099574],[0.0006,0.010503474277748935,0.004201389711099574],[0.0006,0.010503474277748935,0.004201389711099574],[0.0006,0.010503474277748935,0.004201389711099574],[0.0006,0.010503474277748935,0.004201389711099574]],"relapse":[0.032,0.14,0.0015],"Dx":52,"Tx":2,"Tx2":0.5,"default2":[0.54166666666666674,499999.5],"access":0,"cs3":[0,0,0,0,0],"vacc":[0,0,0,0,0],"waning":0,"beta":16.451926899259263,"betared":0.91414521443906238,"sym":89.77062596966185,"cs_1997":[1.0530312687993082,1.0530312687993082,1.0530312687993082,1.0530312687993082,1.0530312687993082],"cs_2022":[1.8082609813704522,1.8082609813704522,1.8082609813704522,1.8082609813704522,1.8082609813704522],"cs2_1997":[1.0924714766800079,1.0924714766800079,1.0924714766800079,1.0924714766800079,1.0924714766800079],"cs2_2022":[1.0924714766800079,1.0924714766800079,1.0924714766800079,1.0924714766800079,1.0924714766800079],"mort_TB":[0.3041487182997557,6.9770105854104694],"default":[0.53805370405472319,0.53162424589048729],"ART_init":0.53245046687709707,