{"data":{"pop00_22":[2.4925554E+7,2.5248445E+7,2.557903E+7,2.5905904E+7,2.6234923E+7,2.6573423E+7,2.6926819E+7,2.7309616E+7,2.772681E+7,2.8167842E+7,2.8614227E+7,2.9057458E+7,2.9503051E+7,2.9963226E+7,3.0446542E+7,3.0949417E+7,3.1453574E+7,3.1945682E+7,3.2449576E+7,3.2976948E+7,3.3526656E+7,3.4081449E+7,3.4627652E+7],"inc_all":[[52.155310168833161,100.29867340160222,164.48982437862765],[51.488319379668731,106.93727871161967,182.18943780498165],[66.460690651678348,113.37411934698072,172.01590521610865],[84.922726495087758,115.80371794784693,154.40495726379592],[49.552270460256352,118.16310648214976,213.45593429033505],[63.973692813304481,120.42106882504373,191.92107843991343],[77.989160175214167,115.12685549674472,163.40585941473444],[62.249135981992566,109.85141643881042,175.76226630209666],[50.492645926451686,104.59190941907849,180.33087830875604],[63.902658925735246,102.95428382479565,149.10620416004889],[48.926710478672028,97.853420957344056,160.75919157277951],[48.180401740578958,92.919346213973711,147.98266248892111],[47.4527193814633,88.126478851288979,142.35815814438988],[70.0859113100839,86.773033050580068,103.46015479107623],[59.120014351711923,82.111131044044342,108.38669297813853],[54.928336776101467,80.776965847208047,109.85667355220293],[50.868623069670875,76.3029346045063,108.0958240230506],[50.085016184659942,71.997210765448671,100.17003236931988],[49.30726983921145,70.879200393866469,95.532835313472191],[45.48631971642736,66.7132689174268,90.97263943285472],[47.723220591997006,65.619428313995883,89.481038609994386],[52.81465585574135,70.419541140988457,96.826869068859125],[57.757309100830753,83.74809819620458,115.51461820166151]],"inc_h1":[1.8482338912265839,2.74347218228946,3.7542250915539985],"mdr2015":[10.662559491831463,16.801608896219271,22.617550437218252],"mdr2022":[10.685102183653688,16.749619639240915,22.525350549323992],"mort_H0":[[15.245398357043539,18.856150599501216,22.065708148352488],[15.84255980912884,19.011071770954608,22.971711723236819],[15.637809565100788,19.156316717248465,23.065769108523661],[14.668470940060613,18.142582478496024,22.002706410090919],[12.57865327068046,15.628023760542387,18.677394250404319],[12.042106882504374,14.676317763052205,17.686844483678296],[11.512685549674472,13.740947268966305,16.340585941473442],[10.985141643881041,12.815998584527881,15.013026913304092],[10.459190941907849,11.901837968377897,13.705146751465458],[9.5853988388602858,11.005457926098847,12.425517013337409],[9.0863890888962331,10.13481859915349,11.532724612829835],[8.9477888946789488,9.9802260748342118,11.012663254989477],[8.1347518939651362,9.15159588071078,10.507387863038302],[7.342333565818314,8.0098184354381612,9.01104573986793],[7.2257795318759017,7.8826685802282563,8.5395576285806118],[7.43148085794314,8.0776965847208047,9.0470201748873009],[6.6765067778943026,6.9944356720797449,7.6302934604506314],[5.6345643207742446,6.2606270230824927,6.5736583742366177],[4.6225565474260746,4.9307269839211454,5.2388974204162171],[3.6389055773141892,3.9421477087570387,4.2453898401998877],[4.4740519304997193,5.070592187899682,5.6671324452996448],[6.16170984983649,7.0419541140988455,7.9221983783612018],[7.2196636376038441,9.24116945613292,11.262675274661996]],"mort_H1":[0.77972367286121513,0.98187425471412271,1.1840248365670303],"noti":[63.18816424300941,68.879489410139911,80.487805831573752,93.357097285622615,77.335847336010858,80.956826676036428,88.759091818458018,72.425038858107712,61.947263316623875,70.907100373539436,59.002118072244272,52.809161764941727,50.272766704704544,69.458475532641245,60.25314796011974,52.715047911887964,51.027587516763596,52.720740161377677,50.580013741936106,49.343559628380412,36.123495286854734,39.740094383897826,41.302251738004067],"mdriniTX":[4.2209041490887111,5.2761301863608887,6.3313562236330663],"sym":[0.3,0.5,0.7],"rrhiv":[20,3.2758620689655169],"ART_start":2004,"ART_covg":[0,0,0],"HIV_prev":[0,0,0],"HIV_incd":[0,0,0,0,0,0,0,0,0,0,0,0,0,0,0,0,0,0,0,0,0,0,0,0,0,0,0,0,0,0,0,0,0,0,0,0,0,0,0,0,0,0,0],"gth":[0.012566002767214639,0.016455097929016838,0.016023242326282355],"age_mort":[0.0027887037272611628,0.00016889858203144285,0.00026232469062202059,0.0038107557815958933,0.059996447213344836],"ageing":[0.19401128197430351,0.19015007470514203,0.19623876142339042,0.0093965132735777113],"agepop":[3.9305E+6,3.463617E+6,3.118273E+6,2.2585546E+7,1.818291E+6],"contact_mat":[[0.49707690033704532,0.28804134955426003,0.11490896507456586,0.656767004264436,0.024900675912314405],[0.333501098167607,1.32146861385243,0.59738387836502194,0.88490711040312775,0.041845256964859481],[0.18727181206250429,0.47322659264450945,2.4746460152940659,1.6631309071896339,0.045720719657217156],[1.2016617941311287,1.1440293308881044,1.2328967869550065,11.29939439799398,0.24888341203277115],[0.03847051783389599,0.036213626332243273,0.036102539287703711,0.12583017855579526,0.031720516245776563]],"inc2000":[52.155310168833161,100.29867340160222,164.48982437862765],"inc2015":[54.928336776101467,80.776965847208047,109.85667355220293],"inc2022":[57.757309100830753,83.74809819620458,115.51461820166151],"mort_H02000":[15.245398357043539,18.856150599501216,22.065708148352488],"mort_H02022":[7.2196636376038441,9.24116945613292,11.262675274661996],"noti_cu":[1138.8737484423007,1423.5921855528759,1708.3106226634511],"noti2022":[33.041801390403258,41.302251738004067,49.562702085604876],"mort_H12022":[0.77972367286121513,0.98187425471412271,1.1840248365670303]},"r":{"mort":[0.0027887037272611628,0.00016889858203144285,0.00026232469062202059,0.0038107557815958933,0.059996447213344836],"ageing":[0,0.26,0.2598,0.2179,0.0079],"progression":[[0.0826,6.5310483045324359,2.6124193218129745],[0.0826,6.5310483045324359,2.6124193218129745],[0.0826,6.5310483045324359,2.6124193218129745],[0.0826,6.5310483045324359,2.6124193218129745],[0.0826,6.5310483045324359,2.6124193218129745]],"LTBI_stabil":[0.872,0,0.872],"LTBI_cure":0.028,"reactivation":[[0.0006,0.047441028846482582,0.018976411538593033],[0.0006,0.047441028846482582,0.018976411538593033],[0.0006,0.047441028846482582,0.018976411538593033],[0.0006,0.047441028846482582,0.018976411538593033],[0.0006,0.047441028846482582,0.018976411538593033]],"relapse":[0.032,0.14,0.0015],"Dx":52,"Tx":2,"Tx2":0.5,"default2":[0.54166666666666674,499999.5],"access":0,"cs3":[0,0,0,0,0],"vacc":[0,0,0,0,0],"waning":0,"beta":31.211769330211332,"betared":0.80043256668624219,"sym":98.927758224739833,"cs_1997":[1.5972955940644564,1.5972955940644564,1.5972955940644564,1.5972955940644564,1.5972955940644564],"cs_2022":[2.0149280524872406,2.0149280524872406,2.0149280524872406,2.0149280524872406,2.0149280524872406],"cs2_1997":[61.36496932581791,61.36496932581791,61.36496932581791,61.36496932581791,61.36496932581791],"cs2_2022":[61.36496932581791,61.36496932581791,61.36496932581791,61.36496932581791,61.36496932581791],"mort_TB":[0.16126959600548427,11.089331096753909],"default":[0.25256515614823127,0.90345865653029667],"ART_init":5.0491852489816242,"MDR_acqu":0.039024013379668029,"HIV_mort":5.1619907125634992,"self_cure":[0.16519484848526186,0,0.16519484848526186]},"p":{"imm":[0.8,0,0.8],"MDR_rec2015":[0.001,0],"Tx_init2":[0.88,0],"SL_trans":[0.88,0],"Tx_init":[1,1],"cure":[1,1],"tsrsl":[0.48,1E-6],"cure2":[0.5,0],"PT_PLHIV":[1,1,1],"VE":[0,0],"rfbeta_mdr":0.96184748422508426,"rfbeta_hiv":0.356909607116674,"pu_2022":0.25965011691074363,"Dx":[0.81773436433060032,0.53977726996505826],"MDR_rec2022":[0.73472880812961594,0],"TX_complete":[29.751149168811232,29.740940949944978],"HIV_relrate":29.816620159521904},"prm":{"N":[0.2,0.2,0.2,0.2,0.2],