{"name":"Cura\u00e7ao","ISO_Numeric":531,"ISO_Alpha":"CUW","ProxyNote":"Risk, Abortion, and Mortality Proxy: Dominican Republic","Group":0,"surveyYear":0,"MA_L18FirstBirth":9.71514936391702,"MA_L18_BO2_3":1.09776220028197,"MA_L18_BO_G3":0.0978589697040055,"MA18_34FirstBirth":27.5799481507253,"MA18_34BO2_3":25.4761861227351,"MA18_34BO_G3":28.3314442133112,"MA_G35FirstBirth":0.732600721262041,"MA_G35BO2_3":1.61825124469649,"MA_G35BO_G3":5.35079901336685,"firstBirthInterval":38.0276982359043,"L18Months":5.46604182643499,"BO18_24Months":6.19677330266578,"BO_24MonthsOrGreater":50.3094866349949,"PropUnintendedPregEndInAbort":0.447321963920961,"mortalityRateUnsafeAbortMMR":0.32753544405825,"MortalityRateUnsafeAbort":31.1689989873024,"propUnsafeAbort":0.746444430711644,"MMR":95.1622169531038}