{"name":"Swaziland","ISO_Numeric":748,"ISO_Alpha":"SWZ","ProxyNote":0,"Group":"A","surveyYear":2006.0,"MA_L18FirstBirth":9.66727060334453,"MA_L18_BO2_3":0.800976520281103,"MA_L18_BO_G3":0.0106082172966035,"MA18_34FirstBirth":22.0118382743635,"MA18_34BO2_3":22.204604044425,"MA18_34BO_G3":34.1556352060866,"MA_G35FirstBirth":0.0604476200756767,"MA_G35BO2_3":0.275677490580482,"MA_G35BO_G3":10.8129420235466,"firstBirthInterval":31.7395564977837,"L18Months":3.32454310672398,"BO18_24Months":7.33148965716152,"BO_24MonthsOrGreater":57.6044107383309,"PropUnintendedPregEndInAbort":0.290734184981838,"mortalityRateUnsafeAbortMMR":0.880454009046405,"MortalityRateUnsafeAbort":384.833933525338,"propUnsafeAbort":0.264424869948364,"MMR":437.085787072672}