{"GDP per capita":830.0371503342899,"GDP per worker":6171.27832742067,"Labor force participation rate (15-64)":66.638,"Female labor force participation rate (15-64)":65.553,"Percent of GDP allocated to wages":49.1}