{"GDP per capita":30146.925026365,"GDP per worker":91923.9832802242,"Labor force participation rate (15-64)":73.07,"Female labor force participation rate (15-64)":71.681,"Percent of GDP allocated to wages":31.5}