{"GDP per capita":8917.674910574946,"GDP per worker":33118.7933478966,"Labor force participation rate (15-64)":68.669,"Female labor force participation rate (15-64)":63.134,"Percent of GDP allocated to wages":63.1}