{"GDP per capita":4295.407495610141,"GDP per worker":48920.0342810332,"Labor force participation rate (15-64)":43.724,"Female labor force participation rate (15-64)":41.824,"Percent of GDP allocated to wages":43.6}