{"GDP per capita":8820.347336823159,"GDP per worker":58461.4505912618,"Labor force participation rate (15-64)":48.715,"Female labor force participation rate (15-64)":47.654,"Percent of GDP allocated to wages":28.5}