{"GDP per capita":2203.5589351830304,"GDP per worker":13133.690832373,"Labor force participation rate (15-64)":70.247,"Female labor force participation rate (15-64)":68.83,"Percent of GDP allocated to wages":42.4}