{"GDP per capita":1515.167947775839,"GDP per worker":9354.67013990511,"Labor force participation rate (15-64)":53.01,"Female labor force participation rate (15-64)":52.367,"Percent of GDP allocated to wages":30.1}