{"GDP per capita":1748.2571322946928,"GDP per worker":7379.01985370667,"Labor force participation rate (15-64)":66.623,"Female labor force participation rate (15-64)":65.576,"Percent of GDP allocated to wages":47.8}