{"GDP per capita":18390.184999324385,"GDP per worker":71665.8412167074,"Labor force participation rate (15-64)":76.148,"Female labor force participation rate (15-64)":59.706,"Percent of GDP allocated to wages":48.2}