{"GDP per capita":4669.571379938777,"GDP per worker":53354.9712419392,"Labor force participation rate (15-64)":45.334,"Female labor force participation rate (15-64)":42.58,"Percent of GDP allocated to wages":39.8}