{"GDP per capita":5937.19546600271,"GDP per worker":43337.1936102435,"Labor force participation rate (15-64)":41.521,"Female labor force participation rate (15-64)":40.367,"Percent of GDP allocated to wages":45.3}