{"GDP per capita":6716.095984623283,"GDP per worker":73318.9831734473,"Labor force participation rate (15-64)":50.174,"Female labor force participation rate (15-64)":47.471,"Percent of GDP allocated to wages":45.2}