{"GDP per capita":13030.928480424467,"GDP per worker":32084.9190233426,"Labor force participation rate (15-64)":74.716,"Female labor force participation rate (15-64)":69.487,"Percent of GDP allocated to wages":51.7}