{"GDP per capita":969.9357601594056,"GDP per worker":6435.61588038101,"Labor force participation rate (15-64)":65.74,"Female labor force participation rate (15-64)":64.334,"Percent of GDP allocated to wages":61.4}