{"GDP per capita":3441.99145507813,"GDP per worker":27407.2949437617,"Labor force participation rate (15-64)":48.678,"Female labor force participation rate (15-64)":45.573,"Percent of GDP allocated to wages":44.8}