{"GDP per capita":5714.430488402935,"GDP per worker":40499.8992201496,"Labor force participation rate (15-64)":48.434,"Female labor force participation rate (15-64)":41.674,"Percent of GDP allocated to wages":60}