{"GDP per capita":25056.79486083783,"GDP per worker":73803.2901533643,"Labor force participation rate (15-64)":67.621,"Female labor force participation rate (15-64)":67.175,"Percent of GDP allocated to wages":42.4}