{"GDP per capita":17357.628633793956,"GDP per worker":74827.5502252376,"Labor force participation rate (15-64)":69.259,"Female labor force participation rate (15-64)":65.984,"Percent of GDP allocated to wages":34.5}