{"GDP per capita":7125.829931357461,"GDP per worker":24807.5295075875,"Labor force participation rate (15-64)":75.316,"Female labor force participation rate (15-64)":72.065,"Percent of GDP allocated to wages":45.2}