{"GDP per capita":966.2320713619931,"GDP per worker":8046.63974253679,"Labor force participation rate (15-64)":57.443,"Female labor force participation rate (15-64)":54.902,"Percent of GDP allocated to wages":44.2}