{"GDP per capita":1102.146484375,"GDP per worker":15252.7066266115,"Labor force participation rate (15-64)":49.704,"Female labor force participation rate (15-64)":48.763,"Percent of GDP allocated to wages":44.1}