{"GDP per capita":5127.321668230122,"GDP per worker":22249.729168719,"Labor force participation rate (15-64)":61.554,"Female labor force participation rate (15-64)":58.87,"Percent of GDP allocated to wages":54.2}