{"GDP per capita":716.8043811345844,"GDP per worker":4583.15512468521,"Labor force participation rate (15-64)":59.352,"Female labor force participation rate (15-64)":59.562,"Percent of GDP allocated to wages":42.4}