{"GDP per capita":1192.76647949219,"GDP per worker":5591.00917514333,"Labor force participation rate (15-64)":83.043,"Female labor force participation rate (15-64)":82.598,"Percent of GDP allocated to wages":53.3}