{"GDP per capita":20795.042353555345,"GDP per worker":51629.5985835519,"Labor force participation rate (15-64)":75.046,"Female labor force participation rate (15-64)":63.456,"Percent of GDP allocated to wages":58.2}