{"GDP per capita":3231.351299955709,"GDP per worker":6792.01781183968,"Labor force participation rate (15-64)":69.5,"Female labor force participation rate (15-64)":69.122,"Percent of GDP allocated to wages":63.8}