{"GDP per capita":1456.9015701544504,"GDP per worker":10344.0602517559,"Labor force participation rate (15-64)":60.939,"Female labor force participation rate (15-64)":60.662,"Percent of GDP allocated to wages":33.1}