{"countryCode":4,"subnatCode":0,"Regions":{"region":"Asia"},"ART50PlusPercentFemales":{"startYear":1995,"endYear":2025,"values":[0.0,0.0,0.0,0.0,0.0,0.0,0.0,0.0,0.0,0.0,0.0,0.0,0.0,0.0,0.14215771405257135,0.13345091555539917,0.1572788672653918,0.16001023926172392,0.15869677944264526,0.14704142316539426,0.16484915178814202,0.1483514200180173,0.15011503652969857,0.1333323116449872,0.12904638835118318,0.12663080521435455,0.13777743604348494,0.1460793230314067,0.1460793230314067,0.1460793230314067,0.1460793230314067]},"ART50PlusPercentMales":{"startYear":1995,"endYear":2025,"values":[0.0,0.0,0.0,0.0,0.0,0.0,0.0,0.0,0.0,0.0,0.0,0.0,0.0,0.0,0.2643961030448009,0.22942108978454973,0.230158544760923,0.2382641697446488,0.24654887622736912,0.25386927603254356,0.26409699028832806,0.2654321224089308,0.24743983146226886,0.18801241869584162,0.18801830871899455,0.18985214257950225,0.20544918998527245,0.22214556743704725,0.22214556743704725,0.22214556743704725,0.22214556743704725]},"ART50PlusPercentTotal":{"startYear":1995,"endYear":2025,"values":[0.0,0.0,0.0,0.0,0.0,0.0,0.0,0.0,0.0,0.0,0.0,0.0,0.0,0.0,0.18466813923116834,0.20229844427624388,0.2113554231685676,0.21795361123784243,0.22359619440611184,0.22365562267735198,0.23434886813298142,0.22139505565892517,0.21377063958012826,0.17468654200755088,0.17336120683226144,0.17390859246376558,0.18802230560943758,0.20236575267004756,0.20236575267004756,0.20236575267004756,0.20236575267004756]},"HIV_15":{"startYear":1970,"endYear":2025,"values":[0.0,0.0,0.0,0.0,0.0,0.0,0.0,0.0,0.0,0.0,0.0,0.0,0.005395103955359027,0.004761904761904762,0.005405405405405406,0.0037735849056603774,0.00410958904109589,0.004081632653061225,0.0032,0.003125,0.003333452857142857,0.0035849634408602156,0.0033366462603878115,0.0033264013186813184,0.0031299259057971014,0.0028827405616224646,0.0028520530949105913,0.0027397260273972603,0.0027397260273972603,0.0027397260273972603,0.0027397260273972603,0.002832618025751073,0.0029862174578866767,0.0030075187969924814,0.0030599755201958386,0.0031353135313531354,0.0031374501992031873,0.0031021897810218978,0.0030884808013355593,0.0031065878449308667,0.0030571273874468604,0.0030823478896960604,0.002946872234100815,0.0028075112853542424,0.0027152831652443757,0.002805082713977463,0.0028410372040586244,0.002902601591055687,0.003249813941949888,0.0033401849948612532,0.0033315276273022747,0.0031987814166031985,0.0030820293978188716,0.0030820293978188716,0.0030820293978188716,0.0030820293978188716]},"HIV_15_ART":{"startYear":1995,"endYear":2025,"values":[0.0,0.0,0.0,0.0,0.0,0.0,0.0,0.0,0.0,0.0,0.0,0.0,0.0,0.0,0.0008679035076034243,0.0011116502611395814,0.0011661853047382116,0.0012313739303959708,0.0012636028985507244,0.0016483516483516484,0.001724137931034483,0.0024024024024024027,0.0023391812865497076,0.0019350811485642947,0.0020257826887661143,0.0021801286633309504,0.0023247978436657683,0.0024624240486088903,0.0024624240486088903,0.0024624240486088903,0.0024624240486088903]},"HIV_50":{"startYear":1970,"endYear":2025,"values":[0.0,0.0,0.0,0.0,0.0,0.0,0.0,0.0,0.0,0.0,0.0,0.0,0.007029535208518643,0.007642085714285715,0.008108108108108109,0.009433962264150943,0.00958904109589041,0.01020408163265306,0.0104,0.010625,0.010952380952380951,0.011111111111111112,0.011634349030470914,0.012087912087912088,0.012681159420289856,0.01326053042121685,0.01361760660247593,0.014072229140722292,0.014072229140722292,0.014072229140722292,0.014072229140722292,0.015021459227467811,0.014931087289433384,0.014832535885167464,0.014749082007343942,0.014576457645764576,0.01444223107569721,0.014416058394160585,0.014398998330550918,0.014434950653754558,0.014526757009520304,0.014779589301604959,0.014959586427432057,0.015205824698963876,0.015257305404706491,0.015200191800527452,0.015310033821871478,0.015287035046226617,0.013917142148350287,0.013746145940390543,0.013488624052004336,0.013810611830413813,0.014058795637743005,0.014058795637743005,0.014058795637743005,0.014058795637743005]},"HIV_50_ART":{"startYear":1995,"endYear":2025,"values":[0.0,0.0,0.0,0.0,0.0,0.0,0.0,0.0,0.0,0.0,0.0,0.0,0.0,0.0,0.03256958736612678,0.03197594897022256,0.03305352075661192,0.03563733452694646,0.034782608695652174,0.03406593406593407,0.03405172413793103,0.032432432432432434,0.03138401559454191,0.02640449438202247,0.026519337016574586,0.02684060042887777,0.028672506738544472,0.030796290374160536,0.030796290374160536,0.030796290374160536,0.030796290374160536]},"PercPregAccessAntenatalCare":{"value":45.5,"year":"2010"},"45q15WPP":{"1972.0":0.513955035649593,"1977.0":0.48300932870851,"1982.0":0.445293933824719,"1987.0":0.397835181059454,"1992.0":0.355505569604895,"1997.0":0.32935562405427904,"2002.0":0.309590005933785,"2007.0":0.287288289189503,"2012.0":0.26813988875042005,"2017.0":0.249480619145763,"2022.0":0.233421067267026},"EpidemicType":{"Epidemic Type":"Concentrated"},"SexualActivity15-19":{"SexAct_F_15_19":16.6,"Source":"2015 DHS"}}