{"countryCode":8,"subnatCode":0,"Regions":{"region":"Eastern Europe"},"ART50PlusPercentFemales":{"startYear":1995,"endYear":2025,"values":[0.0,0.0,0.0,0.0,0.0,0.0,0.0,0.0,0.0,0.11542607695071799,0.11937150000000002,0.12451424955738444,0.13237247898670224,0.17886454167999222,0.17902232592133932,0.2212399624484541,0.21205643697463974,0.19827149737043914,0.20132515147882205,0.1945454458490765,0.2087997360690592,0.2181403089349166,0.15855621011464247,0.1760796677780946,0.18486324839089568,0.19516820573700533,0.21047709128170125,0.21047709128170125,0.21047709128170125,0.21047709128170125,0.21047709128170125]},"ART50PlusPercentMales":{"startYear":1995,"endYear":2025,"values":[0.0,0.0,0.0,0.0,0.0,0.0,0.0,0.0,0.0,0.1797023884013648,0.18103106577528985,0.21005828869842802,0.21588751999828565,0.21432777187169116,0.22979687316909653,0.2433259149923292,0.266917624418751,0.26861210047420764,0.2679538223998046,0.2706596749024625,0.2814242376071359,0.27920156470553104,0.21785393694285426,0.23248407045908567,0.24393026930888775,0.25421693619445906,0.2696267787614225,0.2696267787614225,0.2696267787614225,0.2696267787614225,0.2696267787614225]},"ART50PlusPercentTotal":{"startYear":1995,"endYear":2025,"values":[0.0,0.0,0.0,0.0,0.0,0.0,0.0,0.0,0.0,0.1604194320838864,0.16353826051842812,0.18524674007748798,0.1905415062361676,0.19977289916513014,0.21482949875037996,0.2371698531136896,0.2504315823772599,0.24978295512644946,0.24878440765908622,0.24762379128655415,0.2592313032430877,0.26148741929157115,0.1995598616884258,0.2153362151532462,0.2266232306655282,0.2366483556839031,0.2516446523044075,0.2516446523044075,0.2516446523044075,0.2516446523044075,0.2516446523044075]},"HIV_15":{"startYear":1970,"endYear":2025,"values":[0.0,0.0,0.0,0.0,0.0,0.0,0.0,0.0,0.0,0.0,0.02321447666881455,0.01903244022338756,0.01904761904761905,0.016129032258064516,0.013157894736842105,0.011363636363636364,0.00851063829787234,0.006521739130434782,0.004545454545454546,0.0017778817295196145,0.0009388683686171069,0.0008856247011187667,0.001793521052298459,0.0033852129032258065,0.006285969696969697,0.008606772222222222,0.009150757777777779,0.009150757777777779,0.009150757777777779,0.009150757777777779,0.009150757777777779,0.011727577397260274,0.012018778260869566,0.012168271861471862,0.012381310551663586,0.01240085180862206,0.012162734381118409,0.011734205270853518,0.011328437749434341,0.010854929645720319,0.010134408036224844,0.009621929443514735,0.009165968894952251,0.00855461339648173,0.007900840533333333,0.0071432743083003954,0.00636604774535809,0.008498583569405098,0.008823529411764706,0.008651399491094149,0.00827250608272506,0.007710280373831775,0.007710280373831775,0.007710280373831775,0.007710280373831775,0.007710280373831775]},"HIV_15_ART":{"startYear":1995,"endYear":2025,"values":[0.0,0.0,0.0,0.0,0.0,0.0,0.0,0.0,0.0,0.0021550526906059264,0.0017907680680802824,0.0012617832740230237,0.0009276260712614637,0.0008812142866621811,0.0010212255816275271,0.0009385893024801445,0.0009287765518136501,0.0008799524475524476,0.0016665158415841584,0.001427944,0.0013133847222222223,0.0014705882352941176,0.002648171500630517,0.0019347037484885128,0.0015098722415795587,0.0013392857142857143,0.0012958963282937365,0.0012958963282937365,0.0012958963282937365,0.0012958963282937365,0.0012958963282937365]},"HIV_50":{"startYear":1970,"endYear":2025,"values":[0.0,0.0,0.0,0.0,0.0,0.0,0.0,0.0,0.0,0.0,0.006210169566308451,0.0069662347381240905,0.006692204761904762,0.008555970967741935,0.007683078947368422,0.009090909090909092,0.00851063829787234,0.010869565217391304,0.011363636363636364,0.012277764783810048,0.013387733585493972,0.01416414825749957,0.014892420874706339,0.016129032258064516,0.015151515151515152,0.013888888888888888,0.013333333333333332,0.013333333333333332,0.013333333333333332,0.013333333333333332,0.013333333333333332,0.012328767123287671,0.0125,0.012987012987012988,0.01331259360034875,0.013617305221973679,0.01418716345699309,0.01453679555936639,0.014782908833198537,0.015033155556246777,0.015626486474360803,0.015709751722840982,0.01568894952251023,0.01569688768606225,0.015733333333333335,0.015678524374176547,0.016047745358090185,0.013031161473087813,0.012566844919786095,0.012468193384223924,0.011922141119221408,0.011915887850467294,0.011915887850467294,0.011915887850467294,0.011915887850467294,0.011915887850467294]},"HIV_50_ART":{"startYear":1995,"endYear":2025,"values":[0.0,0.0,0.0,0.0,0.0,0.0,0.0,0.0,0.0,0.03219956063767091,0.03280155453127235,0.034604890017008304,0.03673562936159831,0.037474935330385865,0.03961770499389095,0.040410725305290475,0.041985544892170774,0.04125874125874126,0.03811881188118812,0.037200000000000004,0.036458333333333336,0.035,0.026607818411097103,0.027448609431680773,0.0281068524970964,0.02879464285714286,0.029265658747300218,0.029265658747300218,0.029265658747300218,0.029265658747300218,0.029265658747300218]},"PercPregAccessAntenatalCare":{"value":97.3,"year":"2008"},"MortalityByAge":[{"year":1992,"cause":"tot","sex":1,"values":[0.0,1892.0,147.0,111.0,147.0,210.0,221.0,191.0,180.0,210.0,265.0,366.0,520.0,849.0,829.0,1130.0,1037.0,1636.0]},{"year":1992,"cause":"tot","sex":2,"values":[0.0,1533.0,85.0,55.0,58.0,85.0,75.0,106.0,78.0,111.0,101.0,189.0,232.0,379.0,488.0,653.0,795.0,2274.0]},{"year":1993,"cause":"tot","sex":1,"values":[0.0,1759.0,134.0,110.0,140.0,240.0,224.0,203.0,194.0,200.0,178.0,368.0,558.0,775.0,704.0,1138.0,949.0,1725.0]},{"year":1993,"cause":"tot","sex":2,"values":[0.0,1545.0,88.0,66.0,64.0,88.0,75.0,96.0,91.0,98.0,106.0,188.0,200.0,305.0,395.0,628.0,756.0,2205.0]},{"year":1994,"cause":"tot","sex":1,"values":[0.0,1430.0,112.0,100.0,132.0,206.0,194.0,176.0,166.0,169.0,186.0,315.0,483.0,681.0,792.0,1013.0,931.0,1542.0]},{"year":1994,"cause":"tot","sex":2,"values":[0.0,1209.0,70.0,39.0,50.0,61.0,69.0,83.0,73.0,87.0,94.0,167.0,193.0,288.0,397.0,674.0,656.0,1857.0]},{"year":1994,"cause":"HIV","sex":1,"values":[0.0,0.0,0.0,0.0,0.0,0.0,0.0,0.0,0.0,0.0,0.0,0.0,0.0,0.0,0.0,0.0,0.0,0.0]},{"year":1994,"cause":"HIV","sex":2,"values":[0.0,0.0,0.0,0.0,0.0,0.0,0.0,0.0,0.0,0.0,0.0,0.0,0.0,0.0,0.0,0.0,0.0,0.0]},{"year":1995,"cause":"tot","sex":1,"values":[0.0,1324.0,111.0,88.0,139.0,221.0,191.0,183.0,173.0,194.0,187.0,318.0,520.0,762.0,972.0,1082.0,1018.0,1664.0]},{"year":1995,"cause":"tot","sex":2,"values":[0.0,1057.0,70.0,40.0,72.0,73.0,64.0,84.0,97.0,107.0,109.0,145.0,226.0,292.0,424.0,671.0,774.0,2346.0]},{"year":1995,"cause":"HIV","sex":1,"values":[0.0,0.0,0.0,0.0,0.0,0.0,0.0,0.0,0.0,0.0,0.0,0.0,0.0,0.0,0.0,0.0,0.0,0.0]},{"year":1995,"cause":"HIV","sex":2,"values":[0.0,0.0,0.0,0.0,0.0,0.0,0.0,0.0,0.0,0.0,0.0,0.0,0.0,0.0,0.0,0.0,0.0,0.0]},{"year":1996,"cause":"tot","sex":1,"values":[0.0,1085.0,113.0,102.0,148.0,192.0,192.0,182.0,186.0,174.0,224.0,323.0,536.0,867.0,1098.0,1117.0,1129.0,1923.0]},{"year":1996,"cause":"tot","sex":2,"values":[0.0,929.0,67.0,49.0,63.0,61.0,70.0,72.0,106.0,117.0,132.0,151.0,201.0,296.0,485.0,732.0,840.0,2418.0]},{"year":1996,"cause":"HIV","sex":1,"values":[0.0,0.0,0.0,0.0,0.0,0.0,0.0,0.0,0.0,0.0,0.0,0.0,0.0,0.0,0.0,0.0,0.0,0.0]},{"year":1996,"cause":"HIV","sex":2,"values":[0.0,0.0,0.0,0.0,0.0,0.0,0.0,0.0,0.0,0.0,0.0,0.0,0.0,0.0,0.0,0.0,0.0,0.0]},{"year":1997,"cause":"tot","sex":1,"values":[0.0,749.0,106.0,118.0,207.0,403.0,390.0,389.0,289.0,264.0,249.0,336.0,511.0,753.0,917.0,952.0,1157.0,1690.0]},{"year":1997,"cause":"tot","sex":2,"values":[0.0,621.0,72.0,42.0,86.0,83.0,87.0,84.0,120.0,102.0,111.0,138.0,210.0,329.0,401.0,692.0,775.0,2167.0]},{"year":1997,"cause":"HIV","sex":1,"values":[0.0,0.0,0.0,0.0,0.0,0.0,0.0,0.0,0.0,0.0,0.0,0.0,0.0,0.0,0.0,0.0,0.0,0.0]},{"year":1997,"cause":"HIV","sex":2,"values":[0.0,0.0,0.0,0.0,0.0,0.0,0.0,0.0,0.0,0.0,0.0,0.0,0.0,1.0,0.0,0.0,0.0,0.0]},{"year":1998,"cause":"tot","sex":1,"values":[0.0,718.0,121.0,87.0,174.0,259.0,297.0,217.0,233.0,268.0,276.0,314.0,486.0,779.0,1008.0,1117.0,1305.0,1725.0]},{"year":1998,"cause":"tot","sex":2,