{"countryCode":36,"subnatCode":0,"Regions":{"region":"High Income Countries"},"ART50PlusPercentFemales":{"startYear":1995,"endYear":2025,"values":[0.0,0.18019938602446064,0.19103451260160378,0.199677237715844,0.22137958151430676,0.24051205850052682,0.2579497545261828,0.2758133497112606,0.2920571095262296,0.3083197389885807,0.32547864506627394,0.3427041499330656,0.3628640776699029,0.3801560758082497,0.4,0.3738244514106583,0.3907962016070124,0.40791268758526605,0.3931673422119282,0.39747634069400634,0.3954908407703147,0.3972602739726027,0.40480961923847697,0.428060413354531,0.442572741194487,0.45622460288141853,0.46951871657754013,0.48293691830403307,0.48293691830403307,0.48293691830403307,0.48293691830403307]},"ART50PlusPercentMales":{"startYear":1995,"endYear":2025,"values":[0.0,0.29493896009744114,0.31037966143966406,0.32919428442380183,0.347080330854585,0.37055229417126767,0.392870925182649,0.41327889888992003,0.4404635015974794,0.4668421167314385,0.48857260161488986,0.505516057857318,0.5267867255634839,0.5560161448674593,0.5826829014465605,0.593420060331825,0.6089771633563741,0.6213725648694528,0.6131569538791563,0.6118780932534514,0.6159931840311588,0.6197150866754391,0.6238025653515181,0.585020893603343,0.5953399269357569,0.6049318624269955,0.6140417297661114,0.6225642705092517,0.6225642705092517,0.6225642705092517,0.6225642705092517]},"ART50PlusPercentTotal":{"startYear":1995,"endYear":2025,"values":[0.0,0.2811333608407814,0.2979382217623506,0.3186529257857993,0.337930460434273,0.3611972453852757,0.3829548845001464,0.403133723930418,0.428757225433526,0.45359138612511923,0.47464630023788656,0.4918585064570466,0.5127408328154133,0.5403955082977243,0.5660145543899442,0.5698418041063615,0.585684144721419,0.5987569559875695,0.5889765784114053,0.5882830155878774,0.5907009320618501,0.5934897804693414,0.5977208792256711,0.5688114939689597,0.5793695131683958,0.5893195988072648,0.5987433688250122,0.6077204537138675,0.6077204537138675,0.6077204537138675,0.6077204537138675]},"HIV_15":{"startYear":1970,"endYear":2025,"values":[0.0,0.0,0.0,0.0,0.0,0.0,0.0038678123396912747,0.0033723363682650557,0.003717758820333983,0.0030959715057274364,0.003448275862068966,0.003333333333333333,0.0029411764705882353,0.0028059236165237727,0.0026133743274404306,0.0022509578544061305,0.0018623625399077687,0.0015206901593800264,0.0012223455095213586,0.0009927080713779248,0.0008273925544997206,0.0007144913979658081,0.00063950262821877,0.0005852331956797967,0.0005592367212417606,0.0005372877713303245,0.0005662522737944037,0.0006074172534221962,0.0006074172534221962,0.0006074172534221962,0.0006074172534221962,0.0007802340702210663,0.0008032715057689499,0.0007799205899035735,0.0007894736842105262,0.000801658604008293,0.0008293505763283666,0.0008266778758582037,0.000837951074469523,0.0008057059833575485,0.0008360039013515396,0.000829000983560489,0.0008453933228256198,0.0008692852543464263,0.000910052527549414,0.0009297136481963555,0.0009448818897637795,0.0009268795056642636,0.0014084507042253522,0.0014638906961613532,0.0014533965244865718,0.0014175654853620953,0.001443609022556391,0.001443609022556391,0.001443609022556391,0.001443609022556391]},"HIV_15_ART":{"startYear":1995,"endYear":2025,"values":[0.0,6.88975989689883e-5,5.7800629756377657e-5,5.0463727718155214e-5,5.115591573074137e-5,5.484175829756244e-5,5.56947925368978e-5,5.107252298263534e-5,0.00010118897040222617,9.977550511349464e-5,0.00011916110581506196,0.00013259668508287293,0.00017006802721088437,0.000172972972972973,0.00021777003484320557,0.0002151799687010955,0.00020746887966804981,0.00019812680115273776,0.0002322700526478786,0.00022480361717100634,0.00022377254179281294,0.00021104903786468032,0.00021334597605784047,0.00019094901661256445,0.00016127502134522342,0.00015087223008015087,0.00015939990623534928,0.00015856729782669527,0.00015856729782669527,0.00015856729782669527,0.00015856729782669527]},"HIV_50":{"startYear":1970,"endYear":2025,"values":[0.0,0.0,0.0,0.0,0.0,0.0,0.01408676491162617,0.014286862030313178,0.016049871197096326,0.015300636078043037,0.013793103448275864,0.012777777777777777,0.012745098039215686,0.012470771628994544,0.01264411990776326,0.013122605363984673,0.013852429939694925,0.014841351074718526,0.016031909418425114,0.01741904987000709,0.01898267188373393,0.02072062324172257,0.022579272185571396,0.024428208386277,0.026164150542207103,0.02768106597893832,0.027969379032199933,0.027564254038103503,0.027564254038103503,0.027564254038103503,0.027564254038103503,0.027308192457737326,0.027574120052577773,0.028630175836642083,0.029570637119113573,0.02991015894955079,0.02954737138037672,0.02955023118957545,0.03030139208001081,0.030735702020869105,0.03024940783056988,0.02975973022340874,0.028886659979939822,0.02799420476497102,0.02716459681651217,0.027036072889550015,0.026830708661417315,0.02644696189495365,0.022635814889336015,0.021958360442420298,0.021358609794628725,0.02092449922958397,0.020631578947368428,0.020631578947368428,0.020631578947368428,0.020631578947368428]},"HIV_50_ART":{"startYear":1995,"endYear":2025,"values":[0.0,0.05031237948002923,0.05227629310638628,0.054551939392130065,0.05657512005169844,0.05930553336449327,0.06198830409356725,0.06442798774259449,0.0678725018972932,0.07131454227987029,0.07435653002859867,0.07697237569060773,0.08048469387755103,0.08557837837837838,0.09033101045296167,0.08892801251956182,0.09047529234251225,0.09106628242074928,0.08463920718488696,0.0811118930330753,0.07837304199025931,0.07605214152700186,0.0743866303188337,0.06640252052701928,0.0665876102836543,0.06668552569542668,0.06682606657290202,0.06693405465908031,0.06693405465908031,0.06693405465908031,0.06693405465908031]},"PercPregAccessAntenatalCare":{"value":96.1,"year":"2010"},"MortalityByAge":[{"year":1990,"cause":"tot","sex":1,"values":[0.0,1382.0,146.0,128.0,647.0,936.0,987.0,959.0,970.0,1337.0,1577.0,2222.0,3445.0,5817.0,8124.0,8896.0,10359.0,16110.0]},{"year":1990,"cause":"tot","sex":2,"values":[0.0,1051.0,85.0,92.0,269.0,297.0,325.0,392.0,485.0,685.0,879.0,1296.0,1760.0,2974.0,4656.0,6149.0,8582.0,24878.0]},{"year":1990,"cause":"HIV","sex":1,"values":[0.0,1.0,0.0,2.0,1.0,4.0,48.0,76.0,50.0,64.0,41.0,32.0,21.0,6.0,0.0,0.0,0.0,0.0]},{"year":1990,"cause":"HIV","sex":2,"values":[0.0,0.0,0.0,0.0,1.0,0.0,3.0,2.0,0.0,2.0,0.0,1.0,0.0,0.0,0.0,0.0,0.0,0.0]},{"year":1991,"cause":"tot","sex":1,"values":[0.0,1221.0,136.0,133.0,597.0,854.0,843.0,950.0,1053.0,1282.0,1627.0,2239.0,3230.0,5589.0,7919.0,8914.0,10419.0,16607.0]},{"year":1991,"cause":"tot","sex":2,"values":[0.0,907.0,86.0,93.0,217.0,299.0,360.0,367.0,514.0,716.0,935.0,1269.0,1741.0,2927.0,4547.0,6106.0,8536.0,25275.0]},{"year":1991,"cause":"HIV","sex":1,"values":[0.0,1.0,0.0,0.0,0.0,8.0,50.0,65.0,86.0,81.0,57.0,28.0,17.0,6.0,1.0,0.0,0.0,0.0]},{"year":1991,"cause":"HIV","sex":2,"values":[0.0,1.0,0.0,0.0,0.0,0.0,1.0,3.0,1.0,2.0,1.0,1.0,0.0,0.0,2.0,1.0,0.0,0.0]},{"year":1992,"cause":"tot","sex":1,"values":[0.0,1271.0,118.0,132.0,537.0,873.0,870.0,958.0,983.0,1296.0,1659.0,2253.0,3218.0,5482.0,8070.0,9511.0,10612.0,17837.0]},{"year":1992,"cause":"tot","sex":2,"values":[0.0,910.0,102.0,81.0,218.0,309.0,282.0,392.0,485.0,711.0,975.0,1308.0,1797.0,2832.0,4437.0,6322.0,8678.0,27379.0]},{"year":1992,"cause":"HIV","sex":1,"values":[0.0,1.0,2.0,0.0,1.0,5.0,48.0,93.0,74.0,83.0,69.0,26.0,28.0,10.0,4.0,5.0,1.0,0.0]},{"year":1992,"cause":"HIV","sex":2,"values":[0.0,1.0,1.0,0.0,0.0,1.0,3.0,1.0,1.0,1.0,0.0,1.0,1.0,3.0,1.0,0.0,0.0,0.0]},{"year":1993,"cause":"tot","sex":1,"values":[0.0,1124.0,113.0,131.0,523.0,831.0,815.0,977.0,1035.0,1232.0,1704.0,2185.0,3169.0,5024.0,7778.0,9456.0,10211.0,18307.0]},{"year":1993,"cause":"tot","sex":2,"values":[0.0,813.0,79.0,100.0,211.0,266.0,252.0,388.0,552.0,690.0,981.0,1199.0,1750.0,2691.0,4306.0,6280.0,8297.0,27308.0]},{"year":1993,"cause":"HIV","sex":1,"values":[0.0,2.0,2.0,1.0,0.0,10.0,51.0,110.0,113.0,105.0,73.0,38.0,27.0,12.0,5.0,1.0,0.0,1.0]},{"year":1993,"cause":"HIV","sex":2,