{"countryCode":31,"subnatCode":0,"Regions":{"region":"Eastern Europe"},"ART50PlusPercentFemales":{"startYear":1995,"endYear":2025,"values":[0.0,0.0,0.0,0.0,0.0,0.0,0.0,0.0,0.0,0.0,0.0,0.11435261435261436,0.12134012404102286,0.1210454554885854,0.138395585930844,0.14951273708442991,0.13191320465795828,0.1327953606811302,0.13502246562192163,0.1423194045918223,0.15131910020828618,0.15482473243192096,0.15266825266538508,0.155785263836794,0.1755613073697304,0.19630311190581584,0.2193887861315942,0.2193887861315942,0.2193887861315942,0.2193887861315942,0.2193887861315942]},"ART50PlusPercentMales":{"startYear":1995,"endYear":2025,"values":[0.0,0.0,0.0,0.0,0.0,0.0,0.0,0.0,0.0,0.0,0.0,0.19836690081654956,0.2051740456466175,0.2272742199763493,0.23467726913488487,0.24761056522895114,0.21376806870321632,0.21394546386911714,0.22347757999282092,0.24040510403363005,0.25532084991434395,0.26096866096866095,0.253683241252302,0.2527062336692796,0.28056206088992974,0.31060171919770774,0.3391730903994394,0.3391730903994394,0.3391730903994394,0.3391730903994394,0.3391730903994394]},"ART50PlusPercentTotal":{"startYear":1995,"endYear":2025,"values":[0.0,0.0,0.0,0.0,0.0,0.0,0.0,0.0,0.0,0.0,0.0,0.15635978908994727,0.19001053333494217,0.19624445342035446,0.2076380648433093,0.2234395103910864,0.19478648673191304,0.19537751738203923,0.20268459031707636,0.2140410344808824,0.22395154839922882,0.2277506804833952,0.22165911411585135,0.2219396401774361,0.2468054430328616,0.2733528471277819,0.29971991885120625,0.29971991885120625,0.29971991885120625,0.29971991885120625,0.29971991885120625]},"HIV_15":{"startYear":1970,"endYear":2025,"values":[0.0,0.0,0.0,0.0,0.0,0.0,0.0,0.0,0.0,0.0,0.0,0.0,0.007467331232890863,0.0060090097562492855,0.0047993508679010964,0.004412463936092624,0.005503189231924044,0.005106179602572769,0.003848533225092732,0.003916417165817067,0.0030303030303030303,0.002272727272727273,0.0032801557377049174,0.0033728370786516855,0.0030324151515151512,0.0029727301980198018,0.0032408773462783173,0.0032408773462783173,0.0032408773462783173,0.0032408773462783173,0.0032408773462783173,0.0029814557434402335,0.0028048468024632874,0.002646608895093738,0.0024735899101589495,0.0023223964536838886,0.002231366523593685,0.0020808943824120007,0.001992692655034491,0.001943793422799195,0.001858077460305612,0.0017898475444992493,0.0017331022530329288,0.0016836508639787328,0.0015841584158415843,0.0014925373134328358,0.0014509181591475856,0.0014213442543965311,0.0013845350052246602,0.0012905911740216487,0.0012495537308104248,0.0012166218991941855,0.0012166218991941855,0.0012166218991941855,0.0012166218991941855,0.0012166218991941855]},"HIV_15_ART":{"startYear":1995,"endYear":2025,"values":[0.0,0.0,0.0,0.0,0.0,0.0,0.0,0.0,0.0,0.0,0.0,0.00028901545682992745,0.0001915972004341865,0.00014704552668060616,0.00021729208131416689,0.0002546759295126624,0.0005859948675496689,0.0006787330316742081,0.0007525083612040134,0.0008727272727272727,0.0010759493670886076,0.0011161846778285135,0.0012111425111021397,0.0012778505897771953,0.0016033755274261602,0.002179691653375864,0.0030160857908847183,0.0030160857908847183,0.0030160857908847183,0.0030160857908847183,0.0030160857908847183]},"HIV_50":{"startYear":1970,"endYear":2025,"values":[0.0,0.0,0.0,0.0,0.0,0.0,0.0,0.0,0.0,0.0,0.0,0.0,0.012954651102732296,0.013915485583353204,0.014682439254750433,0.01445105348746958,0.013707889586505186,0.01288566552246707,0.010222165041547599,0.009150817412779327,0.012121212121212121,0.009090909090909092,0.00819672131147541,0.007865168539325841,0.007575757575757576,0.007425742574257425,0.0074433656957928794,0.0074433656957928794,0.0074433656957928794,0.0074433656957928794,0.0074433656957928794,0.011370262390670554,0.01250592136428233,0.013721579577183885,0.014996544574982722,0.016264139406909205,0.017492834577443342,0.018593199821549784,0.01951588632796912,0.020482417358756902,0.02116809889642587,0.022024447780398883,0.0225736568457539,0.02286220646876385,0.02336633663366337,0.023748902546093065,0.023622761278621632,0.02428330522765599,0.024555903866248695,0.024250624479600334,0.02390217779364513,0.023779428029704536,0.023779428029704536,0.023779428029704536,0.023779428029704536,0.023779428029704536]},"HIV_50_ART":{"startYear":1995,"endYear":2025,"values":[0.0,0.0,0.0,0.0,0.0,0.0,0.0,0.0,0.0,0.0,0.0,0.031874555497605615,0.03742815104983718,0.039596861256661134,0.040019177768577226,0.04203988864748841,0.03493377483443709,0.0333710407239819,0.033528428093645486,0.034254545454545454,0.03462025316455696,0.03429731100963977,0.0320952765442067,0.03096330275229358,0.03358649789029536,0.03636363636363637,0.03947721179624665,0.03947721179624665,0.03947721179624665,0.03947721179624665,0.03947721179624665]},"PercPregAccessAntenatalCare":{"value":76.6,"year":"2006"},"MortalityByAge":[{"year":1990,"cause":"tot","sex":1,"values":[0.0,4109.0,223.0,148.0,280.0,425.0,573.0,659.0,641.0,713.0,748.0,1879.0,2396.0,2790.0,1731.0,1150.0,1611.0,2918.0]},{"year":1990,"cause":"tot","sex":2,"values":[0.0,3294.0,170.0,92.0,127.0,188.0,298.0,299.0,272.0,288.0,320.0,969.0,1183.0,1581.0,1510.0,1551.0,2360.0,5316.0]},{"year":1991,"cause":"tot","sex":1,"values":[0.0,4196.0,311.0,172.0,294.0,387.0,585.0,739.0,717.0,796.0,718.0,1961.0,2542.0,3000.0,2005.0,1342.0,1539.0,2894.0]},{"year":1991,"cause":"tot","sex":2,"values":[0.0,3445.0,202.0,100.0,129.0,234.0,283.0,338.0,296.0,287.0,268.0,941.0,1311.0,1725.0,1554.0,1597.0,2253.0,5496.0]},{"year":1992,"cause":"tot","sex":1,"values":[0.0,4177.0,268.0,258.0,1012.0,1502.0,1178.0,1273.0,1029.0,920.0,720.0,1773.0,2795.0,3338.0,2283.0,1490.0,1451.0,3129.0]},{"year":1992,"cause":"tot","sex":2,"values":[0.0,3386.0,187.0,144.0,179.0,289.0,371.0,479.0,377.0,374.0,280.0,876.0,1508.0,2057.0,1919.0,1772.0,2209.0,6246.0]},{"year":1993,"cause":"tot","sex":1,"values":[0.0,4271.0,308.0,233.0,983.0,1384.0,1004.0,1035.0,947.0,915.0,786.0,1659.0,2975.0,3568.0,2951.0,1610.0,1328.0,3384.0]},{"year":1993,"cause":"tot","sex":2,"values":[0.0,3474.0,213.0,143.0,191.0,297.0,335.0,450.0,378.0,379.0,304.0,817.0,1617.0,2097.0,2192.0,1928.0,2108.0,6542.0]},{"year":1994,"cause":"tot","sex":1,"values":[0.0,3968.0,333.0,250.0,1356.0,1859.0,1399.0,1387.0,1144.0,1101.0,927.0,1424.0,2970.0,3495.0,3242.0,1832.0,1265.0,3268.0]},{"year":1994,"cause":"tot","sex":2,"values":[0.0,3256.0,221.0,171.0,190.0,319.0,407.0,405.0,448.0,414.0,412.0,682.0,1664.0,2131.0,2374.0,2046.0,2009.0,6548.0]},{"year":1995,"cause":"tot","sex":1,"values":[0.0,3450.0,310.0,242.0,467.0,574.0,693.0,926.0,1036.0,1032.0,1081.0,1210.0,2903.0,3409.0,3683.0,2022.0,1289.0,3081.0]},{"year":1995,"cause":"tot","sex":2,"values":[0.0,2747.0,243.0,186.0,193.0,282.0,350.0,439.0,457.0,437.0,436.0,532.0,1566.0,2039.0,2631.0,2157.0,2049.0,6671.0]},{"year":1996,"cause":"tot","sex":1,"values":[0.0,2787.0,296.0,202.0,378.0,558.0,591.0,853.0,1061.0,1093.0,1225.0,992.0,2614.0,3396.0,3794.0,2210.0,1175.0,2792.0]},{"year":1996,"cause":"tot","sex":2,"values":[0.0,2294.0,211.0,116.0,156.0,223.0,306.0,435.0,481.0,416.0,461.0,469.0,1488.0,2054.0,2611.0,2278.0,2064.0,6157.0]},{"year":1997,"cause":"tot","sex":1,"values":[0.0,2778.0,314.0,204.0,326.0,576.0,552.0,780.0,936.0,1074.0,1131.0,927.0,2343.0,3438.0,3729.0,2496.0,1301.0,2389.0]},{"year":1997,"cause":"tot","sex":2,"values":[0.0,2175.0,234.0,113.0,165.0,228.0,311.0,364.0,445.0,459.0,518.0,405.0,1333.0,2091.0,2637.0,2416.0,2013.0,5740.0]},{"year":1998,"cause":"tot","sex":1,"values":[0.0,2339.0,298.0,203.0,347.0,508.0,491.0,713.0,947.0,983.0,1208.0,981.0,1923.0,3449.0,3835.0,2856.0,1279.0,2319.0]},{"year":1998,"cause":"tot","sex":2,"values":[0.0,1772.0,233.0,136.0,166.0,205.0,289.0,376.0,446.0,502.0,524.0,460.0,1136.0,2187.0,2877.0,2625.0,2127.0,5559.0]},{"year":1999,"cause":"tot","sex":1,"values":[0.0,2064.0,304.0,191.0,345.0,469.0,490.0,651.0,915.0,1091.0,1157.0,1064.0,1684.0,3316.0,3813.0,3168.0,1517.0,2080.0]},{"year":1999,"cause":"tot","sex":2,