{"ART50PlusPercentFemales":{"startYear":1995,"endYear":2025,"values":[0.0,0.0,0.0,0.0,0.0,0.0,0.0,0.0,0.0,0.0,0.0,0.0,0.0,0.17073170731707318,0.16601307189542483,0.16683621566632756,0.17110573042776434,0.17829993089149965,0.18877551020408162,0.2035456336178595,0.21496512365250475,0.22448979591836735,0.23566155593412833,0.17203177257525085,0.17461218312523646,0.1781786941580756,0.18823529411764706,0.2,0.2,0.2,0.2]},"ART50PlusPercentMales":{"startYear":1995,"endYear":2025,"values":[0.0,0.0,0.0,0.0,0.0,0.0,0.0,0.0,0.0,0.0,0.0,0.0,0.0,0.14770403551962516,0.14915160130122973,0.15497929583752987,0.1640972823718695,0.17938547771151586,0.1942061194333612,0.21436950820518821,0.22828634942359632,0.24019607843137256,0.2535885167464115,0.15908357534688608,0.16203568294823048,0.16555939410045176,0.17685305591677503,0.19061129739489296,0.19061129739489296,0.19061129739489296,0.19061129739489296]},"ART50PlusPercentTotal":{"startYear":1995,"endYear":2025,"values":[0.0,0.0,0.0,0.0,0.0,0.0,0.0,0.0,0.0,0.0,0.0,0.0,0.0,0.16293445809713655,0.1604429994778921,0.16312747549721418,0.16884861596808323,0.1787339895929555,0.19052601851528897,0.20710559924734823,0.21906628614117898,0.22964426877470356,0.24143242202541393,0.16692034500253677,0.1697115937033207,0.17318727177882107,0.18376722817764166,0.19629292008508054,0.19629292008508054,0.19629292008508054,0.19629292008508054]},"HIV_15":{"startYear":1970,"endYear":2025,"values":[0.0,0.0,0.0,0.0,0.0,0.0,0.0,0.0,0.0,0.0,0.0,0.0,0.0,0.0,0.0,0.0,0.01627906976744186,0.01588785046728972,0.015021459227467811,0.014712153518123668,0.014504716981132076,0.013936781609195401,0.013221153846153846,0.012430939226519336,0.011336180026990553,0.01026488434936821,0.009225809975252236,0.008135361476670655,0.008135361476670655,0.008135361476670655,0.008135361476670655,0.005460017196904557,0.00549124788255223,0.005787198438153674,0.006200800994337798,0.006654774972557629,0.0071487039563437925,0.007599566513140071,0.008136892928145414,0.0084375,0.008453022142429684,0.008529367127029898,0.008619374523264684,0.008678560628968855,0.008646122389367607,0.008638211382113821,0.008684827182190978,0.008603872470519726,0.01452145214521452,0.014065934065934062,0.01543264942016057,0.014667988107036675,0.01383399209486166,0.01383399209486166,0.01383399209486166,0.01383399209486166]},"HIV_15_ART":{"startYear":1995,"endYear":2025,"values":[0.0,0.0,0.0,0.0,0.0,0.0,0.0,0.0,0.0,0.0,0.0,0.0,0.0,0.0034398034398034397,0.0035864978902953584,0.003874690849134378,0.004081632653061225,0.003990877993158495,0.0037373198077949813,0.003490990990990991,0.0036853685368536853,0.0038481272447408927,0.0040609137055837565,0.004887332521315469,0.005355660116246887,0.005514195583596215,0.005490931832395247,0.005532451165721487,0.005532451165721487,0.005532451165721487,0.005532451165721487]},"HIV_50":{"startYear":1970,"endYear":2025,"values":[0.0,0.0,0.0,0.0,0.0,0.0,0.0,0.0,0.0,0.0,0.0,0.0,0.0,0.0,0.0,0.0,0.0069767441860465115,0.006542056074766355,0.006866952789699571,0.0070362473347547975,0.007193396226415094,0.007327586206896552,0.0075,0.007596685082872928,0.007746288798920377,0.007891819995566393,0.008033504664001524,0.008186634763288327,0.008186634763288327,0.008186634763288327,0.008186634763288327,0.008928059615935797,0.009133258046301525,0.00935713289638823,0.009625742300787185,0.009920417124039517,0.01024556616643929,0.01060688160390138,0.010508378301618859,0.010550595238095239,0.0111310592459605,0.011595082713613597,0.012036613272311213,0.012503779860901117,0.013100628012268144,0.013429152148664344,0.01363503222026948,0.014092298733440095,0.010272277227722774,0.010164835164835165,0.009812667261373774,0.009712586719524265,0.009486166007905132,0.009486166007905132,0.009486166007905132,0.009486166007905132]},"HIV_50_ART":{"startYear":1995,"endYear":2025,"values":[0.0,0.0,0.0,0.0,0.0,0.0,0.0,0.0,0.0,0.0,0.0,0.0,0.0,0.02063882063882064,0.0209915611814346,0.021599340478153338,0.0228439763001975,0.024458380843785633,0.026374799786438866,0.028997747747747746,0.030803080308030802,0.03242688558234993,0.03401015228426396,0.022518270401948842,0.022848048712980903,0.02319242902208202,0.024490306441525955,0.026074354127284184,0.026074354127284184,0.026074354127284184,0.026074354127284184]},"SexualActivity15-19":{"SexAct_F_15_19":42.9,"Source":"2017 DHS"}}