{"countryCode":204,"subnatCode":12,"ART50PlusPercentFemales":{"startYear":1995,"endYear":2025,"values":[0.0,0.0,0.0,0.0,0.0,0.0,0.0,0.0,0.0,0.0,0.0,0.0,0.0,0.17361003779597792,0.1727447216890595,0.17339312406576982,0.17654028436018956,0.18089430894308944,0.1880261927034612,0.1998114985862394,0.19213973799126638,0.19101762364980102,0.19135802469135801,0.1580909768829232,0.16041572525982828,0.1634793337446021,0.17348377997179126,0.1857628474305139,0.1857628474305139,0.1857628474305139,0.1857628474305139]},"ART50PlusPercentMales":{"startYear":1995,"endYear":2025,"values":[0.0,0.0,0.0,0.0,0.0,0.0,0.0,0.0,0.0,0.0,0.0,0.0,0.0,0.1597927208642372,0.16420868235091002,0.1700830958195839,0.17748939737099653,0.1877175063272607,0.19477509231234316,0.21232279349133723,0.20679360942481853,0.20897435897435898,0.21138211382113822,0.160873440285205,0.1653127538586515,0.16863905325443787,0.18047016274864375,0.19382627422828427,0.19382627422828427,0.19382627422828427,0.19382627422828427]},"ART50PlusPercentTotal":{"startYear":1995,"endYear":2025,"values":[0.0,0.0,0.0,0.0,0.0,0.0,0.0,0.0,0.0,0.0,0.0,0.0,0.0,0.16985485670804054,0.17034980526511886,0.17220110662766897,0.1769772160138569,0.18234188628423298,0.1900893182229815,0.20338509427739723,0.1967389068901337,0.19653406853091768,0.19764537995005352,0.15906190172303766,0.16214254608796633,0.16530126849894292,0.17598343685300208,0.1886719753403545,0.1886719753403545,0.1886719753403545,0.1886719753403545]},"HIV_15":{"startYear":1970,"endYear":2025,"values":[0.0,0.0,0.0,0.0,0.0,0.0,0.0,0.0,0.0,0.0,0.0,0.0,0.0,0.0,0.0,0.0,0.016129032258064516,0.013333333333333334,0.013333333333333332,0.012790697674418606,0.012727272727272728,0.012765957446808512,0.01263823064770932,0.012334801762114536,0.012078984235294117,0.011696189528795812,0.011241416288384513,0.010696692470091484,0.010696692470091484,0.010696692470091484,0.010696692470091484,0.00836930005629574,0.007779495105615661,0.007294004488618147,0.006899709967943826,0.006598457888493475,0.006456324861232837,0.006502764038405586,0.006906997879430476,0.007249602543720191,0.007688556566970091,0.008330539725108952,0.009069048436963243,0.009827496079456353,0.010518982932776037,0.011434433874277186,0.012421606311956303,0.01293085439732609,0.02147470398277718,0.01922246220302376,0.020543093270366006,0.018552631578947362,0.01657963446475195,0.01657963446475195,0.01657963446475195,0.01657963446475195]},"HIV_15_ART":{"startYear":1995,"endYear":2025,"values":[0.0,0.0,0.0,0.0,0.0,0.0,0.0,0.0,0.0,0.0,0.0,0.0,0.0,0.0018726591760299626,0.002247191011235955,0.0025031289111389237,0.0027944111776447103,0.003006872852233677,0.0030473135525260625,0.0029484029484029483,0.0038944723618090453,0.004411764705882353,0.004846598488216986,0.006621134509580725,0.008264033264033264,0.00894411904384993,0.009422110552763818,0.009830615798638594,0.009830615798638594,0.009830615798638594,0.009830615798638594]},"HIV_50":{"startYear":1970,"endYear":2025,"values":[0.0,0.0,0.0,0.0,0.0,0.0,0.0,0.0,0.0,0.0,0.0,0.0,0.0,0.0,0.0,0.0,0.006136158064516129,0.008333333333333333,0.007619047619047619,0.007558139534883721,0.0076363636363636364,0.008037825059101654,0.007898894154818325,0.007929515418502203,0.008,0.007969749854566608,0.00801068090787717,0.008022519352568614,0.008022519352568614,0.008022519352568614,0.008022519352568614,0.008519422030399699,0.008792718529967372,0.009089451747354921,0.009403144558082735,0.009712336892052194,0.009991235758106924,0.010256037241780622,0.010193880642229628,0.010286168521462639,0.010760728218465538,0.011263828360710694,0.011731363792511166,0.012179822268687926,0.01264367816091954,0.012740160417832493,0.012846449524580214,0.013599331522874453,0.010871905274488699,0.011015118790496768,0.010743801652892555,0.010921052631578962,0.010443864229765013,0.010443864229765013,0.010443864229765013,0.010443864229765013]},"HIV_50_ART":{"startYear":1995,"endYear":2025,"values":[0.0,0.0,0.0,0.0,0.0,0.0,0.0,0.0,0.0,0.0,0.0,0.0,0.0,0.020224719101123598,0.020385232744783304,0.020525657071339173,0.021457085828343315,0.022422680412371134,0.023736968724939855,0.02547092547092547,0.024811557788944723,0.02514705882352941,0.025700311249444194,0.021096566116486436,0.021846846846846846,0.02263732784549628,0.024214824120603013,0.026183314864650944,0.026183314864650944,0.026183314864650944,0.026183314864650944]},"SexualActivity15-19":{"SexAct_F_15_19":42.9,"Source":"2017 DHS"},"Meningitis":[{"CrAGPlus":0.017,"EconCat":"Lower middle income","InCare":0.4,"NotInCare":0.6}]}