{"countryCode":854,"subnatCode":0,"Regions":{"region":"West Africa"},"ART50PlusPercentFemales":{"startYear":1995,"endYear":2025,"values":[0.0,0.0,0.0,0.0,0.0,0.0,0.0,0.0,0.12174116570416818,0.1219195849546044,0.12394957983193278,0.1265383948691281,0.13127314519218491,0.13667493796526053,0.13861159795778405,0.1426445973591222,0.1439211917347429,0.14733920598527814,0.15485564304461943,0.16301023800026593,0.17133168743865076,0.18056186683061132,0.19018960244648317,0.18664692639990266,0.20107830654146108,0.21616430839180026,0.23326430686458555,0.25071797817346353,0.25071797817346353,0.25071797817346353,0.25071797817346353]},"ART50PlusPercentMales":{"startYear":1995,"endYear":2025,"values":[0.0,0.0,0.0,0.0,0.0,0.0,0.0,0.0,0.20123839009287925,0.20104895104895104,0.20170801138674258,0.20400471142520613,0.20880459370106141,0.2151950162513543,0.2169731557810188,0.2214484679665738,0.2259417304296645,0.2427906976744186,0.2617727385583051,0.2778593571545113,0.2875682052794573,0.29830804350745266,0.31080314960629923,0.28545812376995405,0.2845522096206492,0.28268314210061785,0.2813787332646756,0.2791392884626768,0.2791392884626768,0.2791392884626768,0.2791392884626768]},"ART50PlusPercentTotal":{"startYear":1995,"endYear":2025,"values":[0.0,0.0,0.0,0.0,0.0,0.0,0.0,0.0,0.15592723202289646,0.15556382582806103,0.15702193815857662,0.15937687237866988,0.16408896744734128,0.16988372759035456,0.171448813319164,0.175429067999131,0.17632183239833735,0.1799523305084746,0.18786732764348138,0.19625439860189406,0.20473041709053916,0.21409043112513143,0.22393346138257944,0.21794854031285937,0.2292243584671783,0.2399057364653695,0.25133547654153876,0.2618815104166667,0.2618815104166667,0.2618815104166667,0.2618815104166667]},"HIV_15":{"startYear":1970,"endYear":2025,"values":[0.0,0.0,0.0,0.0,0.0,0.0,0.025045045045045046,0.02255083179297597,0.021219512195121953,0.02035135135135135,0.01987031032885595,0.019561226363135672,0.019662346521145974,0.019630484988452657,0.019258803999896375,0.018636031792996874,0.017479933934107964,0.016290078115891338,0.015106626382329647,0.013999269322594075,0.013063534695983368,0.011905510051602182,0.010860177596077374,0.009847303072962246,0.008977874727329386,0.008334990059642146,0.007778408732412139,0.007348917207411461,0.007348917207411461,0.007348917207411461,0.007348917207411461,0.008337696335078535,0.009300993797575416,0.010534171474496971,0.011950060697392104,0.01341647901149027,0.014965960278460278,0.01644515948517068,0.01793571516117171,0.019447273714945337,0.020908289407041963,0.02263730614343244,0.023590857618266278,0.02388823487014391,0.02449075036374974,0.02530253987694282,0.026249377386684373,0.027181409295352323,0.03723335020608865,0.03908633997486986,0.04106612845779413,0.044265771337692175,0.0553116147308782,0.0553116147308782,0.0553116147308782,0.0553116147308782]},"HIV_15_ART":{"startYear":1995,"endYear":2025,"values":[0.0,0.0,0.0,0.0,0.0,0.0,0.0,0.0,0.004395604395604396,0.006126046716615249,0.007459016393442623,0.007911617961511047,0.008061674008810573,0.008203960532670945,0.008374305258657545,0.008299301804768806,0.008271870699086002,0.007915388341676086,0.0074822226417469015,0.007334058120059941,0.007528515083679778,0.007762668158707763,0.007949410776322064,0.009347483301738038,0.009613180270654052,0.009964353809168531,0.010315436024924934,0.010628445424476295,0.010628445424476295,0.010628445424476295,0.010628445424476295]},"HIV_50":{"startYear":1970,"endYear":2025,"values":[0.0,0.0,0.0,0.0,0.0,0.0,0.010630630630630631,0.010813308687615526,0.01078048780487805,0.010675675675675676,0.010545005403736298,0.010418579034330824,0.010180763983628922,0.009949340683900769,0.009758814538483459,0.009605744223738269,0.009507113673901075,0.00944619330768334,0.009416952665904003,0.009403648289280283,0.009391359766923112,0.009391736668272688,0.009394451272815706,0.009412294385470964,0.009435338111561234,0.009463220675944335,0.00952047447788504,0.009612227347353609,0.009612227347353609,0.009612227347353609,0.009612227347353609,0.010367310209424083,0.01068861009303637,0.011021173588985524,0.011371342458872283,0.011744327039667418,0.012126330876330875,0.012634303301622832,0.013109756097560975,0.013629727711006996,0.01411956705246769,0.014647416673806871,0.015597051142797717,0.016493284962640846,0.016745479110372063,0.016481497681742632,0.016274281919309318,0.016041979010494752,0.014469592884518052,0.013426673846706169,0.012323400213700604,0.011168050892383862,0.009667138810198204,0.009667138810198204,0.009667138810198204,0.009667138810198204]},"HIV_50_ART":{"startYear":1995,"endYear":2025,"values":[0.0,0.0,0.0,0.0,0.0,0.0,0.0,0.0,0.018210361067503924,0.01859850154252975,0.01915983606557377,0.019862200047517223,0.02082819383259912,0.022121023942592976,0.022969217614365114,0.024327053967417557,0.025450824011010342,0.026849668981107702,0.028764709584041284,0.030605588693327062,0.03214742564758554,0.033694991120733694,0.03512408891714539,0.033029782258207394,0.034127730919915826,0.03485368482135455,0.03512898330804249,0.03504961411245866,0.03504961411245866,0.03504961411245866,0.03504961411245866]},"PercPregAccessAntenatalCare":{"value":94.9,"year":"2010"},"DHSPrevalenceByAge":[{"surveyYear":2003,"surveyName":"2003 DHS","values":[[[0.0,0.0,0.0,0.0,0.0,0.0,0.0,0.0,0.0,0.0,0.0,0.0,0.0],[0.0,0.0,0.0,0.0,0.0,0.0,0.0,0.0,0.0,0.0,0.0,0.0,0.0],[0.0,0.0,0.0,0.0,0.0,0.0,0.0,0.0,0.0,0.0,0.0,0.0,0.0],[0.0,0.0,0.0,0.0,0.0,0.0,0.0,0.0,0.0,0.0,0.0,0.0,0.0],[0.0,0.0,0.0,0.0,0.0,0.0,0.0,0.0,0.0,0.0,0.0,0.0,0.0]],[[0.0,0.0,0.0,0.0,0.0,0.0,0.0,0.0,0.0,0.0,0.0,0.0,0.0],[0.0,-1.0,-1.0,-1.0,0.00704281749045938,0.00610342944417891,0.027975425322505,0.0377268006350855,0.0296570090824084,0.0205849506849014,0.0213193057860333,0.0277524196587076,0.0256856291490939],[0.0,-1.0,-1.0,-1.0,0.00241777410724553,0.00179523715001088,0.014536478198683,0.018067817253705,0.0136959063443864,0.00868263778897058,0.0081868984006571,0.00940975899543229,0.00743559556174676],[0.0,-1.0,-1.0,-1.0,0.0203349184022009,0.0205376630601985,0.0531683316707965,0.0770965997810078,0.0630303523165265,0.0480129283743572,0.0543624740089203,0.0789993382257145,0.0848974957395125],[0.0,-1.0,-1.0,-1.0,480.300107286059,424.090038863893,319.548568432533,187.03485661269,216.970921247391,252.352286669686,198.601429481681,119.679060176268,99.0722094081603]],[[0.0,0.0,0.0,0.0,0.0,0.0,0.0,0.0,0.0,0.0,0.0,0.0,0.0],[0.0,-1.0,-1.0,-1.0,0.00892781215282504,0.0179940666917653,0.0248071823935177,0.0243351871375703,0.0360838686276788,0.0072717647855011,0.00893985321937731,-1.0,-1.0],[0.0,-1.0,-1.0,-1.0,0.00423174703086057,0.00942929753560673,0.0144535112628927,0.0130216276582931,0.0200445221281521,0.00287578886631027,0.00391329579512411,-1.0,-1.0],[0.0,-1.0,-1.0,-1.0,0.0187371462470032,0.0340707644502717,0.0422596062289052,0.0450298257666312,0.0641179246434651,0.0182644119784618,0.0202914058191283,-1.0,-1.0],[0.0,-1.0,-1.0,-1.0,775.031008429116,510.851521447847,527.697059916366,402.716301524475,305.283577443916,619.269340702896,635.187720575659,-1.0,-1.0]]]},{"surveyYear":2010,"surveyName":"2010 DHS",