{"countryCode":50,"subnatCode":0,"Regions":{"region":"Asia"},"ART50PlusPercentFemales":{"startYear":1995,"endYear":2025,"values":[0.0,0.0,0.0,0.0,0.0,0.0,0.0,0.0,0.0,0.0,0.050201737449565624,0.04948578816300119,0.0576835280908654,0.06119323198070784,0.0694684223362939,0.06780275601751867,0.07491039887307684,0.0834176555880687,0.08945435606520333,0.09734472725606541,0.10577919460892159,0.11579163382788198,0.12691765106745942,0.13703910318379195,0.1506293885432241,0.1616414290840049,0.17331639446372094,0.18406729513328549,0.1957787481804949,0.20677966101694914,0.21926489226869456]},"ART50PlusPercentMales":{"startYear":1995,"endYear":2025,"values":[0.0,0.0,0.0,0.0,0.0,0.0,0.0,0.0,0.0,0.0,0.11118022796215696,0.10869830766107762,0.109976565625078,0.12715561848468201,0.13147460989539075,0.13901041413591797,0.15539165773636693,0.16588350119446307,0.18146777921433913,0.1964814071201086,0.20856723517039485,0.2270222507768564,0.2351188114560745,0.24763705103969755,0.2678147268408551,0.2853932584269663,0.30404685835995743,0.3211567732115677,0.33849129593810445,0.35486848177203506,0.37014134275618377]},"ART50PlusPercentTotal":{"startYear":1995,"endYear":2025,"values":[0.0,0.0,0.0,0.0,0.0,0.0,0.0,0.0,0.0,0.0,0.07629862207269146,0.08663847389554144,0.09182351053419392,0.10252110611070284,0.10581299285545989,0.11092702274533335,0.12333440409344792,0.1336357680461959,0.14571244349548473,0.15766382048926494,0.1679765059738682,0.18242197164618085,0.19513453407537595,0.208585392290767,0.22502870096207575,0.2390821715707437,0.25387191652168334,0.26733107685140195,0.2814406041243102,0.29481196815811145,0.3082530590991929]},"HIV_15":{"startYear":1970,"endYear":2025,"values":[0.0,0.0,0.0,0.0,0.0,0.0,0.0,0.0,0.0,0.0,0.0,0.0,0.0,0.0,0.0,0.0,0.0,0.007151928775511598,0.00562421463388793,0.004761703919239558,0.004,0.005,0.0047619047619047615,0.00425531914893617,0.004137931034482759,0.0037921971563981043,0.0038610363344051446,0.0037678114790286976,0.003730847295208655,0.003707997399783315,0.0036786774904942966,0.0036075356456776943,0.0035779676847662143,0.003436807095343681,0.003313381787088499,0.0031583203051507845,0.0029746884025917296,0.002805323767892738,0.0026576585485041044,0.0025263346294602013,0.0024236303110231894,0.0023529411764705885,0.0023339698705707617,0.0023538026990270948,0.0024156085475379374,0.0025030525030525033,0.0025979256872419696,0.00270188527069261,0.002652200120554551,0.0025183422565932976,0.0024291896144767898,0.0023581213307240704,0.002299298519095869,0.002259284398332202,0.0022245762711864403,0.0021786908743430485]},"HIV_15_ART":{"startYear":1995,"endYear":2025,"values":[0.0,0.0,0.0,0.0,0.0,0.0,0.0,0.0,0.0,0.0,0.0012098980235290607,0.0009719448877927032,0.0006653247427257187,0.000725017867761388,0.000432007874015748,0.00043095847953216376,0.000646551724137931,0.0008210180623973727,0.0010376134889753567,0.0013844515441959531,0.0017592592592592592,0.002211690363349131,0.0024479804161566705,0.003195876288659794,0.004430379746835443,0.005447830101569714,0.006288478452066843,0.006902356902356902,0.0073565076798706545,0.0077072790969248735,0.008016560030109147]},"HIV_50":{"startYear":1970,"endYear":2025,"values":[0.0,0.0,0.0,0.0,0.0,0.0,0.0,0.0,0.0,0.0,0.0,0.0,0.0,0.0,0.0,0.0,0.0,0.009677436857274109,0.010121991263885351,0.01056022635149775,0.011803836000000002,0.0125,0.01111111111111111,0.01170212765957447,0.011724137931034483,0.010900473933649289,0.010932475884244373,0.010375275938189845,0.01035548686244204,0.009967497291440953,0.009809885931558935,0.009711846318036286,0.009728506787330317,0.009977827050997782,0.010346301838392476,0.01090282695770558,0.011608988273112984,0.01243034776027749,0.013359024124969024,0.014341262580054895,0.015386306187493131,0.016449001618996224,0.017441120305537874,0.018317815671095302,0.019087436770930114,0.019546194546194547,0.0199174302688551,0.02002217965520718,0.020363672895318465,0.02078128098354154,0.02115460267505901,0.021477495107632093,0.021775136399064695,0.022030447008629887,0.022313174114021575,0.022694696607740088]},"HIV_50_ART":{"startYear":1995,"endYear":2025,"values":[0.0,0.0,0.0,0.0,0.0,0.0,0.0,0.0,0.0,0.0,0.012386342989326844,0.012378506889025911,0.01774014816394345,0.017916846080861994,0.019291338582677165,0.021052631578947368,0.022844827586206897,0.024630541871921183,0.026718547341115437,0.02832800851970181,0.02925925925925926,0.0306477093206951,0.03194614443084456,0.03309278350515464,0.034712755598831545,0.03610341643582641,0.03746701846965699,0.03876262626262626,0.04005658852061439,0.04130011677695601,0.04275498682724877]},"PercPregAccessAntenatalCare":{"value":58.7,"year":"2012"},"45q15WPP":{"1972.0":0.2535038694461,"1977.0":0.225589660390926,"1982.0":0.212853642337618,"1987.0":0.20194738653308097,"1992.0":0.192340307212238,"1997.0":0.18194161286994098,"2002.0":0.16262969297131202,"2007.0":0.14832078415233801,"2012.0":0.13571343153301899,"2017.0":0.121588829533896,"2022.0":0.112063888170116},"EpidemicStartYear":{"Start year":1989},"EpidemicType":{"Epidemic Type":"Concentrated"},"SexualActivity15-19":{"SexAct_F_15_19":42.5,"Source":"2014 DHS"}}