{"Regions":{"region":"Eastern Europe"},"ART50PlusPercentFemales":{"startYear":1995,"endYear":2025,"values":[0.0,0.0,0.0,0.0,0.0,0.0,0.0,0.18338340604164952,0.1897509438527338,0.19288568882180168,0.18879992968927004,0.18853288733006418,0.18279208444462972,0.19096152310412118,0.19729415333319367,0.19724941630105094,0.2046320195551188,0.2226967663209274,0.24675997926386728,0.2730008598452279,0.2838626053143227,0.2965071151358344,0.30897080758576606,0.27705913410770855,0.26202495475759596,0.27411076091850517,0.2842195540308748,0.29391532225042993,0.29391532225042993,0.29391532225042993,0.29391532225042993]},"ART50PlusPercentMales":{"startYear":1995,"endYear":2025,"values":[0.0,0.0,0.0,0.0,0.0,0.0,0.0,0.24516760170446758,0.26251284834093774,0.26505804777666536,0.2816583410010906,0.27210895095239956,0.28799217668462457,0.27677900169316594,0.2892614419133297,0.30593448329477474,0.3230183710855565,0.3355430902600714,0.33877086494688924,0.3544886550476817,0.36585365853658536,0.3694644696189495,0.3647672552166934,0.3194304435483871,0.3036190476190476,0.3128695652173913,0.3224,0.33815384615384614,0.33815384615384614,0.33815384615384614,0.33815384615384614]},"ART50PlusPercentTotal":{"startYear":1995,"endYear":2025,"values":[0.0,0.0,0.0,0.0,0.0,0.0,0.0,0.2251511832325445,0.24136835973580786,0.24191725471462963,0.25263500464067984,0.24488725490308053,0.25029290436151996,0.24963209325193425,0.2596820146686833,0.2626077991911273,0.2700266713089812,0.28400888395335927,0.2999561787905346,0.3190538275284038,0.32646101379631065,0.33303225806451614,0.3377079673452516,0.29869795023849427,0.2828095238095238,0.293841797911874,0.30398609213957534,0.3167268255920035,0.3167268255920035,0.3167268255920035,0.3167268255920035]},"HIV_15":{"startYear":1970,"endYear":2025,"values":[0.0,0.0,0.0,0.0,0.0,0.0,0.0,0.0,0.0,0.0,0.0,0.0,0.0,0.0,0.0,0.0,0.0,0.0,0.0,0.0,0.0038334951485952604,0.0034256133731693063,0.003319793924926315,0.0034299641433778567,0.003221774768865947,0.002325581395348837,0.003409090909090909,0.003105590062111801,0.003105590062111801,0.003105590062111801,0.003105590062111801,0.0023868036307053944,0.0022591019514748485,0.002178039950643573,0.002253123907422911,0.0023718800726151993,0.002591508539394937,0.0026992393697599488,0.002765450998402556,0.002707797772065124,0.0025830815709969785,0.002429363612358067,0.002234054867461512,0.0020456658745738195,0.0018457300275482092,0.0016535232765199695,0.0015113755125010047,0.0014492753623188406,0.0012741701128870012,0.0011963023382272977,0.0011533371147664962,0.0011760094080752645,0.0011496419148134187,0.0011496419148134187,0.0011496419148134187,0.0011496419148134187]},"HIV_15_ART":{"startYear":1995,"endYear":2025,"values":[0.0,0.0,0.0,0.0,0.0,0.0,0.0,0.00022387147953064425,0.00037974861853416715,0.0002667970422826805,0.00021258805256525154,0.0002187519242550589,0.00024043643965051273,0.0003373100942126514,0.00038387715930902113,0.0005228758169934641,0.0006391347099311701,0.0007367196587824738,0.000782472613458529,0.0008479212253829322,0.0010126582278481013,0.0010833816985877345,0.0010766110157590888,0.0011580882352941176,0.00106234645773853,0.0009585265004385415,0.0008801665179898901,0.0008185301288749564,0.0008185301288749564,0.0008185301288749564,0.0008185301288749564]},"HIV_50":{"startYear":1970,"endYear":2025,"values":[0.0,0.0,0.0,0.0,0.0,0.0,0.0,0.0,0.0,0.0,0.0,0.0,0.0,0.0,0.0,0.0,0.0,0.0,0.0,0.0,0.01101259716548511,0.011133548606712895,0.0110861772180677,0.01161364392044151,0.012949788322978984,0.011627906976744186,0.011363636363636364,0.011801242236024844,0.011801242236024844,0.011801242236024844,0.011801242236024844,0.01504149377593361,0.015921551808802274,0.0169333171601049,0.01775374060611359,0.01848569474401827,0.018602461431064896,0.0193704559400062,0.020067891373801917,0.02082262210796915,0.02126888217522659,0.02120411935569052,0.020997800671374002,0.02083892964149189,0.020826446280991735,0.020885270923429154,0.02062062866789935,0.019919484702093402,0.01913490555493462,0.018887076309588552,0.01903951597655512,0.019188553508428064,0.01978891820580475,0.01978891820580475,0.01978891820580475,0.01978891820580475]},"HIV_50_ART":{"startYear":1995,"endYear":2025,"values":[0.0,0.0,0.0,0.0,0.0,0.0,0.0,0.036859897063859295,0.0402589349762883,0.03988196356809216,0.04406061318685393,0.04310785098786632,0.04436405707482118,0.04387617765814267,0.04558541266794626,0.04627450980392157,0.04714847590953786,0.048429623885226834,0.04892018779342723,0.05008205689277899,0.04918296892980437,0.047939640162507256,0.04637228896863785,0.037821691176470586,0.03416107828165461,0.03470743014659817,0.03571216176033304,0.037089283641007775,0.037089283641007775,0.037089283641007775,0.037089283641007775]},"PercPregAccessAntenatalCare":{"value":99.7,"year":"2012"},"MortalityByAge":[{"year":1990,"cause":"tot","sex":1,"values":[0.0,1327.0,195.0,154.0,440.0,788.0,1080.0,1397.0,1690.0,1932.0,2317.0,4542.0,5436.0,7134.0,5479.0,4012.0,5523.0,9994.0]},{"year":1990,"cause":"tot","sex":2,"values":[0.0,920.0,117.0,99.0,175.0,195.0,240.0,384.0,481.0,642.0,912.0,1828.0,2607.0,4205.0,5315.0,5174.0,9352.0,23471.0]},{"year":1991,"cause":"tot","sex":1,"values":[0.0,1265.0,246.0,195.0,456.0,800.0,1071.0,1516.0,1810.0,2311.0,2231.0,4797.0,5470.0,7789.0,6393.0,4303.0,5547.0,10176.0]},{"year":1991,"cause":"tot","sex":2,"values":[0.0,871.0,130.0,107.0,196.0,196.0,279.0,400.0,563.0,708.0,752.0,1837.0,2687.0,4223.0,6090.0,5269.0,9152.0,24773.0]},{"year":1992,"cause":"tot","sex":1,"values":[0.0,1227.0,210.0,195.0,507.0,877.0,1191.0,1689.0,2074.0,2666.0,2378.0,4636.0,5838.0,8099.0,7143.0,4823.0,4803.0,9997.0]},{"year":1992,"cause":"tot","sex":2,"values":[0.0,821.0,121.0,103.0,191.0,199.0,263.0,426.0,588.0,819.0,827.0,1831.0,2785.0,4462.0,6404.0,5986.0,8128.0,24333.0]},{"year":1993,"cause":"tot","sex":1,"values":[0.0,1138.0,185.0,175.0,448.0,866.0,1126.0,1847.0,2368.0,2973.0,3031.0,4978.0,6819.0,8806.0,8329.0,5929.0,4692.0,11093.0]},{"year":1993,"cause":"tot","sex":2,"values":[0.0,763.0,103.0,102.0,196.0,211.0,282.0,442.0,602.0,934.0,1034.0,1804.0,3034.0,4597.0,6923.0,7399.0,8185.0,27101.0]},{"year":1994,"cause":"tot","sex":1,"values":[0.0,1048.0,245.0,189.0,522.0,916.0,1189.0,1855.0,2534.0,3122.0,3375.0,4441.0,7135.0,8446.0,9129.0,6364.0,4437.0,10814.0]},{"year":1994,"cause":"tot","sex":2,"values":[0.0,813.0,104.0,96.0,169.0,190.0,270.0,442.0,665.0,982.0,1120.0,1604.0,3224.0,4437.0,6891.0,7922.0,7731.0,27563.0]},{"year":1995,"cause":"tot","sex":1,"values":[0.0,1048.0,185.0,162.0,531.0,917.0,1173.0,1822.0,2677.0,3304.0,3886.0,4387.0,7581.0,8561.0,10087.0,7043.0,4474.0,10914.0]},{"year":1995,"cause":"tot","sex":2,"values":[0.0,711.0,119.0,85.0,195.0,245.0,269.0,441.0,715.0,937.0,1295.0,1616.0,3353.0,4496.0,7088.0,8618.0,7254.0,27544.0]},{"year":1996,"cause":"tot","sex":1,"values":[0.0,914.0,160.0,166.0,443.0,906.0,1173.0,1720.0,2565.0,3127.0,3932.0,3652.0,7379.0,8513.0,10849.0,7872.0,4520.0,9845.0]},{"year":1996,"cause":"tot","sex":2,"values":[0.0,654.0,100.0,79.0,200.0,223.0,295.0,427.0,731.0,1020.0,1386.0,1551.0,3237.0,4449.0,7086.0,9334.0,7554.0,36816.0]},{"year":1997,"cause":"tot","sex":1,"values":[0.0,848.0,164.0,170.0,471.0,941.0,1185.0,1715.0,2682.0,3354.0,4318.0,3834.0,7127.0,8846.0,11067.0,8856.0,5477.0,9398.0]},{"year":1997,"cause":"tot","sex":2,"values":[0.0,586.0,96.0,87.0,198.0,218.0,288.0,433.0,740.0,983.0,1433.0,1443.0,3097.0,4439.0,7110.0,10046.0,8541.0,26281.0]},{"year":1998,"cause":"tot","sex":1,"values":[0.0,814.0,157.0,160.0,468.0,1008.0,1232.0,1719.0,2662.0,3609.0,4652.0,4352.0,6617.0,8886.0,10806.0,9608.0,5763.0,8885.0]},{"year":1998,"cause":"tot","sex":2,"values":[0.0,526.0,85.0,110.0,196.0,210.0,291.0,384.0,724.0,1042.0,1502.0,1564.0,2829.0,4561.0,6977.0,10200.0,9590.0,24859.0]},{"year":1999,"cause":"tot","sex":1,"values":[0.0,833.0,127.0,168.0,473.0,1100.0,1441.0,1857.0,2779.0,3750.0,4611.0,4788.0,6074.0,9444.0,10186.0,10502.0,6511.0,8966.0]},{"year":1999,"cause":"tot","sex":2,