{"countryCode":64,"subnatCode":0,"Regions":{"region":"Asia"},"ART50PlusPercentFemales":{"startYear":1995,"endYear":2025,"values":[0.0,0.0,0.0,0.0,0.0,0.0,0.0,0.0,0.0,0.0,0.16601855598762935,0.17780566666666664,0.19644706548235513,0.20231662170741738,0.22266030201415205,0.19384683753265378,0.1826399451726972,0.1623782600374543,0.16028219734475377,0.15950521767013562,0.15726755035335963,0.15865060835603434,0.15620937487679068,0.1559071685782383,0.1661891610665846,0.1829810466872634,0.19733333333333333,0.21212121212121213,0.21212121212121213,0.21212121212121213,0.21212121212121213]},"ART50PlusPercentMales":{"startYear":1995,"endYear":2025,"values":[0.0,0.0,0.0,0.0,0.0,0.0,0.0,0.0,0.0,0.2066255867488265,0.21251945726749816,0.21694866666666668,0.2381056777463518,0.2581555067404926,0.2508701077705949,0.3011067358378137,0.2512429239423077,0.22450972227115534,0.2088680869070757,0.20804453638708878,0.18776342154479103,0.190866386247262,0.17812035340301788,0.17679558011049723,0.19160104986876642,0.21287128712871287,0.2336448598130841,0.2516703786191537,0.2516703786191537,0.2516703786191537,0.2516703786191537]},"ART50PlusPercentTotal":{"startYear":1995,"endYear":2025,"values":[0.0,0.0,0.0,0.0,0.0,0.0,0.0,0.0,0.0,0.2066255867488265,0.1892447155716746,0.20456245706481102,0.19729060520111433,0.22716994736821094,0.23938329607247277,0.24878244229605279,0.20859260274118377,0.1859089322710745,0.17915112116375564,0.18257067303861066,0.17144795195902263,0.17329678511488453,0.16725831159854979,0.1665266888034346,0.1799472143058334,0.1983693265637121,0.21614906832298136,0.2331360946745562,0.2331360946745562,0.2331360946745562,0.2331360946745562]},"HIV_15":{"startYear":1970,"endYear":2025,"values":[0.0,0.0,0.0,0.0,0.0,0.0,0.0,0.0,0.0,0.0,0.0,0.0,0.0,0.0,0.0,0.007385555554454337,0.006210776622867229,0.004868960790790296,0.004689341794961824,0.004212467475343331,0.00389970665865959,0.003849871188874308,0.0033333333333333335,0.005263157894736842,0.0044444444444444444,0.005454545454545454,0.006060606060606061,0.005813953488372093,0.005813953488372093,0.005813953488372093,0.005813953488372093,0.0051978669811320755,0.004979238783269962,0.004825091640866873,0.004454655519342033,0.004281703315504658,0.004325446433272849,0.004202965310212158,0.004188615950308572,0.0040415623364360356,0.003925737870852399,0.003872936866402944,0.003840585900208101,0.0037714127843987,0.0038011514462809913,0.00370797380224261,0.0039254570545829036,0.0041081081081081085,0.004970760233918129,0.005089408528198074,0.0051248357424441525,0.005176767676767676,0.0053527980535279795,0.0053527980535279795,0.0053527980535279795,0.0053527980535279795]},"HIV_15_ART":{"startYear":1995,"endYear":2025,"values":[0.0,0.0,0.0,0.0,0.0,0.0,0.0,0.0,0.0,0.0002236014197555762,0.00031431488861515005,0.00020946860641921604,0.00013408346309778512,0.000352624232128252,0.0006387663256582775,0.0015805836473232898,0.002137078076373718,0.0017820078742147216,0.001178079207920792,0.0009339953488372093,0.001682549358974359,0.001441906,0.0014440433212996391,0.0017574692442882249,0.0015332197614991482,0.001639344262295082,0.001584786053882726,0.001388888888888889,0.001388888888888889,0.001388888888888889,0.001388888888888889]},"HIV_50":{"startYear":1970,"endYear":2025,"values":[0.0,0.0,0.0,0.0,0.0,0.0,0.0,0.0,0.0,0.0,0.0,0.0,0.0,0.0,0.0,0.009846152016436353,0.010367075652088643,0.009737033724953029,0.011443603101681236,0.010696421339469865,0.013956270810818835,0.01201876610139071,0.01,0.013157894736842105,0.011111111111111112,0.010909090909090908,0.010606060606060605,0.010465116279069767,0.010465116279069767,0.010465116279069767,0.010465116279069767,0.009905660377358492,0.01026615969581749,0.01021671826625387,0.010452232133666596,0.010681576313305272,0.010766663419716386,0.010863913925167917,0.011029286628676823,0.011176785764553807,0.011341714951586188,0.011395239479174223,0.011687307618761012,0.012134344528710725,0.0125,0.013251783893985729,0.014212152420185375,0.01481081081081081,0.013304093567251459,0.013755158184319119,0.014060446780551907,0.01452020202020202,0.01484184914841849,0.01484184914841849,0.01484184914841849,0.01484184914841849]},"HIV_50_ART":{"startYear":1995,"endYear":2025,"values":[0.0,0.0,0.0,0.0,0.0,0.0,0.0,0.0,0.0,0.028721816641794056,0.025505025457571606,0.02742288467326502,0.0291169300972389,0.029241581567978438,0.035616623025915284,0.03255679675630122,0.02701199602743579,0.02472872931687148,0.02277227722772277,0.024031007751937984,0.02371794871794872,0.023,0.022382671480144407,0.02249560632688928,0.02436115843270869,0.026065573770491804,0.0277337559429477,0.03009259259259259,0.03009259259259259,0.03009259259259259,0.03009259259259259]},"PercPregAccessAntenatalCare":{"value":74.4,"year":"2010"},"45q15WPP":{"1972.0":0.532526318431282,"1977.0":0.48802412584312,"1982.0":0.448548920756153,"1987.0":0.409265211382166,"1992.0":0.364800925229662,"1997.0":0.31995081957375904,"2002.0":0.277352429682016,"2007.0":0.237351758536819,"2012.0":0.220266548546057,"2017.0":0.20157909432424798,"2022.0":0.186309386095054},"EpidemicStartYear":{"Start year":1984},"EpidemicType":{"Epidemic Type":"Concentrated"},"SexualActivity15-19":{"SexAct_F_15_19":16.5,"Source":"2010 MICS"},"Meningitis":{"CrAGPlus":0.046,"EconCat":"Lower middle income","InCare":0.4,"NotInCare":0.6}}