{"countryCode":384,"subnatCode":13,"ART50PlusPercentFemales":{"startYear":1995,"endYear":2025,"values":[0.0,0.0,0.0,0.0,0.0,0.30293898899579885,0.2530043260075759,0.2936395179103143,0.3309044619476489,0.3425329388074831,0.3366581065978894,0.35671722178261805,0.3767123287671233,0.38763197586727,0.41223832528180354,0.3965351299326275,0.389010989010989,0.3822829964328181,0.39707673568818513,0.4121663563004345,0.4273937856689918,0.44401294498381877,0.4256495301271421,0.3135924863031568,0.24357851722124926,0.20288878189696677,0.2001977705861201,0.20072177350060147,0.20072177350060147,0.20072177350060147,0.20072177350060147]},"ART50PlusPercentMales":{"startYear":1995,"endYear":2025,"values":[0.0,0.0,0.0,0.0,0.0,0.4512685709027717,0.5116937285098826,0.5123238742656436,0.525676221677986,0.5637907190496203,0.5702343338596988,0.5893548884500109,0.6119039887098074,0.6260355029585799,0.6560509554140127,0.6839237057220708,0.6916666666666667,0.6967471143756558,0.7133406835722161,0.7286374133949192,0.7451456310679612,0.761118170266836,0.774365821094793,0.6007462686567164,0.4757677969110598,0.41533419406097927,0.4108915483811114,0.4102381798791326,0.4102381798791326,0.4102381798791326,0.4102381798791326]},"ART50PlusPercentTotal":{"startYear":1995,"endYear":2025,"values":[0.0,0.0,0.0,0.0,0.0,0.3821211546784075,0.41261442457069136,0.4387207900141062,0.45724202655580387,0.46864525604157486,0.4709727317553182,0.48979317665644545,0.5089820359281437,0.5219123505976095,0.5479744136460555,0.5149295774647887,0.5045372050816697,0.4958270106221548,0.5090125391849529,0.5225988700564972,0.5364431486880467,0.5510291595197255,0.5275498241500586,0.4080238262088297,0.3482543241511851,0.30747042143346043,0.30387143900657415,0.30370014416146085,0.30370014416146085,0.30370014416146085,0.30370014416146085]},"HIV_15":{"startYear":1970,"endYear":2025,"values":[0.0,0.0,0.0,0.0,0.0,0.0,0.0025113909034536683,0.0022393381431237637,0.002216347611734439,0.0022703335218018333,0.002360449810345347,0.0025799098387307416,0.002386937636912488,0.0026103435549029177,0.0030303060606060605,0.002419416129032258,0.0027157515837104075,0.0026398683377308707,0.0027352432475884246,0.0028430116632860046,0.002972045987862441,0.0030682926553672316,0.0031559532968910148,0.0031561399790958973,0.00310598111227702,0.0029882228862717526,0.002849222239334668,0.00267379679144385,0.00267379679144385,0.00267379679144385,0.00267379679144385,0.0026640448409138416,0.002998260392015787,0.003523183538834655,0.004231493809507155,0.005111070977063392,0.006030245746691872,0.006871260374445088,0.007654272151898735,0.007958348828560804,0.008026030368763558,0.007807450246640585,0.00743801652892562,0.006909189629428532,0.006340882002383789,0.005788086452293095,0.005295774647887324,0.004802597846521962,0.004550408719346049,0.00491025641025641,0.007346671039685142,0.006728373086507654,0.006230636833046472,0.006230636833046472,0.006230636833046472,0.006230636833046472]},"HIV_15_ART":{"startYear":1995,"endYear":2025,"values":[0.0,0.0,0.0,0.0,0.0,0.0009158478157856467,0.001593886312540926,0.0020637100480725085,0.003014543929641125,0.0033117488439695668,0.0018656716417910447,0.0022500000000000003,0.0028455284552845526,0.003194444444444444,0.0037735849056603774,0.005110336817653891,0.005586080586080586,0.005267118133935289,0.004788507581803671,0.004818258664412511,0.0047619047619047615,0.004680038204393506,0.004797353184449959,0.003788102989050015,0.003047057378056272,0.002710907165548888,0.0025380377754459604,0.0024468285337850555,0.0024468285337850555,0.0024468285337850555,0.0024468285337850555]},"HIV_50":{"startYear":1970,"endYear":2025,"values":[0.0,0.0,0.0,0.0,0.0,0.0,0.017221832789625514,0.017687957881835147,0.017902332019290024,0.01803514281828227,0.018134330141428033,0.01903036486424554,0.01626884372718125,0.017186409960899485,0.0196969696969697,0.01935483870967742,0.01990950226244344,0.020844327176781002,0.021382636655948556,0.02200811359026369,0.022724207687120704,0.023446327683615816,0.02418858899897506,0.02498040240397178,0.025813221406086044,0.02661276146950255,0.02747574310796242,0.028412609062763862,0.028412609062763862,0.028412609062763862,0.028412609062763862,0.03349883497270981,0.035072397781887796,0.036522161463784744,0.03760297563556654,0.03794473541629041,0.03816635160680529,0.03812005404362092,0.036807753164556964,0.03650055782818892,0.03508676789587852,0.03284572206157509,0.030375799157960393,0.028437627256685218,0.02642431466030989,0.02439641539272536,0.02259154929577465,0.02106477525209366,0.019336966394187104,0.01641025641025641,0.013348638897999341,0.012993948024207903,0.012839931153184169,0.012839931153184169,0.012839931153184169,0.012839931153184169]},"HIV_50_ART":{"startYear":1995,"endYear":2025,"values":[0.0,0.0,0.0,0.0,0.0,0.05343284190851781,0.059505406363695175,0.06029318313966451,0.0629841830340514,0.06486680140847612,0.06529850746268656,0.067,0.06869918699186991,0.06958333333333333,0.07264150943396226,0.06318234610917538,0.05934065934065934,0.05583145221971407,0.05610534716679968,0.05638207945900254,0.05678346810422282,0.05730659025787966,0.05144747725392887,0.03341225214560521,0.027054920751935125,0.02336745499470526,0.02337355718782791,0.023916180437919567,0.023916180437919567,0.023916180437919567,0.023916180437919567]},"DHSPrevalenceByAge":[{"surveyYear":2005,"surveyName":"2005 AIS","values":[[[0.0,0.0,0.0,0.0,0.0,0.0,0.0,0.0,0.0,0.0,0.0,0.0,0.0],[0.0,0.0,0.0,0.0,0.0,0.0,0.0,0.0,0.0,0.0,0.0,0.0,0.0],[0.0,0.0,0.0,0.0,0.0,0.0,0.0,0.0,0.0,0.0,0.0,0.0,0.0],[0.0,0.0,0.0,0.0,0.0,0.0,0.0,0.0,0.0,0.0,0.0,0.0,0.0],[0.0,0.0,0.0,0.0,0.0,0.0,0.0,0.0,0.0,0.0,0.0,0.0,0.0]],[[0.0,0.0,0.0,0.0,0.0,0.0,0.0,0.0,0.0,0.0,0.0,0.0,0.0],[0.0,-1.0,-1.0,-1.0,2.82490932674989e-12,0.00733133928659005,0.0667073788520072,0.0224851669365804,0.0765093916864189,0.0463412000251812,7.80206664530272e-12,-1.0,-1.0],[0.0,-1.0,-1.0,-1.0,2.02620692064117e-12,0.0008149421634363,0.0236697902734248,0.00310569584826882,0.0108121451191228,0.00950966500003134,4.82307880803553e-12,-1.0,-1.0],[0.0,-1.0,-1.0,-1.0,3.93844904143887e-12,0.0626848775656412,0.174048058773179,0.145181027534375,0.385733998784316,0.197394725490973,1.26210344803441e-11,-1.0,-1.0],[0.0,-1.0,-1.0,-1.0,58.3652009542384,49.0267688015603,51.3613768397298,39.6883366488821,23.3460803816954,30.349904496204,22.5678777023055,-1.0,-1.0]],[[0.0,0.0,0.0,0.0,0.0,0.0,0.0,0.0,0.0,0.0,0.0,0.0,0.0],[0.0,-1.0,-1.0,-1.0,2.79458175242775e-12,0.0016777944659432,0.0958233901095374,0.0684804576041322,0.0449106241238303,0.0759513889467336,0.0564484743218059,-1.0,-1.0],[0.0,-1.0,-1.0,-1.0,2.02064419152289e-12,0.000189255010854831,0.0422747324193671,0.0123950479716694,0.0115791679740338,0.0158365455733305,0.0145249490554446,-1.0,-1.0],[0.0,-1.0,-1.0,-1.0,3.86494920964485e-12,0.014701921564205,0.202835719009598,0.30099762313382,0.158776457186796,0.295697576686732,0.195385396659805,-1.0,-1.0],[0.0,-1.0,-1.0,-1.0,72.3728491832556,68.4818357863064,59.1434036336283,33.4627152137634,32.6845125343735,27.2370937786446,28.7934991374243,-1.0,-1.0]]]},{"surveyYear":2012,"surveyName":"2011-12 DHS",