{"ART50PlusPercentFemales":{"startYear":1995,"endYear":2025,"values":[0.0,0.0,0.0,0.0,0.0,0.199382510400866,0.2103018417748382,0.21210404540435698,0.21816610133160677,0.21352313167259787,0.20447284345047922,0.20960548885077188,0.21671159029649595,0.21904417089065895,0.23472301541976015,0.22042630568744317,0.23666701869257578,0.2546902268760908,0.2743641683547153,0.2893918266652365,0.3012355363796823,0.3182029578643847,0.30257839721254354,0.2529302899444787,0.2620701338302558,0.27080274106705826,0.2857548355703337,0.30189747946757295,0.30189747946757295,0.30189747946757295,0.30189747946757295]},"ART50PlusPercentMales":{"startYear":1995,"endYear":2025,"values":[0.0,0.0,0.0,0.0,0.0,0.5477277179756456,0.5503932549221934,0.559108447564796,0.5756692855893641,0.5701078582434514,0.5584851390220518,0.5644171779141104,0.5737661652150964,0.5749448934606907,0.5946432140715571,0.5741898148148148,0.592995622263915,0.6121365024565131,0.6312904132696092,0.650564803804994,0.6696554978763568,0.6908848525245792,0.7113547930668553,0.6241379310344828,0.5596815056098444,0.5132194538135132,0.517361678931589,0.5218580729879083,0.5218580729879083,0.5218580729879083,0.5218580729879083]},"ART50PlusPercentTotal":{"startYear":1995,"endYear":2025,"values":[0.0,0.0,0.0,0.0,0.0,0.4039827749544261,0.40518737838155566,0.40617704854204834,0.41402873076905466,0.4042904290429043,0.39076690211907167,0.39238190286094476,0.3971196159487932,0.3957326525029634,0.41033642125792297,0.38531664688747436,0.39977097051245347,0.4159180740208408,0.43303543528529465,0.4407550461001744,0.4426793911572844,0.451707258834766,0.41809547613096726,0.36070188608426385,0.37190413850223086,0.3746882066344966,0.3845331101190476,0.39539481335038956,0.39539481335038956,0.39539481335038956,0.39539481335038956]},"HIV_15":{"startYear":1970,"endYear":2025,"values":[0.0,0.0,0.0,0.0,0.0,0.0,0.005195649840896721,0.004998165198365509,0.005344653306623777,0.005998260403807034,0.007692307692307693,0.0071428571428571435,0.006611570247933885,0.006910569105691057,0.0074000022,0.007492241207075963,0.007246127544565843,0.007056677085393999,0.006939544025157233,0.0068480805087870215,0.006787608002260982,0.006616820328311221,0.006437192668752794,0.006148282097649186,0.005748117345774487,0.0053340204857308515,0.004851715967285791,0.004393902052600077,0.004393902052600077,0.004393902052600077,0.004393902052600077,0.0031189822248721987,0.003294261102151595,0.0037030702129479173,0.004447737322419795,0.005612920307122055,0.007004335598781345,0.008507987220447285,0.010217695369938674,0.011277233513671589,0.01374477958236659,0.013895770660060168,0.013734161068118037,0.01344128543479166,0.013230392777285575,0.012933385274639657,0.012479633625434852,0.012473626042399277,0.015611313868613136,0.01667313413529944,0.018961788031723138,0.014135998050207165,0.011750424860403012,0.011750424860403012,0.011750424860403012,0.011750424860403012]},"HIV_15_ART":{"startYear":1995,"endYear":2025,"values":[0.0,0.0,0.0,0.0,0.0,0.0011567197203171703,0.0018353209180106474,0.0023738872403560834,0.0040114613180515755,0.0034626038781163434,0.002360248447204969,0.002408978921434438,0.0028533510285335103,0.003455560585483627,0.0035885563089135108,0.004537077665642826,0.004359439091863017,0.004132061929662667,0.0037918871252204584,0.0037094797816642528,0.0035005960767313317,0.00401741970604246,0.004922257538012198,0.005812417437252312,0.006231655961546642,0.006889352818371608,0.0074650547789950885,0.007786112713983459,0.007786112713983459,0.007786112713983459,0.007786112713983459]},"HIV_50":{"startYear":1970,"endYear":2025,"values":[0.0,0.0,0.0,0.0,0.0,0.0,0.02325571472348613,0.023573807309960074,0.02336768108579085,0.018800347919238597,0.023076923076923075,0.023214285714285715,0.023140495867768594,0.02276422764227642,0.0222,0.0222684703433923,0.022254169062679702,0.022321134190570392,0.02232704402515723,0.022366965712178936,0.02239987080103359,0.022453339329885316,0.022481407729507866,0.022538504707863068,0.02261974187986511,0.02265670295690266,0.022703126194297943,0.022733514065415628,0.022733514065415628,0.022733514065415628,0.022733514065415628,0.02343472026970725,0.023722613381583605,0.02409988882237236,0.02440257785304356,0.024402965316388667,0.024689477384579328,0.02511182108626198,0.024918409066456263,0.02597236438075742,0.023837587006960557,0.025300831711201555,0.02638404626243728,0.027053240644382467,0.027211745348690034,0.02696186642427391,0.026777929455282044,0.026640208982216414,0.027773722627737214,0.0235545207605743,0.016991107906753195,0.01676821837679751,0.016654527798009258,0.016654527798009258,0.016654527798009258,0.016654527798009258]},"HIV_50_ART":{"startYear":1995,"endYear":2025,"values":[0.0,0.0,0.0,0.0,0.0,0.04304583394659487,0.04272452353827516,0.042136498516320474,0.04183381088825215,0.04127423822714681,0.04045548654244307,0.040569395017793594,0.04122981641229816,0.04161762486796439,0.043509178104845385,0.041755155770074596,0.04451015930554231,0.04759561160668512,0.05088183421516755,0.05292413946752813,0.05408041616993606,0.05606967882416984,0.05115539902070269,0.040911981995205245,0.041643625845420904,0.04139949299135103,0.0423536078579524,0.04344296980188497,0.04344296980188497,0.04344296980188497,0.04344296980188497]},"DHSPrevalenceByAge":[{"surveyYear":2005,"surveyName":"2005 AIS","values":[[[0.0,0.0,0.0,0.0,0.0,0.0,0.0,0.0,0.0,0.0,0.0,0.0,0.0],[0.0,0.0,0.0,0.0,0.0,0.0,0.0,0.0,0.0,0.0,0.0,0.0,0.0],[0.0,0.0,0.0,0.0,0.0,0.0,0.0,0.0,0.0,0.0,0.0,0.0,0.0],[0.0,0.0,0.0,0.0,0.0,0.0,0.0,0.0,0.0,0.0,0.0,0.0,0.0],[0.0,0.0,0.0,0.0,0.0,0.0,0.0,0.0,0.0,0.0,0.0,0.0,0.0]],[[0.0,0.0,0.0,0.0,0.0,0.0,0.0,0.0,0.0,0.0,0.0,0.0,0.0],[0.0,-1.0,-1.0,-1.0,2.79755315126213e-12,2.80588524169155e-12,7.4970493015913e-12,7.44993845555501e-12,0.0388818306273011,0.139539072450169,0.0645343692373423,-1.0,-1.0],[0.0,-1.0,-1.0,-1.0,1.72013143811846e-12,1.6765759282589e-12,4.74004499836947e-12,4.68965687445588e-12,0.00413916236663796,0.0308958129129699,0.00523815912031298,-1.0,-1.0],[0.0,-1.0,-1.0,-1.0,4.54982884487716e-12,4.6958755978994e-12,1.18576402227689e-11,1.18348920778787e-11,0.282513758112777,0.452024138053588,0.474731617837901,-1.0,-1.0],[0.0,-1.0,-1.0,-1.0,44.3432443745644,33.9502964742759,26.3288013473976,22.8644853806348,20.7858958005771,13.1644006736988,9.0072215135834,-1.0,-1.0]],[[0.0,0.0,0.0,0.0,0.0,0.0,0.0,0.0,0.0,0.0,0.0,0.0,0.0],[0.0,-1.0,-1.0,-1.0,2.8009367427237e-12,0.062930225911657,0.0733016033315265,0.0832764123617451,0.131078540168249,0.0449294538682122,1.97987695677844e-11,-1.0,-1.0],[0.0,-1.0,-1.0,-1.0,1.85213622888679e-12,0.0169457207865015,0.025891640879618,0.0251695170074369,0.0428211647767759,0.00549934095589886,8.26032386231054e-12,-1.0,-1.0],[0.0,-1.0,-1.0,-1.0,4.23578272179857e-12,0.207376340307718,0.190542504534759,0.24220079600301,0.337164847354842,0.285820410511629,4.74547103631677e-11,-1.0,-1.0],[0.0,-1.0,-1.0,-1.0,51.2718763080901,47.8075603413273,41.5717916011542,30.4859805075131,19.4001694138719,15.2429902537565,9.0072215135834,-1.0,-1.0]]]},{"surveyYear":2012,"surveyName":"2011-12 DHS",