{"countryCode":120,"subnatCode":0,"Regions":{"region":"West Africa"},"ART50PlusPercentFemales":{"startYear":1995,"endYear":2025,"values":[0.0,0.0,0.0,0.0,0.0,0.0,0.0,0.1957279966561587,0.19217081850533807,0.19247962135156454,0.19300943009430094,0.1965868307331722,0.1988916569220601,0.19973138232071538,0.20212649046650916,0.20099556033902866,0.20208612331893544,0.19402855656396323,0.18556126261847428,0.178443538760982,0.177209705372617,0.17743409545719552,0.17664596273291924,0.17208103094017435,0.168278080016978,0.16485814283548977,0.17463757183415396,0.1853156910686035,0.1853156910686035,0.1853156910686035,0.1853156910686035]},"ART50PlusPercentMales":{"startYear":1995,"endYear":2025,"values":[0.0,0.0,0.0,0.0,0.0,0.0,0.0,0.12500491889490445,0.1520817556666175,0.1589825119236884,0.16197623514696685,0.16893659240551998,0.17468625843476068,0.1783905210765097,0.1836587377973326,0.1870026525198939,0.192872377362234,0.19738506959088992,0.20620093147039253,0.20037002306308133,0.20043299908842296,0.20119013341011613,0.20212749192341029,0.19300846759579585,0.1833627263469038,0.17425009094817606,0.1865168094663316,0.19932610645144275,0.19932610645144275,0.19932610645144275,0.19932610645144275]},"ART50PlusPercentTotal":{"startYear":1995,"endYear":2025,"values":[0.0,0.0,0.0,0.0,0.0,0.0,0.0,0.16519684559522596,0.17387638002620598,0.17731721358664365,0.17904225352112677,0.1842030801568374,0.18809818714108772,0.19022687609075042,0.1939138533889118,0.19486662042000377,0.19810582928893603,0.1952658398933353,0.19192457908037677,0.18497266934436626,0.18400357223784705,0.18434502829245406,0.18398297856896584,0.17861576979799018,0.17325861126298525,0.1680744410241077,0.17870034472178606,0.1901046244833011,0.1901046244833011,0.1901046244833011,0.1901046244833011]},"HIV_15":{"startYear":1970,"endYear":2025,"values":[0.0,0.0,0.0,0.0,0.0,0.0,0.012244897959183673,0.010416666666666666,0.009941520467836256,0.009508196721311476,0.009461966604823747,0.009364908503767491,0.009865470852017938,0.01054657428791378,0.011127012553495007,0.011522022394812245,0.011559719951409135,0.011554866227219853,0.01156576568631774,0.011650096955892763,0.011777316124469589,0.011635854706418435,0.011434365781710913,0.011166219966998275,0.010846790134720069,0.010491479285527835,0.010090719499478625,0.009695880390947053,0.009695880390947053,0.009695880390947053,0.009695880390947053,0.008086757809695536,0.007714701196437657,0.007383343648481017,0.007160905257794669,0.006973749406445485,0.006784601081335816,0.006765863903523937,0.00684739695741433,0.007005598142007545,0.007210355417595742,0.007518335506535162,0.007911597014048082,0.008279603902581445,0.008657390590204843,0.009230012020075869,0.009957800013233443,0.01094734886705705,0.012678515114655132,0.015065562936941324,0.021421179003146218,0.017757207761878478,0.015234100538676092,0.015234100538676092,0.015234100538676092,0.015234100538676092]},"HIV_15_ART":{"startYear":1995,"endYear":2025,"values":[0.0,0.0,0.0,0.0,0.0,0.0,10.153663801688639,0.28421052631578947,0.04215456674473068,0.005510846745976207,0.0031155640955256654,0.002819343969874145,0.002635046113306983,0.002559569934134057,0.0026518667247551757,0.0028871308843111147,0.003056861906797777,0.0032603268270540173,0.003567040666091283,0.00394619831036016,0.004118852961114696,0.004326774915936749,0.004486498807491953,0.004875757335348719,0.00551778640442825,0.0061656628802317604,0.00641869434082506,0.006556259322750852,0.006556259322750852,0.006556259322750852,0.006556259322750852]},"HIV_50":{"startYear":1970,"endYear":2025,"values":[0.0,0.0,0.0,0.0,0.0,0.0,0.00816326530612245,0.008333333333333333,0.008771929824561403,0.008524590163934427,0.008719851576994434,0.008719052744886975,0.008840486867392697,0.008852963818321785,0.00889205896338564,0.008912682853264967,0.00890184645286686,0.008905260436861833,0.00889369019798051,0.008876850626365847,0.008866690240452616,0.008854641322744435,0.008844641101278269,0.00884465343418254,0.008859441048566128,0.008887397297734025,0.00893274244004171,0.00898945730611369,0.00898945730611369,0.00898945730611369,0.00898945730611369,0.009288291523628336,0.009376868130493174,0.00947010245199472,0.009469801344473153,0.009519840204802114,0.009729717269870377,0.009864336985071392,0.009983418434489655,0.010175730644793192,0.010516533640535258,0.010956614217548346,0.01152442250044084,0.012262779494416193,0.01307326626340477,0.013440721606337492,0.013696248318249659,0.013675953407272621,0.012928548903004907,0.012058711001356468,0.011251862891207162,0.011250053076302523,0.011893457108182348,0.011893457108182348,0.011893457108182348,0.011893457108182348]},"HIV_50_ART":{"startYear":1995,"endYear":2025,"values":[0.0,0.0,0.0,0.0,0.0,0.0,0.0,0.018421052631578946,0.02037470725995316,0.02078376487053884,0.020820752127367552,0.02129620453869785,0.021888218570140765,0.02236536226268888,0.023097759172617582,0.023468316754131746,0.02445890337751176,0.02429300953245574,0.02378940955475453,0.022986141989032163,0.02292280928150804,0.02317269433848556,0.02340540270079445,0.023191268147863594,0.022895490407443903,0.022503240070137986,0.024115908429154554,0.02587494712469666,0.02587494712469666,0.02587494712469666,0.02587494712469666]},"PercPregAccessAntenatalCare":{"value":84.7,"year":"2011"},"DHSPrevalenceByAge":[{"surveyYear":2004,"surveyName":"2004 DHS","values":[[[0.0,0.0,0.0,0.0,0.0,0.0,0.0,0.0,0.0,0.0,0.0,0.0,0.0],[0.0,0.0,0.0,0.0,0.0,0.0,0.0,0.0,0.0,0.0,0.0,0.0,0.0],[0.0,0.0,0.0,0.0,0.0,0.0,0.0,0.0,0.0,0.0,0.0,0.0,0.0],[0.0,0.0,0.0,0.0,0.0,0.0,0.0,0.0,0.0,0.0,0.0,0.0,0.0],[0.0,0.0,0.0,0.0,0.0,0.0,0.0,0.0,0.0,0.0,0.0,0.0,0.0]],[[0.0,0.0,0.0,0.0,0.0,0.0,0.0,0.0,0.0,0.0,0.0,0.0,0.0],[0.0,-1.0,-1.0,-1.0,0.00616290309229892,0.0254294477117143,0.0513791746244699,0.0810369423314382,0.0860241475811443,0.0562749990716969,0.0394354710065409,0.0249002721189141,0.0102295558017319],[0.0,-1.0,-1.0,-1.0,0.00299916667989336,0.0162033675832818,0.0374548729509559,0.0593244317553505,0.0621571439606389,0.0370631553257115,0.022350465092953,0.0109583767148072,0.0032351083275288],[0.0,-1.0,-1.0,-1.0,0.0126217262302995,0.0396968185295802,0.0701029927622782,0.109768835472256,0.117903437111771,0.0845707660019108,0.0686632487699411,0.0555830328288139,0.0318629040463475],[0.0,-1.0,-1.0,-1.0,1206.32380157214,737.456496190474,726.244732679438,462.842302281228,400.960323166135,381.387337310469,299.140098169642,230.406510347551,288.503437107411]],[[0.0,0.0,0.0,0.0,0.0,0.0,0.0,0.0,0.0,0.0,0.0,0.0,0.0],[0.0,-1.0,-1.0,-1.0,0.0213060558114281,0.0747998021167782,0.102779613698699,0.0965712697251429,0.072635792418651,0.0609787469666078,0.0532392303543635,-1.0,-1.0],[0.0,-1.0,-1.0,-1.0,0.0142971437926271,0.0595706928980416,0.0830339585286946,0.0747582721358674,0.051543219177816,0.0411288416789773,0.0333581837366381,-1.0,-1.0],[0.0,-1.0,-1.0,-1.0,0.0316406642471788,0.0935349719818943,0.126572680590648,0.123896605253998,0.101436756454081,0.0895144191253346,0.0839402064715072,-1.0,-1.0],[0.0,-1.0,-1.0,-1.0,1124.28757723387,938.554707346341,758.951577199286,566.528520325602,430.545239127889,393.980806731574,323.550901899103,-1.0,-1.0]]]},{"surveyYear":2011,"surveyName":"2011 DHS",