{"countryCode":170,"subnatCode":0,"Regions":{"region":"Latin America and Caribbean"},"ART50PlusPercentFemales":{"startYear":1995,"endYear":2025,"values":[0.0,0.0,0.0,0.0,0.0,0.10116715867689662,0.10314764688753868,0.11325490308301057,0.12521652137153916,0.13650317719697647,0.14838931453748977,0.1543029022050307,0.1588641279439498,0.1764576125421223,0.19540801262096108,0.19757811342201664,0.19080035452875424,0.18278313265143475,0.1807625770890428,0.1829427316433807,0.18523976424734298,0.19426933095305113,0.21491789914987772,0.2342007434944238,0.2534710834153274,0.27298346360397724,0.29056682051547994,0.29056682051547994,0.29056682051547994,0.29056682051547994,0.29056682051547994]},"ART50PlusPercentMales":{"startYear":1995,"endYear":2025,"values":[0.0,0.0,0.0,0.0,0.0,0.1193153209568214,0.1328040131595263,0.14522276751359314,0.15970327389041727,0.17534612252712775,0.19193832363854946,0.19964840103515213,0.20547300927399798,0.23035148463036983,0.257098000482669,0.26104637258803426,0.25239203516938197,0.24370223606000566,0.24060401563491798,0.2416344375315285,0.242607606306285,0.24542203709525306,0.25955029424771237,0.2709187733365979,0.2809219376222108,0.2903013421119271,0.2906151594447155,0.2906151594447155,0.2906151594447155,0.2906151594447155,0.2906151594447155]},"ART50PlusPercentTotal":{"startYear":1995,"endYear":2025,"values":[0.0,0.0,0.0,0.0,0.0,0.11515601198668396,0.125129392164446,0.13687248883080688,0.1507676020322995,0.16524240203272056,0.18060263228197654,0.18782770196193424,0.19333408304739874,0.21631770060491692,0.24097298396796393,0.24449778061577238,0.23634243918439335,0.2276219618749453,0.2246607171315046,0.22593708047131633,0.22714953161040613,0.23261316574054802,0.249460299073294,0.2630806257521059,0.27537001393774474,0.2869735954022048,0.29061195406918855,0.29061195406918855,0.29061195406918855,0.29061195406918855,0.29061195406918855]},"HIV_15":{"startYear":1970,"endYear":2025,"values":[0.0,0.0,0.0,0.0,0.0,0.0,0.0,0.0,0.0,0.0,0.0,0.0,0.0,0.02835820895522388,0.026035502958579884,0.024330357142857143,0.02296943231441048,0.021534130893736805,0.02001762373329417,0.018670603584426283,0.017007453465662244,0.015688762257699693,0.014347376667875618,0.013007516571969698,0.011675667821074811,0.010403397027600849,0.009217338620841595,0.009217338620841595,0.009217338620841595,0.009217338620841595,0.009217338620841595,0.004772521042585813,0.004719666327632834,0.004844257596025224,0.0049984258833216276,0.0051987066672123765,0.005496894671644182,0.005722976299317814,0.005692819334169104,0.0057021254328051,0.005771185449704515,0.005909836616042904,0.0059746307984557875,0.0059398496240601496,0.005913228901828918,0.005938358097877691,0.006046047473091454,0.006096905474928972,0.006149552655339408,0.006211103253182461,0.006295008929771667,0.00668471091297821,0.00668471091297821,0.00668471091297821,0.00668471091297821,0.00668471091297821]},"HIV_15_ART":{"startYear":1995,"endYear":2025,"values":[0.0,0.0,0.0,0.0,0.0,0.00045481961417862286,0.000410958904109589,0.0002512562814070352,0.0002182725288431556,0.0002512562814070352,0.00032703488372093023,0.000505921582154766,0.000721552781585973,0.0006284428582512219,0.0005367021715795558,0.0008267459569221843,0.0011816543160424594,0.0013024044389642415,0.0015394828349244484,0.001588817272751386,0.0015751725986996447,0.0014970059880239522,0.0013487205570268518,0.0012198308239981712,0.0011571105819136594,0.001130170386093741,0.001196301637993201,0.001196301637993201,0.001196301637993201,0.001196301637993201,0.001196301637993201]},"HIV_50":{"startYear":1970,"endYear":2025,"values":[0.0,0.0,0.0,0.0,0.0,0.0,0.0,0.0,0.0,0.0,0.0,0.0,0.0,0.003985177611940298,0.004142011834319527,0.004241071428571428,0.00445414847161572,0.00453905700211119,0.004714348656190337,0.004895969237107739,0.0052094543425405555,0.005583756345177666,0.006022486494741062,0.006507457386363637,0.0070402751204863044,0.007617420123245819,0.008237864434163179,0.008237864434163179,0.008237864434163179,0.008237864434163179,0.008237864434163179,0.011842516974874057,0.012437022494500556,0.01303665838588445,0.013652838657076663,0.014260221831130028,0.014627487001441009,0.014928968281876365,0.0159867321353949,0.01687176758911206,0.017452978690869186,0.017673865282588047,0.01820781502134526,0.0188558352402746,0.019383487012454452,0.019878358611132494,0.01988309929431891,0.019241342240651157,0.019064269884264955,0.019015205091937767,0.01904249803160947,0.01857799208479279,0.01857799208479279,0.01857799208479279,0.01857799208479279,0.01857799208479279]},"HIV_50_ART":{"startYear":1995,"endYear":2025,"values":[0.0,0.0,0.0,0.0,0.0,0.02546504614521012,0.024657534246575342,0.02562814070351759,0.026878702837542876,0.028277752398355414,0.029778343023255816,0.03076923076923077,0.031502994444043586,0.033811777484676855,0.03651226158038147,0.03700775980854304,0.03632585619867815,0.03531134401972873,0.034674717076563194,0.03471260709265006,0.03475434010322408,0.03498387839705205,0.03671887331848396,0.03807766419543421,0.039245588325090064,0.040301761229992544,0.04033687029978366,0.04033687029978366,0.04033687029978366,0.04033687029978366,0.04033687029978366]},"PercPregAccessAntenatalCare":{"value":97,"year":"2010"},"MortalityByAge":[{"year":1990,"cause":"tot","sex":1,"values":[0.0,9687.0,987.0,1019.0,4024.0,6744.0,6575.0,5254.0,4403.0,3536.0,3315.0,3784.0,4445.0,6007.0,6356.0,7030.0,6999.0,11097.0]},{"year":1990,"cause":"tot","sex":2,"values":[0.0,7566.0,669.0,632.0,1125.0,1371.0,1364.0,1382.0,1524.0,1674.0,1946.0,2702.0,3340.0,4575.0,5036.0,6123.0,6410.0,13558.0]},{"year":1991,"cause":"tot","sex":1,"values":[0.0,9569.0,1010.0,1160.0,4672.0,8008.0,7558.0,6215.0,5191.0,4009.0,3539.0,4097.0,4541.0,6184.0,6368.0,7488.0,6975.0,11875.0]},{"year":1991,"cause":"tot","sex":2,"values":[0.0,7311.0,714.0,652.0,1138.0,1418.0,1473.0,1476.0,1724.0,1740.0,2069.0,2722.0,3369.0,4624.0,5016.0,6295.0,6426.0,14473.0]},{"year":1992,"cause":"tot","sex":1,"values":[0.0,9504.0,982.0,1169.0,4662.0,7896.0,7598.0,6179.0,5422.0,4152.0,3630.0,4280.0,4656.0,6287.0,6625.0,7770.0,7310.0,12422.0]},{"year":1992,"cause":"tot","sex":2,"values":[0.0,7188.0,691.0,668.0,1201.0,1408.0,1491.0,1505.0,1750.0,1776.0,1997.0,2760.0,3456.0,4795.0,5118.0,6589.0,6610.0,14516.0]},{"year":1993,"cause":"tot","sex":1,"values":[0.0,8574.0,928.0,1121.0,4942.0,7958.0,7251.0,6301.0,5343.0,4119.0,3752.0,4018.0,4719.0,6374.0,6901.0,7936.0,7633.0,12602.0]},{"year":1993,"cause":"tot","sex":2,"values":[0.0,6612.0,668.0,594.0,1111.0,1413.0,1417.0,1571.0,1730.0,1856.0,2132.0,2778.0,3415.0,4902.0,5489.0,6641.0,6789.0,14904.0]},{"year":1994,"cause":"tot","sex":1,"values":[0.0,8445.0,904.0,1098.0,5086.0,7749.0,6940.0,6153.0,5225.0,4228.0,3730.0,4115.0,4611.0,6207.0,6948.0,7992.0,7526.0,13258.0]},{"year":1994,"cause":"tot","sex":2,"values":[0.0,6225.0,629.0,636.0,1229.0,1295.0,1447.0,1544.0,1693.0,1818.0,2083.0,2862.0,3558.0,4841.0,5666.0,6703.0,6938.0,15220.0]},{"year":1995,"cause":"tot","sex":1,"values":[0.0,8060.0,882.0,1065.0,4991.0,7127.0,6768.0,5902.0,5174.0,4178.0,3801.0,4110.0,4822.0,6162.0,7382.0,7959.0,7934.0,13757.0]},{"year":1995,"cause":"tot","sex":2,"values":[0.0,6291.0,623.0,631.0,1184.0,1274.0,1405.0,1442.0,1780.0,1842.0,2250.0,2835.0,3500.0,4962.0,6101.0,6687.0,7460.0,16049.0]},{"year":1996,"cause":"tot","sex":1,"values":[0.0,7618.0,795.0,1043.0,5189.0,7210.0,6846.0,5810.0,5398.0,4402.0,4154.0,4062.0,4932.0,6069.0,7910.0,8126.0,8532.0,14554.0]},{"year":1996,"cause":"tot","sex":2,"values":[0.0,5814.0,605.0,607.0,1219.0,1216.0,1349.0,1566.0,1824.0,1977.0,2280.0,2697.0,3624.0,4878.0,6335.0,6766.0,7928.0,17283.0]},{"year":1997,"cause":"tot","sex":1,"values":[0.0,8075.0,848.0,1062.0,4883.0,6834.0,6513.0,5643.0,5162.0,4366.0,4147.0,4153.0,4837.0,5993.0,7462.0,8003.0,8155.0,14177.0]},{"year":1997,"cause":"tot","sex":2,"values":[0.0,6137.0,580.0,577.0,1216.0,1236.0,1232.0,1493.0,1791.0,1975.0,2279.0,2780.0,3523.0,4749.0,6231.0,6828.0,7492.0,16682.0]},{"year":1997,"cause":"HIV","sex":1,