{"Regions":{"region":"East Africa"},"ART50PlusPercentFemales":{"startYear":1995,"endYear":2025,"values":[0.0,0.0,0.0,0.0,0.0,0.0,0.0,0.0,0.0,0.0,0.08798933333333335,0.09453575,0.11362747219448789,0.1186423450441118,0.1177080199666591,0.14099754605492665,0.1610182605572076,0.14327796138500404,0.13711346789218573,0.13147895618283287,0.16510403092940037,0.14027620761406018,0.13220482911362855,0.13040407857474604,0.15242491635039335,0.15813014528570266,0.16795884127381241,0.1969999587870589,0.1969999587870589,0.1969999587870589,0.1969999587870589]},"ART50PlusPercentMales":{"startYear":1995,"endYear":2025,"values":[0.0,0.0,0.0,0.0,0.0,0.0,0.0,0.0,0.0,0.0,0.1395630429060279,0.1450881986654027,0.15335057667528834,0.16588376168107477,0.1816666262963053,0.19430014058360254,0.2191379245295934,0.17980404728511323,0.1788959958733752,0.1923598174507002,0.20820694183314925,0.24281882208610847,0.2339775551967469,0.18942657024703607,0.21537416273604437,0.2160745865551815,0.26227099317425095,0.23688004903608084,0.23688004903608084,0.23688004903608084,0.23688004903608084]},"ART50PlusPercentTotal":{"startYear":1995,"endYear":2025,"values":[0.0,0.0,0.0,0.0,0.0,0.0,0.0,0.0,0.0,0.0,0.08926331722788655,0.10052884635513822,0.12291193796772139,0.13945366241009022,0.1426501945405746,0.15187413780233844,0.16024169308681313,0.1733606108494248,0.1608300546881665,0.1679360018037451,0.17198315320505958,0.18333542591589774,0.16729909028917442,0.15622871360919913,0.1759616452160198,0.18155743647420253,0.2130332909842596,0.2198118474076364,0.2198118474076364,0.2198118474076364,0.2198118474076364]},"HIV_15":{"startYear":1970,"endYear":2025,"values":[0.0,0.0,0.0,0.0,0.0,0.02317774548976874,0.02058592471358429,0.019370502109355613,0.018979069573073416,0.018356540748364705,0.018222510140076212,0.01781931029366368,0.017496391527457324,0.01691584842224465,0.017817035437727145,0.010772668151962048,0.014615791145211497,0.016727060439192837,0.012502137500000001,0.013337036666666666,0.012826451282051283,0.013053239130434782,0.012295477192982457,0.012143986363636365,0.011425087341772153,0.011036523076923077,0.010171126262626262,0.010099964545454546,0.010099964545454546,0.010099964545454546,0.010099964545454546,0.008801171126760562,0.008616031292517007,0.007919751333333332,0.00784313725490196,0.0071945914665648815,0.007863592624789254,0.007346843614513207,0.006759834649977894,0.007524830669001663,0.007582252867632554,0.007813046742112393,0.007818043860363453,0.008832174803000003,0.009014549887707234,0.009332523435888623,0.009598713893310568,0.010779899132393404,0.012941176470588237,0.011904761904761904,0.012048192771084338,0.0125,0.012790697674418603,0.012790697674418603,0.012790697674418603,0.012790697674418603]},"HIV_15_ART":{"startYear":1995,"endYear":2025,"values":[0.0,0.0,0.0,0.0,0.0,0.0,0.0,0.0,0.0,0.0,0.0015066720068422786,0.0013173380711217035,0.0012009473627629733,0.0011880746554531016,0.0011764440997845415,0.000948940322211751,0.0013526984554810546,0.001751600132672228,0.0017526209593660069,0.0018208264892408343,0.001942959678640705,0.0022078243164156525,0.0022988186123456115,0.002857142857142857,0.0028169014084507044,0.002702702702702703,0.0014492753623188406,0.0014084507042253522,0.0014084507042253522,0.0014084507042253522,0.0014084507042253522]},"HIV_50":{"startYear":1970,"endYear":2025,"values":[0.0,0.0,0.0,0.0,0.0,0.0061205957137668,0.006667757774140751,0.006875672098602036,0.00687930080673085,0.00694414909452804,0.006903432425470854,0.006952012528912754,0.006983125630769832,0.007069923237833191,0.008297197415959716,0.007427435650665594,0.007112828991935431,0.007472913958917441,0.0064568375,0.009063623333333333,0.0074814538461538465,0.006521739130434782,0.007017543859649123,0.007575757575757576,0.007594936708860759,0.007692307692307692,0.00808080808080808,0.008181818181818182,0.008181818181818182,0.008181818181818182,0.008181818181818182,0.009154929577464789,0.009523809523809523,0.01,0.010457516339869282,0.010326747442355518,0.011352783334569086,0.011186039950749876,0.011712430958890302,0.011775837267571296,0.011845632621166467,0.012298023946278182,0.012421451217873972,0.012915441902908335,0.012442454716210976,0.013886009924233274,0.012792634826418316,0.013383015130140988,0.010588235294117648,0.014285714285714285,0.013253012048192772,0.01477272727272727,0.01395348837209302,0.01395348837209302,0.01395348837209302,0.01395348837209302]},"HIV_50_ART":{"startYear":1995,"endYear":2025,"values":[0.0,0.0,0.0,0.0,0.0,0.0,0.0,0.0,0.0,0.0,0.017238201103303128,0.01844912724607231,0.021676956401302662,0.021575911579348562,0.02578074405289796,0.024024616583135743,0.02708850695598998,0.029171554117462764,0.023392233104912855,0.026776138230207042,0.023668940767224658,0.02667059336825028,0.025051584971193433,0.024285714285714285,0.023943661971830985,0.02702702702702703,0.028985507246376812,0.03098591549295775,0.03098591549295775,0.03098591549295775,0.03098591549295775]},"PercPregAccessAntenatalCare":{"value":92.1,"year":"2012"},"InfantFeedingModel":[{"region":"Eastern Africa","bgn":0.986919292924666,"med":3.1976824253049747,"shp":1.744965885657404}],"EpidemicType":{"Epidemic Type":"Concentrated"},"SexualActivity15-19":{"SexAct_F_15_19":18.4,"Source":"2012 DHS"}}