{"countryCode":188,"subnatCode":0,"Regions":{"region":"Latin America and Caribbean"},"ART50PlusPercentFemales":{"startYear":1995,"endYear":2025,"values":[0.0,0.0,0.0,0.0,0.0,0.11862560968362561,0.11670363451442242,0.1303953344046651,0.13645200551367542,0.14622383912301307,0.15126080158958144,0.16317201584445165,0.17303193229123767,0.18348840620184567,0.1941861821627275,0.2032432050283711,0.21536701861326546,0.23269190030689232,0.2475755301496859,0.2566844625186243,0.27986274729891913,0.2729994393258331,0.2645568553972263,0.2753282524958139,0.2580010405167446,0.2574952859715035,0.2665482007996446,0.28450954283177987,0.28450954283177987,0.28450954283177987,0.28450954283177987]},"ART50PlusPercentMales":{"startYear":1995,"endYear":2025,"values":[0.0,0.0,0.0,0.0,0.0,0.16611587809956374,0.17160254638147085,0.1848560991682231,0.1951603072615833,0.2023510470901466,0.21601206350734595,0.2269945515781198,0.23970885005342207,0.25344661681142344,0.26818480372302833,0.24119993933529016,0.22345409919439735,0.2384205741497469,0.25396350858281325,0.2669068736141907,0.27048984468339304,0.27619250425894376,0.2825833979829325,0.28435773480662985,0.31018194541637506,0.33019191226867717,0.3476588628762542,0.37033940812573146,0.37033940812573146,0.37033940812573146,0.37033940812573146]},"ART50PlusPercentTotal":{"startYear":1995,"endYear":2025,"values":[0.0,0.0,0.0,0.0,0.0,0.15283756606627785,0.15640849022148787,0.1692941412330878,0.1786055552200278,0.1862046563293764,0.197067229635641,0.2086226723429735,0.22078685834155257,0.2334017476607624,0.2466987539759026,0.23223140893943006,0.22196248228182303,0.23735396099112274,0.2527037972552091,0.26493213355120904,0.2723648097306357,0.2756208081795249,0.2787402976263057,0.2825234841764756,0.29731306313607336,0.3107286322054859,0.32547685578909,0.34689663549131544,0.34689663549131544,0.34689663549131544,0.34689663549131544]},"HIV_15":{"startYear":1970,"endYear":2025,"values":[0.0,0.02368421052631579,0.02077922077922078,0.018333333333333333,0.016867469879518072,0.014814814814814815,0.013207547169811321,0.011875,0.011140583554376658,0.01034510551724138,0.009659670623742456,0.009303879679144384,0.008953094126984128,0.008520108714285714,0.008116885161290322,0.007746478873239436,0.0074866310160427805,0.007360157016683023,0.0070397111913357395,0.0068106312292358796,0.006513409961685823,0.006510969568294408,0.006470588235294118,0.006461352657004831,0.006595863610955842,0.006621831350232799,0.006663470757430489,0.006758559359715428,0.006758559359715428,0.006758559359715428,0.006758559359715428,0.007418077061577242,0.007397444519166106,0.007407407407407407,0.0073965365424126794,0.007331136738056013,0.00724935732647815,0.007173808377467501,0.007067058026642583,0.006970338983050847,0.00722574994525947,0.007451868629671574,0.00741901776384535,0.007341231307049912,0.007263699889665318,0.007240704500978473,0.007304256437204414,0.007204905467552377,0.0071169088507265525,0.006786786786786787,0.006516946817305043,0.006169568508705526,0.005751053410773261,0.005751053410773261,0.005751053410773261,0.005751053410773261]},"HIV_15_ART":{"startYear":1995,"endYear":2025,"values":[0.0,0.0,0.0,0.0,0.0,0.001124631205673759,0.0011799410029498525,0.001091703056768559,0.0010273972602739725,0.0009735744089012517,0.0009313154831199069,0.0008982035928143712,0.0008703220191470844,0.0009223674096848578,0.0009621993127147766,0.0014478764478764478,0.0018429782528566164,0.0015347052668294385,0.0013477975016436554,0.0013293051359516618,0.0014061654948620877,0.0014458402465039107,0.0015701251856566944,0.0016107382550335572,0.0014992503748125937,0.0014389799635701275,0.001350864553314121,0.001246047982146178,0.001246047982146178,0.001246047982146178,0.001246047982146178]},"HIV_50":{"startYear":1970,"endYear":2025,"values":[0.0,0.006675413157894737,0.006493506493506494,0.006666666666666667,0.007228915662650602,0.00787037037037037,0.007924528301886793,0.0084375,0.008488063660477455,0.00896551724137931,0.00925553319919517,0.009269162210338681,0.009523809523809525,0.009571428571428571,0.009806451612903225,0.009976525821596244,0.010053475935828877,0.010206084396467125,0.010288808664259928,0.010548172757475082,0.010727969348659003,0.011040339702760084,0.011307189542483661,0.011594202898550725,0.011850195640022359,0.012105535437144335,0.012224352828379675,0.01236104935526901,0.01236104935526901,0.01236104935526901,0.01236104935526901,0.011775297083183292,0.012004034969737728,0.012272441933458883,0.012533020252421485,0.012850082372322899,0.013136246786632394,0.013480982185844967,0.013795439151049898,0.014088983050847458,0.013488066564484346,0.013454133635334086,0.013751306165099267,0.013866770246649836,0.013773446119897023,0.013520725849492973,0.013032054650551761,0.01297904956566173,0.012912813738441218,0.013213213213213212,0.013488564342794156,0.013941458491042136,0.014633868579888396,0.014633868579888396,0.014633868579888396,0.014633868579888396]},"HIV_50_ART":{"startYear":1995,"endYear":2025,"values":[0.0,0.0,0.0,0.0,0.0,0.027659574468085105,0.027433628318584074,0.028384279475982533,0.029794520547945205,0.03129346314325452,0.03294528521536671,0.03473053892215568,0.036640557006092256,0.038585703305149884,0.04054982817869416,0.03803088803088803,0.03549576115001843,0.03704220439483781,0.03859303090072321,0.03957703927492447,0.0397782585181179,0.039156198151220664,0.038277105877360496,0.0375647171620326,0.0383808095952024,0.039162112932604735,0.04032780979827089,0.0424586200483541,0.0424586200483541,0.0424586200483541,0.0424586200483541]},"PercPregAccessAntenatalCare":{"value":95,"year":"2012"},"MortalityByAge":[{"year":1990,"cause":"tot","sex":1,"values":[0.0,821.0,54.0,63.0,119.0,178.0,190.0,187.0,200.0,177.0,214.0,258.0,331.0,418.0,537.0,578.0,685.0,1452.0]},{"year":1990,"cause":"tot","sex":2,"values":[0.0,631.0,45.0,46.0,49.0,50.0,64.0,93.0,117.0,108.0,129.0,183.0,219.0,307.0,336.0,426.0,601.0,1399.0]},{"year":1991,"cause":"tot","sex":1,"values":[0.0,746.0,50.0,59.0,91.0,146.0,182.0,180.0,199.0,232.0,225.0,284.0,337.0,472.0,497.0,607.0,707.0,1565.0]},{"year":1991,"cause":"tot","sex":2,"values":[0.0,582.0,39.0,31.0,56.0,59.0,70.0,96.0,107.0,119.0,161.0,170.0,224.0,329.0,395.0,461.0,590.0,1616.0]},{"year":1992,"cause":"tot","sex":1,"values":[0.0,759.0,80.0,68.0,131.0,169.0,201.0,240.0,233.0,249.0,225.0,299.0,366.0,449.0,521.0,668.0,708.0,1662.0]},{"year":1992,"cause":"tot","sex":2,"values":[0.0,551.0,31.0,47.0,56.0,62.0,72.0,103.0,108.0,124.0,133.0,168.0,234.0,295.0,389.0,487.0,622.0,1648.0]},{"year":1993,"cause":"tot","sex":1,"values":[0.0,676.0,61.0,44.0,116.0,173.0,225.0,211.0,219.0,253.0,262.0,295.0,366.0,488.0,585.0,667.0,740.0,1706.0]},{"year":1993,"cause":"tot","sex":2,"values":[0.0,604.0,46.0,39.0,49.0,75.0,79.0,96.0,113.0,107.0,142.0,176.0,246.0,316.0,447.0,497.0,636.0,1739.0]},{"year":1994,"cause":"tot","sex":1,"values":[0.0,694.0,57.0,66.0,131.0,173.0,212.0,284.0,247.0,258.0,285.0,295.0,417.0,532.0,613.0,712.0,746.0,1873.0]},{"year":1994,"cause":"tot","sex":2,"values":[0.0,548.0,40.0,38.0,54.0,60.0,80.0,102.0,124.0,138.0,162.0,193.0,275.0,356.0,455.0,535.0,624.0,1899.0]},{"year":1995,"cause":"tot","sex":1,"values":[0.0,717.0,64.0,72.0,156.0,209.0,243.0,257.0,277.0,299.0,280.0,359.0,423.0,548.0,653.0,773.0,790.0,1901.0]},{"year":1995,"cause":"tot","sex":2,"values":[0.0,534.0,43.0,47.0,72.0,64.0,67.0,111.0,115.0,157.0,177.0,213.0,297.0,341.0,470.0,604.0,666.0,2022.0]},{"year":1996,"cause":"tot","sex":1,"values":[0.0,625.0,57.0,68.0,155.0,182.0,221.0,277.0,255.0,284.0,296.0,306.0,427.0,497.0,656.0,796.0,809.0,1996.0]},{"year":1996,"cause":"tot","sex":2,"values":[0.0,472.0,59.0,44.0,67.0,59.0,87.0,100.0,124.0,169.0,201.0,197.0,259.0,366.0,485.0,600.0,654.0,2093.0]},{"year":1997,"cause":"tot","sex":1,"values":[0.0,729.0,61.0,72.0,168.0,215.0,252.0,266.0,288.0,282.0,338.0,379.0,382.0,520.0,673.0,780.0,829.0,1977.0]},{"year":1997,"cause":"tot","sex":2,