{"countryCode":192,"subnatCode":0,"Regions":{"region":"Latin America and Caribbean"},"ART50PlusPercentFemales":{"startYear":1995,"endYear":2025,"values":[0.0,0.0,0.0,0.09692104846052421,0.11901852469123314,0.12629542047640682,0.12850726797882048,0.12177777471198384,0.13001669910827843,0.13927343100250142,0.14644210517690362,0.1574651419006744,0.1621448055633053,0.1670650242434568,0.17280185386921662,0.1756116987283673,0.18305823468942645,0.1942473326395132,0.20928078571799427,0.21900206547138854,0.22791918106608025,0.24322742061524844,0.2561089029078866,0.21959094989458203,0.23540289310880297,0.2527058720909814,0.26974978914815856,0.28733920108327693,0.28733920108327693,0.28733920108327693,0.28733920108327693]},"ART50PlusPercentMales":{"startYear":1995,"endYear":2025,"values":[0.0,0.10545621091242183,0.14564760000000004,0.1758337054731002,0.1415615508427224,0.17517965205745764,0.17069880427341944,0.16530264942095313,0.16789851540123332,0.17618768795765966,0.1857464769058103,0.19326282670335304,0.19998761485995184,0.20719599551919562,0.21676679454092945,0.19241529576359948,0.20203891291313292,0.21594793382105318,0.23523049885088548,0.24027762476589182,0.2479884278094205,0.25745236631837737,0.27107696491705197,0.289195775792039,0.3103853383458647,0.33303660843440525,0.35501009457018384,0.3777300393841747,0.3777300393841747,0.3777300393841747,0.3777300393841747]},"ART50PlusPercentTotal":{"startYear":1995,"endYear":2025,"values":[0.0,0.08072086636232537,0.1343754359316149,0.14743713549182139,0.13069123593238766,0.16670302841550783,0.16037043296282277,0.15524989887875962,0.15914960829506636,0.16774139810878336,0.17699889381001638,0.1854450294509704,0.1913939562407594,0.19804428116448575,0.20613406799430298,0.18925759320645955,0.1983550437075685,0.2114785340915739,0.22981609944120118,0.23590857331653659,0.24389972276246144,0.2546804315858268,0.26815013671234067,0.2701184499296177,0.2898388239495833,0.31104583640372774,0.33164957199043726,0.35294772794772794,0.35294772794772794,0.35294772794772794,0.35294772794772794]},"HIV_15":{"startYear":1970,"endYear":2025,"values":[0.0,0.021454920650026167,0.019919882604201862,0.018069737419480862,0.016867596284878186,0.017185888151662027,0.016666666666666666,0.014814814814814815,0.013888888888888888,0.014000002000000001,0.014925435820895522,0.015557101111111112,0.014759430327868854,0.013845796855345913,0.013474624519230769,0.012329491417910447,0.01177232294117647,0.011267775647139502,0.01062504218523072,0.009919774023597795,0.00911030729476463,0.008292187732504157,0.007475192238659889,0.006819283997100416,0.0062658753421926125,0.006004388267865648,0.005879766531362716,0.005911670185393429,0.005911670185393429,0.005911670185393429,0.005911670185393429,0.006539509536784741,0.006987704918032787,0.007247170500182549,0.007320971867007672,0.007292398482506675,0.007214827714889912,0.007041472610334886,0.006836248012718601,0.006638519583183614,0.00698856416772554,0.006950537634408602,0.006855402847502263,0.006641053787047201,0.006477181745396318,0.00647268408551069,0.006416008614501077,0.006276270538784869,0.006463414634146342,0.0060586653003714625,0.00558368687559874,0.005005229344090841,0.004305578823923606,0.004305578823923606,0.004305578823923606,0.004305578823923606]},"HIV_15_ART":{"startYear":1995,"endYear":2025,"values":[0.48116363861901534,0.21079292439790434,0.05806036421462358,0.0313476461552861,0.014423736313751215,0.01270644078067988,0.0030303030303030303,0.001271186440677966,0.001164294954721863,0.001097804391217565,0.0010416666666666667,0.000970873786407767,0.0008980454305335446,0.0008296943231441048,0.0008,0.00098898628905372,0.0009773188272174072,0.0009828393135725428,0.0009019009296517275,0.001145737855178735,0.001199657240788346,0.0011453232633413563,0.0010973424902956106,0.001330514797314101,0.0012069897315798955,0.0010963240898164976,0.0009807880920786939,0.0008606345745596419,0.0008606345745596419,0.0008606345745596419,0.0008606345745596419]},"HIV_50":{"startYear":1970,"endYear":2025,"values":[0.0,0.006636748166197937,0.0069231229576360255,0.007291917402758663,0.008792689988592445,0.007715174838484876,0.00790417222222222,0.009816811111111112,0.00819876111111111,0.008,0.008955223880597015,0.01,0.009016393442622951,0.00880503144654088,0.009134615384615383,0.009328358208955223,0.009411764705882354,0.009624456907448425,0.009677578933891718,0.009922778765042583,0.00988489595805526,0.010022122844743964,0.010037225047408574,0.010241410624340691,0.010304934635333904,0.010512857219601001,0.010727293912745444,0.011054563016634954,0.011054563016634954,0.011054563016634954,0.011054563016634954,0.011830154405086285,0.011372950819672132,0.011263234757210661,0.011572890025575447,0.012097794014331881,0.012837417589252395,0.013739188290086492,0.014765500794912558,0.015828242903341717,0.016055545471047376,0.016696774193548383,0.0173565961649247,0.018190371648110396,0.019463570856685347,0.02013064133016627,0.020459440057430008,0.020643867023309136,0.02040243902439025,0.020545664147559893,0.020473518543862052,0.02030479605558047,0.020254649019936333,0.020254649019936333,0.020254649019936333,0.020254649019936333]},"HIV_50_ART":{"startYear":1995,"endYear":2025,"values":[0.0,0.013075908514103575,0.022725449193061888,0.0226083187811527,0.02686119472254884,0.025864758287205965,0.02727272727272727,0.026906779661016948,0.026778783958602847,0.027644710578842314,0.029166666666666667,0.03087378640776699,0.03285789751716852,0.03510917030567686,0.03752727272727273,0.03603056866711621,0.03785727457127051,0.040046801872074884,0.04281948106008048,0.042713107241063246,0.04315909740074265,0.04387916009627355,0.04474469991042102,0.04323551355384233,0.04421425568966552,0.04490238611713666,0.045422027346679744,0.04584313500487693,0.04584313500487693,0.04584313500487693,0.04584313500487693]},"PercPregAccessAntenatalCare":{"value":100,"year":"2009"},"MortalityByAge":[{"year":1990,"cause":"tot","sex":1,"values":[0.0,1446.0,135.0,189.0,595.0,926.0,937.0,778.0,841.0,993.0,1357.0,1716.0,2020.0,2852.0,3580.0,4627.0,5497.0,11924.0]},{"year":1990,"cause":"tot","sex":2,"values":[0.0,1017.0,111.0,122.0,369.0,492.0,467.0,453.0,532.0,732.0,975.0,1304.0,1538.0,2083.0,2602.0,3501.0,4498.0,10896.0]},{"year":1991,"cause":"tot","sex":1,"values":[0.0,1328.0,169.0,189.0,597.0,918.0,988.0,779.0,829.0,1057.0,1428.0,1721.0,2006.0,2704.0,3613.0,4470.0,5311.0,12032.0]},{"year":1991,"cause":"tot","sex":2,"values":[0.0,1008.0,120.0,117.0,386.0,508.0,532.0,459.0,529.0,721.0,941.0,1250.0,1553.0,2027.0,2558.0,3437.0,4393.0,11008.0]},{"year":1992,"cause":"tot","sex":1,"values":[0.0,1228.0,175.0,191.0,542.0,846.0,939.0,821.0,823.0,1069.0,1389.0,1731.0,2210.0,2770.0,3541.0,4664.0,5520.0,13148.0]},{"year":1992,"cause":"tot","sex":2,"values":[0.0,837.0,93.0,114.0,353.0,480.0,529.0,436.0,562.0,774.0,1053.0,1266.0,1540.0,2080.0,2660.0,3678.0,4602.0,12760.0]},{"year":1993,"cause":"tot","sex":1,"values":[0.0,1084.0,193.0,186.0,510.0,863.0,944.0,925.0,878.0,1101.0,1416.0,1850.0,2187.0,2971.0,3766.0,4947.0,5825.0,14350.0]},{"year":1993,"cause":"tot","sex":2,"values":[0.0,775.0,101.0,112.0,278.0,452.0,491.0,497.0,541.0,774.0,1011.0,1309.0,1647.0,2156.0,2711.0,3601.0,4762.0,13255.0]},{"year":1994,"cause":"tot","sex":1,"values":[0.0,1091.0,174.0,172.0,444.0,839.0,1022.0,1007.0,879.0,1147.0,1472.0,1922.0,2342.0,2749.0,3887.0,4837.0,5830.0,14207.0]},{"year":1994,"cause":"tot","sex":2,"values":[0.0,800.0,119.0,97.0,258.0,445.0,492.0,518.0,529.0,806.0,981.0,1292.0,1635.0,2163.0,2828.0,3692.0,4630.0,13306.0]},{"year":1995,"cause":"tot","sex":1,"values":[0.0,1072.0,189.0,172.0,448.0,790.0,938.0,1046.0,826.0,1091.0,1463.0,1891.0,2388.0,2840.0,3787.0,4651.0,5724.0,13888.0]},{"year":1995,"cause":"tot","sex":2,"values":[0.0,774.0,122.0,107.0,223.0,412.0,466.0,554.0,507.0,813.0,1011.0,1366.0,1695.0,2203.0,2781.0,3531.0,4500.0,13632.0]},{"year":1996,"cause":"tot","sex":1,