{"countryCode":218,"subnatCode":0,"Regions":{"region":"Latin America and Caribbean"},"ART50PlusPercentFemales":{"startYear":1995,"endYear":2025,"values":[0.14517178776353437,0.15614860952011891,0.16917086649339003,0.17247112098134385,0.17864173524346605,0.18697228132100063,0.20159457133814757,0.2130851748254566,0.21929240600760275,0.2022784982841604,0.18144148130148655,0.17991356517296442,0.1780821845749671,0.17626843600356562,0.1763328568347369,0.1757139613802926,0.178662805311729,0.18259849514265253,0.17512460376641828,0.16798312327438317,0.1685543300877969,0.17523099367806777,0.18563418699803,0.19048894842598793,0.18415300546448088,0.19308859721082855,0.2020972354623451,0.21098060153052145,0.21098060153052145,0.21098060153052145,0.21098060153052145]},"ART50PlusPercentMales":{"startYear":1995,"endYear":2025,"values":[0.20388756115683312,0.2053495826613168,0.22287394925792592,0.23074057020614516,0.2404187959448707,0.25714511235813853,0.2661296749815114,0.28117602975076067,0.29867542387589874,0.26193010188253274,0.23628877290302047,0.23369484774916033,0.2306051591392528,0.2292293791045409,0.23142341166522318,0.22931049093566924,0.23127093248722017,0.24422805088738808,0.26657219335537713,0.28663396689147763,0.2841409691629956,0.2898611695414388,0.28883031900390804,0.2872944693572496,0.26102541820551817,0.25844817821408345,0.26731411495869223,0.2757772126978919,0.2757772126978919,0.2757772126978919,0.2757772126978919]},"ART50PlusPercentTotal":{"startYear":1995,"endYear":2025,"values":[0.18413925153338886,0.1903883078670557,0.20502631967213172,0.20995876069164146,0.21965601565567405,0.23358014123770549,0.24302142111855532,0.2566952747666322,0.26967107463520845,0.24216087503216677,0.21896913834653264,0.21722287215399236,0.21514443554933407,0.21396907434113102,0.2160559567745147,0.2148837093880646,0.2174775839166478,0.22693680523726673,0.23478115203498964,0.2379875339942536,0.23781805892082936,0.24475346048351088,0.2501420293148506,0.2526144104384534,0.23550540599375952,0.2378397595423548,0.24673644949768392,0.2553412504562172,0.2553412504562172,0.2553412504562172,0.2553412504562172]},"HIV_15":{"startYear":1970,"endYear":2025,"values":[0.0,0.0,0.0,0.0,0.0,0.024535018316015962,0.0234784616424065,0.022086056774196682,0.022485224396918177,0.021052631578947368,0.019444444444444445,0.019230769230769232,0.0182648401826484,0.01802817661971831,0.01735991754068716,0.017053628356594252,0.016389371818362263,0.01611270551922987,0.016298519969064333,0.01591910994074059,0.01510015010665563,0.013835588106124869,0.01246096281208051,0.011150138641257513,0.010044511412975207,0.009171366602771193,0.008492652839708022,0.007980754754685659,0.007980754754685659,0.007980754754685659,0.007980754754685659,0.006866382899064144,0.0062435684849615316,0.00581068994532529,0.00558398130615205,0.005512258483520051,0.005449724658372425,0.005450941526263627,0.005470330411328388,0.00551697364448087,0.005592076041574131,0.005641332903166337,0.005582761998041136,0.005536299765807962,0.005590062111801242,0.005817708333333333,0.005967360844002417,0.006125875745469283,0.006357927786499214,0.007292295312814322,0.00793905372894948,0.00857761492338441,0.009901433691756273,0.009901433691756273,0.009901433691756273,0.009901433691756273]},"HIV_15_ART":{"startYear":1995,"endYear":2025,"values":[0.00019489316783304826,0.00015533924958924857,0.0001292671335577236,0.00011136999934673732,0.00010379805486246301,0.00010159986968133824,0.00010270771078977245,0.00011037803227433684,0.00012578278483802336,0.00043956043956043956,0.0005121638924455827,0.0027347310847766638,0.004192355117139334,0.0043884599756196675,0.004063400576368876,0.0036838723495395157,0.0035524568393094287,0.003548481308411215,0.003542673107890499,0.003501068122478044,0.00331858407079646,0.0032516891891891894,0.0032123645730737175,0.003177150192554557,0.0031892174078116844,0.0030913408531931135,0.003010821387213992,0.0030274468405971948,0.0030274468405971948,0.0030274468405971948,0.0030274468405971948]},"HIV_50":{"startYear":1970,"endYear":2025,"values":[0.0,0.0,0.0,0.0,0.0,0.005317500306401755,0.00547868721115629,0.0056931449407414516,0.006108139313953319,0.0069397131578947365,0.005555555555555556,0.006153846153846154,0.00639269406392694,0.006478873239436619,0.006329113924050633,0.006373336959704836,0.006419406157539161,0.006433026235357447,0.006491373860111788,0.0066061231570058426,0.006820170369226087,0.007066998711988921,0.007345522252286823,0.007648778199798678,0.00798217801142937,0.008355193838384461,0.008779998288617813,0.00924470476101015,0.00924470476101015,0.00924470476101015,0.00924470476101015,0.01110175146907617,0.011711999759968063,0.012266029731164092,0.01269892429797349,0.013050008118201006,0.0134040383438711,0.013619094813346546,0.013713755900202294,0.013777336841651208,0.01395576085990939,0.01415403051113057,0.01461685555711021,0.015400468384074939,0.01592758438056719,0.015651041666666664,0.015704159569207104,0.01606739621330554,0.015371533228676086,0.013749748541540941,0.013044640470462431,0.012558294470353094,0.011693548387096759,0.011693548387096759,0.011693548387096759,0.011693548387096759]},"HIV_50_ART":{"startYear":1995,"endYear":2025,"values":[0.02732095103226917,0.02830647598594119,0.029148874185899423,0.030459313184055703,0.0316127221345372,0.03276667524274452,0.034185385194026315,0.03536238441923134,0.03727699656622243,0.03428571428571429,0.0323943661971831,0.03226982680036463,0.03212083847102343,0.031978870377895166,0.0322478386167147,0.03180552580852431,0.032254316069057105,0.03332359813084112,0.033829844337090714,0.03378827438879658,0.03364755675259715,0.03445101351351351,0.035032957042200163,0.035417201540436455,0.033097622324521854,0.03331778475108133,0.034097352553607796,0.034802443070426785,0.034802443070426785,0.034802443070426785,0.034802443070426785]},"PercPregAccessAntenatalCare":{"value":84.1,"year":"2007"},"MortalityByAge":[{"year":1990,"cause":"tot","sex":1,"values":[0.0,6101.0,531.0,489.0,771.0,1056.0,954.0,952.0,980.0,947.0,1017.0,1142.0,1251.0,1515.0,1687.0,1859.0,2080.0,4303.0]},{"year":1990,"cause":"tot","sex":2,"values":[0.0,5246.0,406.0,344.0,452.0,524.0,442.0,496.0,549.0,590.0,619.0,757.0,906.0,1118.0,1221.0,1539.0,1694.0,5406.0]},{"year":1991,"cause":"tot","sex":1,"values":[0.0,5854.0,560.0,504.0,820.0,1076.0,1088.0,1014.0,1054.0,1116.0,1139.0,1262.0,1413.0,1697.0,1766.0,2140.0,2245.0,4873.0]},{"year":1991,"cause":"tot","sex":2,"values":[0.0,4955.0,425.0,381.0,517.0,544.0,500.0,522.0,586.0,623.0,659.0,815.0,941.0,1240.0,1366.0,1577.0,1866.0,5990.0]},{"year":1992,"cause":"tot","sex":1,"values":[0.0,5751.0,532.0,504.0,799.0,1175.0,1146.0,1084.0,1094.0,1027.0,1102.0,1201.0,1350.0,1736.0,1873.0,2075.0,2178.0,4943.0]},{"year":1992,"cause":"tot","sex":2,"values":[0.0,5001.0,438.0,356.0,511.0,458.0,551.0,542.0,616.0,659.0,686.0,851.0,965.0,1224.0,1392.0,1628.0,1803.0,5913.0]},{"year":1993,"cause":"tot","sex":1,"values":[0.0,5466.0,486.0,494.0,778.0,1117.0,1176.0,1149.0,1060.0,1052.0,1114.0,1189.0,1385.0,1684.0,1782.0,1990.0,2167.0,5066.0]},{"year":1993,"cause":"tot","sex":2,"values":[0.0,4426.0,397.0,368.0,535.0,566.0,530.0,578.0,622.0,604.0,697.0,821.0,932.0,1196.0,1301.0,1574.0,1795.0,6116.0]},{"year":1994,"cause":"tot","sex":1,"values":[0.0,4811.0,449.0,453.0,749.0,1122.0,1186.0,1147.0,1101.0,1087.0,1147.0,1224.0,1421.0,1631.0,1843.0,2094.0,2214.0,4866.0]},{"year":1994,"cause":"tot","sex":2,"values":[0.0,4065.0,372.0,282.0,452.0,538.0,504.0,536.0,595.0,627.0,768.0,809.0,926.0,1151.0,1290.0,1571.0,1739.0,6071.0]},{"year":1995,"cause":"tot","sex":1,"values":[0.0,4488.0,474.0,416.0,908.0,1215.0,1215.0,1148.0,1147.0,1103.0,1121.0,1211.0,1329.0,1647.0,1843.0,2006.0,2080.0,5168.0]},{"year":1995,"cause":"tot","sex":2,"values":[0.0,3746.0,347.0,296.0,538.0,505.0,499.0,504.0,538.0,645.0,701.0,784.0,946.0,1202.0,1338.0,1675.0,1831.0,6089.0]},{"year":1996,"cause":"tot","sex":1,