{"countryCode":232,"subnatCode":0,"Regions":{"region":"East Africa"},"ART50PlusPercentFemales":{"startYear":1995,"endYear":2025,"values":[0.0,0.0,0.0,0.0,0.0,0.0,0.0,0.16758651763552715,0.16988960791273705,0.16385402064592094,0.1664894693501004,0.16005384382518095,0.16343825665859565,0.16691729323308271,0.17318757192174913,0.17687074829931973,0.18070554355651547,0.18823895457373988,0.19803646563814867,0.20644838790302425,0.2182314162309616,0.2354613030170529,0.2526272408819287,0.2664676245568203,0.2811752647762214,0.2959344468956823,0.312719298245614,0.3300150006818492,0.3300150006818492,0.3300150006818492,0.3300150006818492]},"ART50PlusPercentMales":{"startYear":1995,"endYear":2025,"values":[0.0,0.0,0.0,0.0,0.0,0.0,0.0,0.17449244344449583,0.18052536015377074,0.18090622865691594,0.17086347196320745,0.17131634141549962,0.17548575469962,0.1796028880866426,0.18413978494623656,0.1862370289459312,0.19416547106647536,0.20189144736842105,0.20956801142449125,0.2175609756097561,0.22905364677516576,0.24395791868069377,0.2592391304347826,0.2855920114122682,0.30204962243797195,0.3125310790651417,0.32240184757505774,0.33132270573028866,0.33132270573028866,0.33132270573028866,0.33132270573028866]},"ART50PlusPercentTotal":{"startYear":1995,"endYear":2025,"values":[0.0,0.0,0.0,0.0,0.0,0.0,0.0,0.17060947972912013,0.17266777319715576,0.1741213038134733,0.1679472258699366,0.1662935200481208,0.1695654371235359,0.17275338530980713,0.1783498759305211,0.1811199207135778,0.1865242399342646,0.1941541186891054,0.20314218381775334,0.21124770382930622,0.22288454062459506,0.23915461624026696,0.25544879306304197,0.2740916271721959,0.28930028239723876,0.3024018520304813,0.3164726947179946,0.3304391384204375,0.3304391384204375,0.3304391384204375,0.3304391384204375]},"HIV_15":{"startYear":1970,"endYear":2025,"values":[0.0,0.0,0.0,0.0,0.0,0.0092269311737251,0.007908907283765008,0.00805544309053967,0.007773926320932773,0.009090909090909092,0.007142857142857143,0.008108108108108109,0.007874015748031496,0.008219361643835618,0.007843932773109243,0.007828840986394558,0.007510671168274384,0.007272820885200553,0.007032991171003719,0.0068725127948303716,0.007037213740458015,0.007159005275056519,0.007315541601255887,0.007473841554559043,0.007578491519307109,0.007364382393690716,0.00707989764003412,0.006597938144329896,0.006597938144329896,0.006597938144329896,0.006597938144329896,0.0046727020481391246,0.004648738809484948,0.004825983934575939,0.00521840674470434,0.005860908581043186,0.006702801740590884,0.007713057405378066,0.00883313123775767,0.009967051070840198,0.011147991301362025,0.01238156209987196,0.013521247674917728,0.014573991031390135,0.015709367639065046,0.016806550665301942,0.017161862527716187,0.0176398729538236,0.018317219754376796,0.018557016202996025,0.018976708667430318,0.019376278118609407,0.020724980299448383,0.020724980299448383,0.020724980299448383,0.020724980299448383]},"HIV_15_ART":{"startYear":1995,"endYear":2025,"values":[0.0,0.0,0.0,0.0,0.0,0.0,7.529052548165025,0.08752565135484972,0.04269629757954644,0.027111056648010643,0.005945945945945947,0.0051359516616314195,0.005219364599092285,0.005406746031746032,0.005813514533786334,0.0061422087745839635,0.006363636363636364,0.006638821719059134,0.006920347003154574,0.007058402006449301,0.007103551775887944,0.0072936972059779075,0.007318224740321058,0.006917456863049899,0.007225901398086829,0.0076465707964601766,0.008068107400130977,0.00841645885286783,0.00841645885286783,0.00841645885286783,0.00841645885286783]},"HIV_50":{"startYear":1970,"endYear":2025,"values":[0.0,0.0,0.0,0.0,0.0,0.00807126107835572,0.008520346517439695,0.00913053800179534,0.008753004980768675,0.007910659090909091,0.007142857142857143,0.008108108108108109,0.008661417322834646,0.008675799086757991,0.008403361344537815,0.008503401360544218,0.008467309753483388,0.008575380359612726,0.008689591078066914,0.008756058158319872,0.009088740458015268,0.009551620195930671,0.010172684458398744,0.010803098247044436,0.011379766630578611,0.01168069913673665,0.011780873850819827,0.011752577319587629,0.011752577319587629,0.011752577319587629,0.011752577319587629,0.01125396361100345,0.011217022122274474,0.011308598066308023,0.01151488737963277,0.01176388109927089,0.012000916100465683,0.012315603135800388,0.012732021266672885,0.013272240527182868,0.014055167677692573,0.014916773367477593,0.015681785663185004,0.01639974375400385,0.017412574741801055,0.018239508700102353,0.019467849223946787,0.020351820180796485,0.02098249281421479,0.02072760623662487,0.01996945399007255,0.018967280163599193,0.01796690307328606,0.01796690307328606,0.01796690307328606,0.01796690307328606]},"HIV_50_ART":{"startYear":1995,"endYear":2025,"values":[0.0,0.0,0.0,0.0,0.0,0.0,0.0,0.02198563926029785,0.01800818814306677,0.021688845318408517,0.023243243243243242,0.02311178247734139,0.023449319213313162,0.024156746031746033,0.025330313325783314,0.026021180030257187,0.027297979797979797,0.028929435040668278,0.03069794952681388,0.032192762450734505,0.034200433550108385,0.03716699155295647,0.0403525338369531,0.044147365148453285,0.047255334805003685,0.04976493362831858,0.051735428945645055,0.05314214463840399,0.05314214463840399,0.05314214463840399,0.05314214463840399]},"PercPregAccessAntenatalCare":{"value":69.5,"year":"2010"},"DHSPrevalenceByAge":[{"surveyYear":2010,"surveyName":"2010 PHS","values":[[[0.0,0.0,0.0,0.0,0.0,0.0,0.0,0.0,0.0,0.0,0.0,0.0,0.0],[0.0,0.0,0.0,0.0,0.0,0.0,0.0,0.0,0.0,0.0,0.0,0.0,0.0],[0.0,0.0,0.0,0.0,0.0,0.0,0.0,0.0,0.0,0.0,0.0,0.0,0.0],[0.0,0.0,0.0,0.0,0.0,0.0,0.0,0.0,0.0,0.0,0.0,0.0,0.0],[0.0,0.0,0.0,0.0,0.0,0.0,0.0,0.0,0.0,0.0,0.0,0.0,0.0]],[[0.0,0.0,0.0,0.0,0.0,0.0,0.0,0.0,0.0,0.0,0.0,0.0,0.0],[0.0,-1.0,-1.0,-1.0,2.78616688124504e-12,2.77303417669348e-12,0.00258674088433905,0.00819879085142879,0.0160309032172427,0.0152326366285027,0.00890055557071737,0.00963437802250343,0.0126266489743888],[0.0,-1.0,-1.0,-1.0,2.59857180046857e-12,2.51076619435134e-12,0.000360274270737725,0.00213168611570751,0.00757680773086117,0.00628429142452707,0.00203839527795224,0.00288911490779981,0.00455449830977631],[0.0,-1.0,-1.0,-1.0,2.98730475284417e-12,3.06269797737839e-12,0.0183204270670345,0.0309973999572737,0.0335986055136887,0.0364552918601195,0.0379845715396279,0.0316283799636356,0.034509476385209],[0.0,-1.0,-1.0,-1.0,1390.0,590.0,431.0,347.0,440.0,353.0,404.0,329.0,397.0]],[[0.0,0.0,0.0,0.0,0.0,0.0,0.0,0.0,0.0,0.0,0.0,0.0,0.0],[0.0,-1.0,-1.0,-1.0,0.0014829225581537,0.00227165569249166,0.0148733164964409,0.0172285067669349,0.0288858553891287,0.0132317516680302,0.00907696518630098,-1.0,-1.0],[0.0,-1.0,-1.0,-1.0,0.000343403797781935,0.000838578497361567,0.00901785580122445,0.0108400401441844,0.0203404001161357,0.00740982289919315,0.00419126232615866,-1.0,-1.0],[0.0,-1.0,-1.0,-1.0,0.00637958163539172,0.00613872387657202,0.0244370795046873,0.0272781237483123,0.0408716653568673,0.0235196049655551,0.0195460842215305,-1.0,-1.0],[0.0,-1.0,-1.0,-1.0,2053.0,1637.0,1578.0,1217.0,1379.0,936.0,917.0,-1.0,-1.0]]]}],"45q15WPP":{"1972.0":0.57497927083873,"1977.0":0.567055758138064,"1982.0":0.55914921546953,"1987.0":0.5202008645190229,"1992.0":0.465458852724418,"1997.0":0.402988317529551,"2002.0":0.36277366270801203,"2007.0":0.323411457947282,"2012.0":0.272013314138916,"2017.0":0.244935514606766,"2022.0":0.220129528257341},"InfantFeedingModel":[{"region":"Eastern Africa","bgn":0.986919292924666,"med":3.1976824253049747,"shp":1.744965885657404}],"EpidemicType":{"Epidemic Type":"Generalized"},"SexualActivity15-19":{"SexAct_F_15_19":28,"Source":"2002 DHS"},"Meningitis":{"CrAGPlus":0.037,"EconCat":"Low income","InCare":0.63,"NotInCare":1}}