{"ART50PlusPercentFemales":{"startYear":1995,"endYear":2025,"values":[0.0,0.0,0.0,0.0,0.0,0.0,0.0,0.0,0.21566886267545074,0.21352428962798123,0.21737038966844588,0.21638167571900346,0.20252686794125405,0.2131106981739286,0.21053261279242252,0.2153558052434457,0.2225609756097561,0.23140495867768596,0.23959646910466584,0.244173140954495,0.23651452282157676,0.215556685307575,0.20254908715122288,0.17238183503243745,0.1799964532718567,0.18829516539440203,0.19266467065868265,0.20699794178182887,0.20699794178182887,0.20699794178182887,0.20699794178182887]},"ART50PlusPercentMales":{"startYear":1995,"endYear":2025,"values":[0.0,0.0,0.0,0.0,0.0,0.0,0.0,0.0,0.1598,0.18979523322099587,0.169078679779214,0.17709389030249317,0.17135627056369662,0.18426074227284492,0.18920325390472761,0.20052848959395755,0.21496494530634605,0.2299271048997498,0.24299994992848142,0.2595518310649176,0.26978713860439807,0.1829105473965287,0.15254671103148196,0.16931907122358467,0.18678694613955957,0.2052801724137931,0.21466768525592056,0.23078848560700876,0.23078848560700876,0.23078848560700876,0.23078848560700876]},"ART50PlusPercentTotal":{"startYear":1995,"endYear":2025,"values":[0.0,0.0,0.0,0.0,0.0,0.0,0.0,0.0,0.18773437546875096,0.18476345928154217,0.19253669744077537,0.20121479777348186,0.18950099773566434,0.20139441655698845,0.2025390492614812,0.20965067222177017,0.21967808577050102,0.23082315987557095,0.24168113147180642,0.24995303077357509,0.24770025051337052,0.1980550284629981,0.17388750183580556,0.17114675915889876,0.18275568785881352,0.1947970863683663,0.20081078533044217,0.2158006853755673,0.2158006853755673,0.2158006853755673,0.2158006853755673]},"HIV_15":{"startYear":1970,"endYear":2025,"values":[0.0,0.0,0.0,0.0,0.0,0.0,0.012683644474500662,0.011953403384725511,0.012296104938074787,0.010969878797100135,0.013080064338220468,0.014285714285714285,0.013793103448275862,0.014117647058823528,0.013815967434210527,0.013662846679316889,0.013419821215596331,0.013347006886657103,0.013490007584269664,0.01359218564516129,0.013746521498371337,0.013300920298662961,0.012714962762356128,0.012048721606496214,0.011252555287121352,0.010474724562540507,0.00959024820091056,0.008774449459718234,0.008774449459718234,0.008774449459718234,0.008774449459718234,0.006608820459290188,0.006679671734158482,0.007078592107753859,0.007753833576301288,0.008774144785468212,0.010034169514126178,0.01147249622322936,0.012948282370705926,0.014366956001197246,0.015561385099685205,0.016440008773853917,0.016997842625184514,0.017233719162866833,0.01722309268410269,0.01711074630635181,0.01801983526643133,0.021246384433342102,0.031047120418848172,0.026031584309730002,0.02243975903614458,0.021674491392801244,0.018518518518518517,0.018518518518518517,0.018518518518518517,0.018518518518518517]},"HIV_15_ART":{"startYear":1995,"endYear":2025,"values":[0.0,0.0,0.0,0.0,0.0,0.0,0.0,0.0,0.0016237331704962918,0.0020018001582602567,0.0028463083333333332,0.0049180327868852455,0.006024096385542169,0.007124681933842239,0.007806691449814127,0.008309037900874635,0.008727272727272728,0.008794788273615635,0.008559919436052367,0.008340888485947415,0.00823699421965318,0.010056196391600119,0.009422222222222222,0.008709297763828951,0.008546897359177833,0.008309640734039803,0.00883567299752271,0.008692571158615802,0.008692571158615802,0.008692571158615802,0.008692571158615802]},"HIV_50":{"startYear":1970,"endYear":2025,"values":[0.0,0.0,0.0,0.0,0.0,0.0,0.005274035581024245,0.005691493180095278,0.006025409587876049,0.006824142202100051,0.006086672779126066,0.007129516666666667,0.006896551724137931,0.007058823529411764,0.00756578947368421,0.007969639468690703,0.008371559633027523,0.008823529411764706,0.009269662921348315,0.00967741935483871,0.010027919962773383,0.010296926549748219,0.01056194989844279,0.010775814770108636,0.01095521278572756,0.011074206092028515,0.011191070641797621,0.011257009984954179,0.011257009984954179,0.011257009984954179,0.011257009984954179,0.011443110647181629,0.011496031212161981,0.011576931854017484,0.01171508547725497,0.011916692765424368,0.012159346612217682,0.012476672887230072,0.012825594563986407,0.013199640826099968,0.013557187827911855,0.01384075455143672,0.014057000113546044,0.014240617327253595,0.014318428347595518,0.014168455613082458,0.01252311312825685,0.011701288456481725,0.009162303664921465,0.009016811003565979,0.008885542168674708,0.007981220657277008,0.008274231678486997,0.008274231678486997,0.008274231678486997,0.008274231678486997]},"HIV_50_ART":{"startYear":1995,"endYear":2025,"values":[0.0,0.0,0.0,0.0,0.0,0.0,0.0,0.0,0.022360833423615965,0.021582906165653552,0.02291666666666667,0.022950819672131147,0.022891566265060243,0.023664122137404583,0.02472118959107807,0.025947521865889212,0.02703030303030303,0.028881650380021717,0.030513595166163143,0.03136899365367181,0.03070809248554913,0.025879917184265012,0.02302222222222222,0.02241401856937361,0.02440483933914401,0.026453864047557507,0.027096850300813966,0.02913664816345813,0.02913664816345813,0.02913664816345813,0.02913664816345813]},"DHSPrevalenceByAge":[{"surveyYear":2005,"surveyName":"2005 DHS","values":[[[0.0,0.0,0.0,0.0,0.0,0.0,0.0,0.0,0.0,0.0,0.0,0.0,0.0],[0.0,0.0,0.0,0.0,0.0,0.0,0.0,0.0,0.0,0.0,0.0,0.0,0.0],[0.0,0.0,0.0,0.0,0.0,0.0,0.0,0.0,0.0,0.0,0.0,0.0,0.0],[0.0,0.0,0.0,0.0,0.0,0.0,0.0,0.0,0.0,0.0,0.0,0.0,0.0],[0.0,0.0,0.0,0.0,0.0,0.0,0.0,0.0,0.0,0.0,0.0,0.0,0.0]],[[0.0,0.0,0.0,0.0,0.0,0.0,0.0,0.0,0.0,0.0,0.0,0.0,0.0],[0.0,-1.0,-1.0,-1.0,2.79279564390451e-12,0.0259985767709655,0.157826236799946,0.161399334358649,7.70635546621969e-12,0.0548548995555584,7.65930724782425e-12,2.04002472560993e-11,2.07227509160639e-11],[0.0,-1.0,-1.0,-1.0,1.86167819299926e-12,0.00337868103072687,0.0628667407575616,0.0706881230259708,3.99056157168711e-12,0.00584212502588316,4.02004974069046e-12,6.78324574164465e-12,5.49028481517454e-12],[0.0,-1.0,-1.0,-1.0,4.18961103908223e-12,0.173667244428566,0.343626387785848,0.32749446973191,1.48820945384939e-11,0.364359418346084,1.45930999118195e-11,6.13526479725779e-11,7.82167810901494e-11],[0.0,-1.0,-1.0,-1.0,18.246813142891,14.4340462175108,15.7957486908608,10.0765983027905,4.08510742005022,5.71915038807031,7.08085286142038,2.45106445203013,2.72340494670015]],[[0.0,0.0,0.0,0.0,0.0,0.0,0.0,0.0,0.0,0.0,0.0,0.0,0.0],[0.0,-1.0,-1.0,-1.0,0.0276692643951917,0.0713225422980889,0.0737556304021631,0.0789879941869552,0.0716297385540802,7.61420931210943e-12,0.0247625062188891,-1.0,-1.0],[0.0,-1.0,-1.0,-1.0,0.00679274301733169,0.0227969231244293,0.0317756304351247,0.0139569377402685,0.0137266139449787,4.1160422150326e-12,0.00266467309948325,-1.0,-1.0],[0.0,-1.0,-1.0,-1.0,0.105867744364626,0.201808521569293,0.161921878477764,0.341946691308671,0.299591551560433,1.4085420027205e-11,0.194395989267531,-1.0,-1.0],[0.0,-1.0,-1.0,-1.0,15.7957486908608,17.4297916588809,21.5148990789312,11.1659602814706,11.7106412708106,8.17021484010044,7.35319335609039,-1.0,-1.0]]]},{"surveyYear":2011,"surveyName":"2011 DHS",