{"Regions":{"region":"West Africa"},"ART50PlusPercentFemales":{"startYear":1995,"endYear":2025,"values":[0.0,0.0,0.0,0.0,0.0,0.0,0.0,0.0,0.0,0.0,0.183288927478344,0.19116272945704907,0.20727966418923674,0.20834418889105022,0.20776699029126214,0.20705882352941177,0.20140216698534097,0.20378521126760563,0.21207430340557276,0.22520296505471232,0.23756218905472637,0.2488025545502927,0.2555604982206406,0.24079616881173302,0.23741271591326718,0.2332782824112304,0.24500652413931548,0.2592849361196395,0.2592849361196395,0.2592849361196395,0.2592849361196395]},"ART50PlusPercentMales":{"startYear":1995,"endYear":2025,"values":[0.0,0.0,0.0,0.0,0.0,0.0,0.0,0.0,0.0,0.0,0.18886788708241323,0.19672639996577712,0.22433039680866027,0.2255640071808633,0.23398378315925433,0.2313022882873977,0.2380911061212876,0.25304110543172903,0.27085542456503287,0.29470379784212564,0.321117873583198,0.34281322059953884,0.3629316420014094,0.2754897036664992,0.2683116378472897,0.26080150281778336,0.27498494882600844,0.2921646746347942,0.2921646746347942,0.2921646746347942,0.2921646746347942]},"ART50PlusPercentTotal":{"startYear":1995,"endYear":2025,"values":[0.0,0.0,0.0,0.0,0.0,0.0,0.0,0.0,0.0,0.0,0.1870506668913455,0.19358665027572025,0.21400781008250866,0.2147192546588908,0.21819688228068673,0.21687491305700676,0.21391870940380908,0.21833258658411112,0.229111926903132,0.24502904477742818,0.2599890367364418,0.27287097411578737,0.28136624957727424,0.25377473506517867,0.24936138241923367,0.24419978851775828,0.25700006021557176,0.27249022164276404,0.27249022164276404,0.27249022164276404,0.27249022164276404]},"HIV_15":{"startYear":1970,"endYear":2025,"values":[0.0,0.0,0.0,0.0,0.0,0.0,0.003309226283272992,0.0024293412348864317,0.0020174867681058395,0.0018153415500760904,0.0018015548128070657,0.0019289855302459034,0.0019635902261494415,0.002105176892682194,0.0016956,0.002474520987654321,0.0027694675675675674,0.002071162913907285,0.002420937674418605,0.002111304347826087,0.0022270562352941174,0.0023996147540983606,0.0024886438636363634,0.0025019546520719314,0.0026529507309149976,0.002631578947368421,0.0026405451448040886,0.0025884383088869713,0.0025884383088869713,0.0025884383088869713,0.0025884383088869713,0.002124248496993988,0.002007250862145194,0.0019212295869356388,0.0018927911275415897,0.0019320638555441526,0.002003906561081709,0.0021571447248006277,0.0023515730990374055,0.002581311306143521,0.00292355303878317,0.0033642293168554753,0.0038245139235097213,0.004279930595720069,0.004737421961072347,0.005156815440289506,0.005545053560176434,0.006018287614297588,0.007186198691255206,0.007331060136391816,0.007914338919925512,0.006923269182704325,0.006084521384928718,0.006084521384928718,0.006084521384928718,0.006084521384928718]},"HIV_15_ART":{"startYear":1995,"endYear":2025,"values":[0.0,0.0,0.0,0.0,0.0,0.0,0.0,0.0,0.0,0.0,0.0003455807285892307,0.00036402973793491937,0.00031746031746031746,0.0012295081967213114,0.0019316493313521546,0.002079566003616636,0.0020299145299145296,0.0022565320665083135,0.002531194295900178,0.002945113788487283,0.0035659391331079003,0.004239130434782609,0.004635294117647059,0.004687696367977881,0.0054849364427985185,0.005818451156283434,0.00637004619499149,0.006761159986966438,0.006761159986966438,0.006761159986966438,0.006761159986966438]},"HIV_50":{"startYear":1970,"endYear":2025,"values":[0.0,0.0,0.0,0.0,0.0,0.0,0.008470854368941634,0.008961997292239881,0.009316364485949679,0.009566650955365399,0.009641338157577449,0.00805614155463242,0.009487394494243602,0.011654145608014024,0.010169491525423728,0.009876543209876543,0.009909909909909911,0.009933774834437087,0.010232558139534885,0.01036789297658863,0.01011764705882353,0.010163934426229508,0.01,0.009851446442533229,0.009745533297238766,0.009636222910216718,0.009511641113003975,0.009534081104400346,0.009534081104400346,0.009534081104400346,0.009534081104400346,0.011192384769539078,0.011769387213723583,0.012303874479666986,0.012798521256931608,0.013186488518673349,0.013712303528207093,0.014348280821022356,0.015039731248788683,0.01585570469798658,0.01652729307960756,0.01734294541709578,0.01820383163592337,0.019216310005783686,0.019985310319500554,0.02051417370325694,0.020912098298676747,0.021180382377389857,0.018120166567519334,0.016955982641041544,0.015526070763500929,0.015421144713821541,0.015453156822810602,0.015453156822810602,0.015453156822810602,0.015453156822810602]},"HIV_50_ART":{"startYear":1995,"endYear":2025,"values":[0.0,0.0,0.0,0.0,0.0,0.0,0.0,0.0,0.0,0.0,0.027729925362479518,0.029566771663133134,0.03142857142857143,0.031147540983606555,0.03209509658246657,0.0325497287522604,0.032692307692307694,0.03353127474267617,0.035080213903743315,0.03711512717536814,0.03857977251767599,0.03978260869565218,0.040258823529411764,0.036684680155837625,0.035722149934941445,0.034754341206485066,0.03633195558797309,0.03848973607038123,0.03848973607038123,0.03848973607038123,0.03848973607038123]},"PercPregAccessAntenatalCare":{"value":86.2,"year":"2013"},"DHSPrevalenceByAge":[{"surveyYear":2013,"surveyName":"2013 DHS","values":[[[0.0,0.0,0.0,0.0,0.0,0.0,0.0,0.0,0.0,0.0,0.0,0.0,0.0],[0.0,0.0,0.0,0.0,0.0,0.0,0.0,0.0,0.0,0.0,0.0,0.0,0.0],[0.0,0.0,0.0,0.0,0.0,0.0,0.0,0.0,0.0,0.0,0.0,0.0,0.0],[0.0,0.0,0.0,0.0,0.0,0.0,0.0,0.0,0.0,0.0,0.0,0.0,0.0],[0.0,0.0,0.0,0.0,0.0,0.0,0.0,0.0,0.0,0.0,0.0,0.0,0.0]],[[0.0,0.0,0.0,0.0,0.0,0.0,0.0,0.0,0.0,0.0,0.0,0.0,0.0],[0.0,-1.0,-1.0,-1.0,0.00327219244899232,2.5869436227594e-12,0.00566153884055616,0.0393475180626236,0.0594100136840439,0.0317214558282065,0.026730275227366,0.0389019572580021,0.0242797779370178],[0.0,-1.0,-1.0,-1.0,0.000657936745170571,2.20236174660773e-12,0.00155331344841928,0.0120592535870006,0.0303831785661204,0.0109438866946015,0.012230823600619,0.00901155520912253,0.00632720443418206],[0.0,-1.0,-1.0,-1.0,0.0161065535263887,3.03868214095306e-12,0.0204131133013962,0.120832598508814,0.112937866438227,0.0884198562632179,0.0574194058331917,0.152662624747616,0.0886270839405743],[0.0,-1.0,-1.0,-1.0,461.21419585783,316.246266858887,410.329296593957,70.2593803395163,141.82941023778,108.095633361924,237.068984924258,47.1745839486297,90.2075321054461]],[[0.0,0.0,0.0,0.0,0.0,0.0,0.0,0.0,0.0,0.0,0.0,0.0,0.0],[0.0,-1.0,-1.0,-1.0,0.00449906226182847,0.00286595792913001,0.0253052707528043,0.024872421251732,0.058778611343127,0.0486036130225916,0.0342753252069425,-1.0,-1.0],[0.0,-1.0,-1.0,-1.0,0.00164430990965113,0.000942007738045813,0.0139493185384415,0.0129246141033147,0.0358929130927384,0.024348400144408,0.0146639435936451,-1.0,-1.0],[0.0,-1.0,-1.0,-1.0,0.0122492542580499,0.00868521050172402,0.0454795565902637,0.0473353962320243,0.0948213111325169,0.094676508487871,0.0780375024750146,-1.0,-1.0],[0.0,-1.0,-1.0,-1.0,849.951296227757,1092.58383480959,426.806044437757,359.935018057109,262.717493707063,164.013242379046,156.285208952062,-1.0,-1.0]]]}],"45q15WPP":{"1972.0":0.462201262953805,"1977.0":0.408774896177988,"1982.0":0.361096122636778,"1987.0":0.32580613264318703,"1992.0":0.321476649019416,"1997.0":0.310696250268999,"2002.0":0.297645741824044,"2007.0":0.283440383350115,"2012.0":0.269927705929654,"2017.0":0.25455809735601204,"2022.0":0.241192386841064},"InfantFeedingModel":[{"region":"Western Africa","bgn":0.987685212796401,"med":3.08199288347353,"shp":2.16819176647394}],"EpidemicType":{"Epidemic Type":"Concentrated"},"SexualActivity15-19":{"SexAct_F_15_19":22.1,"Source":"2013 DHS"},"Preg_woman_prev":{"year":2013,"Prevalence":0.013862635008990765},"FRRbyLocation":{"Ratio":0.974432958}}