{"Regions":{"region":"High Income Countries"},"ART50PlusPercentFemales":{"startYear":1995,"endYear":2025,"values":[0.16018202570938136,0.15839246191437065,0.17476713560631027,0.17803269469532734,0.18702664463815322,0.1981469574993026,0.2079969937755754,0.21605082473589818,0.2289233051998778,0.23460415159641973,0.2460863619425975,0.2579546201059055,0.23939168866442287,0.2537510363376726,0.26830889664660573,0.28547575289848387,0.3023849968409193,0.31581052880330535,0.32596153846153847,0.33866666666666667,0.34954657873042044,0.36064318529862177,0.37205987170349253,0.3541543901001768,0.34580384226491406,0.3394495412844037,0.3321917808219178,0.34291876347951117,0.34291876347951117,0.34291876347951117,0.34291876347951117]},"ART50PlusPercentMales":{"startYear":1995,"endYear":2025,"values":[0.2106016610555975,0.20171152875164974,0.21956786876092252,0.228325559819909,0.2372752123152758,0.2514739011596347,0.26231179271499416,0.27308619689375924,0.28409385829493367,0.2953800926276147,0.3072823523021813,0.31895424836601305,0.3190546528803545,0.33154182062479004,0.343206106870229,0.35442686650013877,0.3625687156421789,0.3685388230029089,0.3712527297994838,0.3723516949152542,0.3756151770122242,0.37397800958556526,0.3782608695652174,0.36962559715587157,0.36762823668406025,0.36677473057040216,0.36454011741682973,0.37525864617203664,0.37525864617203664,0.37525864617203664,0.37525864617203664]},"ART50PlusPercentTotal":{"startYear":1995,"endYear":2025,"values":[0.20165190533330576,0.19392310838225,0.21157797797529407,0.21964337062655817,0.22900186513457046,0.24205060651920146,0.2528631367173867,0.26316396211642323,0.2747073886296127,0.28499233181211087,0.29641020145348945,0.30800471636907245,0.30317945682978975,0.31618233616786523,0.3287935180689509,0.3415356773262047,0.351733418104966,0.35927139479893944,0.36362139917695474,0.36671575846833576,0.3713068937982433,0.3717719861954064,0.37731757562615204,0.36720575862391325,0.36407086938607336,0.3621834634751514,0.3590442799636411,0.3697211155378486,0.3697211155378486,0.3697211155378486,0.3697211155378486]},"HIV_15":{"startYear":1970,"endYear":2025,"values":[0.0,0.01791044776119403,0.016176470588235296,0.014354066985645933,0.013074204946996466,0.011420612813370472,0.010045662100456623,0.009038461538461539,0.008291873963515755,0.007591240875912409,0.007161458333333333,0.006718950883392226,0.006558314484978541,0.006341459032576505,0.006325443299908842,0.0062247577834179365,0.006196955861526358,0.006081700586510264,0.00595890410958904,0.005818414322250639,0.005658129839189994,0.005537098560354375,0.0054414784394250515,0.005375832540437679,0.005260831122900088,0.005489637684329469,0.005817540766857647,0.005621705560064935,0.005621705560064935,0.005621705560064935,0.005621705560064935,0.0052214305989583334,0.005072762055214724,0.004875842343387471,0.004696511947267235,0.004552549427679501,0.0044444444444444444,0.0045036078626524015,0.00447585394581861,0.0044364777055792065,0.004425914047466325,0.004442148760330579,0.004510517799352751,0.0046689474743409135,0.0048510466988727855,0.00501002004008016,0.005167483660130719,0.005372405372405372,0.00581130355515041,0.006428752214629207,0.007279582366589327,0.008397212543554007,0.008913832948167713,0.008913832948167713,0.008913832948167713,0.008913832948167713]},"HIV_15_ART":{"startYear":1995,"endYear":2025,"values":[0.0004783692339293541,0.0004415011037527594,0.0004577813653136531,0.0003572679943100996,0.000405713058419244,0.0003531154302670623,0.0003112155709342561,0.0002795036209553159,0.0002678368530020704,0.00024906600249066,0.00022662889518413598,0.0002587991718426501,0.0004248088360237893,0.0003951007506914263,0.00040411462160176346,0.0003769705277587389,0.0004108723135271808,0.0004317789291882556,0.00043973098810139676,0.0004883720930232558,0.0005715495342929721,0.0007577192650123129,0.0008532126066515759,0.001107992317919929,0.0012180899313204614,0.0013043478260869566,0.001438411669367909,0.0012739472916464066,0.0012739472916464066,0.0012739472916464066,0.0012739472916464066]},"HIV_50":{"startYear":1970,"endYear":2025,"values":[0.0,0.01044776119402985,0.010294117647058823,0.011004784688995215,0.012367491166077738,0.013370473537604457,0.014383561643835616,0.015384615384615385,0.015920398009950248,0.016642335766423356,0.017187499999999998,0.017550058892815076,0.017918454935622316,0.018065153010858835,0.017958067456700092,0.017766497461928935,0.017387883556254917,0.016715542521994135,0.016095890410958904,0.015601023017902813,0.015187611673615247,0.015060908084163898,0.015092402464065707,0.015223596574690771,0.015384615384615384,0.014516440801154037,0.01361833406787131,0.01396103896103896,0.01396103896103896,0.01396103896103896,0.01396103896103896,0.014257812500000001,0.014509202453987732,0.014733178654292342,0.014968415270530075,0.015218522372528612,0.015432098765432103,0.015376959442647425,0.015759717314487633,0.01611023974904773,0.016442163780200986,0.016735537190082646,0.016929611650485434,0.01696518414167841,0.01712962962962963,0.01739478957915832,0.017933006535947704,0.01841676841676842,0.01886964448495898,0.018830675778283974,0.018416473317865428,0.01763066202090593,0.017596566523605153,0.017596566523605153,0.017596566523605153,0.017596566523605153]},"HIV_50_ART":{"startYear":1995,"endYear":2025,"values":[0.03240239141220905,0.031346578366445915,0.033210332103321034,0.03442389758179232,0.035509736540664374,0.037091988130563795,0.038408304498269895,0.03975346687211094,0.04106280193236715,0.04234122042341221,0.04373937677053825,0.045186335403726706,0.043882752761257436,0.04519952587909917,0.04647318148420279,0.0478067169294037,0.04889380530973451,0.049654576856649396,0.05010346611484739,0.05032558139534884,0.050867908552074514,0.050123129380564506,0.050269893783736724,0.04796868075048013,0.046987171180510566,0.04621281464530892,0.04532009724473258,0.04631916755810561,0.04631916755810561,0.04631916755810561,0.04631916755810561]},"MortalityByAge":[{"year":1990,"cause":"tot","sex":1,"values":[0.0,596.0,86.0,96.0,295.0,508.0,373.0,395.0,491.0,753.0,856.0,1655.0,2777.0,4253.0,4762.0,5818.0,8360.0,17359.0]},{"year":1990,"cause":"tot","sex":2,"values":[0.0,531.0,58.0,50.0,100.0,148.0,175.0,189.0,218.0,344.0,492.0,799.0,1342.0,2150.0,2891.0,4600.0,7837.0,22795.0]},{"year":1991,"cause":"tot","sex":1,"values":[0.0,558.0,44.0,91.0,345.0,527.0,449.0,404.0,536.0,750.0,988.0,1634.0,2749.0,4441.0,5014.0,5762.0,8130.0,17683.0]},{"year":1991,"cause":"tot","sex":2,"values":[0.0,471.0,38.0,40.0,87.0,135.0,150.0,188.0,224.0,355.0,446.0,809.0,1349.0,2216.0,2994.0,4589.0,7895.0,23407.0]},{"year":1992,"cause":"tot","sex":1,"values":[0.0,532.0,53.0,91.0,319.0,483.0,472.0,470.0,501.0,680.0,1048.0,1624.0,2808.0,4383.0,5512.0,5996.0,8013.0,18583.0]},{"year":1992,"cause":"tot","sex":2,"values":[0.0,448.0,41.0,59.0,94.0,141.0,155.0,192.0,233.0,400.0,531.0,795.0,1328.0,2178.0,3163.0,4805.0,7673.0,24427.0]},{"year":1993,"cause":"tot","sex":1,"values":[0.0,533.0,62.0,74.0,268.0,495.0,458.0,463.0,520.0,699.0,1113.0,1523.0,2717.0,4289.0,5625.0,6156.0,7675.0,18469.0]},{"year":1993,"cause":"tot","sex":2,"values":[0.0,441.0,45.0,56.0,108.0,109.0,156.0,163.0,239.0,331.0,521.0,705.0,1358.0,2223.0,3335.0,4412.0,7492.0,24586.0]},{"year":1994,"cause":"tot","sex":1,"values":[0.0,494.0,59.0,65.0,324.0,488.0,504.0,488.0,530.0,710.0,1128.0,1435.0,2700.0,4223.0,5921.0,6190.0,7255.0,18859.0]},{"year":1994,"cause":"tot","sex":2,"values":[0.0,442.0,36.0,50.0,110.0,141.0,112.0,179.0,232.0,334.0,531.0,711.0,1261.0,2054.0,3327.0,4638.0,7002.0,25274.0]},{"year":1994,"cause":"HIV","sex":1,"values":[0.0,0.0,1.0,1.0,1.0,1.0,7.0,5.0,6.0,13.0,7.0,5.0,4.0,5.0,3.0,1.0,0.0,0.0]},{"year":1994,"cause":"HIV","sex":2,"values":[0.0,0.0,0.0,1.0,1.0,1.0,0.0,7.0,1.0,2.0,0.0,0.0,0.0,2.0,0.0,0.0,0.0,1.0]},{"year":1995,"cause":"tot","sex":1,"values":[0.0,522.0,53.0,83.0,294.0,485.0,481.0,489.0,580.0,782.0,1160.0,1480.0,2615.0,4311.0,6165.0,6520.0,7046.0,19784.0]},{"year":1995,"cause":"tot","sex":2,