{"Regions":{"region":"Latin America and Caribbean"},"ART50PlusPercentFemales":{"startYear":1995,"endYear":2025,"values":[0.0,0.0,0.0,0.0,0.0,0.0,0.0,0.08222173634554555,0.0923468568395424,0.09970353759849428,0.10830717362893884,0.11586171253448828,0.12443958410939865,0.13258877946411948,0.14158833771643214,0.14718945359818514,0.15478418371233532,0.16358294546128238,0.17406362277685491,0.18097387207454702,0.1942216745173936,0.2103472996635327,0.22742027878556426,0.22950320024382811,0.2446478665288646,0.26120689655172413,0.2806894618834081,0.30338177752934603,0.30338177752934603,0.30338177752934603,0.30338177752934603]},"ART50PlusPercentMales":{"startYear":1995,"endYear":2025,"values":[0.0,0.0,0.0,0.0,0.0,0.0,0.0,0.14863143561151196,0.13867156412289475,0.149121833639045,0.1598871191618135,0.1717977387557753,0.18468770158361617,0.19804842117722413,0.211567257326561,0.21874939506237812,0.2279238775394756,0.2388403279239185,0.25133689839572193,0.25908986965469927,0.2716812273598977,0.2869097429766886,0.3008145131432803,0.278729183890398,0.2908366533864542,0.3038057742782152,0.31922955478370696,0.3376677415999168,0.3376677415999168,0.3376677415999168,0.3376677415999168]},"ART50PlusPercentTotal":{"startYear":1995,"endYear":2025,"values":[0.0,0.0,0.0,0.0,0.0,0.0,0.0,0.11357496288010878,0.11279623684179522,0.12271535321229782,0.13303736731636714,0.14240668502707704,0.15311600867917013,0.16381002137696937,0.17465130544176538,0.18172656790979755,0.19053998438920394,0.20020207269222334,0.21139240955744062,0.21871654014908143,0.2322842893237279,0.2484335275201305,0.2646865306889745,0.25718467269824374,0.27069408740359896,0.2854126560268273,0.3026988038708902,0.3230172927847346,0.3230172927847346,0.3230172927847346,0.3230172927847346]},"HIV_15":{"startYear":1970,"endYear":2025,"values":[0.0,0.0,0.0,0.0,0.0,0.0,0.0,0.0,0.025954198473282442,0.023076923076923078,0.021549636803874093,0.020451339915373765,0.019982993197278913,0.01946236559139785,0.019005641748942172,0.018385003604902667,0.01727143188553909,0.016318316055846424,0.015527775166838988,0.014808017032523308,0.014234351055051279,0.013435523114355231,0.012596305194267254,0.011707724122918404,0.010747724743010542,0.009786293740162247,0.008819565903030652,0.007865480822679266,0.007865480822679266,0.007865480822679266,0.007865480822679266,0.004813427244118088,0.004526121187924214,0.00431679363118523,0.004199095693425247,0.004340340340340341,0.004656724205400234,0.005027250516820146,0.005434672603987451,0.005564024390243902,0.005791483113069017,0.006107693283440096,0.0063748290013679884,0.006568108267137394,0.006658777120315582,0.006835805799055968,0.007067520057694042,0.007116104868913858,0.008594674556213017,0.008015389547932029,0.0074632095304835305,0.007116611873912202,0.006705598066854612,0.006705598066854612,0.006705598066854612,0.006705598066854612]},"HIV_15_ART":{"startYear":1995,"endYear":2025,"values":[0.0,0.0,0.0,0.0,0.0,0.0,0.0,0.0009805346297231793,0.0073110285006195794,0.008197747183979975,0.007715914072775099,0.006882202304737516,0.006569920844327177,0.0063116823502409915,0.007198683669271904,0.007487922705314009,0.00735444330949949,0.0072626582278481015,0.007221560452650387,0.007237960339943343,0.006965648854961832,0.006590220113351786,0.00681324300140611,0.006018269747447609,0.005992245329573493,0.00586599461197532,0.005585725368502715,0.00533779617722188,0.00533779617722188,0.00533779617722188,0.00533779617722188]},"HIV_50":{"startYear":1970,"endYear":2025,"values":[0.0,0.0,0.0,0.0,0.0,0.0,0.0,0.0,0.0053435114503816794,0.0059829059829059825,0.006053268765133172,0.006064880112834978,0.006122448979591837,0.006129032258064516,0.006100141043723554,0.0061043018505167026,0.006114801567024357,0.006133133881824982,0.006165993044459066,0.006233022538726966,0.006324413532948249,0.0064428223844282245,0.006606743434678155,0.006817109893698074,0.007097492306685,0.007440368083303063,0.007853313071651805,0.008329627570872706,0.008329627570872706,0.008329627570872706,0.008329627570872706,0.010657875018732206,0.011255694463547978,0.01172877633655892,0.012297086946853459,0.012864864864864866,0.013413626679420844,0.014010524337530542,0.014634146341463417,0.01527112369337979,0.016052863436123346,0.01697849939747574,0.01777017783857729,0.01839511621065019,0.019353057199211047,0.019841537424140254,0.02045434057513747,0.02087774896763661,0.01705621301775147,0.01793844180827188,0.018587946741415562,0.01899052407658092,0.02009665726943215,0.02009665726943215,0.02009665726943215,0.02009665726943215]},"HIV_50_ART":{"startYear":1995,"endYear":2025,"values":[0.0,0.0,0.0,0.0,0.0,0.0,0.0,0.02025398155301117,0.02019826517967782,0.020775969962453067,0.021788689171416048,0.02259923175416133,0.02364116094986807,0.02481064952949277,0.026079802550390784,0.026960237829803047,0.028549540347293154,0.0302373417721519,0.03210244192972007,0.033243626062322944,0.035209923664122136,0.037709239488598924,0.04036814521283395,0.039459072183413935,0.04162848078956644,0.04397323368384461,0.04617705370226705,0.04874482515634634,0.04874482515634634,0.04874482515634634,0.04874482515634634]},"PercPregAccessAntenatalCare":{"value":94.2,"year":"2011"},"MortalityByAge":[{"year":1990,"cause":"tot","sex":1,"values":[0.0,1615.0,321.0,196.0,343.0,607.0,606.0,591.0,473.0,439.0,357.0,396.0,412.0,482.0,531.0,565.0,521.0,1279.0]},{"year":1990,"cause":"tot","sex":2,"values":[0.0,1455.0,285.0,201.0,217.0,312.0,286.0,274.0,289.0,266.0,247.0,255.0,273.0,362.0,453.0,479.0,543.0,1152.0]},{"year":1990,"cause":"HIV","sex":1,"values":[0.0,0.0,0.0,0.0,0.0,0.0,0.0,0.0,0.0,0.0,0.0,0.0,0.0,0.0,0.0,0.0,0.0,0.0]},{"year":1990,"cause":"HIV","sex":2,"values":[0.0,0.0,0.0,0.0,0.0,0.0,0.0,0.0,0.0,0.0,0.0,0.0,0.0,0.0,0.0,0.0,0.0,0.0]}],"45q15WPP":{"1972.0":0.30933436322736996,"1977.0":0.28264073916952204,"1982.0":0.250623028307426,"1987.0":0.217885472240423,"1992.0":0.198844158984824,"1997.0":0.178492726197239,"2002.0":0.16790066422750602,"2007.0":0.159195807092671,"2012.0":0.15078805236664,"2017.0":0.14381464116242298,"2022.0":0.13611096404378},"EpidemicStartYear":{"Start year":1985},"EpidemicType":{"Epidemic Type":"Concentrated"},"SexualActivity15-19":{"SexAct_F_15_19":34.4,"Source":"2011-12 DHS"}}