{"countryCode":332,"subnatCode":15,"ART50PlusPercentFemales":{"startYear":1995,"endYear":2025,"values":[0.0,0.0,0.0,0.0,0.0,0.0,0.0,0.0,0.0,0.17719094093635301,0.17421479810210277,0.18327383669002856,0.1944737507339123,0.1932937451974899,0.19445667277329245,0.19104724375334534,0.19543476100620544,0.19313304721030042,0.18085106382978725,0.1755577109602328,0.17624223602484473,0.1759371221281741,0.17696490360850223,0.17739925218113833,0.1804949053857351,0.18366688185926405,0.1868833430063842,0.19102902374670186,0.19102902374670186,0.19102902374670186,0.19102902374670186]},"ART50PlusPercentMales":{"startYear":1995,"endYear":2025,"values":[0.0,0.0,0.0,0.0,0.0,0.0,0.0,0.0,0.0,0.33139333255733305,0.3721161080726578,0.3771721819464338,0.34345135913619207,0.3608312620047353,0.36823172489881595,0.36585365853658536,0.373134328358209,0.37037037037037035,0.3628571428571429,0.3586206896551724,0.3582608695652174,0.3521472392638037,0.3509286412512219,0.34305555555555556,0.339811215991116,0.33639705882352944,0.33307301835220615,0.3314111261872456,0.3314111261872456,0.3314111261872456,0.3314111261872456]},"ART50PlusPercentTotal":{"startYear":1995,"endYear":2025,"values":[0.0,0.0,0.0,0.0,0.0,0.0,0.0,0.0,0.0,0.24728286413038836,0.24644863876844678,0.2708810739321624,0.2666156939284833,0.2616537135931439,0.2626713094391169,0.2569936616015541,0.26259908595526427,0.25780189959294436,0.23887375113533152,0.22987721691678034,0.23242082662372518,0.2340080971659919,0.23523622047244094,0.23946957878315134,0.2436235708003518,0.2466818354190368,0.24925074925074925,0.25244879786286734,0.25244879786286734,0.25244879786286734,0.25244879786286734]},"HIV_15":{"startYear":1970,"endYear":2025,"values":[0.0,0.0,0.0,0.0,0.0,0.0,0.0,0.0,0.0,0.009110983505321722,0.008773608762048638,0.0095484564898064,0.009127485414278307,0.009090909090909092,0.008108108108108109,0.00909090909090909,0.008333333333333333,0.008670520231213872,0.008333333333333333,0.008053404675324675,0.007936508671586717,0.007769515127175368,0.007576595862764883,0.007381148667711598,0.0072236563204005,0.0069839735354573496,0.006778929188255613,0.006479400749063671,0.006479400749063671,0.006479400749063671,0.006479400749063671,0.005427099921492764,0.005200540380043669,0.005010752408291495,0.004911183464992042,0.004866924621907777,0.004847930410501338,0.004952006980802792,0.005062458908612755,0.005182724252491694,0.005285365312014212,0.005441570026761819,0.005578417924096937,0.0057859209257473485,0.005882352941176471,0.006035182679296346,0.006174334140435835,0.006303236797274276,0.006519933554817276,0.0065950920245398765,0.006868131868131868,0.007526881720430108,0.010290237467018466,0.010290237467018466,0.010290237467018466,0.010290237467018466]},"HIV_15_ART":{"startYear":1995,"endYear":2025,"values":[0.0,0.0,0.0,0.0,0.0,0.0,4.124332797427654,1.3122240674966361,0.8958425186824033,0.005357142857142857,0.0032085561497326204,0.0034334763948497857,0.003369434416365824,0.003027681660899654,0.002843915343915344,0.0033149171270718232,0.0038108356290174473,0.003896103896103896,0.003887269193391642,0.0038342967244701345,0.00364939176803866,0.003677325581395349,0.0038120567375886528,0.003922437673130194,0.004251700680272109,0.004643551191572057,0.0049520608876149055,0.005043751843476551,0.005043751843476551,0.005043751843476551,0.005043751843476551]},"HIV_50":{"startYear":1970,"endYear":2025,"values":[0.0,0.0,0.0,0.0,0.0,0.0,0.0,0.0,0.0,0.012903225806451613,0.012621359223300972,0.013414634146341465,0.013043478260869565,0.013123359580052493,0.013138686131386862,0.012941176470588235,0.012934362934362934,0.012844702467343976,0.01288135593220339,0.012808988764044944,0.012797946461312798,0.012732824427480917,0.012675324675324675,0.012646264626462646,0.012671300893743792,0.01276064872571734,0.012952442785262133,0.013186318631863187,0.013186318631863187,0.013186318631863187,0.013186318631863187,0.0145336976896711,0.014924100657537492,0.015313564353503362,0.015634692705341756,0.015910917231087132,0.01602653631284916,0.016158500415233125,0.01638655462184874,0.016571359046112663,0.017118332311465357,0.017380415727523166,0.017332795047772846,0.017772585669781932,0.018218254691200583,0.018517745302713984,0.019101405622489964,0.019686875416389082,0.017722878625134265,0.017810117810117803,0.017617617617617584,0.017290552584670313,0.015591397849462396,0.015591397849462396,0.015591397849462396,0.015591397849462396]},"HIV_50_ART":{"startYear":1995,"endYear":2025,"values":[0.0,0.0,0.0,0.0,0.0,0.0,0.0,0.0,0.0,0.028571428571428574,0.029411764705882353,0.030042918454935622,0.030806257521058967,0.03174740484429066,0.03273809523809524,0.0325414364640884,0.03282828282828283,0.031784005468216,0.028960155490767737,0.027861271676300578,0.02787868688551908,0.027761627906976744,0.027760891590678825,0.028421052631578948,0.029336734693877552,0.030356960212744196,0.03142235840664228,0.03297610854389932,0.03297610854389932,0.03297610854389932,0.03297610854389932]},"SexualActivity15-19":{"SexAct_F_15_19":34.3,"Source":"2012 DHS"}}