{"countryCode":356,"subnatCode":17,"ART50PlusPercentFemales":{"startYear":1995,"endYear":2025,"values":[0.0,0.0,0.0,0.0,0.0,0.0,0.0,0.0,0.0,0.3201554324197443,0.32,0.33088235294117646,0.32807881773399017,0.3256775378961874,0.3439128375177641,0.3624031007751938,0.37980295566502464,0.36297279362972795,0.3350909090909091,0.33007539793353813,0.33101529902642557,0.33096548274137066,0.28961863295388973,0.284465566257903,0.28917401138756726,0.29462932216848337,0.3003097017437555,0.30606309666814185,0.3159049360146252,0.32988309790550413,0.34451887941534715]},"ART50PlusPercentMales":{"startYear":1995,"endYear":2025,"values":[0.0,0.0,0.0,0.0,0.0,0.0,0.0,0.0,0.0,0.28643908597485035,0.2970873786407767,0.304437564499484,0.3037003610108303,0.30202658531270427,0.3200181570585565,0.3387965347693749,0.3574355266329236,0.3539260969976905,0.32489451476793246,0.32431175595238093,0.32552822453484703,0.3235612728503724,0.2744082088794067,0.2691518847006652,0.27343590267838885,0.27841192244713925,0.28352609496747844,0.28874623619939777,0.30027536802004184,0.31376501392294587,0.327908919991644]},"ART50PlusPercentTotal":{"startYear":1995,"endYear":2025,"values":[0.0,0.0,0.0,0.0,0.0,0.0,0.0,0.0,0.0,0.2969083120790007,0.30364372469635625,0.31227305737109656,0.3115515639516878,0.3095906605585932,0.32775817093754794,0.3463784124980275,0.3648429912593072,0.3574213989763588,0.32871519161841745,0.32659782305330726,0.3277342467038896,0.3265495659196447,0.28037537043134675,0.27520244102804836,0.27967514822134387,0.2848409357729863,0.2902073578595318,0.2956367434777684,0.30659516765285993,0.3203077721103138,0.3346631809790487]},"HIV_15":{"startYear":1970,"endYear":2025,"values":[0.0,0.0,0.0,0.0,0.0,0.0,0.0,0.0,0.0,0.0,0.0,0.0,0.017839195979899497,0.016260162601626018,0.01443298969072165,0.012775697045359967,0.011326562019082794,0.010127780407004258,0.009092656670511342,0.008184764991896272,0.007649456277412281,0.007358475533395176,0.007262405794264461,0.007335970985822618,0.00744269538801436,0.007502896871378911,0.007533780499659764,0.007424248687528419,0.007182992734690956,0.006760895922404441,0.006350442886407571,0.005971729578061306,0.005657364645769873,0.005368286741677299,0.005222173160335721,0.005104073932765272,0.005076266015863331,0.0051173512987142036,0.005183794466403162,0.005069732028449925,0.004959131930284924,0.004878215420353227,0.004729214340198322,0.004815797969652402,0.004753695484722885,0.004691706674197496,0.004611091597392968,0.004593350693393085,0.005004019292604501,0.005191947565543071,0.005456910201311919,0.0058405172413793114,0.00643946899148009,0.006813931743805518,0.006788356000954424,0.006627089895808095]},"HIV_15_ART":{"startYear":1995,"endYear":2025,"values":[0.0,0.0,0.0,0.0,0.0,0.0,0.0,0.0,0.0,0.0007245675571106521,0.0015503875968992248,0.001900739176346357,0.0020242914979757085,0.002011986301369863,0.002693448984250171,0.0035248672139063255,0.004510703363914373,0.006087616157784943,0.004589793613307322,0.004434681697612732,0.004306253489670575,0.004305072550665547,0.004115191031800504,0.003756476683937824,0.0037703090838942,0.0039018237873115653,0.004080517179636994,0.004272084048027444,0.004368077654713861,0.004415452265872006,0.004551210428305401]},"HIV_50":{"startYear":1970,"endYear":2025,"values":[0.0,0.0,0.0,0.0,0.0,0.0,0.0,0.0,0.0,0.0,0.0,0.0,0.013819095477386936,0.014126016260162601,0.014372346876895087,0.01464835622138993,0.014866112650046167,0.015026029342167534,0.01518646674356017,0.015316045380875203,0.015391995614035087,0.015445269016697587,0.015435059215033766,0.01552917903066271,0.015610328638497652,0.015695249130938584,0.015777194517352,0.015881939564300774,0.01601589062667764,0.01619232978112437,0.016370928186041144,0.016554608502302927,0.01673626805541908,0.01704906623361559,0.017312617562137814,0.01752087837551401,0.01776082977425259,0.017786521989705678,0.017662055335968378,0.01833274526917863,0.01888087090654421,0.01934034776073515,0.0195084329180439,0.019038992718011263,0.019073469537468364,0.019113244846088676,0.01930882410334465,0.018234118573245316,0.018122990353697754,0.01828183520599251,0.018208550101786927,0.01801005747126437,0.01766395878739845,0.01770687237026645,0.017979002624671895,0.018124545674824372]},"HIV_50_ART":{"startYear":1995,"endYear":2025,"values":[0.0,0.0,0.0,0.0,0.0,0.0,0.0,0.0,0.0,0.03309181081429645,0.03333333333333333,0.033896515311510035,0.03405308142150248,0.034011130136986305,0.0356539602830404,0.03759053597295992,0.0396788990825688,0.03891522852266262,0.03577369339767943,0.03560179045092838,0.03585985482970407,0.03570572011032498,0.029881606039807825,0.02937638786084382,0.030119603892485105,0.030954335248543574,0.031805416815877265,0.03264722698684963,0.03421749719995022,0.03622124504851546,0.03832774674115456]}}