{"countryCode":356,"subnatCode":32,"ART50PlusPercentFemales":{"startYear":1995,"endYear":2025,"values":[0.0,0.0,0.0,0.0,0.0,0.0,0.0,0.0,0.0,0.32305,0.3271638817419553,0.32732732732732733,0.32465753424657534,0.3264659270998415,0.32665330661322645,0.32468396540252825,0.325951729285892,0.30971696412475214,0.30151724137931035,0.2949016994335222,0.29226145755071375,0.28748997594226144,0.29294755877034356,0.287888436067244,0.29364841360283095,0.30484330484330485,0.31682876510462715,0.32941867293012334,0.34328445747800584,0.3575665041987198,0.37237237237237236]},"ART50PlusPercentMales":{"startYear":1995,"endYear":2025,"values":[0.0,0.0,0.0,0.0,0.0,0.0,0.0,0.0,0.0,0.3063618181818182,0.30662020905923343,0.31038798498122655,0.31422505307855625,0.31649978232477144,0.3189755529685681,0.32176121930567314,0.32463955937145633,0.3194211138389973,0.31638358476632555,0.31636396170707703,0.31910712882181874,0.31726713228684045,0.32331123219326463,0.3125732551944592,0.31487619418990054,0.31832102323905603,0.3225549069835804,0.32707774798927614,0.33247614788312463,0.33782922684791844,0.3446686469322954]},"ART50PlusPercentTotal":{"startYear":1995,"endYear":2025,"values":[0.0,0.0,0.0,0.0,0.0,0.0,0.0,0.0,0.0,0.3165899781614316,0.3110539845758355,0.3156498673740053,0.3174825174825175,0.3198539736029205,0.3217375299098104,0.3227725332988491,0.3251888921597488,0.31529836707050946,0.3099222952779438,0.306788899900892,0.3068104038329911,0.3034905310063127,0.3091521380713509,0.3013285374485119,0.3053591115652478,0.31250640172078253,0.32016479070109616,0.32801037858238,0.33668330256830975,0.34524493131322054,0.3548366182572614]},"HIV_15":{"startYear":1970,"endYear":2025,"values":[0.0,0.0,0.0,0.0,0.0,0.0,0.0,0.0,0.0,0.0,0.0,0.0,0.0,0.0,0.0,0.01791044776119403,0.0160857908847185,0.014426229508196723,0.012797281993204984,0.01141304347826087,0.01020408163265306,0.009352331606217616,0.008355437665782492,0.0077694708793300355,0.007446246952224052,0.007387412984798977,0.00745829244357213,0.007556781999575462,0.007526281514559494,0.007470887321633589,0.007370648763044589,0.007298177083333333,0.007178101503759399,0.006989074550128534,0.006841286288807025,0.006725468577728776,0.00665743225694745,0.00659019898043085,0.00650332488917036,0.006527985289047235,0.006563576456492437,0.00655514705882353,0.006372931771704778,0.006348773841961853,0.0063312023097545885,0.006330891063045673,0.00639764728570051,0.005473831682177525,0.0055595153243050595,0.005536409949056038,0.005594051039378064,0.005722571290478491,0.005952649379932357,0.006293138449045879,0.0067825206681289,0.007261629130709324]},"HIV_15_ART":{"startYear":1995,"endYear":2025,"values":[0.0,0.0,0.0,0.0,0.0,0.0,0.0,0.0,0.0,0.000951703388095858,0.002238805970149254,0.002325581395348837,0.002595628415300546,0.002394715111478117,0.002116689280868385,0.001928585067786901,0.0018321942707575976,0.002417848115177492,0.002555218709398008,0.002623489884909572,0.0026413231300913354,0.002745641627125873,0.0036356250634711077,0.003794735531013867,0.004018116362791778,0.004287097735399285,0.004617104930923782,0.004987890062831268,0.0052770811145085375,0.00549821223773865,0.005624225370984491]},"HIV_50":{"startYear":1970,"endYear":2025,"values":[0.0,0.0,0.0,0.0,0.0,0.0,0.0,0.0,0.0,0.0,0.0,0.0,0.0,0.0,0.0,0.014328358208955224,0.014745308310991957,0.015081967213114753,0.0152321630804077,0.015384615384615384,0.015484288953676708,0.015544041450777202,0.015649867374005304,0.015778454510848878,0.01584843492586491,0.0158829379173178,0.015897939156035327,0.015930800254722988,0.015954972555586568,0.015999671969821223,0.016040283149675254,0.01607421875,0.016118421052631577,0.016307840616966583,0.016484094935688854,0.01650588019110621,0.016474764089689203,0.016448774872553855,0.016398828372387587,0.01628931540435965,0.01616744046727572,0.01609558823529412,0.01636363636363636,0.016298170494355783,0.016308517220045372,0.016351511428947484,0.016671487802526273,0.017212048433903733,0.01713211948422212,0.017365897512735994,0.01743282068615853,0.017409376510391508,0.017305524239007893,0.01713357693869267,0.016855070018559112,0.016649126499684305]},"HIV_50_ART":{"startYear":1995,"endYear":2025,"values":[0.0,0.0,0.0,0.0,0.0,0.0,0.0,0.0,0.0,0.033360492683867156,0.032462686567164174,0.03268733850129199,0.032855191256830604,0.03315441783649876,0.03340569877883311,0.033626121825472595,0.03408462992583976,0.03266292999230685,0.03199653529666522,0.03161769962113089,0.031683534929647,0.03127898917737378,0.0320452929826343,0.0311218135016192,0.03174621608020749,0.032829261025029796,0.03397179237456264,0.03513636842290006,0.036444841447074584,0.037725156850839915,0.03911164707064616]}}