{"countryCode":356,"subnatCode":40,"ART50PlusPercentFemales":{"startYear":1995,"endYear":2025,"values":[0.0,0.0,0.0,0.0,0.0,0.0,0.0,0.0,0.0,0.0,0.23069180023831862,0.256738952663648,0.2809499826917986,0.27060991125587974,0.28188848575960423,0.2988331703244385,0.3197452166666257,0.29300618227459063,0.29365079365079366,0.2953020134228188,0.2976190476190476,0.3010752688172043,0.3149171270718232,0.3217821782178218,0.2975778546712803,0.27979274611398963,0.26746506986027946,0.2620232172470978,0.2606837606837607,0.2595797280593325,0.26280623608017817]},"ART50PlusPercentMales":{"startYear":1995,"endYear":2025,"values":[0.0,0.0,0.0,0.0,0.0,0.0,0.0,0.0,0.0,0.0,0.2584017474963883,0.26057549772663335,0.2606031421646837,0.27981719188248516,0.2903148198943208,0.3014198457797644,0.31893735283578023,0.30590295014026814,0.30547550432276654,0.30730478589420657,0.31140350877192985,0.311787072243346,0.32629558541266795,0.3157894736842105,0.28790983606557374,0.2721238938053097,0.25930038867295946,0.25472547254725475,0.2539560015438055,0.2537764350453172,0.25650332728372655]},"ART50PlusPercentTotal":{"startYear":1995,"endYear":2025,"values":[0.0,0.0,0.0,0.0,0.0,0.0,0.0,0.0,0.0,0.0,0.2584017474963883,0.26057549772663335,0.2606031421646837,0.27981719188248516,0.2903148198943208,0.3014198457797644,0.31893735283578023,0.30590295014026814,0.30547550432276654,0.30730478589420657,0.31140350877192985,0.311787072243346,0.32629558541266795,0.3157894736842105,0.28790983606557374,0.2721238938053097,0.25930038867295946,0.25472547254725475,0.2539560015438055,0.2537764350453172,0.25650332728372655]},"HIV_15":{"startYear":1970,"endYear":2025,"values":[0.0,0.0,0.0,0.0,0.0,0.0,0.0,0.0,0.0,0.0,0.0,0.0,0.0,0.0,0.0,0.014141376641697912,0.011936136893166801,0.014285714285714287,0.009523809523809525,0.010344827586206896,0.008108108108108109,0.008333333333333333,0.006779661016949153,0.007103352112676055,0.006159595238095238,0.00686838,0.007500000000000001,0.007586206896551725,0.007514450867052024,0.008133971291866028,0.0076,0.007692307692307692,0.007344632768361582,0.007160493827160493,0.006941431670281996,0.006503999182301409,0.00631714453125,0.006143963099630997,0.0059365632582322365,0.005595599364069953,0.0053333146233382565,0.005379310344827586,0.005319148936170213,0.005521472392638037,0.005426356589147288,0.005694305694305695,0.005791855203619909,0.005607476635514018,0.006144341836734693,0.006696428571428571,0.007042253521126761,0.007216494845360825,0.0075489282385834125,0.007549234135667397,0.007967032967032966,0.008433734939759036]},"HIV_15_ART":{"startYear":1995,"endYear":2025,"values":[0.0,0.0,0.0,0.0,0.0,0.0,0.0,0.0,0.0,0.0,0.004390680429376648,0.0027151147540983604,0.0019537011494252876,0.0015589553571428573,0.0015030666666666667,0.0014236541353383459,0.0013245033112582781,0.0020512820512820513,0.002074688796680498,0.002181818181818182,0.0022292993630573248,0.0022099447513812156,0.002564102564102564,0.0016922263736263736,0.002589928057553957,0.00303951367781155,0.0032983508245877065,0.0032004830917874397,0.003155716502845318,0.003058929374718848,0.002888527257933279]},"HIV_50":{"startYear":1970,"endYear":2025,"values":[0.0,0.0,0.0,0.0,0.0,0.0,0.0,0.0,0.0,0.0,0.0,0.0,0.0,0.0,0.0,0.011685148113350334,0.011672228906458882,0.012074571428571431,0.014285714285714285,0.010344827586206896,0.013513513513513514,0.014583333333333332,0.013559322033898306,0.014084507042253521,0.014285714285714285,0.015,0.014166666666666666,0.01517241379310345,0.014450867052023121,0.015311004784688996,0.0148,0.015384615384615384,0.015254237288135594,0.015555555555555555,0.0158351409978308,0.015118352902032195,0.015234375,0.015129151291512913,0.015251299826689775,0.015739268680445152,0.016100443131462333,0.01627586206896552,0.01648936170212766,0.016319018404907973,0.016611295681063124,0.016583416583416586,0.0167420814479638,0.017056074766355143,0.01698250728862974,0.016592261904761905,0.016275430359937403,0.015893470790378006,0.015657036346691515,0.01575492341356673,0.015659340659340666,0.01566265060240963]},"HIV_50_ART":{"startYear":1995,"endYear":2025,"values":[0.0,0.0,0.0,0.0,0.0,0.0,0.0,0.0,0.0,0.0,0.033925534958567496,0.029508196721311476,0.031034482758620693,0.03125,0.0325,0.03383458646616541,0.03509933774834437,0.033846153846153845,0.033609958506224065,0.033818181818181824,0.03471337579617834,0.034530386740331494,0.03646723646723647,0.03472527472527473,0.03136690647482014,0.029179331306990883,0.027811094452773615,0.027234299516908214,0.027004655975168133,0.026900584795321637,0.027135882831570382]}}