{"ART50PlusPercentFemales":{"startYear":1995,"endYear":2025,"values":[0.0,0.0,0.0,0.0,0.0,0.0,0.0,0.0,0.0,0.2374503058747007,0.24924652062560998,0.24429188111084307,0.2528507216991724,0.25136612021857924,0.2540983606557377,0.2532894736842105,0.2543720190779014,0.24877149877149876,0.2465753424657534,0.24417226392730146,0.2586841029832448,0.2554517133956386,0.2671066342480028,0.25666391865897226,0.25731857318573187,0.2586436170212766,0.26009238802972484,0.26149899212021255,0.2649558406932178,0.2684931506849315,0.2713048337524448]},"ART50PlusPercentMales":{"startYear":1995,"endYear":2025,"values":[0.0,0.0,0.0,0.0,0.0,0.0,0.0,0.0,0.0,0.26153546717679926,0.2850934574951415,0.2841027007703549,0.28158161123292313,0.2818181818181818,0.2838616714697406,0.28163653663177923,0.2841490138787436,0.2814902424600828,0.28058252427184466,0.2818405916187346,0.29693569270608544,0.3012,0.30530642750373693,0.29016580903373357,0.2874906739617011,0.28680813826296214,0.28665760341813945,0.2870805077377847,0.2892394190223333,0.29136081309994355,0.29359681765687157]},"ART50PlusPercentTotal":{"startYear":1995,"endYear":2025,"values":[0.0,0.0,0.0,0.0,0.0,0.0,0.0,0.0,0.0,0.25035519456625505,0.26216106244147797,0.2658655438660766,0.2697768762677485,0.2679900744416873,0.2697318007662835,0.2683299389002037,0.26999238385377,0.2655213984327908,0.2635809987819732,0.2625327159251057,0.27717163239613934,0.2767260579064588,0.28555995678790064,0.2730074240089648,0.2723225327726935,0.272757292239956,0.2736519849891369,0.2746252676659529,0.2775135047972265,0.2803574044236121,0.28290529695024075]},"HIV_15":{"startYear":1970,"endYear":2025,"values":[0.0,0.0,0.0,0.0,0.0,0.0,0.0,0.0,0.0,0.0,0.0,0.0,0.0,0.0,0.0,0.0,0.017303309326283163,0.01365554968366919,0.015,0.0163265306122449,0.015254237288135594,0.015357142857142856,0.015535444947209653,0.015294117647058824,0.014702289860535244,0.013824720539517275,0.012857843939146081,0.011737898756004434,0.010284195461050909,0.008711812165714804,0.007428477203396817,0.0065167682926829265,0.005927410695110602,0.0053781995973540405,0.004836123541326301,0.004596553824883802,0.004647060039254808,0.0049231527903345115,0.005255984325751768,0.0056570313885440674,0.006053873923910024,0.0063443237527636255,0.006475828245420879,0.006746736292428198,0.007029453629694515,0.006882463859208044,0.006829743478731463,0.006632269160485865,0.006906177934215318,0.006934023285899095,0.006950236308034473,0.007024419656315948,0.00716650115855677,0.0073978652926021335,0.007703579652501571,0.008196319018404908]},"HIV_15_ART":{"startYear":1995,"endYear":2025,"values":[0.0,0.0,0.0,0.0,0.0,0.0,0.0,0.0,0.0,0.0016049670587001059,0.0016654419141751923,0.0020914841928460067,0.0025,0.0030508474576271187,0.0031479538300104933,0.0029227557411273487,0.00297339593114241,0.0035289290110791954,0.003804168044988422,0.0039039039039039042,0.00432510885341074,0.004798562997177316,0.005317540322580645,0.005067437379576108,0.005149558123725357,0.00532768276070834,0.005424881033310673,0.005399753997539975,0.00520031246512666,0.004895176063504987,0.004560716284275321]},"HIV_50":{"startYear":1970,"endYear":2025,"values":[0.0,0.0,0.0,0.0,0.0,0.0,0.0,0.0,0.0,0.0,0.0,0.0,0.0,0.0,0.0,0.0,0.012869470087638285,0.014109733266148027,0.015,0.014285714285714285,0.013559322033898306,0.013571428571428571,0.013574660633484163,0.013633217993079585,0.013644930267621562,0.013771888310459064,0.013904793063962048,0.014065771646754526,0.014301778777346147,0.014577100897470765,0.014823975595679776,0.015038109756097562,0.015240890543345981,0.015523439746908254,0.015799752420102807,0.016041083936738285,0.01619724169199395,0.016273526752691708,0.016330181446460514,0.01626174853697464,0.016106637045265205,0.01602422378160146,0.016114503052747472,0.016083550913838122,0.01598598488995949,0.016520008380473496,0.01654941010931919,0.016779533483822426,0.016421895861148197,0.01632600258732212,0.016166249652488182,0.01594814591498342,0.015673618007282356,0.015476628634523365,0.015281557462842788,0.015018404907975472]},"HIV_50_ART":{"startYear":1995,"endYear":2025,"values":[0.0,0.0,0.0,0.0,0.0,0.0,0.0,0.0,0.0,0.030630603725370603,0.03056344372937798,0.03048648396390424,0.030555555555555555,0.030508474576271188,0.030640083945435465,0.030897703549060542,0.031194574856546687,0.03057037340993024,0.030499503804168045,0.030603330603330602,0.0325689404934688,0.032717474980754425,0.03407258064516129,0.03244701348747592,0.0325118966689327,0.03267746329650371,0.03286199864038069,0.03302583025830258,0.03332217386452405,0.03348259719112558,0.033519865696698375]}}