{"countryCode":356,"subnatCode":31,"ART50PlusPercentFemales":{"startYear":1995,"endYear":2025,"values":[0.0,0.0,0.0,0.0,0.0,0.0,0.0,0.0,0.0,0.3570876045195457,0.32717119821364765,0.34108527131782945,0.3395348837209302,0.33805668016194335,0.3404776484996938,0.34403080872913994,0.3509421265141319,0.3467258022436734,0.3386126704089816,0.33365711510441964,0.3327782403552595,0.32867638203059135,0.33524618386319294,0.3281838370184416,0.33243267585337294,0.33725059181602973,0.3423006306378223,0.3548516118710503,0.3693254475703325,0.38461538461538464,0.4001762538054799]},"ART50PlusPercentMales":{"startYear":1995,"endYear":2025,"values":[0.0,0.0,0.0,0.0,0.0,0.0,0.0,0.0,0.0,0.30326228447135023,0.32444078322032827,0.34579439252336447,0.3401253918495298,0.34175438596491226,0.34544677212483965,0.3511705685618729,0.35930316961045244,0.3582775119617225,0.35253731343283584,0.35006669091790954,0.3523135432072681,0.34939432290725003,0.35235235235235235,0.3431956715293473,0.34618291761148906,0.35015478067869865,0.3548034934497817,0.3596919127086008,0.365664026434715,0.37143912461332473,0.38234089978619845]},"ART50PlusPercentTotal":{"startYear":1995,"endYear":2025,"values":[0.0,0.0,0.0,0.0,0.0,0.0,0.0,0.0,0.0,0.3132360036801765,0.3278410188896063,0.3430232558139535,0.3405253283302064,0.3402403646912557,0.3434038267875126,0.3482047635975827,0.35585585585585583,0.35342828751242134,0.3466541160362827,0.343063163003536,0.3438287153652393,0.34051123160340824,0.34510239567233386,0.33695260226771906,0.34053673363481357,0.3448823793567999,0.34970339395118155,0.35777722184001504,0.367059534602599,0.3762512439267108,0.3888227954617996]},"HIV_15":{"startYear":1970,"endYear":2025,"values":[0.0,0.0,0.0,0.0,0.0,0.0,0.0,0.0,0.0,0.0,0.0,0.0,0.018539325842696627,0.016666666666666666,0.014958448753462604,0.013257575757575758,0.011789181692094313,0.010629296668429404,0.009422492401215805,0.008595160707836764,0.008147535317102494,0.007825866515837105,0.007723148343532391,0.007725093233883857,0.007638783845106641,0.007482727154217181,0.007295454545454546,0.007105079333399861,0.006922464857218636,0.00674414927261227,0.006592234390556109,0.006502084001282463,0.006397011615011965,0.0061365975193630505,0.005914337779751624,0.005656855707106964,0.005437556973564266,0.005288120567375886,0.005174610147155721,0.005017810809622235,0.004850630670502324,0.004692212169593755,0.0044886079403338025,0.004547223032778913,0.004663894299099858,0.004762173128944995,0.004917316692667708,0.004301926629717603,0.004452861952861953,0.004509593844355703,0.004616986808609119,0.0048439948710642545,0.005116122517670819,0.005468271781269128,0.006001034661148474,0.00623353819139596]},"HIV_15_ART":{"startYear":1995,"endYear":2025,"values":[0.0,0.0,0.0,0.0,0.0,0.0,0.0,0.0,0.0,0.006474620329470074,0.00673076923076923,0.00663716814159292,0.0038406827880512096,0.002512562814070352,0.001993865030674847,0.001745295882192528,0.001638986013986014,0.0021174863387978145,0.0021218074656188606,0.002100263852242744,0.002111324376199616,0.002223788270299898,0.003031196990928535,0.003111970511813403,0.0032994210555899054,0.0035222778803058264,0.0037336124819301133,0.003934362370355942,0.003986822001527884,0.0040213974004035475,0.003964297583440156]},"HIV_50":{"startYear":1970,"endYear":2025,"values":[0.0,0.0,0.0,0.0,0.0,0.0,0.0,0.0,0.0,0.0,0.0,0.0,0.014044943820224719,0.01412037037037037,0.014404432132963989,0.014772727272727272,0.015048543689320388,0.015177154944473824,0.015414676508901434,0.015565185987721199,0.01562969642320409,0.01558572146807441,0.015741717661953997,0.015858639673237435,0.01598850400847073,0.01612566810063877,0.01628409090909091,0.016425506436483384,0.016567942710635664,0.01672991777356104,0.016882378040108094,0.017018275088169284,0.017200723749489288,0.017467367166765963,0.017706848757995327,0.01795644891122278,0.018190519598906107,0.018231382978723405,0.018168240720404127,0.018184616737763313,0.01827838017260456,0.01851161965584531,0.018832143344399473,0.018694679505884642,0.01853450544822867,0.018535843101893597,0.01873322932917317,0.019239904988123512,0.019099326599326606,0.01931430797701373,0.019335801897708855,0.01927625017808804,0.01913497139010433,0.018955315241787386,0.01867563372995342,0.018642083699151317]},"HIV_50_ART":{"startYear":1995,"endYear":2025,"values":[0.0,0.0,0.0,0.0,0.0,0.0,0.0,0.0,0.0,0.03400922897110179,0.03461538461538462,0.034513274336283185,0.03470839260312944,0.03473618090452261,0.03508435582822086,0.035642214344150526,0.03656031468531469,0.03603142076502732,0.03527177472167649,0.03493403693931398,0.035152179873868934,0.03472711612246496,0.035378715244487054,0.034431083449151,0.03504580967905121,0.0357869760084366,0.036563481381785556,0.03781467595072309,0.039233193277310924,0.0405987518183098,0.04246308692968713]}}