{"countryCode":356,"subnatCode":42,"ART50PlusPercentFemales":{"startYear":1995,"endYear":2025,"values":[0.0,0.0,0.0,0.0,0.0,0.0,0.0,0.0,0.0,0.0,0.0,0.0,0.0,0.0,0.24545898730488008,0.2503841425937308,0.25456884216457465,0.24307146273315375,0.2281300882183452,0.24476837658103295,0.22062468104022157,0.2308955670531748,0.18524960730925843,0.1874958751161204,0.19852733040018625,0.20053533882284663,0.20921919267451522,0.19855419176193853,0.20889052061946134,0.22016928943164757,0.23308270676691728]},"ART50PlusPercentMales":{"startYear":1995,"endYear":2025,"values":[0.0,0.0,0.0,0.0,0.0,0.0,0.0,0.0,0.0,0.0,0.0,0.0,0.0,0.0,0.17980431931008659,0.18964114503147964,0.18370781188329854,0.18180468089558233,0.186893394434089,0.17106795046136286,0.18141651778679585,0.16849943250086266,0.13779038860457796,0.1312751490152111,0.13797753791727446,0.1367438317403859,0.14064929065627058,0.14562669012598367,0.14893887212330342,0.15791529047935124,0.1672661870503597]},"ART50PlusPercentTotal":{"startYear":1995,"endYear":2025,"values":[0.0,0.0,0.0,0.0,0.0,0.0,0.0,0.0,0.0,0.0,0.0,0.0,0.0,0.0,0.17980431931008659,0.18964114503147964,0.18370781188329854,0.18180468089558233,0.186893394434089,0.17106795046136286,0.18141651778679585,0.16849943250086266,0.13779038860457796,0.1312751490152111,0.13797753791727446,0.1367438317403859,0.14064929065627058,0.14562669012598367,0.14893887212330342,0.15791529047935124,0.1672661870503597]},"HIV_15":{"startYear":1970,"endYear":2025,"values":[0.0,0.0,0.0,0.0,0.0,0.0,0.0,0.0,0.0,0.0,0.0,0.0,0.0,0.0,0.019193779414773886,0.01810288549418984,0.016680519384569922,0.015065795458802248,0.013605814480426675,0.012296237209006428,0.011673368930577752,0.010387493696995842,0.00936945591215222,0.01041316823997565,0.015384615384615385,0.01875,0.015,0.02,0.017857142857142856,0.01764705882352941,0.017499999999999998,0.014893617021276595,0.012962962962962963,0.012307692307692308,0.010958904109589041,0.010465116279069767,0.010101010101010102,0.008771929824561403,0.008461538461538463,0.008031206514963361,0.007602128849283877,0.007193920932759987,0.00687318405693745,0.006818181818181818,0.006751054852320674,0.006666666666666666,0.006211567765567765,0.007435454054054054,0.007846863945578231,0.008111107913669063,0.009448818897637795,0.009821428571428573,0.00989010989010989,0.009638554216867467,0.009411764705882354,0.009195402298850575]},"HIV_15_ART":{"startYear":1995,"endYear":2025,"values":[0.0,0.0,0.0,0.0,0.0,0.0,0.0,0.0,0.0,0.0,0.0,0.0,0.0,0.0,0.006720125927087768,0.006141299311111797,0.005044665725458839,0.004468732248637026,0.003448275862068966,0.0025,0.0019230769230769232,0.0030945757575757574,0.0029135611111111115,0.003010125,0.0026918327526132403,0.0024242424242424242,0.0023936170212765957,0.002576112412177986,0.002471910112359551,0.002207505518763797,0.0019438444924406047]},"HIV_50":{"startYear":1970,"endYear":2025,"values":[0.0,0.0,0.0,0.0,0.0,0.0,0.0,0.0,0.0,0.0,0.0,0.0,0.0,0.0,0.013413136893799877,0.013485224354789572,0.01361352764078979,0.013765940481732998,0.013877366054310317,0.013953989126126172,0.014679005690098237,0.014292999344344722,0.013234026720926908,0.013951887554436675,0.013457,0.0117333125,0.01,0.012,0.010714285714285714,0.011764705882352941,0.0125,0.010638297872340425,0.009259259259259259,0.010769230769230769,0.00958904109589041,0.009302325581395349,0.010101010101010102,0.010526315789473684,0.01,0.010468533428468874,0.010176780283303074,0.010310831810815144,0.010506615132037826,0.010454545454545454,0.010126582278481015,0.01019607843137255,0.010256410256410256,0.009729729729729731,0.008843537414965989,0.00935251798561151,0.010236220472440943,0.009821428571428568,0.00879120879120879,0.009638554216867457,0.00941176470588236,0.009195402298850583]},"HIV_50_ART":{"startYear":1995,"endYear":2025,"values":[0.0,0.0,0.0,0.0,0.0,0.0,0.0,0.0,0.0,0.0,0.0,0.0,0.0,0.0,0.018792713258195343,0.019752054307868153,0.018902410075088392,0.014697118115594305,0.017241379310344827,0.017499999999999998,0.019230769230769232,0.01818181818181818,0.014444444444444446,0.014516129032258065,0.014634146341463415,0.01484848484848485,0.015159574468085107,0.01569086651053864,0.01662921348314607,0.017660044150110375,0.01879049676025918]}}