{"ART50PlusPercentFemales":{"startYear":1995,"endYear":2025,"values":[0.0,0.0,0.0,0.0,0.0,0.0,0.0,0.0,0.0,0.0,0.34695927307364044,0.29205285980521406,0.282657484299883,0.2950855066965171,0.29838709677419356,0.3092105263157895,0.31843575418994413,0.25857519788918204,0.25,0.2491103202846975,0.2503937007874016,0.25069252077562326,0.2631578947368421,0.2765647743813683,0.2868965517241379,0.28660826032540676,0.2901734104046243,0.29775280898876405,0.3082788671023965,0.3199577613516367,0.32854209445585214]},"ART50PlusPercentMales":{"startYear":1995,"endYear":2025,"values":[0.0,0.0,0.0,0.0,0.0,0.0,0.0,0.0,0.0,0.0,0.2746199242992969,0.28602555483726655,0.29559690223541746,0.2876712328767123,0.292358803986711,0.30337078651685395,0.308584686774942,0.296875,0.2937771345875543,0.29325153374233126,0.29520697167755994,0.2955665024630542,0.311088295687885,0.3087971274685817,0.2981549815498155,0.2978014656895403,0.29818181818181816,0.29988851727982163,0.30179028132992325,0.30594490091831805,0.3153918791312559]},"ART50PlusPercentTotal":{"startYear":1995,"endYear":2025,"values":[0.0,0.0,0.0,0.0,0.0,0.0,0.0,0.0,0.0,0.0,0.2859825556998969,0.2888811739587192,0.29248236101227043,0.289795703218395,0.29411764705882354,0.3057199211045365,0.31198686371100165,0.2813807531380753,0.2762478485370052,0.27503628447024675,0.2767052767052767,0.27691421991940124,0.29064919594997024,0.2966666666666667,0.2940893801057184,0.2937853107344633,0.29542743538767396,0.2990689013035382,0.3036521739130435,0.3100364359059291,0.31953428201811124]},"HIV_15":{"startYear":1970,"endYear":2025,"values":[0.0,0.0,0.0,0.0,0.0,0.0,0.0,0.0,0.0,0.0,0.0,0.0,0.0,0.0,0.0,0.0,0.017391304347826087,0.015789473684210527,0.014432989690721649,0.012765957446808512,0.011578947368421053,0.010126582278481013,0.008996539792387544,0.008405797101449276,0.007729584577114428,0.007312927472527472,0.006707317073170732,0.006226415094339622,0.0061403508771929825,0.006199021207177814,0.006363636363636364,0.006478873239436619,0.006666666666666666,0.006787878787878787,0.006869369369369369,0.007017836314780368,0.006921487603305785,0.007192118226600985,0.007216494845360824,0.0072,0.007013201320132013,0.006867283950617283,0.006523681858802502,0.006551059730250482,0.006784968684759917,0.006915477497255762,0.00735981308411215,0.006659939455095862,0.00681586978636826,0.007023809523809523,0.007397260273972602,0.0077544426494345715,0.008442776735459661,0.008948545861297539,0.009644670050761424,0.00972568578553616]},"HIV_15_ART":{"startYear":1995,"endYear":2025,"values":[0.0,0.0,0.0,0.0,0.0,0.0,0.0,0.0,0.0,0.0,0.0015695710317965106,0.003846153846153846,0.0028169014084507044,0.0022935779816513763,0.002,0.0019886363636363634,0.0019093078758949881,0.0026200873362445414,0.002497027348394768,0.0024024024024024023,0.0024021352313167263,0.002468152866242038,0.0026028547439126784,0.002764612954186414,0.0031994554118447926,0.0035076923076923076,0.003781038374717833,0.0038257173219978747,0.003946053946053946,0.003840614498319731,0.003897338403041825]},"HIV_50":{"startYear":1970,"endYear":2025,"values":[0.0,0.0,0.0,0.0,0.0,0.0,0.0,0.0,0.0,0.0,0.0,0.0,0.0,0.0,0.0,0.0,0.013043478260869565,0.015789473684210527,0.014432989690721649,0.014893617021276596,0.015263157894736841,0.01518987341772152,0.015570934256055362,0.015942028985507246,0.01592039800995025,0.016043956043956045,0.016260162601626018,0.01641509433962264,0.016666666666666666,0.0166394779771615,0.01681818181818182,0.016901408450704224,0.01699346405228758,0.01696969696969697,0.017117117117117116,0.016778952234373447,0.016322314049586777,0.015960591133004926,0.01555763823805061,0.015288888888888892,0.015429042904290431,0.015432098765432098,0.015370866845397672,0.015317919075144508,0.015135699373695199,0.015148188803512628,0.015654205607476632,0.016145307769929364,0.01627670396744659,0.015952380952380957,0.015753424657534248,0.015670436187399037,0.01538461538461539,0.015212527964205826,0.014974619289340116,0.015211970074812953]},"HIV_50_ART":{"startYear":1995,"endYear":2025,"values":[0.0,0.0,0.0,0.0,0.0,0.0,0.0,0.0,0.0,0.0,0.03285781811883358,0.03205128205128205,0.03169014084507042,0.03165137614678899,0.032,0.03295454545454545,0.033651551312649165,0.029257641921397383,0.028656361474435198,0.028528528528528527,0.02873665480427046,0.0285828025477707,0.030562552476910157,0.03127962085308057,0.03083730428863172,0.03076923076923077,0.030869074492099323,0.031243358129649308,0.03166833166833167,0.032405184829572733,0.03346007604562738]}}