{"countryCode":356,"subnatCode":19,"ART50PlusPercentFemales":{"startYear":1995,"endYear":2025,"values":[0.0,0.0,0.0,0.0,0.0,0.0,0.0,0.0,0.0,0.0,0.3065295542775829,0.31382978723404253,0.3224932249322493,0.3314500941619586,0.33835616438356164,0.345005149330587,0.35213537469782435,0.3486519607843137,0.3387903592542065,0.3349005424954792,0.3356944872189714,0.33960145944428854,0.3368267121618328,0.32323232323232326,0.32329583057577765,0.3247407407407407,0.32729954411370343,0.33047525722684956,0.3345754290876242,0.3387772194304858,0.34315830568026545]},"ART50PlusPercentMales":{"startYear":1995,"endYear":2025,"values":[0.0,0.0,0.0,0.0,0.0,0.0,0.0,0.0,0.0,0.0,0.30091722245228475,0.30097087378640774,0.30844155844155846,0.31874298540965207,0.32764505119453924,0.3355306526038233,0.34335443037974683,0.3408624229979466,0.3319070904645477,0.32803468208092484,0.3301170190925888,0.3443346647046458,0.3360952874158467,0.3191080353710111,0.3170839307378405,0.31718870843000774,0.31855741091409884,0.32086308599813723,0.3243914555389965,0.3282537606278613,0.3325440194292653]},"ART50PlusPercentTotal":{"startYear":1995,"endYear":2025,"values":[0.0,0.0,0.0,0.0,0.0,0.0,0.0,0.0,0.0,0.0,0.302842021622622,0.3076923076923077,0.31402439024390244,0.32280701754385965,0.33193056286165173,0.3392282958199357,0.3468281797896079,0.34381912017694766,0.3346125730994152,0.33073142526741833,0.33226600985221677,0.34234884000480825,0.3363305718326935,0.3207848505589779,0.31956852623916354,0.32015209125475286,0.32202590048760027,0.32463768115942027,0.3282931718157654,0.3323001368649867,0.33660216341655125]},"HIV_15":{"startYear":1970,"endYear":2025,"values":[0.0,0.0,0.0,0.0,0.0,0.0,0.0,0.0,0.0,0.0,0.0,0.0,0.0,0.01985294117647059,0.017846153846153845,0.015934065934065933,0.01410891089108911,0.012601260126012601,0.011226611226611225,0.009885714285714286,0.009021842355175688,0.008580129819040126,0.008340533137446947,0.008296943231441048,0.00822799356469777,0.00821891316959969,0.008078638691557906,0.007876712328767124,0.007621189405297352,0.007424492037342119,0.007241580689118163,0.007069475883684485,0.006920605063092718,0.00669774112585156,0.006426957330852054,0.006254341814696035,0.006141326620221299,0.0060271080991001,0.005881112984822934,0.005756876129291306,0.005627622124704634,0.005488259411106969,0.005334064027035667,0.00531831402059,0.005308532071405144,0.0053261435126058364,0.005224053865799861,0.00514404285093857,0.0052594708196367955,0.005258297258297259,0.005229289016618769,0.005213172998086909,0.005205417265642733,0.005175206752493819,0.005144254278728606,0.005156770414608935]},"HIV_15_ART":{"startYear":1995,"endYear":2025,"values":[0.0,0.0,0.0,0.0,0.0,0.0,0.0,0.0,0.0,0.0,0.005117558291028064,0.003801169590643275,0.0032592592592592595,0.0031088082901554403,0.0030708661417322832,0.002858880778588808,0.0027818448023426063,0.0030711610486891384,0.003048613018401538,0.002915766738660907,0.002748063445223165,0.002997623834765125,0.0034251788704521237,0.0034374650095174114,0.003617973156973352,0.00388057133023576,0.004137344366251643,0.00434109617955393,0.00439182614336685,0.00430457587267137,0.004113067027758971]},"HIV_50":{"startYear":1970,"endYear":2025,"values":[0.0,0.0,0.0,0.0,0.0,0.0,0.0,0.0,0.0,0.0,0.0,0.0,0.0,0.013235294117647059,0.01323076923076923,0.013736263736263736,0.013737623762376238,0.013771377137713772,0.01386001386001386,0.013885714285714286,0.013865147198480532,0.013768686073957514,0.013679399281749919,0.01381004366812227,0.013927832682142037,0.014039837555598528,0.014174789360647613,0.014326484018264841,0.014480259870064969,0.014629324546952222,0.014784893906949582,0.014939926867490858,0.01509522689865977,0.015346002151308713,0.015612122823341752,0.015791945466695018,0.015900708389438554,0.016031552049772246,0.01625737774030354,0.0164876530817105,0.016714085933355837,0.01694931047335073,0.017207836689957526,0.017127556437837588,0.01710631120273626,0.017165696986897495,0.017552820989087534,0.017666361048110795,0.01751899552729428,0.01762770562770563,0.017674622016743722,0.017682426892593604,0.01765150941968677,0.017716770398158416,0.01771149144254279,0.01767543355920525]},"HIV_50_ART":{"startYear":1995,"endYear":2025,"values":[0.0,0.0,0.0,0.0,0.0,0.0,0.0,0.0,0.0,0.0,0.031627480569657314,0.030994152046783626,0.03155555555555556,0.032331606217616576,0.03322834645669292,0.03412408759124088,0.03499267935578331,0.03449438202247191,0.033534743202416915,0.0331317494600432,0.033400959055699,0.03449095229391336,0.03379509818846095,0.03198969880192588,0.03197821435518382,0.032206160729650664,0.03257288686103163,0.0330261028635756,0.03375283814466429,0.03450292397660818,0.03525163619950349]}}