{"countryCode":352,"subnatCode":0,"Regions":{"region":"High Income Countries"},"ART50PlusPercentFemales":{"startYear":1995,"endYear":2025,"values":[0.0,0.0,0.0,0.13042052045490488,0.13542411027334592,0.15069511972858576,0.16542203617387546,0.19271746818393465,0.2305147899260425,0.16877671177718095,0.1862686542344367,0.2678368325883664,0.24334123358891946,0.23652033563100244,0.2954974259509488,0.23216488545952133,0.24609627930117622,0.264902278893877,0.22397285386187332,0.23887094659508976,0.22762780998263316,0.24885058741311245,0.25988863382223637,0.27790901025841164,0.27614061903591774,0.2672830274207535,0.28202605355137916,0.28202605355137916,0.28202605355137916,0.28202605355137916,0.28202605355137916]},"ART50PlusPercentMales":{"startYear":1995,"endYear":2025,"values":[0.0,0.0,0.0,0.18494886970324326,0.17112608651535482,0.19126181739140063,0.2275074839981143,0.22901575694931225,0.29047077900808776,0.2694351787949747,0.2742685203725312,0.28215036835797247,0.3253205899198204,0.32908698487189136,0.3535074483162879,0.30844655176436125,0.3420121345794627,0.35035267376179674,0.32171451493932857,0.33032799874737134,0.3452636493566525,0.3663210369749729,0.3407374549608957,0.33684956634848007,0.3372864438571571,0.3358938572619949,0.3330809387233928,0.3330809387233928,0.3330809387233928,0.3330809387233928,0.3330809387233928]},"ART50PlusPercentTotal":{"startYear":1995,"endYear":2025,"values":[0.0,0.0,0.0,0.16631604193595262,0.1860192246558348,0.16274144929240592,0.20376383886031876,0.20723798659510817,0.246924995287454,0.2460519136630706,0.2504428167334696,0.2724656270219773,0.3026519076244611,0.2939469881664634,0.3420305842852586,0.2810533404994837,0.31197773104097337,0.3237584033785641,0.2866841268984098,0.29972751804275793,0.30730672112042146,0.3235425720872111,0.313543546471589,0.3190890285721688,0.31928175705411843,0.31505307913837866,0.31826229381326837,0.31826229381326837,0.31826229381326837,0.31826229381326837,0.31826229381326837]},"HIV_15":{"startYear":1970,"endYear":2025,"values":[0.0,0.022418091685364076,0.02026635664558628,0.01806823345315907,0.01645605989918185,0.013464185568480213,0.01175212885966511,0.0104071203019397,0.010192917267963845,0.00773722466215602,0.0071428571428571435,0.0071503999999999995,0.005900829411764706,0.005295768421052632,0.005050845,0.004412869565217392,0.008078668,0.007497500000000001,0.00676318,0.006559841935483871,0.005994552941176471,0.00567445,0.00553377027027027,0.004886269047619048,0.00478359534883721,0.006655806521739131,0.006132889999999999,0.006132889999999999,0.006132889999999999,0.006132889999999999,0.006132889999999999,0.006800992750903895,0.006183957027311867,0.0060076905353509385,0.007068614233982141,0.006791897624246642,0.006210738010806124,0.0057862408517017445,0.006557754255786161,0.006011225368848994,0.007931600372120895,0.00733926567046835,0.006978015688065052,0.007000308333333333,0.007536029999999999,0.007254546987951806,0.006684717777777778,0.008250230588235295,0.008345191666666666,0.008650227160493828,0.009216228947368421,0.010670057333333337,0.010670057333333337,0.010670057333333337,0.010670057333333337,0.010670057333333337]},"HIV_15_ART":{"startYear":1995,"endYear":2025,"values":[0.0,0.0,0.0,0.0005838238042709452,0.00056738929800531,0.00037677656487242016,0.000333332569864344,0.00032650185892254657,0.0002907980377743901,0.00032971957375150043,0.00029761380558148445,0.0002905164506356494,0.00028631734357081466,0.0002704849990110543,0.0003169413293550014,0.0008161175298020769,0.0008118171180612712,0.0007885299554801512,0.0018069267857142857,0.0017085169491525421,0.0016103031746031746,0.0015458901515151516,0.0013507480263157893,0.0012474240963855421,0.0011380510752688174,0.0015199293269230767,0.0014012550218340612,0.0014012550218340612,0.0014012550218340612,0.0014012550218340612,0.0014012550218340612]},"HIV_50":{"startYear":1970,"endYear":2025,"values":[0.0,0.00794510224761918,0.008578747109618682,0.009204229839566154,0.0101046748281361,0.009929110773142593,0.010310989414891331,0.010841971416635947,0.012574777789307098,0.011009645146891596,0.011246614285714286,0.011792535714285715,0.010159423529411763,0.009480415789473685,0.00935521,0.012760678260869567,0.011968583999999999,0.011111111111111112,0.01,0.00967741935483871,0.011764705882352941,0.011111111111111112,0.013513513513513514,0.014285714285714285,0.013953488372093023,0.013043478260869565,0.013999999999999999,0.013999999999999999,0.013999999999999999,0.013999999999999999,0.013999999999999999,0.01514920400527448,0.015299522968523603,0.014856172418003546,0.015474285514607142,0.014857753020679116,0.01482175853421108,0.016112161451407446,0.016325042301449613,0.016019935207372053,0.013341318071771052,0.014702609691731849,0.014070188224808837,0.013888888888888888,0.013750000000000007,0.014457831325301207,0.014444444444444452,0.01294117647058823,0.01309523809523809,0.013580246913580243,0.011842105263157899,0.010666666666666677,0.010666666666666677,0.010666666666666677,0.010666666666666677,0.010666666666666677]},"HIV_50_ART":{"startYear":1995,"endYear":2025,"values":[0.0,0.0,0.0,0.030802506349247062,0.03137752348503041,0.036885358976428334,0.03013693378879482,0.03755670055801209,0.039668702861184534,0.03940628767442612,0.04379848081215147,0.04566477596418534,0.04723279704778224,0.04638582093069253,0.05097016162416641,0.04332672307302862,0.04366215794023532,0.04466164948448237,0.03839285714285714,0.03898305084745762,0.03809523809523809,0.038636363636363635,0.0375,0.03734939759036145,0.03602150537634409,0.035576923076923075,0.03537117903930131,0.03537117903930131,0.03537117903930131,0.03537117903930131,0.03537117903930131]},"MortalityByAge":[{"year":1990,"cause":"tot","sex":1,"values":[0.0,21.0,2.0,3.0,12.0,16.0,17.0,11.0,12.0,15.0,19.0,22.0,49.0,60.0,102.0,116.0,133.0,300.0]},{"year":1990,"cause":"tot","sex":2,"values":[0.0,11.0,1.0,1.0,4.0,1.0,6.0,3.0,7.0,9.0,15.0,23.0,33.0,47.0,51.0,83.0,125.0,374.0]},{"year":1990,"cause":"HIV","sex":1,"values":[0.0,0.0,0.0,0.0,0.0,1.0,1.0,0.0,1.0,0.0,1.0,0.0,0.0,0.0,0.0,0.0,0.0,0.0]},{"year":1990,"cause":"HIV","sex":2,"values":[0.0,0.0,0.0,0.0,0.0,0.0,0.0,0.0,0.0,0.0,0.0,0.0,1.0,0.0,0.0,0.0,0.0,0.0]},{"year":1991,"cause":"tot","sex":1,"values":[0.0,17.0,1.0,0.0,18.0,15.0,11.0,10.0,13.0,11.0,20.0,29.0,48.0,69.0,102.0,132.0,141.0,369.0]},{"year":1991,"cause":"tot","sex":2,"values":[0.0,14.0,0.0,2.0,3.0,3.0,2.0,1.0,11.0,6.0,12.0,15.0,34.0,36.0,56.0,69.0,104.0,422.0]},{"year":1991,"cause":"HIV","sex":1,"values":[0.0,0.0,0.0,0.0,0.0,0.0,0.0,0.0,1.0,0.0,0.0,0.0,0.0,0.0,0.0,0.0,0.0,0.0]},{"year":1991,"cause":"HIV","sex":2,"values":[0.0,0.0,0.0,0.0,0.0,0.0,0.0,0.0,0.0,0.0,0.0,0.0,0.0,0.0,0.0,0.0,0.0,0.0]},{"year":1992,"cause":"tot","sex":1,"values":[0.0,18.0,1.0,1.0,6.0,9.0,8.0,13.0,8.0,10.0,20.0,29.0,31.0,72.0,90.0,113.0,121.0,325.0]},{"year":1992,"cause":"tot","sex":2,"values":[0.0,12.0,1.0,2.0,2.0,1.0,3.0,8.0,4.0,8.0,19.0,14.0,23.0,39.0,61.0,92.0,111.0,444.0]},{"year":1992,"cause":"HIV","sex":1,"values":[0.0,0.0,0.0,0.0,0.0,0.0,0.0,0.0,1.0,0.0,0.0,0.0,0.0,0.0,0.0,0.0,0.0,0.0]},{"year":1992,"cause":"HIV","sex":2,"values":[0.0,0.0,0.0,0.0,0.0,0.0,0.0,0.0,0.0,0.0,0.0,0.0,0.0,0.0,0.0,0.0,0.0,0.0]},{"year":1993,"cause":"tot","sex":1,"values":[0.0,18.0,0.0,2.0,8.0,5.0,6.0,9.0,10.0,18.0,20.0,21.0,36.0,61.0,82.0,117.0,144.0,317.0]},{"year":1993,"cause":"tot","sex":2,"values":[0.0,8.0,0.0,0.0,3.0,3.0,3.0,2.0,4.0,12.0,16.0,26.0,19.0,38.0,53.0,84.0,129.0,479.0]},{"year":1993,"cause":"HIV","sex":1,"values":[0.0,0.0,0.0,0.0,0.0,0.0,0.0,1.0,1.0,1.0,2.0,0.0,0.0,0.0,0.0,0.0,0.0,0.0]},{"year":1993,"cause":"HIV","sex":2,"values":[0.0,0.0,0.0,0.0,0.0,0.0,1.0,0.0,0.0,0.0,0.0,0.0,0.0,0.0,0.0,0.0,0.0,0.0]},{"year":1994,"cause":"tot","sex":1,"values":[0.0,10.0,2.0,2.0,9.0,8.0,7.0,8.0,19.0,20.0,19.0,21.0,36.0,54.0,68.0,131.0,138.0,347.0]},{"year":1994,"cause":"tot","sex":2,"values":[0.0,7.0,3.0,1.0,2.0,1.0,2.0,2.0,11.0,6.0,15.0,24.0,28.0,43.0,56.0,81.0,110.0,426.0]},{"year":1994,"cause":"HIV","sex":1,