{"countryCode":388,"subnatCode":0,"Regions":{"region":"Latin America and Caribbean"},"ART50PlusPercentFemales":{"startYear":1995,"endYear":2025,"values":[0.0,0.0,0.0,0.0,0.0,0.09282393625517846,0.10029078434852626,0.103484464099892,0.10269469680807114,0.09746077231566525,0.11202999405291394,0.11968979006069959,0.12975956865591404,0.13874738039133433,0.14822745422187192,0.15656825610136482,0.1684938073680516,0.18019990883054027,0.18777589301840894,0.19978938456601777,0.21959832534959517,0.23126693196231937,0.23924008069939476,0.23600379558085943,0.2590093129977055,0.284789644012945,0.3110751382706057,0.33824324324324323,0.33824324324324323,0.33824324324324323,0.33824324324324323]},"ART50PlusPercentMales":{"startYear":1995,"endYear":2025,"values":[0.0,0.0,0.0,0.0,0.0,0.14263748597081932,0.1515509272823253,0.15182172513994413,0.16660045401355517,0.17097837208283306,0.1593437208243381,0.17011148568897622,0.18338001406611298,0.19940545584843503,0.21454790140215318,0.22518585022473545,0.24016210489409454,0.25710317313362874,0.27437810945273633,0.3044592516658124,0.32695984703632885,0.34044368600682595,0.3538011695906433,0.30539932508436446,0.3281006457359163,0.35275330396475774,0.3773026315789474,0.4019338534227008,0.4019338534227008,0.4019338534227008,0.4019338534227008]},"ART50PlusPercentTotal":{"startYear":1995,"endYear":2025,"values":[0.0,0.0,0.0,0.0,0.0,0.1200096494716349,0.14883061486885232,0.13508722832437486,0.13896535761595244,0.13608481004601236,0.13622770664921793,0.14513872869583377,0.1565869295452844,0.16891132435705644,0.1811084063155837,0.191687225427179,0.20635352582660654,0.22087186731821895,0.23150179468752916,0.24815939260744593,0.2705213517092777,0.2829674921741177,0.29223826714801443,0.27396249615739315,0.2968159082591192,0.32223838971747304,0.3475657695796795,0.3733486850078778,0.3733486850078778,0.3733486850078778,0.3733486850078778]},"HIV_15":{"startYear":1970,"endYear":2025,"values":[0.0,0.0,0.0,0.0,0.0,0.0,0.0,0.0,0.0,0.0,0.0,0.0,0.03043478260869565,0.02727272727272727,0.0252906976744186,0.023919753086419752,0.022895622895622896,0.022469233822945613,0.021285056508999582,0.019558400836164096,0.01758272122869383,0.01583023743293718,0.014198519590268884,0.012688470024106948,0.01089331370574107,0.009301008671031676,0.00806201550387597,0.00715381004537631,0.00715381004537631,0.00715381004537631,0.00715381004537631,0.005414763319865721,0.0052607077187525695,0.0051774715599107535,0.005095934357455734,0.005107992052810356,0.004895290564534864,0.004742825833846997,0.004692935747248846,0.0047213163356062855,0.004750529763051434,0.004790466732869911,0.004864597909292946,0.005004321521175454,0.005000881212548467,0.004948805460750853,0.004809364862958958,0.0046697038724373575,0.004950124688279302,0.004542898206586265,0.004200832597451747,0.0039278403275332646,0.0037203252032520324,0.0037203252032520324,0.0037203252032520324,0.0037203252032520324]},"HIV_15_ART":{"startYear":1995,"endYear":2025,"values":[0.0,0.0,0.0,0.0,0.0,0.0027179057744120003,0.007872794992709207,0.020780037783422106,0.025105178542513824,0.026470588235294117,0.0049624060150375935,0.006384558277654046,0.006928532460447353,0.006169354838709677,0.005314009661835749,0.0048560273304050754,0.004651162790697674,0.004327755337564916,0.0037732767069585107,0.003628332544565389,0.003417210313762038,0.003341793570219966,0.0032134659525631217,0.0027352019646032684,0.0025069396252602356,0.002298953394758028,0.002243233222098628,0.0022628372497824193,0.0022628372497824193,0.0022628372497824193,0.0022628372497824193]},"HIV_50":{"startYear":1970,"endYear":2025,"values":[0.0,0.0,0.0,0.0,0.0,0.0,0.0,0.0,0.0,0.0,0.0,0.0,0.004347826086956522,0.005681818181818182,0.005523255813953488,0.005555555555555556,0.005555555555555555,0.005518062723302898,0.005588112180828798,0.005800888424353279,0.006061434691459301,0.006363327674023769,0.006679470763977806,0.0070216962524654826,0.0074533199039281016,0.007860555653866572,0.008197262081477816,0.008458770145517134,0.008458770145517134,0.008458770145517134,0.008458770145517134,0.009876598525975895,0.010441526866130472,0.011076325174017564,0.011765068788944413,0.012324552970582579,0.013076233779164316,0.013923703855900282,0.01478523251686191,0.015583308627334714,0.016478520516278173,0.017271102284011918,0.017878014651411638,0.01824546240276577,0.018941663729291507,0.01938656367882163,0.019533637346622165,0.01970387243735763,0.01806109725685786,0.01877148034743486,0.01931373785795383,0.019690378710337773,0.019908943089430895,0.019908943089430895,0.019908943089430895,0.019908943089430895]},"HIV_50_ART":{"startYear":1995,"endYear":2025,"values":[0.0,0.0,0.0,0.0,0.0,0.019497796205790258,0.023786540265880316,0.020265002738815117,0.02097055000809613,0.022058823529411766,0.023007518796992484,0.02397921306607275,0.02564102564102564,0.027419354838709678,0.029378019323671498,0.030917520741825282,0.03299282764616388,0.034891325254856706,0.03627899379287814,0.03814481779460483,0.04123951537744641,0.04275239706711788,0.04359857179290997,0.040299771360826485,0.04292158223455934,0.0457912156722426,0.04869299221357063,0.05152306353350739,0.05152306353350739,0.05152306353350739,0.05152306353350739]},"PercPregAccessAntenatalCare":{"value":97.6,"year":"2011"},"MortalityByAge":[{"year":1990,"cause":"tot","sex":1,"values":[0.0,343.0,27.0,38.0,54.0,68.0,73.0,79.0,67.0,111.0,154.0,196.0,295.0,470.0,650.0,800.0,959.0,1612.0]},{"year":1990,"cause":"tot","sex":2,"values":[0.0,280.0,35.0,32.0,46.0,50.0,54.0,82.0,85.0,102.0,134.0,196.0,236.0,394.0,529.0,655.0,843.0,2303.0]},{"year":1991,"cause":"tot","sex":1,"values":[0.0,292.0,37.0,38.0,36.0,63.0,61.0,72.0,88.0,86.0,134.0,185.0,265.0,398.0,564.0,724.0,831.0,1583.0]},{"year":1991,"cause":"tot","sex":2,"values":[0.0,236.0,19.0,25.0,33.0,54.0,53.0,71.0,85.0,89.0,132.0,165.0,241.0,394.0,492.0,567.0,728.0,2230.0]},{"year":2006,"cause":"tot","sex":1,"values":[0.0,342.0,22.0,28.0,57.0,93.0,98.0,149.0,191.0,226.0,228.0,306.0,392.0,509.0,614.0,799.0,911.0,2070.0]},{"year":2006,"cause":"tot","sex":2,"values":[0.0,290.0,19.0,21.0,31.0,77.0,91.0,122.0,153.0,193.0,220.0,243.0,292.0,349.0,430.0,643.0,825.0,2648.0]},{"year":2006,"cause":"HIV","sex":1,"values":[0.0,12.0,2.0,3.0,1.0,3.0,9.0,28.0,48.0,28.0,33.0,25.0,22.0,10.0,5.0,4.0,1.0,1.0]},{"year":2006,"cause":"HIV","sex":2,"values":[0.0,4.0,0.0,0.0,1.0,12.0,19.0,31.0,27.0,18.0,12.0,12.0,12.0,2.0,5.0,1.0,0.0,0.0]}],"45q15WPP":{"1972.0":0.155702950484283,"1977.0":0.145164865460768,"1982.0":0.142945648133818,"1987.0":0.15115865434446102,"1992.0":0.16542925109499199,"1997.0":0.172239459646903,"2002.0":0.16695545824048,"2007.0":0.146592257334581,"2012.0":0.135604039679735,"2017.0":0.130241451841816,"2022.0":0.123009432813822},"EpidemicStartYear":{"Start year":1982},"EpidemicType":{"Epidemic Type":"Concentrated"},"SexualActivity15-19":{"SexAct_F_15_19":35.4,"Source":"LAC average"},"Meningitis":[{"CrAGPlus":0.054,"EconCat":"Upper middle income","InCare":0.4,"NotInCare":0.6}]}