{"countryCode":400,"subnatCode":0,"Regions":{"region":"North Africa Middle East"},"ART50PlusPercentFemales":{"startYear":1995,"endYear":2025,"values":[0.0,0.0,0.0,0.0,0.0,0.0,0.0,0.0,0.0,0.08609280000000002,0.09437040010930935,0.1006448241053897,0.11165714940944418,0.11311647767013572,0.13731544448246186,0.1273273565767266,0.13116616522901933,0.18514075728106696,0.16924050401297766,0.15306194285137395,0.1994583531861806,0.18896241720960497,0.15786564562880184,0.18237756767062496,0.20697286919977761,0.19540009816895507,0.19366074098617353,0.19597370715534312,0.19597370715534312,0.19597370715534312,0.19597370715534312]},"ART50PlusPercentMales":{"startYear":1995,"endYear":2025,"values":[0.0,0.0,0.0,0.0,0.0,0.0,0.0,0.0,0.0,0.11216778936380187,0.1197815504019957,0.14491703645094656,0.13495184421618986,0.1420447103508886,0.11844277126862442,0.13750197149199453,0.14507177371885863,0.1636242949290068,0.14823752822619152,0.15578184600201464,0.1627345799987277,0.1792454595585238,0.18868422549780323,0.20947577217157035,0.23464211362532014,0.26831463386602816,0.2718922405811389,0.2715125982520996,0.2715125982520996,0.2715125982520996,0.2715125982520996]},"ART50PlusPercentTotal":{"startYear":1995,"endYear":2025,"values":[0.0,0.0,0.0,0.0,0.0,0.0,0.0,0.0,0.0,0.12303844827723488,0.10274308471669052,0.13533427495291903,0.12085672160383519,0.13669377618977488,0.12212082992290932,0.1365851867869574,0.14508000365625878,0.1680082324153597,0.15352539324481926,0.15755223827376647,0.1679792265162021,0.17988928630846585,0.18281177519357805,0.20424081450952253,0.2275863228821675,0.2515394838767532,0.2504381282411704,0.2525233259026847,0.2525233259026847,0.2525233259026847,0.2525233259026847]},"HIV_15":{"startYear":1970,"endYear":2025,"values":[0.0,0.021829598637691294,0.019630045815843666,0.014759278383457565,0.010793825413759709,0.015879784946424388,0.014535992935507433,0.011810772061902147,0.011764705882352941,0.010000070000000002,0.010002865000000001,0.01206002,0.011242040740740741,0.010554862068965517,0.009971699999999998,0.009768484375,0.008299271052631578,0.008156379487179488,0.009784883720930232,0.00962275,0.008694473469387756,0.009976960377358492,0.009012071186440679,0.00822877230769231,0.007799111594202898,0.008425944736842104,0.00787140987654321,0.007568354761904763,0.007568354761904763,0.007568354761904763,0.007568354761904763,0.007375822772277228,0.00790407757009346,0.007507605309734513,0.00785629306203634,0.007923562333743618,0.008142380522422008,0.007958965333345981,0.007403157770078795,0.00845073816513046,0.008568399985327279,0.00796326109284796,0.00804365692125173,0.008547960583941605,0.009165443884892087,0.009279860583941608,0.010384975,0.010836000787401575,0.010791428571428572,0.010415445977011493,0.010362694300518135,0.010674157303370785,0.01165644171779141,0.01165644171779141,0.01165644171779141,0.01165644171779141]},"HIV_15_ART":{"startYear":1995,"endYear":2025,"values":[0.0,0.0,0.0,0.0,0.0,0.0,0.0,0.0,0.0,0.0011354065229318758,0.0008703537878496702,0.0008614907671162445,0.0007096746799215746,0.0006511046387145578,0.0011361987837728408,0.00126955113142465,0.0012088586087650587,0.0012849888536877953,0.0018919785123966942,0.0016028602836879432,0.0020287598765432097,0.0017988158469945355,0.002037634134615385,0.0012026262626262626,0.0009675896907216495,0.0010416666666666667,0.0018099547511312218,0.002008032128514056,0.002008032128514056,0.002008032128514056,0.002008032128514056]},"HIV_50":{"startYear":1970,"endYear":2025,"values":[0.0,0.004911393547077464,0.005402624640864201,0.006135697691014213,0.00658390968763101,0.006608539243196446,0.007801954364250178,0.007865454519256106,0.00874325294117647,0.00789434,0.00836725,0.011082224,0.010625985185185186,0.010239093103448275,0.00967741935483871,0.009375,0.010526315789473684,0.010256410256410256,0.011627906976744186,0.011363636363636364,0.01020408163265306,0.009433962264150943,0.010169491525423728,0.00923076923076923,0.008695652173913044,0.007894736842105263,0.009876543209876543,0.009523809523809525,0.009523809523809525,0.009523809523809525,0.009523809523809525,0.008910891089108912,0.008411214953271028,0.008849557522123894,0.006610409375758928,0.006615829311074508,0.007773761698928325,0.007515219195646757,0.008478207595926776,0.008241191048576514,0.009282616068941742,0.007958991455704311,0.009517597640337367,0.010218978102189778,0.010071942446043165,0.009489051094890516,0.009848484848484848,0.01023622047244095,0.010389610389610388,0.011494252873563223,0.012435233160621763,0.011797752808988761,0.011656441717791403,0.011656441717791403,0.011656441717791403,0.011656441717791403]},"HIV_50_ART":{"startYear":1995,"endYear":2025,"values":[0.0,0.0,0.0,0.0,0.0,0.0,0.0,0.0,0.0,0.022889568437787715,0.022529465048215982,0.022878117515280863,0.023362429487077275,0.025474075733662935,0.021652280582129604,0.02337537757078621,0.02689764933373178,0.027501522841824323,0.02644628099173554,0.027659574468085105,0.02839506172839506,0.02896174863387978,0.029326923076923077,0.03232323232323232,0.03505154639175258,0.03697916666666667,0.03619909502262444,0.03534136546184739,0.03534136546184739,0.03534136546184739,0.03534136546184739]},"PercPregAccessAntenatalCare":{"value":99.1,"year":"2012"},"MortalityByAge":[{"year":2008,"cause":"tot","sex":1,"values":[0.0,1227.0,114.0,111.0,153.0,171.0,184.0,200.0,205.0,239.0,322.0,403.0,440.0,704.0,929.0,943.0,830.0,1050.0]},{"year":2008,"cause":"tot","sex":2,"values":[0.0,979.0,85.0,87.0,80.0,95.0,92.0,109.0,130.0,138.0,168.0,231.0,304.0,488.0,679.0,763.0,633.0,1005.0]},{"year":2008,"cause":"HIV","sex":1,"values":[0.0,0.0,0.0,0.0,0.0,0.0,0.0,0.0,0.0,0.0,0.0,0.0,1.0,0.0,0.0,0.0,0.0,0.0]},{"year":2009,"cause":"tot","sex":1,"values":[0.0,1372.0,119.0,113.0,164.0,188.0,199.0,172.0,201.0,261.0,327.0,434.0,466.0,703.0,920.0,986.0,846.0,1086.0]},{"year":2009,"cause":"tot","sex":2,"values":[0.0,1088.0,79.0,63.0,84.0,79.0,79.0,107.0,124.0,149.0,182.0,250.0,307.0,484.0,696.0,721.0,681.0,1030.0]},{"year":2009,"cause":"HIV","sex":1,"values":[0.0,0.0,0.0,0.0,0.0,0.0,0.0,1.0,1.0,0.0,0.0,0.0,0.0,0.0,0.0,0.0,0.0,0.0]}],"EpidemicType":{"Epidemic Type":"Concentrated"},"SexualActivity15-19":{"SexAct_F_15_19":6,"Source":"2012 DHS"}}