{"countryCode":392,"subnatCode":0,"Regions":{"region":"High Income Countries"},"ART50PlusPercentFemales":{"startYear":1995,"endYear":2025,"values":[0.0,0.1721786379943532,0.19680671118105517,0.20805479965881432,0.22464789934319432,0.22166617767146832,0.23074740078730327,0.2314099813744075,0.2404728870545891,0.24600153842132375,0.2528970713991117,0.26032323077936503,0.21327605250094048,0.2202137414476942,0.22737217923929515,0.23613320890006895,0.24488959644890196,0.2485848388525499,0.2586535466130008,0.2711165591490942,0.2781311810322239,0.28136178352653185,0.29469901168014373,0.30413223140495865,0.325487012987013,0.34741035856573704,0.372502937720329,0.372502937720329,0.372502937720329,0.372502937720329,0.372502937720329]},"ART50PlusPercentMales":{"startYear":1995,"endYear":2025,"values":[0.0,0.22468427354642656,0.2405081934980373,0.2625495572939618,0.28087330917433245,0.2693659277876498,0.28039158253260815,0.28944225316826233,0.297970415804407,0.3049645383152565,0.31194035163838474,0.31800451467654883,0.26385566443247643,0.2708300143380596,0.2767031118587048,0.2835487077534791,0.2911758168481885,0.2824554896142433,0.29434480391315543,0.30686266677318846,0.3004079448940012,0.2915888876688262,0.3002892191084073,0.30105649174888677,0.3176049598468772,0.33442036190097435,0.35406899180484086,0.35406899180484086,0.35406899180484086,0.35406899180484086,0.35406899180484086]},"ART50PlusPercentTotal":{"startYear":1995,"endYear":2025,"values":[0.0,0.21721331124424934,0.23601327962896526,0.255032777127811,0.2731958275949931,0.26297954273679686,0.27327750678995705,0.2812336990851709,0.29012142329937624,0.2968088779442758,0.30384984169466295,0.30989286105128594,0.2570170499026461,0.26403488434043254,0.270205548321116,0.27737072698685394,0.28523055599163843,0.2783845072615179,0.29009027073353344,0.3026708205092857,0.29797704096185523,0.290520563921463,0.29977106432643535,0.3013503909026297,0.3183018867924528,0.3356114847761626,0.35570376545782967,0.35570376545782967,0.35570376545782967,0.35570376545782967,0.35570376545782967]},"HIV_15":{"startYear":1970,"endYear":2025,"values":[0.0,0.0,0.0,0.0,0.014677569602594297,0.009244967224742195,0.011111111111111112,0.008,0.008333333333333333,0.00851063829787234,0.0078125,0.007594936708860759,0.00784313725490196,0.008208955223880599,0.008140338372093023,0.008220438356164383,0.008422773684210526,0.008472317759562841,0.008745325373134329,0.008837329333333333,0.009071709724047307,0.009114832505175984,0.00900700155482815,0.008644357264397906,0.008246696619123086,0.007794310456110154,0.007584932506588048,0.007584932506588048,0.007584932506588048,0.007584932506588048,0.007584932506588048,0.006254584819362876,0.0059145262105096035,0.005573441367938056,0.005250901912997904,0.0049677402322486994,0.00470912455447778,0.005130260438413361,0.004893984220907297,0.0046897205116058745,0.004548579285059579,0.004425370638724779,0.004472995479419462,0.004427113201055167,0.004341566064901982,0.004530456852791878,0.00518955349620893,0.005764925373134329,0.006948085998951233,0.007404580152671756,0.007558859975216853,0.0075654704170708045,0.0075654704170708045,0.0075654704170708045,0.0075654704170708045,0.0075654704170708045]},"HIV_15_ART":{"startYear":1995,"endYear":2025,"values":[0.0,0.0005563682254883554,0.0004369031681702386,0.0003176657178691379,0.00025906735751295336,0.0004070859025032938,0.0004227014373716632,0.00034151118421052635,0.00028110428667113194,0.0002906013281682346,0.00024661015769944343,0.0002159330055074744,0.0007089484276729559,0.0005997001499250375,0.0005666666666666666,0.0005084492298489606,0.000488135593220339,0.0006670435274166196,0.0005426686529048733,0.0004649282393369719,0.0006953277367930127,0.0009161576901721265,0.0008526187576126676,0.0010003390979993218,0.0008358704677553279,0.0007402166222173842,0.0006901013586370499,0.0006901013586370499,0.0006901013586370499,0.0006901013586370499,0.0006901013586370499]},"HIV_50":{"startYear":1970,"endYear":2025,"values":[0.0,0.0,0.0,0.0,0.008412772756851055,0.010026407324380752,0.008173666666666668,0.010921091999999999,0.011111111111111112,0.01276595744680851,0.0125,0.012658227848101266,0.012745098039215686,0.013432835820895522,0.013953488372093023,0.0136986301369863,0.014035087719298246,0.014207650273224045,0.014285714285714285,0.014833333333333334,0.015111695137976347,0.015631469979296066,0.016202945990180035,0.01681937172774869,0.0173269941891178,0.017771084337349398,0.01748810769319531,0.01748810769319531,0.01748810769319531,0.01748810769319531,0.01748810769319531,0.01630183306638192,0.01603429115732656,0.015758531689131057,0.015539832285115303,0.01539857263820007,0.01536205729754117,0.013922233820459288,0.014164201183431957,0.014412600663192802,0.014688359303391383,0.015171106900011149,0.016143231025458005,0.017066177313912148,0.018075091372244986,0.018286802030456857,0.01834877843302443,0.01875,0.01827477713686417,0.018625954198473293,0.01898389095415118,0.019253152279340442,0.019253152279340442,0.019253152279340442,0.019253152279340442,0.019253152279340442]},"HIV_50_ART":{"startYear":1995,"endYear":2025,"values":[0.0,0.04176632534529489,0.043498440363420765,0.045152276852533146,0.046632124352331605,0.04387351778656126,0.043839835728952774,0.04350328947368421,0.04300066979236437,0.04233536247924737,0.04192949907235622,0.041738788355625486,0.03427672955974843,0.03480134932533733,0.03535,0.036114849708389414,0.03731525423728813,0.036235161107970607,0.03781655671419451,0.03954922175055589,0.039209700669888915,0.03873542476401999,0.04045772164882364,0.0412399683508534,0.04399667866039302,0.046677189353943285,0.04919667888721156,0.04919667888721156,0.04919667888721156,0.04919667888721156,0.04919667888721156]},"MortalityByAge":[{"year":1990,"cause":"tot","sex":1,"values":[0.0,4532.0,844.0,760.0,3204.0,3466.0,2916.0,3264.0,5449.0,9769.0,14218.0,20161.0,32925.0,42742.0,42664.0,51737.0,69320.0,135367.0]},{"year":1990,"cause":"tot","sex":2,"values":[0.0,3451.0,533.0,482.0,1149.0,1329.0,1361.0,1774.0,3102.0,5542.0,7510.0,10097.0,14616.0,19986.0,27267.0,38076.0,58203.0,182040.0]},{"year":1991,"cause":"tot","sex":1,"values":[0.0,4121.0,803.0,669.0,3067.0,3515.0,2878.0,3151.0,5041.0,10550.0,13713.0,20107.0,32703.0,43820.0,46155.0,51342.0,68903.0,139462.0]},{"year":1991,"cause":"tot","sex":2,"values":[0.0,3406.0,534.0,418.0,1039.0,1291.0,1336.0,1710.0,2825.0,5848.0,7170.0,10379.0,14813.0,19910.0,27307.0,37710.0,57633.0,186052.0]},{"year":1992,"cause":"tot","sex":1,"values":[0.0,4313.0,795.0,701.0,2983.0,3581.0,2941.0,3148.0,4792.0,10396.0,13798.0,20400.0,32794.0,45689.0,50924.0,52371.0,69345.0,146084.0]},{"year":1992,"cause":"tot","sex":2,"values":[0.0,3301.0,488.0,479.0,1078.0,1345.0,1403.0,1644.0,2702.0,5770.0,7201.0,10350.0,14816.0,20647.0,28146.0,38373.0,57633.0,195615.0]},{"year":1993,"cause":"tot","sex":1,"values":[0.0,3999.0,733.0,677.0,2641.0,3558.0,2895.0,3084.0,4652.0,9675.0,14417.0,20863.0,32115.0,47113.0,54780.0,53858.0,69188.0,151702.0]},{"year":1993,"cause":"tot","sex":2,"values":[0.0,3264.0,522.0,461.0,940.0,1289.0,1254.0,1674.0,2524.0,5455.0,7608.0,10302.0,14661.0,20859.0,28644.0,39756.0,57847.0,204907.0]},{"year":1994,"cause":"tot","sex":1,"values":[0.0,4090.0,679.0,704.0,2471.0,3565.0,3065.0,3165.0,4383.0,8855.0,14470.0,21353.0,30032.0,46332.0,56547.0,55564.0,66376.0,153875.0]},{"year":1994,"cause":"tot","sex":2,"values":[0.0,3096.0,449.0,368.0,870.0,1363.0,1328.0,1704.0,2443.0,4778.0,7583.0,10647.0,13852.0,20330.0,28361.0,39398.0,54791.0,208398.0]},{"year":1995,"cause":"tot","sex":1,"values":[0.0,3929.0,752.0,716.0,2413.0,3640.0,3203.0,3297.0,4413.0,8236.0,15616.0,21905.0,30491.0,47188.0,59828.0,60927.0,68504.0,165674.0]},{"year":1995,"cause":"tot","sex":2,"values":[0.0,3111.0,483.0,468.0,949.0,1447.0,1393.0,1832.0,2426.0,4578.0,8520.0,11041.0,14241.0,21122.0,29261.0,41516.0,56924.0,221458.0]},{"year":1995,"cause":"HIV","sex":1,"values":[0.0,0.0,0.0,2.0,2.0,1.0,10.0,7.0,2.0,4.0,11.0,7.0,3.0,0.0,1.0,1.0,0.0,1.0]},{"year":1995,"cause":"HIV","sex":2,