{"ART50PlusPercentFemales":{"startYear":1995,"endYear":2025,"values":[0.0,0.0,0.0,0.0,0.0,0.0,0.0,0.0,0.0,0.16134913400182316,0.16010347801092267,0.1573121500195338,0.15493623051487954,0.15338543152130513,0.14994175403561324,0.1417747202231874,0.13203297341228376,0.12508117937394467,0.12396611358965362,0.1199941258535869,0.11895713888484302,0.11939433288503455,0.12195353949565622,0.12075617283950617,0.12943309252899218,0.1398340627279358,0.13862716247955184,0.13872350559657062,0.13872350559657062,0.13872350559657062,0.13872350559657062]},"ART50PlusPercentMales":{"startYear":1995,"endYear":2025,"values":[0.0,0.0,0.0,0.0,0.0,0.0,0.0,0.0,0.0,0.1751740139211137,0.17972181551976574,0.184184350132626,0.18939773524401243,0.19665705199319578,0.2030976202588887,0.20347219154481602,0.212707182320442,0.22595078299776286,0.23674196976449213,0.24624306291700443,0.25091525788736946,0.255297702229044,0.269818805618098,0.259765189819179,0.27778987023859353,0.2944555322981064,0.2976827094474153,0.30679617764203965,0.30679617764203965,0.30679617764203965,0.30679617764203965]},"ART50PlusPercentTotal":{"startYear":1995,"endYear":2025,"values":[0.0,0.0,0.0,0.0,0.0,0.0,0.0,0.0,0.0,0.16726160122386538,0.16867857717688717,0.1691342717526074,0.17007582436959973,0.17222723174030657,0.17247825149183982,0.16755878769980434,0.1616406548511301,0.15822784810126583,0.16092612564033432,0.16041408776903726,0.1624641655794304,0.1650628935659189,0.17077038526342617,0.16925818721144414,0.1817082308241444,0.19546080743456232,0.19697136277102367,0.20054431222675817,0.20054431222675817,0.20054431222675817,0.20054431222675817]},"HIV_15":{"startYear":1970,"endYear":2025,"values":[0.0,0.0,0.0,0.0,0.0,0.023076923076923075,0.021666666666666667,0.022222222222222223,0.022291021671826627,0.022173274596182086,0.02221407624633431,0.022235067437379578,0.022203317737133136,0.02205289807006761,0.02170648652609541,0.02116214330974208,0.01950986424591617,0.017533573751631674,0.015260796045785641,0.012848841559218895,0.010398766905330151,0.010112929208677804,0.009572335920959775,0.009079448293078699,0.00851281876099544,0.007953963921702417,0.0073022176724470535,0.006677572419959561,0.006677572419959561,0.006677572419959561,0.006677572419959561,0.006087207111347566,0.0063891975737370935,0.006836335825968728,0.0074317235342203,0.008068833914499876,0.00866210973582117,0.009075824141091692,0.009412677619337667,0.009579910230337128,0.009533129140530967,0.009348043913914786,0.009170526925303995,0.008847049689440995,0.008842771110437157,0.009231925196193019,0.01002113151645862,0.010457605037455218,0.016347621029268972,0.01594412331406551,0.01570393759286776,0.015328623421108975,0.01400409350425509,0.01400409350425509,0.01400409350425509,0.01400409350425509]},"HIV_15_ART":{"startYear":1995,"endYear":2025,"values":[0.0,0.0,0.0,0.0,0.0,0.0,0.0,0.0,0.0,0.0025107164727495405,0.0029816069699903193,0.004705056179775281,0.006177626686497397,0.006683784624961096,0.006898349261511729,0.0071263858093126384,0.007278209195926166,0.007172458705819668,0.007111967974722524,0.006889171611000796,0.0064769090562278794,0.0062124285450857455,0.006128982686200184,0.006052839968324814,0.005990713636822449,0.005898101927095426,0.0057682468997024006,0.0057698715070040995,0.0057698715070040995,0.0057698715070040995,0.0057698715070040995]},"HIV_50":{"startYear":1970,"endYear":2025,"values":[0.0,0.0,0.0,0.0,0.0,0.006993176923076923,0.008333333333333333,0.008333333333333333,0.007739938080495356,0.007782672540381791,0.007771260997067448,0.007591522157996146,0.007443641003828158,0.007314074984634296,0.0071631523852250635,0.007006127392770627,0.006888691908319615,0.006812097612779043,0.0067865504682622264,0.006830934982667032,0.006953062848050915,0.007141280082427691,0.007405081157374735,0.007725769206765275,0.008113139870531368,0.008561665742675594,0.009084689263502286,0.009669880815696157,0.009669880815696157,0.009669880815696157,0.009669880815696157,0.010941344683114983,0.010849886558318285,0.010704574147810042,0.010446637186938806,0.010169270475824386,0.00979937188250508,0.009466955339928569,0.009228278917638028,0.008952776856986713,0.008841287393214665,0.00922714995207807,0.00976283535996912,0.009978002070393377,0.010575798275637966,0.010644514944064118,0.00979892381761541,0.009768211920529804,0.00934248855597169,0.009304752729608227,0.008710995542347671,0.007964033397559418,0.007853064742001517,0.007853064742001517,0.007853064742001517,0.007853064742001517]},"HIV_50_ART":{"startYear":1995,"endYear":2025,"values":[0.0,0.0,0.0,0.0,0.0,0.0,0.0,0.0,0.0,0.019228413962033068,0.01895450145208132,0.018837780898876402,0.018809093806437905,0.01906318082788671,0.01933680857225601,0.019237250554323727,0.019327922590144965,0.01979752530933633,0.021263606056954654,0.02208482456036051,0.023274272513405254,0.022106767471879032,0.021501383055014856,0.020065510042473544,0.020607362759376486,0.021326474344091018,0.02152662184655959,0.021953180455157827,0.021953180455157827,0.021953180455157827,0.021953180455157827]},"DHSPrevalenceByAge":[{"surveyYear":2003,"surveyName":"2003 DHS","values":[[[0.0,0.0,0.0,0.0,0.0,0.0,0.0,0.0,0.0,0.0,0.0,0.0,0.0],[0.0,0.0,0.0,0.0,0.0,0.0,0.0,0.0,0.0,0.0,0.0,0.0,0.0],[0.0,0.0,0.0,0.0,0.0,0.0,0.0,0.0,0.0,0.0,0.0,0.0,0.0],[0.0,0.0,0.0,0.0,0.0,0.0,0.0,0.0,0.0,0.0,0.0,0.0,0.0],[0.0,0.0,0.0,0.0,0.0,0.0,0.0,0.0,0.0,0.0,0.0,0.0,0.0]],[[0.0,0.0,0.0,0.0,0.0,0.0,0.0,0.0,0.0,0.0,0.0,0.0,0.0],[0.0,-1.0,-1.0,-1.0,2.85114557747848e-12,0.032195091729288,0.0616521535667567,0.117052711823343,0.258112739939745,0.106426657265178,0.0341080648924554,0.109199457444064,-1.0],[0.0,-1.0,-1.0,-1.0,1.66923264591889e-12,0.00856862005715288,0.014282625328914,0.0539644218392713,0.136258403522481,0.0301057516131215,0.00364688256114193,0.0242607471147059,-1.0],[0.0,-1.0,-1.0,-1.0,4.86992099264472e-12,0.113508884331191,0.229541981878285,0.235533134892439,0.43416420333121,0.313657777657455,0.254110705164565,0.376706016105273,-1.0],[0.0,-1.0,-1.0,-1.0,25.5167371498437,46.0545987582545,35.4744882327095,35.4744882327095,18.0484238376943,18.6707832803734,11.2024699682241,13.6919077389405,-1.0]],[[0.0,0.0,0.0,0.0,0.0,0.0,0.0,0.0,0.0,0.0,0.0,0.0,0.0],[0.0,-1.0,-1.0,-1.0,0.0487593172501104,0.0605264186164559,0.205559665443477,0.18061003539048,0.170119300336768,0.131682176202922,0.0836908797123137,-1.0,-1.0],[0.0,-1.0,-1.0,-1.0,0.0155343403638255,0.0298366224146724,0.107407200782819,0.0898402055944476,0.0783437452476667,0.0344205992650689,0.00990195007892042,-1.0,-1.0],[0.0,-1.0,-1.0,-1.0,0.142742542096033,0.118914323587991,0.357484291958191,0.32985250292031,0.330815762861395,0.392155667240212,0.454780080589622,-1.0,-1.0],[0.0,-1.0,-1.0,-1.0,36.7192071180678,67.8371792520235,43.565160987538,29.8732532485975,21.782580493769,13.6919077389405,7.46831331214937,-1.0,-1.0]]]},{"surveyYear":2007,"surveyName":"2007 AIS",