{"Regions":{"region":"Eastern Europe"},"ART50PlusPercentFemales":{"startYear":1995,"endYear":2025,"values":[0.0,0.0,0.0,0.0,0.0,0.0,0.0,0.0,0.0,0.0,0.0,0.124754,0.13676829081313266,0.17064602527959075,0.16416783954767442,0.165605021051697,0.17854105079804142,0.17401464538467987,0.16402294706124756,0.16023452040713215,0.1529973007717981,0.1559872759593241,0.16129080245040395,0.15907212123202405,0.16809242822425932,0.17497556207233628,0.18383658969804617,0.19808861859252824,0.19808861859252824,0.19808861859252824,0.19808861859252824]},"ART50PlusPercentMales":{"startYear":1995,"endYear":2025,"values":[0.0,0.0,0.0,0.0,0.0,0.0,0.0,0.0,0.0,0.0,0.0,0.15402590237691055,0.221374132307731,0.23237326160281876,0.26731975885542764,0.2681253505420494,0.2852945770607995,0.2982304281068978,0.28330696044056763,0.2633848378016637,0.24237818826542334,0.24614315833831413,0.25500101718546764,0.22583794337780672,0.23725934314835787,0.24653739612188366,0.25617773747449557,0.2736795186093158,0.2736795186093158,0.2736795186093158,0.2736795186093158]},"ART50PlusPercentTotal":{"startYear":1995,"endYear":2025,"values":[0.0,0.0,0.0,0.0,0.0,0.0,0.0,0.0,0.0,0.0,0.0,0.1612212408280867,0.2093218824287979,0.2191199537710791,0.2324544466784036,0.22948533395437562,0.2419707864860156,0.24521231164137555,0.2260673851021045,0.21409759683602672,0.20201704314961694,0.20526366287530975,0.21170552097625928,0.20271561785718561,0.21348431344937302,0.22205613685434314,0.23176223356349446,0.24804831344822506,0.24804831344822506,0.24804831344822506,0.24804831344822506]},"HIV_15":{"startYear":1970,"endYear":2025,"values":[0.0,0.0,0.0,0.0,0.0,0.0,0.0,0.0,0.0,0.0,0.0,0.0,0.0,0.0,0.0,0.0,0.0,0.005784706954520411,0.00480144176843485,0.004475799542586398,0.0044180751325764754,0.00442146798254577,0.004336778209565427,0.004654878116000567,0.0032258064516129032,0.004838709677419355,0.004424778761061947,0.004167107291666666,0.004167107291666666,0.004167107291666666,0.004167107291666666,0.003412356394640682,0.0032505175740210127,0.0031448763399693725,0.0030341926906112164,0.0029962490595611285,0.0030092585453588383,0.002969732151269716,0.0029202171559673125,0.0027794585222770582,0.0026305764173243846,0.0024293866617237222,0.002223145647205485,0.0020575309628445867,0.0019540692989524575,0.0017918088737201366,0.0016295970050649638,0.0015056179775280898,0.0017770034843205573,0.0016260162601626012,0.0016168544830965207,0.0017489069331667712,0.0017131979695431468,0.0017131979695431468,0.0017131979695431468,0.0017131979695431468]},"HIV_15_ART":{"startYear":1995,"endYear":2025,"values":[0.0,0.0,0.0,0.0,0.0,0.0,0.0,0.0,0.0,0.0,0.0,0.00019329860372811682,0.00022602647595405836,0.0003719938975490746,0.0005786226505025423,0.0009111600577169587,0.0012185865131988498,0.0013377926421404684,0.0014522821576763484,0.0011933174224343676,0.0013798111837327522,0.0014417531718569781,0.0016088486676721972,0.0014396161023727007,0.0015828017954169621,0.0016865926558497011,0.0017975771785853848,0.0020176297747306563,0.0020176297747306563,0.0020176297747306563,0.0020176297747306563]},"HIV_50":{"startYear":1970,"endYear":2025,"values":[0.0,0.0,0.0,0.0,0.0,0.0,0.0,0.0,0.0,0.0,0.0,0.0,0.0,0.0,0.0,0.0,0.0,0.00946096931814086,0.009545162387991985,0.0093068271835788,0.008944313602792449,0.008531446465277861,0.007702573516829841,0.007767415904823093,0.009011567741935485,0.0064516129032258064,0.007964601769911504,0.008333333333333333,0.008333333333333333,0.008333333333333333,0.008333333333333333,0.010962241169305725,0.011652340019102196,0.01225114854517611,0.013043478260869565,0.01374085684430512,0.014368868479644048,0.014975208889123768,0.015717840580290583,0.01639992063920764,0.017025156962264285,0.01738571663616588,0.017847496364014125,0.018178186176588094,0.018070104754230456,0.01815273037542662,0.018608236071349923,0.019168539325842695,0.016864111498257835,0.016829268292682928,0.017246447819696236,0.01798875702685822,0.019289340101522848,0.019289340101522848,0.019289340101522848,0.019289340101522848]},"HIV_50_ART":{"startYear":1995,"endYear":2025,"values":[0.0,0.0,0.0,0.0,0.0,0.0,0.0,0.0,0.0,0.0,0.0,0.035438372669927,0.03901284244253945,0.040626580363396295,0.04295889539629721,0.04360671332890486,0.04416668968400245,0.04247491638795987,0.03755186721991702,0.03448687350835322,0.031154684095860564,0.030507497116493656,0.03051784816490699,0.028845641162356706,0.029648003779825183,0.03025192143467122,0.030969128565846035,0.03265426052889324,0.03265426052889324,0.03265426052889324,0.03265426052889324]},"PercPregAccessAntenatalCare":{"value":98.4,"year":"2014"},"MortalityByAge":[{"year":1990,"cause":"tot","sex":1,"values":[0.0,3039.0,198.0,184.0,226.0,370.0,543.0,632.0,586.0,624.0,556.0,1181.0,1236.0,1708.0,1201.0,976.0,1148.0,1920.0]},{"year":1990,"cause":"tot","sex":2,"values":[0.0,2349.0,143.0,82.0,136.0,163.0,225.0,264.0,247.0,247.0,231.0,560.0,693.0,1115.0,1141.0,1146.0,1643.0,3844.0]},{"year":1991,"cause":"tot","sex":1,"values":[0.0,2912.0,180.0,141.0,210.0,364.0,502.0,679.0,657.0,651.0,497.0,1134.0,1289.0,1806.0,1369.0,949.0,1086.0,1937.0]},{"year":1991,"cause":"tot","sex":2,"values":[0.0,2096.0,116.0,90.0,130.0,193.0,219.0,259.0,270.0,309.0,229.0,619.0,759.0,1170.0,1281.0,1193.0,1662.0,3852.0]},{"year":1992,"cause":"tot","sex":1,"values":[0.0,3113.0,187.0,162.0,254.0,364.0,509.0,582.0,598.0,690.0,476.0,1154.0,1267.0,1860.0,1563.0,1062.0,1025.0,2087.0]},{"year":1992,"cause":"tot","sex":2,"values":[0.0,2330.0,120.0,93.0,145.0,182.0,228.0,279.0,268.0,308.0,199.0,580.0,738.0,1231.0,1379.0,1304.0,1567.0,4224.0]},{"year":1993,"cause":"tot","sex":1,"values":[0.0,3131.0,207.0,164.0,241.0,368.0,484.0,700.0,842.0,877.0,653.0,1110.0,1427.0,1953.0,1946.0,1129.0,1034.0,2191.0]},{"year":1993,"cause":"tot","sex":2,"values":[0.0,2332.0,115.0,81.0,135.0,186.0,191.0,293.0,301.0,354.0,263.0,513.0,779.0,1203.0,1623.0,1489.0,1594.0,4546.0]},{"year":1994,"cause":"tot","sex":1,"values":[0.0,2745.0,184.0,168.0,250.0,371.0,550.0,790.0,911.0,1075.0,862.0,1159.0,1765.0,2097.0,2246.0,1490.0,987.0,2320.0]},{"year":1994,"cause":"tot","sex":2,"values":[0.0,2090.0,141.0,94.0,113.0,187.0,199.0,301.0,374.0,417.0,359.0,524.0,899.0,1332.0,1851.0,1719.0,1623.0,4868.0]},{"year":1995,"cause":"tot","sex":1,"values":[0.0,2715.0,200.0,151.0,266.0,451.0,571.0,820.0,946.0,1132.0,1043.0,917.0,1764.0,2014.0,2405.0,1447.0,968.0,2075.0]},{"year":1995,"cause":"tot","sex":2,"values":[0.0,2069.0,136.0,92.0,155.0,197.0,211.0,341.0,378.0,405.0,466.0,473.0,1039.0,1203.0,1821.0,1725.0,1596.0,4644.0]},{"year":1996,"cause":"tot","sex":1,"values":[0.0,2330.0,198.0,163.0,251.0,407.0,591.0,701.0,873.0,956.0,1087.0,755.0,1599.0,1919.0,2267.0,1645.0,1002.0,1878.0]},{"year":1996,"cause":"tot","sex":2,"values":[0.0,1762.0,142.0,96.0,129.0,215.0,208.0,289.0,403.0,399.0,463.0,323.0,942.0,1061.0,1738.0,1827.0,1499.0,4365.0]},{"year":1997,"cause":"tot","sex":1,"values":[0.0,2542.0,216.0,161.0,237.0,436.0,544.0,728.0,948.0,964.0,1128.0,657.0,1515.0,1828.0,2307.0,1785.0,1033.0,1734.0]},{"year":1997,"cause":"tot","sex":2,"values":[0.0,1945.0,134.0,101.0,137.0,176.0,227.0,269.0,355.0,382.0,455.0,301.0,810.0,1108.0,1651.0,1889.0,1573.0,4228.0]},{"year":1998,"cause":"tot","sex":1,"values":[0.0,2490.0,198.0,190.0,286.0,428.0,574.0,614.0,911.0,926.0,1047.0,772.0,1268.0,1855.0,2162.0,1993.0,1043.0,1643.0]},{"year":1998,"cause":"tot","sex":2,"values":[0.0,1784.0,129.0,107.0,126.0,170.0,232.0,268.0,379.0,377.0,467.0,370.0,767.0,1107.0,1666.0,2019.0,1755.0,4045.0]},{"year":1999,"cause":"tot","sex":1,"values":[0.0,2142.0,174.0,181.0,245.0,390.0,520.0,645.0,882.0,1015.0,1032.0,855.0,1068.0,1803.0,1948.0,1963.0,1102.0,1558.0]},{"year":1999,"cause":"tot","sex":2,"values":[0.0,1567.0,109.0,92.0,137.0,180.0,209.0,254.0,336.0,397.0,459.0,394.0,600.0,1146.0,1572.0,1916.0,1837.0,3892.0]},{"year":2000,"cause":"tot","sex":1,"values":[0.0,1931.0,163.0,148.0,220.0,443.0,617.0,721.0,977.0,1135.0,1124.0,1069.0,968.0,1862.0,2058.0,2279.0,1259.0,1651.0]},{"year":2000,"cause":"tot","sex":2,