{"countryCode":498,"subnatCode":10,"ART50PlusPercentFemales":{"startYear":1995,"endYear":2025,"values":[0.0,0.0,0.0,0.0,0.0,0.0,0.0,0.0,0.18366240027549788,0.1624352975704226,0.17606609076345586,0.1693050173218885,0.1712363948531436,0.1989619769177332,0.21607001808736753,0.22950322135575651,0.22248372918690618,0.23255501373760384,0.2532816181106326,0.27241310368868143,0.2850947463003031,0.2970601312111276,0.3120159482606017,0.32193396226415094,0.3384279475982533,0.3543788187372709,0.37153772683858644,0.38683498647430115,0.38683498647430115,0.38683498647430115,0.38683498647430115]},"ART50PlusPercentMales":{"startYear":1995,"endYear":2025,"values":[0.0,0.0,0.0,0.0,0.0,0.0,0.0,0.0,0.24486447493630478,0.23106756817592622,0.2590009247616341,0.2444473641464161,0.2718745231939965,0.28909368907866695,0.3060576518214805,0.32970521688233567,0.35602709769463564,0.40155683318051416,0.42846408592014046,0.45643041493783004,0.47508774505396273,0.49009591427339855,0.5048378334073959,0.4495538778311599,0.46776232616940583,0.4876325088339223,0.5035931453841902,0.5192708333333333,0.5192708333333333,0.5192708333333333,0.5192708333333333]},"ART50PlusPercentTotal":{"startYear":1995,"endYear":2025,"values":[0.0,0.0,0.0,0.0,0.0,0.0,0.0,0.0,0.22353777646222353,0.21194115956407464,0.2293865862017575,0.22215190538963042,0.24512999394241894,0.26150029896406163,0.28275016703611827,0.301692226934567,0.3056228059756797,0.31506730011886347,0.3380119439202216,0.3618353580662417,0.3750363676422491,0.3885950837405305,0.40561959654178675,0.40242844752818735,0.42050460552663194,0.43847874720357943,0.45502275113755686,0.4707824364476725,0.4707824364476725,0.4707824364476725,0.4707824364476725]},"HIV_15":{"startYear":1970,"endYear":2025,"values":[0.0,0.0,0.0,0.0,0.0,0.0,0.0,0.0,0.0,0.0,0.0,0.0,0.0,0.0,0.0,0.0,0.0,0.0,0.0,0.0,0.00427351827655743,0.0037693903605050235,0.003286829121209579,0.0034851740898145965,0.0035448089354030167,0.003223877880303682,0.0031934621381966575,0.0024390243902439024,0.0024390243902439024,0.0024390243902439024,0.0024390243902439024,0.0036086626229508197,0.003668344399185336,0.0037375295410553883,0.0037902858815440353,0.003713929290732081,0.003480089129013101,0.0031933688355805395,0.0027403996412524393,0.002309947718624476,0.0018714784286563912,0.0015344137520818463,0.0012444399476564361,0.0010694084584149082,0.0009074266956353698,0.0008127775251615018,0.0007405375754251233,0.0007486323063633745,0.000798888502952414,0.0007270083605961468,0.0007235338918507235,0.0007162753680859532,0.0007481296758104739,0.0007481296758104739,0.0007481296758104739,0.0007481296758104739]},"HIV_15_ART":{"startYear":1995,"endYear":2025,"values":[0.0,0.0,0.0,0.0,0.0,0.0,0.0,0.0,0.0010336616168445888,0.001347497122387396,0.0010944848533742436,0.0008753826377998444,0.000819459154698762,0.0006602118681843183,0.0004981805338550519,0.00039190058457383464,0.00040465417867435163,0.0004057868421052631,0.0003721347204980891,0.00048292615855862527,0.0006067159918916621,0.0008086253369272237,0.0009696969696969698,0.0009433962264150943,0.0011748445058742225,0.0013944223107569722,0.0016698779704560052,0.0018091079226450406,0.0018091079226450406,0.0018091079226450406,0.0018091079226450406]},"HIV_50":{"startYear":1970,"endYear":2025,"values":[0.0,0.0,0.0,0.0,0.0,0.0,0.0,0.0,0.0,0.0,0.0,0.0,0.0,0.0,0.0,0.0,0.0,0.0,0.0,0.0,0.010270724877498664,0.010349125975097307,0.010467899814233883,0.01149523363346781,0.01175895805445139,0.010797479138452297,0.011759158725370904,0.00975609756097561,0.00975609756097561,0.00975609756097561,0.00975609756097561,0.014754098360655738,0.015682281059063136,0.01657966949796319,0.017556806428553912,0.018547607651333762,0.01960218399982395,0.0206114054122492,0.02192072313048135,0.02338982819745014,0.02499811721629939,0.02598144182726624,0.027218653342850348,0.02802066363555648,0.028561830148700715,0.028971043609405334,0.02885353812397148,0.02853440829254247,0.025772837790899623,0.025772446383133404,0.02566641279512567,0.025666534023079984,0.025727348295926853,0.025727348295926853,0.025727348295926853,0.025727348295926853]},"HIV_50_ART":{"startYear":1995,"endYear":2025,"values":[0.0,0.0,0.0,0.0,0.0,0.0,0.0,0.0,0.03924243653593281,0.029518464046555438,0.037263287296405045,0.040409622794906584,0.042740427037313275,0.04362569428979652,0.04718942951714584,0.05006742161000987,0.04899135446685879,0.04784688995215311,0.0499192475079111,0.05166882810049241,0.051389097304501835,0.051347708894878705,0.05163636363636364,0.049782293178519586,0.05031098825155494,0.05079681274900399,0.05202312138728324,0.053087960074859636,0.053087960074859636,0.053087960074859636,0.053087960074859636]},"SexualActivity15-19":{"SexAct_F_15_19":24.9,"Source":"2012 MICS"},"Meningitis":{"CrAGPlus":0.042,"EconCat":"Upper middle income","InCare":0.4,"NotInCare":0.6}}