{"Regions":{"region":"Asia"},"ART50PlusPercentFemales":{"startYear":1995,"endYear":2025,"values":[0.0,0.0,0.0,0.07843385272956742,0.08081546280972284,0.10795746102811309,0.12025413696070802,0.11111462938276674,0.10858428893408517,0.11675375116097339,0.1266038801774438,0.13818540147532538,0.15065908098742276,0.16222468539464416,0.1742605742082255,0.1864360983517968,0.19975786924939468,0.21592960288808663,0.2244150559511699,0.21183748537033942,0.20879918687382024,0.20331598692968655,0.19885667619436503,0.2032065268949815,0.2122505800464037,0.22057350933090578,0.231058570660935,0.24148278905560458,0.2520459690057461,0.26277372262773724,0.2736744028460105]},"ART50PlusPercentMales":{"startYear":1995,"endYear":2025,"values":[0.0,0.0,0.0,0.0,0.0,0.0,0.1304036100532111,0.1397831756136824,0.15185163740845234,0.16512902264517235,0.177138825562433,0.1895009564145999,0.20068863782575957,0.21134465845862402,0.2222883542204464,0.2316298109100479,0.2419071552348191,0.2556512924480487,0.2592695330559408,0.23879336813018115,0.21920834611844123,0.1983070794857867,0.1885852443402447,0.19486096444913764,0.19918726491133798,0.20127530687071576,0.20459887891025255,0.20722563053851398,0.20954722831025818,0.211827740604719,0.21444834455933973]},"ART50PlusPercentTotal":{"startYear":1995,"endYear":2025,"values":[0.0,0.0,0.0,0.07843385272956742,0.08081546280972284,0.10795746102811309,0.1285989391933171,0.13444695363706266,0.1412657588040631,0.15197116674754427,0.16283125758413236,0.17449807752045218,0.18580745078124383,0.1965543292975715,0.20764629330533152,0.21774746946236428,0.22888663880947907,0.243337763167098,0.24839468497679446,0.2303361919292892,0.21610662985808565,0.19967714304539763,0.19128747034720725,0.19712957970679607,0.20265338331031763,0.20627612098887865,0.21126093623162262,0.21556577420602518,0.2195251630845995,0.22337879642780706,0.22739568665233825]},"HIV_15":{"startYear":1970,"endYear":2025,"values":[0.0,0.0,0.0,0.0,0.0,0.0,0.0,0.0,0.0,0.0,0.0,0.0,0.0,0.0,0.021656212549613935,0.019600477585236843,0.019444444444444445,0.01872852233676976,0.01826764219966958,0.01765606395645518,0.01595571366825149,0.013023359536154317,0.010355162595534243,0.008337882096069869,0.007039832285115304,0.006469794931407659,0.00626249842745214,0.00611385437481291,0.005972417690354057,0.005843442490766735,0.005733451974021782,0.005663992522782149,0.005550928496514283,0.005408008806935463,0.005265472633797904,0.005146593545665472,0.0050507777927786025,0.0049674181709235266,0.004875672597011346,0.004779847777460856,0.004641401177714027,0.004497632424366998,0.004353745659257446,0.004263336551337548,0.0042899553061690535,0.00439953870251476,0.004711314663263007,0.004981464783087866,0.005111579925290805,0.005154791336113058,0.005153213097531081,0.005151354221986193,0.0051601954714727925,0.005173748622815115,0.005179434970730465,0.005180872284220173]},"HIV_15_ART":{"startYear":1995,"endYear":2025,"values":[0.0,0.0,0.0,0.0010278221085159463,0.0006540186306723571,0.0010241178593127602,0.0010822510822510823,0.0009936124911284598,0.0009542743538767395,0.0009749303621169916,0.0010148995897214426,0.0011160318866253321,0.001237175618587809,0.0013445821249670445,0.0014564247122386658,0.0017400530503978778,0.0020301117047110246,0.0022555000924385283,0.002495347656910844,0.0026249230979561145,0.002591757002146041,0.002445148808298687,0.0022933333333333334,0.002062613923443446,0.0019484134347745408,0.001856314145470772,0.001778209783012665,0.0017421793677751603,0.0017004663836922918,0.001643451247620002,0.0015659847957984604]},"HIV_50":{"startYear":1970,"endYear":2025,"values":[0.0,0.0,0.0,0.0,0.0,0.0,0.0,0.0,0.0,0.0,0.0,0.0,0.0,0.0,0.005868993611805641,0.005921245477067294,0.005555555555555556,0.006013745704467354,0.005924002832192589,0.006032772013380961,0.006559829770256343,0.007359090148854323,0.008129776712123483,0.00876774017467249,0.009287211740041929,0.00973991663241942,0.01016704856234755,0.010593227800179607,0.011002145889795055,0.01134973890576201,0.01158525182757848,0.011651997819144793,0.011638595841816275,0.011634022904148129,0.01167290981058251,0.01177418868834182,0.011928656076084185,0.012135420567747733,0.012386276772733403,0.012670199510606038,0.01302883889476068,0.01337261529560438,0.013728219798375376,0.01408395876802342,0.014372165856523017,0.014363908635557776,0.01425782716420152,0.014353271215309089,0.01456442216501829,0.014696874654071806,0.014785501663456487,0.014903080191184283,0.015086186577835042,0.015364916773367477,0.015757472922145868,0.016277157798264056]},"HIV_50_ART":{"startYear":1995,"endYear":2025,"values":[0.0,0.0,0.0,0.015835548462637447,0.017625899920364584,0.020470784369491655,0.024242424242424242,0.02420156139105749,0.02437375745526839,0.025041782729805017,0.025977110775210536,0.027085916740478302,0.028334339167169584,0.029673081993145268,0.031125205543810194,0.0323289124668435,0.033695968916949974,0.03548715104455537,0.035603112840466924,0.032476587599972656,0.029956528916524512,0.027777549088214712,0.026596666666666664,0.02718173387483611,0.02776953052514381,0.028204670533987803,0.028671488607450182,0.02915959020434997,0.029722789917727824,0.030428900691452047,0.03132928847214562]},"PercPregAccessAntenatalCare":{"value":96.5,"year":"2012"},"MortalityByAge":[{"year":1997,"cause":"tot","sex":1,"values":[0.0,2908.0,328.0,415.0,1151.0,1388.0,1350.0,1418.0,1516.0,1595.0,1706.0,1854.0,2133.0,2440.0,2396.0,2086.0,1501.0,1907.0]},{"year":1997,"cause":"tot","sex":2,"values":[0.0,2159.0,196.0,223.0,320.0,360.0,386.0,468.0,582.0,662.0,818.0,879.0,1145.0,1367.0,1507.0,1519.0,1241.0,1830.0]},{"year":1997,"cause":"HIV","sex":1,"values":[0.0,0.0,0.0,0.0,0.0,0.0,0.0,0.0,0.0,0.0,0.0,0.0,0.0,0.0,0.0,0.0,0.0,0.0]},{"year":1997,"cause":"HIV","sex":2,"values":[0.0,0.0,0.0,0.0,0.0,0.0,0.0,0.0,0.0,0.0,0.0,0.0,0.0,0.0,0.0,0.0,0.0,0.0]},{"year":2000,"cause":"tot","sex":1,"values":[0.0,2009.0,328.0,417.0,1184.0,1340.0,1298.0,1447.0,1714.0,1983.0,2151.0,2470.0,2565.0,3171.0,3049.0,2853.0,2173.0,2593.0]},{"year":2000,"cause":"tot","sex":2,"values":[0.0,1559.0,224.0,262.0,345.0,402.0,373.0,460.0,615.0,813.0,1011.0,1231.0,1346.0,1881.0,2112.0,2032.0,1720.0,2700.0]},{"year":2000,"cause":"HIV","sex":1,"values":[0.0,2.0,1.0,0.0,1.0,9.0,84.0,120.0,149.0,77.0,47.0,18.0,8.0,3.0,0.0,0.0,2.0,0.0]},{"year":2000,"cause":"HIV","sex":2,"values":[0.0,4.0,0.0,1.0,2.0,2.0,5.0,5.0,3.0,1.0,2.0,0.0,2.0,2.0,0.0,0.0,0.0,0.0]},{"year":2001,"cause":"tot","sex":1,"values":[0.0,1978.0,368.0,400.0,1152.0,1375.0,1314.0,1490.0,1744.0,2099.0,2377.0,2763.0,2893.0,3349.0,3287.0,3165.0,2332.0,2904.0]},{"year":2001,"cause":"tot","sex":2,"values":[0.0,1584.0,233.0,209.0,349.0,385.0,434.0,511.0,667.0,897.0,1157.0,1423.0,1560.0,2024.0,2244.0,2475.0,2034.0,3045.0]},{"year":2001,"cause":"HIV","sex":1,"values":[0.0,1.0,1.0,0.0,0.0,8.0,64.0,84.0,86.0,62.0,29.0,11.0,4.0,0.0,0.0,0.0,1.0,0.0]},{"year":2001,"cause":"HIV","sex":2,"values":[0.0,0.0,0.0,0.0,0.0,0.0,6.0,8.0,6.0,4.0,1.0,0.0,1.0,0.0,0.0,0.0,0.0,0.0]},{"year":2002,"cause":"tot","sex":1,"values":[0.0,1922.0,345.0,369.0,1165.0,1384.0,1304.0,1482.0,1715.0,2071.0,2433.0,2860.0,2982.0,3417.0,3618.0,3314.0,2495.0,2897.0]},{"year":2002,"cause":"tot","sex":2,"values":[0.0,1589.0,222.0,248.0,363.0,384.0,446.0,493.0,711.0,913.0,1148.0,1456.0,1723.0,2064.0,2517.0,2479.0,2080.0,3014.0]},{"year":2002,"cause":"HIV","sex":1,"values":[0.0,0.0,0.0,0.0,0.0,4.0,26.0,43.0,42.0,32.0,14.0,8.0,2.0,3.0,0.0,0.0,0.0,0.0]},{"year":2002,"cause":"HIV","sex":2,"values":[0.0,1.0,0.0,0.0,0.0,0.0,3.0,1.0,3.0,2.0,2.0,2.0,0.0,1.0,0.0,1.0,0.0,0.0]},{"year":2003,"cause":"tot","sex":1,"values":[0.0,1980.0,335.0,445.0,1372.0,1540.0,1415.0,1501.0,1783.0,2254.0,2582.0,2901.0,3336.0,3474.0,3991.0,3386.0,2709.0,3240.0]},{"year":2003,"cause":"tot","sex":2,"values":[0.0,1516.0,252.0,241.0,371.0,416.0,454.0,528.0,700.0,948.0,1292.0,1503.0,1844.0,2166.0,2707.0,2724.0,2262.0,3576.0]},{"year":2003,"cause":"HIV","sex":1,