{"Regions":{"region":"West Africa"},"ART50PlusPercentFemales":{"startYear":1995,"endYear":2025,"values":[0.0,0.0,0.0,0.0,0.0,0.0,0.0,0.0,0.0,0.11287980864566277,0.10083139294944851,0.10573027055628423,0.11420686488242285,0.12347482169861089,0.12443588989458866,0.12132699044605433,0.1266433684497002,0.13150606430002287,0.13723545403021215,0.1400634100279278,0.15608344230490348,0.15784801175007626,0.15862789818804332,0.15619516924695714,0.15606571500286953,0.15672849495829702,0.17024187029783,0.18537891525001557,0.18537891525001557,0.18537891525001557,0.18537891525001557]},"ART50PlusPercentMales":{"startYear":1995,"endYear":2025,"values":[0.0,0.0,0.0,0.0,0.0,0.0,0.0,0.0,0.0,0.1431008418102369,0.16665457663295183,0.1703021166004967,0.1850365321403482,0.20313616052174832,0.21296387675022216,0.21810854830348592,0.23321934537388173,0.24633755056864967,0.25996314594807207,0.2832028428421921,0.3044298500110822,0.3047346790997467,0.2953482730532754,0.2404723564143854,0.2323293938238658,0.22444692444035974,0.23678814736424367,0.25096731154102736,0.25096731154102736,0.25096731154102736,0.25096731154102736]},"ART50PlusPercentTotal":{"startYear":1995,"endYear":2025,"values":[0.0,0.0,0.0,0.0,0.0,0.0,0.0,0.0,0.0,0.128862409401163,0.13125005935817258,0.13513236770891132,0.1457999467497492,0.1585713868490725,0.1630574306970528,0.16277511580725315,0.17140824896715307,0.1795442779092974,0.18777872663506906,0.19199063365677735,0.20987598093833912,0.20931652250555838,0.20754689899306925,0.1964066103190588,0.19267543964366904,0.18968657145595705,0.20248053071820019,0.21704402718284002,0.21704402718284002,0.21704402718284002,0.21704402718284002]},"HIV_15":{"startYear":1970,"endYear":2025,"values":[0.0,0.0,0.0,0.0,0.0,0.020976932674031137,0.020512820512820513,0.01746031746031746,0.017,0.016666666666666666,0.016862745098039214,0.017587939698492462,0.017957166392092258,0.01784524107744108,0.017344900156250002,0.016338447307051637,0.015190980523138834,0.014299934320402722,0.01372680527610105,0.013599863317956602,0.013969335604770016,0.014089101845244163,0.014085873696126789,0.013819111956450449,0.013220746570476035,0.012331334332833583,0.011351773457728823,0.010416820089844613,0.010416820089844613,0.010416820089844613,0.010416820089844613,0.007966529115084824,0.00763395106656962,0.0073620312110208724,0.007221385440071862,0.0071327403546541275,0.0070541744079742836,0.007138247856681928,0.007411543247296047,0.00807993350419062,0.008819228317522217,0.009506594628952803,0.010262652146060218,0.011091217922232933,0.011735657225853305,0.011743438042916842,0.012360016590626298,0.013263670367511724,0.017124878993223625,0.01928224738932196,0.026288492706645055,0.023102641257104647,0.020469228153689217,0.020469228153689217,0.020469228153689217,0.020469228153689217]},"HIV_15_ART":{"startYear":1995,"endYear":2025,"values":[0.0,0.0,0.0,0.0,0.0,0.0,0.0,0.0,0.0,0.001863678258736198,0.0017699115044247787,0.0023092369477911647,0.0026092233009708736,0.002742409402546523,0.0028199566160520607,0.0032164274032345994,0.003586081142683483,0.004013545716794181,0.004240206629358588,0.004475538354669049,0.004581093189964158,0.005275848765432099,0.00577356063042779,0.006199861871115125,0.006659111514052584,0.006852771863417712,0.006730962427164959,0.006758535582064995,0.006758535582064995,0.006758535582064995,0.006758535582064995]},"HIV_50":{"startYear":1970,"endYear":2025,"values":[0.0,0.0,0.0,0.0,0.0,0.004716873081082641,0.006561825641025641,0.006349206349206349,0.006999999999999999,0.006790123456790124,0.006666666666666666,0.00678391959798995,0.0067545304777594725,0.006734006734006734,0.006796874999999999,0.00688506385341477,0.006961770623742455,0.007077287533313592,0.0072434607645875245,0.00743208610968734,0.007613681037871839,0.0078091548577836675,0.008037519204334116,0.008283596773135699,0.008553314751052084,0.00886431784107946,0.009169372405573136,0.009466823772000884,0.009466823772000884,0.009466823772000884,0.009466823772000884,0.010843649701971571,0.011337551088964783,0.011916179283199822,0.012521339146738452,0.013115404226389439,0.013713173493762719,0.014331807147466428,0.014963468717097916,0.015079310105977697,0.015429899883760171,0.015767519466073413,0.015759128763613066,0.015594729835192582,0.01589929799080126,0.016232333192468425,0.016253629199502278,0.016125393338478896,0.01341723136495644,0.012884247683482869,0.01176661264181522,0.013139418254764315,0.014348860931655915,0.014348860931655915,0.014348860931655915,0.014348860931655915]},"HIV_50_ART":{"startYear":1995,"endYear":2025,"values":[0.0,0.0,0.0,0.0,0.0,0.0,0.0,0.0,0.0,0.022980258211696525,0.023893805309734513,0.02429718875502008,0.025182038834951456,0.026199804113614104,0.026789587852494575,0.02609485735053607,0.02672846072025528,0.027254483883105484,0.027690486439948345,0.027309715193013794,0.02889784946236559,0.02857831790123457,0.02834512705049855,0.027121075280242258,0.02699002719854941,0.02700891096916647,0.029009443439823184,0.031238173591114766,0.031238173591114766,0.031238173591114766,0.031238173591114766]},"PercPregAccessAntenatalCare":{"value":82.8,"year":"2012"},"DHSPrevalenceByAge":[{"surveyYear":2006,"surveyName":"2006 DHS","values":[[[0.0,0.0,0.0,0.0,0.0,0.0,0.0,0.0,0.0,0.0,0.0,0.0,0.0],[0.0,0.0,0.0,0.0,0.0,0.0,0.0,0.0,0.0,0.0,0.0,0.0,0.0],[0.0,0.0,0.0,0.0,0.0,0.0,0.0,0.0,0.0,0.0,0.0,0.0,0.0],[0.0,0.0,0.0,0.0,0.0,0.0,0.0,0.0,0.0,0.0,0.0,0.0,0.0],[0.0,0.0,0.0,0.0,0.0,0.0,0.0,0.0,0.0,0.0,0.0,0.0,0.0]],[[0.0,0.0,0.0,0.0,0.0,0.0,0.0,0.0,0.0,0.0,0.0,0.0,0.0],[0.0,-1.0,-1.0,-1.0,2.67943114774896e-12,0.00566552694649514,0.000642491159648658,0.0124487530765273,0.0264133617642942,0.00642353572566117,0.0105429774738442,0.000705243995442884,0.0050061328119838],[0.0,-1.0,-1.0,-1.0,2.30679439694241e-12,0.00161614719175841,8.89704689795632e-5,0.00516702310027052,0.0124519112686629,0.00231932837195278,0.00300893127896964,9.74025343623317e-5,0.0014498465188091],[0.0,-1.0,-1.0,-1.0,3.11226318437521e-12,0.0196611304607427,0.00462376019156246,0.0296861861248291,0.0551545278540663,0.0176618433420888,0.0362554758129366,0.00508702779438805,0.0171358353328639],[0.0,-1.0,-1.0,-1.0,454.377928109395,435.487734935629,297.475549809119,402.096898273488,257.58894266692,582.905304908704,234.504876098594,166.841895477668,511.157687487314]],[[0.0,0.0,0.0,0.0,0.0,0.0,0.0,0.0,0.0,0.0,0.0,0.0,0.0],[0.0,-1.0,-1.0,-1.0,2.68491897426419e-12,0.0102181423456448,0.00647688254102842,0.0114244687267644,0.0136698106337983,0.00516681924927008,0.000531808820268288,-1.0,-1.0],[0.0,-1.0,-1.0,-1.0,2.37165429254907e-12,0.00490876198372308,0.00308025315758391,0.00480071938929868,0.00554990838493437,0.00148577831807368,7.36069939584624e-5,-1.0,-1.0],[0.0,-1.0,-1.0,-1.0,3.03956184550636e-12,0.0211481705042575,0.013568036773484,0.0269398837161676,0.0332722157272219,0.0178050802687609,0.00383137733828736,-1.0,-1.0],[0.0,-1.0,-1.0,-1.0,621.219823587063,702.183869516623,1079.84560010952,449.588363230493,347.581183755463,483.551246349926,234.998584694078,-1.0,-1.0]]]},{"surveyYear":2012,"surveyName":"2012 DHS",