{"ART50PlusPercentFemales":{"startYear":1995,"endYear":2025,"values":[0.0,0.0,0.0,0.0,0.0,0.0017957526545908807,0.0016751491096102344,0.0019666686920572023,0.0021564137947884423,0.0028425365921529223,0.002873742674119952,0.003069722294324533,0.003621668718049478,0.004195864851890674,0.004032804403519189,0.0050301407609546255,0.00660864066698581,0.006389029425571231,0.005967518632570371,0.00785721062065043,0.010419985245504021,0.01360574891249889,0.017190213127719605,0.019639013551805102,0.023498337397361853,0.02772154625768614,0.035315924380569234,0.04463557281706356,0.04463557281706356,0.04463557281706356,0.04463557281706356]},"ART50PlusPercentMales":{"startYear":1995,"endYear":2025,"values":[0.0,0.0,0.0,0.0,0.0,0.04548468372894842,0.03555824913388391,0.04901577964146859,0.05295207818318196,0.04900892282008796,0.04873966536805538,0.05266858742915869,0.05683003199124002,0.05569311373057396,0.05159420118868948,0.059009716353827006,0.06719238244907645,0.05644164296412146,0.0543755005291628,0.05847919941503486,0.06317816226809467,0.06787784694320075,0.0708852242800795,0.08254477864143292,0.09568674907079264,0.09522763870589958,0.10619342883614853,0.11813817574619077,0.11813817574619077,0.11813817574619077,0.11813817574619077]},"ART50PlusPercentTotal":{"startYear":1995,"endYear":2025,"values":[0.0,0.0,0.0,0.0,0.0,0.017985699894346306,0.014245157653122861,0.008670377578670093,0.00988469425627444,0.011956285408960227,0.011803895477626811,0.013911421613960702,0.014694327639722813,0.01588255869389152,0.015015156555563843,0.017365550161625422,0.020335940936412358,0.02007057509974094,0.017603531388158584,0.0211228961935135,0.025289373019933642,0.029874572344938063,0.03433981118711948,0.03713978303505401,0.04187262941685265,0.045880084872420776,0.054403423230465965,0.0644627837122418,0.0644627837122418,0.0644627837122418,0.0644627837122418]},"HIV_15":{"startYear":1970,"endYear":2025,"values":[0.0,0.0,0.0,0.0,0.0,0.0,0.0,0.042270702360631164,0.03957725326698496,0.038184202115890485,0.03825842193190765,0.035864899077070626,0.03895645322997303,0.04143401467427063,0.04169450848128231,0.042222228333333334,0.04160003573333333,0.04101528271604939,0.04031685606631499,0.039552833977172956,0.039297266568914954,0.03780774164919637,0.036275287562784024,0.03440460517375856,0.03245884436282547,0.03032990974167445,0.028194881387637108,0.025854507231142847,0.025854507231142847,0.025854507231142847,0.025854507231142847,0.016618149535042988,0.015022421524663676,0.013656040928768202,0.012749161239392147,0.012213437755582542,0.012194192515814344,0.012537176847403339,0.013513585367150529,0.015729784552970465,0.016063860667634253,0.01650070339006427,0.021165091390533634,0.026572888620253858,0.027014796359383735,0.026803541156526656,0.02675812405997903,0.027461753422062234,0.029875000000000002,0.030380113570518025,0.03202797202797203,0.030136188187313374,0.028238490134400912,0.028238490134400912,0.028238490134400912,0.028238490134400912]},"DHSPrevalenceByAge":[{"surveyYear":2018,"surveyName":"NAIIS","values":[[[0.0,0.0,0.0,0.0,0.0,0.0,0.0,0.0,0.0,0.0,0.0,0.0,0.0],[0.0,0.0,0.0,0.0,0.0,0.0,0.0,0.0,0.0,0.0,0.0,0.0,0.0],[0.0,0.0,0.0,0.0,0.0,0.0,0.0,0.0,0.0,0.0,0.0,0.0,0.0],[0.0,0.0,0.0,0.0,0.0,0.0,0.0,0.0,0.0,0.0,0.0,0.0,0.0],[0.0,0.0,0.0,0.0,0.0,0.0,0.0,0.0,0.0,0.0,0.0,0.0,0.0]],[[0.0,0.0,0.0,0.0,0.0,0.0,0.0,0.0,0.0,0.0,0.0,0.0,0.0],[0.0,0.007796017,0.0,0.007881468,0.0,0.001826327,0.004019402,0.003511856,0.0037187,0.02250954,0.006297941,0.054014072,0.0],[0.0,0.001070837,-1.0,0.001115498,-1.0,0.000256,0.001016892,0.000494,0.000524,0.008518252,0.000877,0.025035181,-1.0],[0.0,0.054454915,-1.0,0.05348839,-1.0,0.012901703,0.015747488,0.024522019,0.025868006,0.058134171,0.043771483,0.11266069,-1.0],[0.0,100.108626,143.5289796,112.0347502,410.9651071,325.9660598,306.0681077,222.1154575,250.5796874,188.1060831,154.3331597,113.1992169,92.10728467]],[[0.0,0.0,0.0,0.0,0.0,0.0,0.0,0.0,0.0,0.0,0.0,0.0,0.0],[0.0,0.0,0.0,0.0,0.009775864,0.011267721,0.013794341,0.022580865,0.042379859,0.038701553,0.062966965,0.013189098,0.042529998],[0.0,-1.0,-1.0,-1.0,0.003990591,0.004455779,0.005744499,0.010701534,0.023479684,0.01866641,0.036445381,0.003213178,0.016520217],[0.0,-1.0,-1.0,-1.0,0.023748236,0.028198704,0.032752929,0.047020197,0.075320427,0.078520298,0.10665227,0.052505693,0.105113397],[0.0,99.88388315,145.903945,110.3368137,458.3335972,429.5985726,407.2658198,316.8776242,287.6028339,227.8997699,177.5356094,130.8032237,74.3724152]]]}],