{"ART50PlusPercentFemales":{"startYear":1995,"endYear":2025,"values":[0.0,0.0,0.0,0.0,0.0,0.17221902017291066,0.1125742479601295,0.17509321798944757,0.17768810059511908,0.17194129243801237,0.17691154422788605,0.177379983726607,0.18377765173000568,0.1885369532428356,0.1856856856856857,0.19024875621890547,0.19702042182792098,0.20085029631538262,0.19576300984528833,0.19562525794469665,0.20412656476064667,0.21387617999652517,0.22149803434719637,0.2106234855186738,0.2115556734179733,0.21215385959293015,0.22155737704918033,0.23172970038518212,0.23172970038518212,0.23172970038518212,0.23172970038518212]},"ART50PlusPercentMales":{"startYear":1995,"endYear":2025,"values":[0.0,0.0,0.0,0.0,0.0,0.24671333597499231,0.21977794328097952,0.23433665168896667,0.250865250635516,0.24677126465170968,0.25227568270481143,0.2541159627773801,0.26126582278481014,0.26716774854800135,0.2629172382258802,0.2696335078534031,0.27850136677922493,0.2875261324041812,0.30751208083174697,0.31228874939642687,0.32193158953722334,0.3316996871741397,0.33941013648945306,0.27249316588090805,0.24832990750256936,0.23139703255166708,0.2394033845774561,0.24790076653198317,0.24790076653198317,0.24790076653198317,0.24790076653198317]},"ART50PlusPercentTotal":{"startYear":1995,"endYear":2025,"values":[0.0,0.0,0.0,0.0,0.0,0.2292771100589481,0.19467455448522347,0.2056708586196442,0.2161456516864676,0.21197820974371218,0.21727019498607242,0.2182025894897182,0.22483940042826553,0.22979028499731136,0.2259913999044434,0.23111025443330763,0.2385990813648294,0.2424688713348507,0.2376819555067289,0.23796170529728783,0.24653839961358878,0.25594816993707414,0.2629407226005569,0.24110540799000763,0.23226899027327466,0.22384597806215722,0.23240673319912622,0.2415659846599073,0.2415659846599073,0.2415659846599073,0.2415659846599073]},"HIV_15":{"startYear":1970,"endYear":2025,"values":[0.0,0.0,0.0,0.0,0.0,0.0,0.0029411764705882353,0.003076923076923077,0.0025210084033613443,0.002843601895734597,0.0025210084033613447,0.0024096385542168672,0.002449414270500532,0.002316076294277929,0.0022462135220125785,0.0022124881315396115,0.0021694922033211827,0.002033886747676912,0.0019177172317552203,0.0017964641551631065,0.0018322927000058353,0.0017381808254083816,0.0016376103289809615,0.0015677991313143335,0.0014878952999427732,0.0014142917907273502,0.0013455498355232592,0.0012983361450167048,0.0012983361450167048,0.0012983361450167048,0.0012983361450167048,0.0012743276820958774,0.0013108526951131412,0.0013728968688911738,0.001468091481074603,0.00158837034747671,0.001771847073248865,0.0019532205349400804,0.002178442028985507,0.0024187999300250744,0.0026658696951583983,0.0028896275127862337,0.0031327874688501247,0.003389335281227173,0.003637155460650164,0.0038659868060956985,0.0041258296746345,0.004364701911570679,0.004937689595802247,0.00523512489675012,0.0062818672342953305,0.00617594023699124,0.0064016049607878885,0.0064016049607878885,0.0064016049607878885,0.0064016049607878885]},"HIV_15_ART":{"startYear":1995,"endYear":2025,"values":[0.0,0.0,0.0,0.0,0.0,3.500565317838141,1.8340826713173966,0.01949685534591195,0.022171945701357467,0.012141652613827993,0.00809608540925267,0.005552849488553337,0.004972375690607735,0.004188969048173144,0.0035493827160493828,0.0035723238906994236,0.003888829042335452,0.003941322021915872,0.0038910505836575876,0.0038005979760809563,0.003798279822640098,0.003623079617675024,0.0034864139092440033,0.0032583258325832583,0.0034671292019381236,0.0035478219906078406,0.00380977624016517,0.004030525796165597,0.004030525796165597,0.004030525796165597,0.004030525796165597]},"HIV_50":{"startYear":1970,"endYear":2025,"values":[0.0,0.0,0.0,0.0,0.0,0.0,0.008823529411764706,0.010769230769230769,0.01092436974789916,0.011848341232227487,0.011764705882352941,0.011703958691910498,0.011821086261980831,0.01178474114441417,0.011814914645103324,0.011838565022421525,0.011826650465775617,0.01189421015010722,0.011939218523878437,0.012015115292665999,0.012055785726789987,0.012130864085179962,0.012225545262236487,0.012301422026536562,0.012383369411062177,0.012464908549553382,0.012552270150723884,0.01264099765141742,0.01264099765141742,0.01264099765141742,0.01264099765141742,0.01318622045731423,0.013390505930880195,0.013644221968609815,0.013887501803211381,0.014194887191487484,0.014459774431937434,0.014840918691775796,0.015147192028985507,0.015533267245903553,0.01601315002988643,0.01648657598763691,0.01686924680872705,0.01732917192376652,0.01747632828524065,0.017752715121136173,0.018209233225420195,0.01854806541683287,0.016877100926457323,0.015429092255547018,0.01345972971635068,0.01290571870170016,0.01203720590917381,0.01203720590917381,0.01203720590917381,0.01203720590917381]},"HIV_50_ART":{"startYear":1995,"endYear":2025,"values":[0.0,0.0,0.0,0.0,0.0,0.02839628255390647,0.023006489025220057,0.025786163522012576,0.026696832579185523,0.026981450252951095,0.027402135231316727,0.028105211885046274,0.029005524861878452,0.02997440074470561,0.02967592592592593,0.030584106292303837,0.03197242270817624,0.03296217744786144,0.03267761925349474,0.03311867525298988,0.034382178535178165,0.03616574087974779,0.03754949706431205,0.03398997042561399,0.03272185667691031,0.031519674954732145,0.032713018246749624,0.033890571424759514,0.033890571424759514,0.033890571424759514,0.033890571424759514]},"DHSPrevalenceByAge":[{"surveyYear":2018,"surveyName":"NAIIS","values":[[[0.0,0.0,0.0,0.0,0.0,0.0,0.0,0.0,0.0,0.0,0.0,0.0,0.0],[0.0,0.0,0.0,0.0,0.0,0.0,0.0,0.0,0.0,0.0,0.0,0.0,0.0],[0.0,0.0,0.0,0.0,0.0,0.0,0.0,0.0,0.0,0.0,0.0,0.0,0.0],[0.0,0.0,0.0,0.0,0.0,0.0,0.0,0.0,0.0,0.0,0.0,0.0,0.0],[0.0,0.0,0.0,0.0,0.0,0.0,0.0,0.0,0.0,0.0,0.0,0.0,0.0]],[[0.0,0.0,0.0,0.0,0.0,0.0,0.0,0.0,0.0,0.0,0.0,0.0,0.0],[0.0,0.0,0.0,0.0,0.0,0.0,0.0,0.0,0.003759104,0.011152226,0.023310408,0.019491979,0.005080852],[0.0,-1.0,-1.0,-1.0,-1.0,-1.0,-1.0,-1.0,0.000549,0.002812865,0.007878023,0.004938718,0.000708],[0.0,-1.0,-1.0,-1.0,-1.0,-1.0,-1.0,-1.0,0.025279071,0.043145723,0.06693401,0.073751795,0.035493873],[0.0,238.8406398,308.9657954,294.1714836,365.9039776,254.382105,245.552295,198.9614344,203.831233,172.8921095,114.5022679,112.8099218,91.75649163]],[[0.0,0.0,0.0,0.0,0.0,0.0,0.0,0.0,0.0,0.0,0.0,0.0,0.0],[0.0,0.0,0.0,0.0,0.0,0.004640264,0.01043271,0.015464736,0.017929547,0.004425064,0.012364634,0.006173901,0.0],[0.0,-1.0,-1.0,-1.0,-1.0,0.001475372,0.003858964,0.004836965,0.005479103,0.000625,0.001704768,0.000862,-1.0],[0.0,-1.0,-1.0,-1.0,-1.0,0.014495758,0.027891288,0.048310238,0.057048864,0.030616351,0.084067223,0.042831824,-1.0],[0.0,198.2799742,310.0063934,294.5005823,397.1450802,370.559508,333.6381268,249.0360976,201.9039954,147.6072847,71.06943346,91.27504566,42.33956164]]]}],