{"ART50PlusPercentFemales":{"startYear":1995,"endYear":2025,"values":[0.0,0.0,0.0,0.0,0.0,0.299135119580509,0.2730057459920851,0.28756476683937826,0.29347826086956524,0.28584729981378026,0.28488089450656295,0.28184922511163646,0.2838532110091743,0.28391898487066863,0.2748097782094868,0.27524293712594117,0.2783103168155971,0.2779583333333333,0.2744141232050724,0.28758551373083036,0.30211764705882355,0.31758804472776675,0.32617489393889565,0.2720254164746164,0.2773443594944609,0.2828281333254396,0.2994380439778776,0.31754521886826187,0.31754521886826187,0.31754521886826187,0.31754521886826187]},"ART50PlusPercentMales":{"startYear":1995,"endYear":2025,"values":[0.0,0.0,0.0,0.0,0.0,0.10529292188240329,0.09480679035235345,0.0921211835453543,0.09865886617017487,0.09268795056642637,0.09219858156028368,0.09169913095594846,0.0920661858294442,0.09228788095578766,0.08818460360015319,0.08867998433215825,0.09033953112368634,0.09226816164447559,0.09751364463311098,0.10336192324547674,0.10994832041343669,0.11735680469427219,0.12502542545257306,0.09872936638493392,0.09435609205680101,0.09167119196307358,0.10138718890248878,0.11276131364457934,0.11276131364457934,0.11276131364457934,0.11276131364457934]},"ART50PlusPercentTotal":{"startYear":1995,"endYear":2025,"values":[0.0,0.0,0.0,0.0,0.0,0.20003750629988631,0.18038030818825948,0.2370947485737938,0.21716445946692917,0.1941320293398533,0.19398766700924974,0.19308316998039765,0.19492275902784612,0.19571945999341456,0.18931485218001579,0.19110373092142455,0.19452449567723343,0.20063709755860326,0.2144662488441385,0.22471646126572545,0.23634233158674361,0.2488731266445487,0.26048633565132656,0.20838280940774534,0.19995677972969322,0.19377356849786154,0.20717374431755184,0.22205788804071247,0.22205788804071247,0.22205788804071247,0.22205788804071247]},"HIV_15":{"startYear":1970,"endYear":2025,"values":[0.0,0.0,0.0,0.0,0.0,0.0,0.0461667848740994,0.042147799355334324,0.034381428252663625,0.038802016204498004,0.04126175560311431,0.04,0.0392156862745098,0.037719298245614034,0.036075951687763716,0.03442797902542373,0.03303645821727019,0.03192798472891566,0.031073390964570267,0.030318344482207115,0.029899329880084067,0.028219318018924907,0.02668445479231483,0.025278033440711764,0.023770062928657288,0.022162605179761773,0.020508393961280322,0.018754303738421556,0.018754303738421556,0.018754303738421556,0.018754303738421556,0.012164762559191902,0.010762079510703364,0.009480213924411443,0.008197742274006728,0.007216022630606687,0.006490620748343987,0.005975683556142378,0.005773053221616994,0.005777153380289712,0.005842043190044328,0.006045909649460849,0.00635433708721826,0.006710575155161549,0.006972814692274348,0.007258645697448482,0.007468715199788603,0.007866747739755386,0.011182899045991741,0.0129390281499751,0.015215345638798406,0.014740202553940995,0.013873367131702622,0.013873367131702622,0.013873367131702622,0.013873367131702622]},"HIV_15_ART":{"startYear":1995,"endYear":2025,"values":[0.0,0.0,0.0,0.0,0.0,3.420013088749536,1.7547048232117834,0.015365239294710327,0.017905405405405406,0.010376213592233011,0.007076824992030602,0.005101509630400833,0.00471767294060132,0.004003930238270695,0.003538578075965805,0.003730072068137148,0.0037716159809183065,0.0038968150153621513,0.004017997279481008,0.004110419306848862,0.004420833212703743,0.005068843670037773,0.005339602299952085,0.004394736842105263,0.004119209471930852,0.004156615873389421,0.0035641863206369185,0.003158411186295153,0.003158411186295153,0.003158411186295153,0.003158411186295153]},"HIV_50":{"startYear":1970,"endYear":2025,"values":[0.0,0.0,0.0,0.0,0.0,0.0,0.00513033176886119,0.00526980815765125,0.00581651250607262,0.005348068959460559,0.005135221478146691,0.004417646666666667,0.004901960784313725,0.0061403508771929825,0.006118143459915612,0.006567796610169492,0.006852367688022285,0.007078313253012048,0.0073063231056111205,0.007497001199520192,0.007664729880084065,0.00781960942218643,0.007949893564761749,0.00806680472465102,0.008180725447217705,0.008287618839471095,0.008383391759296773,0.008475680638545207,0.008475680638545207,0.008475680638545207,0.008475680638545207,0.008843359900933965,0.008941896024464832,0.009074395257719008,0.00919763438961956,0.009338648707146057,0.009460148029858116,0.00966221048577873,0.009794137823876729,0.009982976730646315,0.010255941003429718,0.010556165519046616,0.010630271455120162,0.010480202335839512,0.011279292987376038,0.01189005756196349,0.012714935542930484,0.01317171878270751,0.010308984764345717,0.010705053714990398,0.011281216069489678,0.011676207250843985,0.01203049254338896,0.01203049254338896,0.01203049254338896,0.01203049254338896]},"HIV_50_ART":{"startYear":1995,"endYear":2025,"values":[0.0,0.0,0.0,0.0,0.0,0.018322295805739516,0.01617107132451131,0.022670025188916875,0.019932432432432434,0.018143203883495145,0.01807459356072681,0.018202325177858754,0.01839403568809582,0.01874232375337755,0.01834217076074018,0.01872461236077746,0.019357483601669646,0.0204544763179509,0.02249921523490635,0.02389663342332911,0.02544222807677832,0.027863409284756915,0.030411475802587445,0.02493947368421053,0.024828929005537296,0.02500441254339001,0.02760746001778097,0.030552773064578775,0.030552773064578775,0.030552773064578775,0.030552773064578775]},"DHSPrevalenceByAge":[{"surveyYear":2018,"surveyName":"NAIIS","values":[[[0.0,0.0,0.0,0.0,0.0,0.0,0.0,0.0,0.0,0.0,0.0,0.0,0.0],[0.0,0.0,0.0,0.0,0.0,0.0,0.0,0.0,0.0,0.0,0.0,0.0,0.0],[0.0,0.0,0.0,0.0,0.0,0.0,0.0,0.0,0.0,0.0,0.0,0.0,0.0],[0.0,0.0,0.0,0.0,0.0,0.0,0.0,0.0,0.0,0.0,0.0,0.0,0.0],[0.0,0.0,0.0,0.0,0.0,0.0,0.0,0.0,0.0,0.0,0.0,0.0,0.0]],[[0.0,0.0,0.0,0.0,0.0,0.0,0.0,0.0,0.0,0.0,0.0,0.0,0.0],[0.0,0.0,0.0,0.00342641,0.005503138,0.00426362,0.0,0.003583001,0.002186006,0.020465945,0.005371049,0.026471468,0.030535222],[0.0,-1.0,-1.0,0.000478,0.000791,0.000638,-1.0,0.000506,0.000308,0.007821662,0.000769,0.009833759,0.009831511],[0.0,-1.0,-1.0,0.024128778,0.037252111,0.027907974,-1.0,0.024903455,0.015339994,0.052469671,0.03648575,0.069288674,0.090838127],[0.0,265.9675372,345.3033264,248.3681854,423.9649379,305.9913104,321.3594888,228.0500235,255.3761364,193.2162797,172.1306434,114.8774899,79.54784107]],[[0.0,0.0,0.0,0.0,0.0,0.0,0.0,0.0,0.0,0.0,0.0,0.0,0.0],[0.0,0.0,0.005121612,0.0,0.0,0.005715159,0.014397664,0.01206057,0.043001671,0.031396541,0.016239458,0.028995495,0.013098466],[0.0,-1.0,0.001264444,-1.0,-1.0,0.00183223,0.007022883,0.004212005,0.022226116,0.013886109,0.002326747,0.008961849,0.001902568],[0.0,-1.0,0.020503456,-1.0,-1.0,0.017681167,0.029288335,0.034034138,0.081576686,0.069432969,0.104619177,0.08975706,0.084594035],[0.0,254.4640133,316.3622854,212.8650308,491.4524877,392.2255981,414.2473738,326.1988572,250.3484521,184.3458696,127.3735213,114.2942395,57.88463352]]]}],