{"ART50PlusPercentFemales":{"startYear":1995,"endYear":2025,"values":[0.0,0.0,0.0,0.0,0.0,0.0,0.0,0.0,0.133019426395537,0.14690048484118198,0.14636053811215435,0.15104586417657934,0.1543134872417983,0.15683104284559418,0.15227882037533513,0.15401023890784982,0.15793251974156497,0.1597567716970702,0.1457345971563981,0.13580246913580246,0.11920800163298632,0.12280701754385964,0.1251295478099602,0.13370295340654653,0.14182210574996146,0.14982872461897434,0.15852309394302572,0.16718292892789538,0.16718292892789538,0.16718292892789538,0.16718292892789538]},"ART50PlusPercentMales":{"startYear":1995,"endYear":2025,"values":[0.0,0.0,0.0,0.0,0.0,0.0,0.0,0.0,0.21265288013298334,0.24042361639834522,0.2383917098958488,0.24478178368121442,0.25202156334231807,0.25522252497729336,0.24605103280680438,0.25250395361096467,0.26605504587155965,0.2798029556650246,0.2688783570300158,0.24664429530201343,0.23783783783783785,0.24211665989985112,0.24464795432921027,0.23946249033255995,0.23892996593835672,0.2378394075794976,0.24812131880035204,0.2580195258019526,0.2580195258019526,0.2580195258019526,0.2580195258019526]},"ART50PlusPercentTotal":{"startYear":1995,"endYear":2025,"values":[0.0,0.0,0.0,0.0,0.0,0.0,0.0,0.0,0.17445059578524588,0.19130587483650965,0.19093430870853567,0.1960574497455421,0.20051085568326948,0.2033390410958904,0.1962962962962963,0.19811320754716982,0.2026116259477675,0.20293961395431204,0.18505445744251714,0.17438992731048805,0.15619440022474015,0.16028230092257983,0.1626906969787616,0.17130584192439863,0.17893199568226553,0.18558160106147722,0.19480626319686292,0.2039163420135329,0.2039163420135329,0.2039163420135329,0.2039163420135329]},"HIV_15":{"startYear":1970,"endYear":2025,"values":[0.0,0.0,0.0,0.0,0.0,0.0,0.008793281754340234,0.0075147210937106974,0.007020876618887799,0.006340839311920117,0.00625,0.0071428571428571435,0.00625,0.007407407407407407,0.007575868939393939,0.00805764028436019,0.00844234625,0.008567268684759915,0.0089852801994302,0.009277539741035857,0.00969001740687679,0.009546618516570227,0.009355585843491937,0.009134615384615383,0.008860759493670885,0.008564467766116942,0.00827113480578827,0.007970740320343044,0.007970740320343044,0.007970740320343044,0.007970740320343044,0.006884457982172583,0.0066769876347694684,0.0065466355193436266,0.006474291710388248,0.006361273235568198,0.006364777534985355,0.006378192404393277,0.0064850345356868766,0.006671965197021668,0.0068302575542486315,0.00700149218565931,0.007264841420439143,0.008069015837589595,0.009095990649931399,0.010558188520273829,0.011552524258191536,0.013119055428009183,0.014190484887224911,0.014345244296280861,0.014523634582414895,0.01454573499922875,0.014795160263213753,0.014795160263213753,0.014795160263213753,0.014795160263213753]},"HIV_15_ART":{"startYear":1995,"endYear":2025,"values":[0.0,0.0,0.0,0.0,0.0,0.0,11.191085539997227,3.017931103478174,0.021052631578947368,0.007782101167315175,0.005175983436853002,0.0038418079096045198,0.003514376996805112,0.003277807630306287,0.003084012761432116,0.0031470588235294117,0.0032752245113576335,0.0033548100422128415,0.0032545477044920185,0.0034116814715824226,0.003745422261680169,0.0035593134524834185,0.0036216674853748938,0.003777731702260004,0.004419611785631428,0.005050505050505051,0.005810033034771651,0.006487443657437218,0.006487443657437218,0.006487443657437218,0.006487443657437218]},"HIV_50":{"startYear":1970,"endYear":2025,"values":[0.0,0.0,0.0,0.0,0.0,0.0,0.010267700729000405,0.010685773719908009,0.011090928207850646,0.01065283578330534,0.0106987,0.010714285714285714,0.010416666666666666,0.011111111111111112,0.011363636363636364,0.010900473933649289,0.010625,0.010647181628392484,0.010541310541310541,0.01045816733067729,0.010386819484240688,0.010310362966859549,0.01026346834447503,0.010216346153846154,0.01015002344116268,0.01010119940029985,0.010068545316070068,0.0100264850548619,0.0100264850548619,0.0100264850548619,0.0100264850548619,0.010098979873654934,0.010171668036845848,0.01023303515469204,0.010262329485834207,0.010392858894501937,0.010470035798967875,0.010656786202637733,0.010731644921974929,0.010855015477286036,0.011178259987832083,0.011568365664022617,0.011861518801068815,0.011300914202326278,0.010401951318664567,0.011229594523433388,0.01213612712698636,0.012987864873729089,0.012702036343712905,0.012334618189394726,0.011633602743081067,0.011368193737467211,0.010910634684780297,0.010910634684780297,0.010910634684780297,0.010910634684780297]},"HIV_50_ART":{"startYear":1995,"endYear":2025,"values":[0.0,0.0,0.0,0.0,0.0,0.0,0.0,0.0,0.02280701754385965,0.023346303501945526,0.02360248447204969,0.02384180790960452,0.024361022364217253,0.02487909725953788,0.02406947890818859,0.024382352941176473,0.02503961965134707,0.02514996667407243,0.02325207276327187,0.022215234651363887,0.019564976140273,0.02063692977570756,0.021439735631670613,0.023172299398714492,0.024769932719820587,0.02629158973244995,0.027592548445322346,0.028811976819059882,0.028811976819059882,0.028811976819059882,0.028811976819059882]},"DHSPrevalenceByAge":[{"surveyYear":2018,"surveyName":"NAIIS","values":[[[0.0,0.0,0.0,0.0,0.0,0.0,0.0,0.0,0.0,0.0,0.0,0.0,0.0],[0.0,0.0,0.0,0.0,0.0,0.0,0.0,0.0,0.0,0.0,0.0,0.0,0.0],[0.0,0.0,0.0,0.0,0.0,0.0,0.0,0.0,0.0,0.0,0.0,0.0,0.0],[0.0,0.0,0.0,0.0,0.0,0.0,0.0,0.0,0.0,0.0,0.0,0.0,0.0],[0.0,0.0,0.0,0.0,0.0,0.0,0.0,0.0,0.0,0.0,0.0,0.0,0.0]],[[0.0,0.0,0.0,0.0,0.0,0.0,0.0,0.0,0.0,0.0,0.0,0.0,0.0],[0.0,0.0,0.0,0.0,0.002059791,0.006147108,0.023233186,0.021558645,0.013683769,0.018089309,0.055479025,0.050622286,0.015250132],[0.0,-1.0,-1.0,-1.0,0.000293,0.001511269,0.009470547,0.009091606,0.001941081,0.005944891,0.026571928,0.018842281,0.00377859],[0.0,-1.0,-1.0,-1.0,0.014304371,0.024652348,0.055867717,0.050254335,0.090054814,0.053702464,0.112208602,0.128958416,0.059469495],[0.0,150.7549151,161.3734918,121.7702546,326.7507327,212.7038798,214.49682,200.4023575,183.6439724,158.1197993,129.2628385,98.20253534,114.2925186]],[[0.0,0.0,0.0,0.0,0.0,0.0,0.0,0.0,0.0,0.0,0.0,0.0,0.0],[0.0,0.0,0.0,0.0,0.007560576,0.013141092,0.028770292,0.031980657,0.059888521,0.036669574,0.043514014,0.036366328,0.008718877],[0.0,-1.0,-1.0,-1.0,0.002320795,0.005542862,0.016329753,0.016007188,0.031760415,0.020073429,0.022942236,0.018756454,0.001233998],[0.0,-1.0,-1.0,-1.0,0.024341855,0.030832147,0.050204719,0.062875421,0.110095266,0.066061926,0.081002755,0.06934123,0.05892515],[0.0,124.0913911,160.4399833,122.8664078,396.6480386,343.1298842,347.7889828,290.4877164,275.8673431,223.0030555,199.9146851,200.5142393,124.3354957]]]}],