{"ART50PlusPercentFemales":{"startYear":1995,"endYear":2025,"values":[0.0,0.0,0.0,0.0,0.0,0.2236387096774193,0.21110336796562348,0.21385058792646222,0.20117275597654488,0.1892370901474261,0.19049120373289616,0.19338475076349707,0.19691442134411674,0.20099578705476828,0.1790345560358359,0.17387750219315734,0.17379016782387216,0.17636380856168707,0.17708098987626547,0.18053745823281256,0.17933456812432236,0.18299791738616264,0.1920094247810275,0.2059081054036024,0.22074092929035816,0.23571567336542404,0.25376249588047894,0.263409369531733,0.263409369531733,0.263409369531733,0.263409369531733]},"ART50PlusPercentMales":{"startYear":1995,"endYear":2025,"values":[0.0,0.0,0.0,0.0,0.0,0.18655575449113843,0.18173486646300693,0.18095496659052807,0.1875683059200652,0.1835164835164835,0.1856115107913669,0.19079754601226995,0.1969799414018481,0.20459811085368027,0.208898055391868,0.21433952787543947,0.22114016850858956,0.22874866724823106,0.23727486296006264,0.23571336843457044,0.22298555092633632,0.22434512301451912,0.2182193666819642,0.19509461453682775,0.19540192560601385,0.19488804212869804,0.20149769891729402,0.20786607754060613,0.20786607754060613,0.20786607754060613,0.20786607754060613]},"ART50PlusPercentTotal":{"startYear":1995,"endYear":2025,"values":[0.0,0.0,0.0,0.0,0.0,0.20023866651432634,0.19248730306347098,0.20245269987057898,0.20060460803552768,0.18886053145173398,0.18991362496517136,0.193011205102086,0.19691787119791093,0.20162027550988243,0.18324411801319557,0.17942806015348084,0.18030122929236694,0.1837000637988842,0.1854528288183601,0.1897666723960124,0.18819526946754508,0.19194462441872862,0.1989099994716064,0.20203925976476256,0.21072755149827752,0.21813489015209708,0.23012038769530663,0.2380207414823959,0.2380207414823959,0.2380207414823959,0.2380207414823959]},"HIV_15":{"startYear":1970,"endYear":2025,"values":[0.0,0.0,0.0,0.0,0.0,0.0,0.012495920141117273,0.010514191734309513,0.009592783464300501,0.009207846788173846,0.010295394985035585,0.010576208776053432,0.009090909090909092,0.009523809523809525,0.011363669318181818,0.01153862912087912,0.011937263395225465,0.012129951483870968,0.012348124758842444,0.012500802876984126,0.012798968191527232,0.012653256089453006,0.012379966179679923,0.012003569889095702,0.011509114031369224,0.010959767699537692,0.01029422501277652,0.009508955999810954,0.009508955999810954,0.009508955999810954,0.009508955999810954,0.005987613187349736,0.005309795144677644,0.004892050803253137,0.004620001794175454,0.004694510700048371,0.0049478943121534155,0.00542922491367815,0.006125083503349162,0.007342839353699488,0.008184687981299631,0.008936507389671685,0.009529373889610932,0.009982947009410725,0.010491196056268979,0.01095534701793022,0.00924475317765297,0.008120499078881259,0.009937923250564333,0.011363566107143959,0.012465557532000977,0.012230785853201758,0.011699033680457833,0.011699033680457833,0.011699033680457833,0.011699033680457833]},"HIV_15_ART":{"startYear":1995,"endYear":2025,"values":[0.0,0.0,0.0,0.0,0.0,2.381595447474523,1.4454069124793902,0.014166666666666666,0.002337452982267598,0.0015454377197853045,0.0014033156772373942,0.001448877668624115,0.0016395694985115639,0.0018636238006870139,0.0022100289590001525,0.0029377227930383726,0.003465619149014281,0.0038379672741785287,0.004288707592171549,0.004490672606499343,0.0050089802434643785,0.0061262395079521356,0.0066015867930573095,0.005995740684844216,0.0055368159244418074,0.005383206658859222,0.005343690412928636,0.005568040136475963,0.005568040136475963,0.005568040136475963,0.005568040136475963]},"HIV_50":{"startYear":1970,"endYear":2025,"values":[0.0,0.0,0.0,0.0,0.0,0.0,0.007952515943538418,0.008360231312005943,0.008586158186062592,0.008701248942697706,0.009547667312190335,0.009693095343252972,0.007689640909090909,0.007142857142857143,0.009090909090909092,0.008791208791208791,0.008753315649867373,0.00864516129032258,0.008681672025723473,0.008697089947089948,0.008757564969740122,0.008804271179611162,0.008868816682832202,0.008953776950519621,0.009050445103857567,0.009154472165972568,0.009276483901584288,0.009423885816910062,0.009423885816910062,0.009423885816910062,0.009423885816910062,0.01029467417391007,0.010570869588386204,0.010659115109801078,0.010704703186292498,0.010966924090537587,0.011271825158377255,0.011585231236588103,0.011874627620199687,0.012077817357843489,0.012501501927929306,0.012837473157175504,0.013101696734114732,0.013446598875765806,0.013266515054539513,0.013266060775387448,0.013979825598581137,0.013546725841567575,0.01165632054176072,0.010890599400290572,0.009978724146349966,0.009504429878268389,0.008696875879538402,0.008696875879538402,0.008696875879538402,0.008696875879538402]},"HIV_50_ART":{"startYear":1995,"endYear":2025,"values":[0.0,0.0,0.0,0.0,0.0,0.022903901711165433,0.021871918850101993,0.022083333333333333,0.020822138635142397,0.01980381269665001,0.02025865034051042,0.020904450908292627,0.021662468513853905,0.022545109961700952,0.020604074582126708,0.02033969385615433,0.020698263519218767,0.021393175468937077,0.021820991782206173,0.022729140978216194,0.022609148761613337,0.023333705481746122,0.024718730565554153,0.025790656336988967,0.02741016491778495,0.028923437266660905,0.03082976462129974,0.03182398482936772,0.03182398482936772,0.03182398482936772,0.03182398482936772]},"DHSPrevalenceByAge":[{"surveyYear":2018,"surveyName":"NAIIS","values":[[[0.0,0.0,0.0,0.0,0.0,0.0,0.0,0.0,0.0,0.0,0.0,0.0,0.0],[0.0,0.0,0.0,0.0,0.0,0.0,0.0,0.0,0.0,0.0,0.0,0.0,0.0],[0.0,0.0,0.0,0.0,0.0,0.0,0.0,0.0,0.0,0.0,0.0,0.0,0.0],[0.0,0.0,0.0,0.0,0.0,0.0,0.0,0.0,0.0,0.0,0.0,0.0,0.0],[0.0,0.0,0.0,0.0,0.0,0.0,0.0,0.0,0.0,0.0,0.0,0.0,0.0]],[[0.0,0.0,0.0,0.0,0.0,0.0,0.0,0.0,0.0,0.0,0.0,0.0,0.0],[0.0,0.005822799,0.004001928,0.009110116,0.0,0.0,0.013595139,0.046529759,0.068192969,0.06985805,0.056580354,0.117222703,0.08894788000000001],[0.0,0.00083,0.000593,0.001358136,-1.0,-1.0,0.005050747,0.025531935,0.038575306,0.038993813,0.026990656,0.067923382,0.041959863],[0.0,0.039670229,0.026482183,0.058516242,-1.0,-1.0,0.036070126,0.083319947,0.117765279,0.122049244,0.114782352,0.194824659,0.17873774],[0.0,138.2843707,180.9606227,129.474596,342.6717201,250.8736293,274.9248955,242.7716151,217.0451427,154.2406435,145.9912266,119.6554796,91.98564288]],[[0.0,0.0,0.0,0.0,0.0,0.0,0.0,0.0,0.0,0.0,0.0,0.0,0.0],[0.0,0.01506939,0.002884969,0.0,0.009435273,0.030873265,0.076692247,0.067036955,0.139261988,0.127403154,0.075734904,0.063175666,0.087535763],[0.0,0.004094742,0.000401,-1.0,0.003364646,0.016550369,0.05554005,0.042504457,0.09776794,0.085973538,0.045297588,0.034419848,0.038356031],[0.0,0.053867114,0.020432717,-1.0,0.02617115,0.056874539,0.10500454,0.104188244,0.194568892,0.184761587,0.123968594,0.11314037,0.187479689],[0.0,156.0458977,156.8893585,112.0192513,353.9728407,352.2680277,377.0336783,271.2126342,228.076719,181.7581585,134.6639009,130.2949028,72.66261777]]]}],