{"countryCode":616,"subnatCode":0,"Regions":{"region":"High Income Countries"},"ART50PlusPercentFemales":{"startYear":1995,"endYear":2025,"values":[0.0,0.12111305568866962,0.15482208412033913,0.156536482766248,0.17344929345962554,0.19107383743483958,0.20628546472646864,0.21826338386408034,0.23933374764288545,0.2545488387165817,0.2705293762964123,0.2850341122775886,0.3015543631944882,0.31760131588586366,0.25796508322699946,0.2699339456811508,0.2798590006318635,0.2888239113243166,0.29887570742214,0.30899215449607725,0.30777596519847744,0.2994754411063424,0.29628046173578454,0.3159022717531076,0.33691910499139416,0.34688013136289,0.35913555992141455,0.37077385424492865,0.37077385424492865,0.37077385424492865,0.37077385424492865]},"ART50PlusPercentMales":{"startYear":1995,"endYear":2025,"values":[0.0,0.172446969197771,0.18716976936893226,0.20547364172550384,0.22300211329772945,0.24457491574102053,0.265872356440969,0.28729150778941387,0.30474640335435715,0.31958740017356674,0.33555214723131105,0.35248197651057883,0.37016350148122984,0.38812301166489926,0.4023025263831148,0.4143065693430657,0.4199475065616798,0.4147339699863574,0.40195121951219515,0.39366438356164385,0.39366021236727045,0.39257256687535574,0.3850138994187516,0.35721649484536083,0.3423335694050991,0.32938116729136385,0.33494799829035476,0.3413662617008564,0.3413662617008564,0.3413662617008564,0.3413662617008564]},"ART50PlusPercentTotal":{"startYear":1995,"endYear":2025,"values":[0.0,0.15885668190446284,0.17862815738495422,0.19320508765783753,0.21170297279218533,0.2320474607182563,0.25209712401254136,0.27155165228103406,0.29039497148382276,0.3056110496886685,0.32195936368335104,0.33885429207481177,0.35620574862814414,0.37348753933393164,0.3634231963851442,0.37529008701504046,0.3827479418813976,0.3829086664028928,0.377731345114852,0.3749499799919968,0.3744995753973068,0.37109674591870273,0.3648068669527897,0.3492063492063492,0.34140969162995594,0.33219398942344897,0.3386396526772793,0.34578279266572637,0.34578279266572637,0.34578279266572637,0.34578279266572637]},"HIV_15":{"startYear":1970,"endYear":2025,"values":[0.0,0.02207792207792208,0.01949685534591195,0.017408906882591092,0.015133531157270029,0.012993039443155451,0.011026615969581748,0.009615384615384616,0.008275862068965517,0.007263922518159807,0.006566200215285253,0.005921129291949564,0.005460192882249561,0.005238361235955056,0.0050475398967551625,0.0049562756480218285,0.004928823481012658,0.004905437352245863,0.004966887417218543,0.005162622612287042,0.005354558610709117,0.0054479963980189105,0.005548549810844893,0.005681818181818182,0.005852231163130944,0.005978817902289033,0.0062507633014046386,0.006525431416772554,0.006525431416772554,0.006525431416772554,0.006525431416772554,0.006716465230460922,0.006551624029012634,0.006404358754691985,0.00627803450881612,0.006083675317965024,0.005880308223807736,0.005620370363153233,0.00543760111722528,0.005222405271828665,0.0050742574257425736,0.0049201932933079515,0.00481638418079096,0.004683422606784782,0.004537637253604974,0.0043889519485433215,0.004232032105071141,0.004180602006688963,0.004377564979480164,0.004567186713638651,0.004853228962818004,0.005023835716905023,0.0052238805970149255,0.0052238805970149255,0.0052238805970149255,0.0052238805970149255]},"HIV_15_ART":{"startYear":1995,"endYear":2025,"values":[0.0,0.0007719543439126334,0.0005522444055944056,0.0005856984782608695,0.0004491771615008156,0.0005016074901445466,0.0004295357696566999,0.0003837754335260116,0.0003240223316912972,0.00034080693481276005,0.00029458306110102843,0.0002594172413793103,0.0002796531478770132,0.00021975194805194805,0.0007703595011005136,0.0005798090040927694,0.0004996876951905059,0.0004405286343612335,0.0005274514504914889,0.0005335040546308152,0.0005236617532971296,0.0006271777003484321,0.000691031941031941,0.0007406461499169965,0.0007246376811594203,0.0007725736359246741,0.0007020423048869439,0.0006553984132459469,0.0006553984132459469,0.0006553984132459469,0.0006553984132459469]},"HIV_50":{"startYear":1970,"endYear":2025,"values":[0.0,0.007792207792207792,0.00880503144654088,0.009716599190283401,0.010682492581602374,0.011368909512761021,0.011977186311787073,0.0125,0.012827586206896552,0.013075060532687652,0.013347685683530678,0.013482056256062075,0.013708260105448154,0.013723916532905299,0.01364306784660767,0.013506139154160983,0.013227848101265823,0.012884160756501183,0.012582781456953643,0.0123902942694889,0.012445730824891463,0.012696983340837461,0.013156788566624632,0.01371473354231975,0.014411119239209949,0.015203279808677828,0.015640109277890387,0.016073697585768744,0.016073697585768744,0.016073697585768744,0.016073697585768744,0.01843687374749499,0.018951801591015446,0.019099138882755575,0.018828715365239293,0.01856120826709062,0.01813743897859557,0.017679362267493358,0.017141904285476073,0.01688632619439868,0.016599628712871285,0.016180992824718115,0.015508474576271188,0.015094080483450076,0.014816774705648895,0.014743347206457307,0.0150066885564879,0.015217391304347823,0.015060315881109317,0.015261701056869654,0.015407697325505548,0.016049382716049377,0.01673938002296212,0.01673938002296212,0.01673938002296212,0.01673938002296212]},"HIV_50_ART":{"startYear":1995,"endYear":2025,"values":[0.0,0.031458346855348554,0.033566433566433566,0.036304347826086956,0.03964110929853181,0.042838370565046,0.04595791805094131,0.0489402697495183,0.051313628899835796,0.05305131761442441,0.054385964912280704,0.05533405172413793,0.055929721815519765,0.05620241827138379,0.05099046221570066,0.05010231923601637,0.048813241723922554,0.04680616740088106,0.04413809637976504,0.04229620145113103,0.041117145073700546,0.04008710801393728,0.039281326781326786,0.038015579108670663,0.0378149386845039,0.03766296475132786,0.039214077315827864,0.040910658847878575,0.040910658847878575,0.040910658847878575,0.040910658847878575]},"MortalityByAge":[{"year":1990,"cause":"tot","sex":1,"values":[0.0,5850.0,565.0,577.0,1489.0,2125.0,2544.0,4451.0,6317.0,7734.0,7992.0,13218.0,19339.0,24659.0,25879.0,19500.0,27217.0,39877.0]},{"year":1990,"cause":"tot","sex":2,"values":[0.0,4312.0,362.0,346.0,483.0,454.0,640.0,1249.0,2089.0,2889.0,2963.0,4970.0,8174.0,12767.0,17693.0,16775.0,30565.0,72376.0]},{"year":1991,"cause":"tot","sex":1,"values":[0.0,5429.0,521.0,602.0,1534.0,2222.0,2526.0,4277.0,6789.0,9020.0,8671.0,13835.0,19775.0,26201.0,27542.0,21492.0,25609.0,41755.0]},{"year":1991,"cause":"tot","sex":2,"values":[0.0,3974.0,387.0,345.0,540.0,491.0,635.0,1266.0,2211.0,3215.0,3170.0,5010.0,8060.0,12869.0,18962.0,18246.0,29493.0,77277.0]},{"year":1992,"cause":"tot","sex":1,"values":[0.0,4889.0,480.0,567.0,1567.0,2057.0,2338.0,3951.0,6403.0,9247.0,8973.0,12717.0,18794.0,25506.0,27435.0,22834.0,22295.0,41078.0]},{"year":1992,"cause":"tot","sex":2,"values":[0.0,3718.0,319.0,289.0,509.0,479.0,586.0,1088.0,2019.0,3334.0,3358.0,4759.0,7623.0,12677.0,18328.0,19614.0,26378.0,76922.0]},{"year":1993,"cause":"tot","sex":1,"values":[0.0,4348.0,438.0,494.0,1438.0,1818.0,2066.0,3350.0,5899.0,8630.0,8871.0,11540.0,17781.0,24818.0,27645.0,25372.0,20346.0,42420.0]},{"year":1993,"cause":"tot","sex":2,"values":[0.0,3267.0,311.0,281.0,524.0,466.0,499.0,1014.0,1956.0,3113.0,3470.0,4433.0,7183.0,11915.0,18316.0,21928.0,23974.0,80950.0]},{"year":1994,"cause":"tot","sex":1,"values":[0.0,4611.0,418.0,511.0,1552.0,1984.0,2027.0,3283.0,5960.0,8694.0,9823.0,10956.0,16958.0,23744.0,27271.0,26849.0,18555.0,41574.0]},{"year":1994,"cause":"tot","sex":2,"values":[0.0,3707.0,296.0,254.0,550.0,470.0,527.0,932.0,1914.0,3130.0,3854.0,4197.0,7088.0,11586.0,17715.0,23461.0,21833.0,80114.0]},{"year":1995,"cause":"tot","sex":1,"values":[0.0,3767.0,407.0,509.0,1497.0,1937.0,2059.0,3088.0,5984.0,9192.0,11192.0,10854.0,16908.0,23436.0,27682.0,27457.0,19031.0,40686.0]},{"year":1995,"cause":"tot","sex":2,"values":[0.0,2995.0,226.0,295.0,518.0,492.0,526.0,879.0,1853.0,3171.0,4224.0,4127.0,6806.0,11225.0,17631.0,23908.0,21811.0,79711.0]},{"year":1996,"cause":"tot","sex":1,