{"countryCode":643,"subnatCode":0,"Regions":{"region":"Eastern Europe"},"ART50PlusPercentFemales":{"startYear":1995,"endYear":2025,"values":[0.0,0.29851141225147854,0.3217391304347826,0.3442028985507246,0.3552479815455594,0.3618368962787015,0.4009584664536741,0.44266238973536487,0.4837925445705024,0.5257563368765331,0.5657894736842105,0.44601769911504424,0.35461653015636635,0.3113132911392405,0.2957279945443032,0.3076651221236158,0.31795336059688445,0.32622162751511546,0.33472491126169734,0.3393062181612356,0.34167179098033573,0.33041098064106633,0.3231960427546335,0.3462199380746114,0.29516642547033284,0.30545691684421633,0.3170787270791827,0.3304479925353856,0.3304479925353856,0.3304479925353856,0.3304479925353856]},"ART50PlusPercentMales":{"startYear":1995,"endYear":2025,"values":[0.0,0.3977341435914109,0.42168674698795183,0.43742255266418834,0.4395770392749245,0.43019240256536756,0.47040971168437024,0.509865005192108,0.5495735607675906,0.5873015873015873,0.5020775623268698,0.392534228881426,0.35916727951575494,0.37031046589609057,0.38745087850345883,0.4006911175685227,0.41065184815184813,0.4180790960451977,0.425986178708758,0.4300407529594411,0.4329126289806278,0.4239527557983685,0.41333276916241773,0.44022999015710973,0.4270608798233934,0.4391293793996278,0.4526898434241953,0.46744502696385876,0.46744502696385876,0.46744502696385876,0.46744502696385876]},"ART50PlusPercentTotal":{"startYear":1995,"endYear":2025,"values":[0.0,0.3574875017518646,0.3803317535545024,0.4004424778761062,0.4062072113190324,0.40395136778115504,0.443343653250774,0.4837590665405235,0.5234726688102894,0.5624385447394297,0.5212091662603608,0.40461907618476306,0.3581377185750857,0.3506804601331964,0.35075993764614183,0.3634978480098018,0.3735624289799333,0.3813361086331648,0.38948226069279296,0.39374219715248626,0.396424496802353,0.3858902241197027,0.37712325646153455,0.40220434206058897,0.3646190176034787,0.3755989139410819,0.38788125914240074,0.40154680762275696,0.40154680762275696,0.40154680762275696,0.40154680762275696]},"HIV_15":{"startYear":1970,"endYear":2025,"values":[0.0,0.005734121882231937,0.0049504950495049506,0.0043100070527388136,0.0037705575611712795,0.0033076574535568647,0.0028773709915571877,0.0025115511551155115,0.0021880209573708026,0.0018968468717212436,0.0016310475940736857,0.0013941891823131328,0.0011754616083139945,0.0009731861602683945,0.0007835481628068674,0.0005983696594785223,0.0004658385093167702,0.0004368094556399809,0.0004930052250126411,0.0006236904935925547,0.0008423790140208051,0.0011092150170648463,0.001427045177045177,0.0017992339894896232,0.0025344352617079893,0.003444632290786137,0.0038286491812508793,0.003775733144597963,0.003775733144597963,0.003775733144597963,0.003775733144597963,0.002888490031498003,0.002694652941093633,0.0025250712184727983,0.002372515041180708,0.002234419677942578,0.0021065793828840425,0.0019772427440633246,0.001807175207731536,0.0016077627986027395,0.0014225531354680164,0.001283149520356607,0.0011729725249678836,0.001085443703828105,0.0010167155233239014,0.0009732636913688783,0.0009650039916226029,0.0009815770322095295,0.0009572107765451665,0.000998226100074029,0.0010356681546621104,0.001070446844353031,0.0011048884371774787,0.0011048884371774787,0.0011048884371774787,0.0011048884371774787]},"HIV_15_ART":{"startYear":1995,"endYear":2025,"values":[0.0,0.0014084507042253522,0.0015296367112810707,0.0015990159901599016,0.0015372790161414297,0.0012748597654258032,0.0010011123470522803,0.0007330482590103848,0.00047233468286099863,0.0002247191011235955,5.0916496945010185e-5,0.00025188916876574307,0.00020279862096937742,0.0001945919649734463,0.00023710195384015126,0.0002443177611608796,0.0002571411485637969,0.000289985100213083,0.00032504855908352165,0.00031049273382983717,0.0003017428249371369,0.00030554916713210895,0.0003261465932413485,0.00039274940658940273,0.000532685388533246,0.0005388755350507087,0.0005807730490261703,0.0006399707441945512,0.0006399707441945512,0.0006399707441945512,0.0006399707441945512]},"HIV_50":{"startYear":1970,"endYear":2025,"values":[0.0,0.009488300334276164,0.011160004889377826,0.013008384922811691,0.014772792390120911,0.016289080199365653,0.01746109870139704,0.018353135313531353,0.019105739461776614,0.01993483903031642,0.020980726366854597,0.022317203480384674,0.02386489758853799,0.025466745204497144,0.02692410547146601,0.028189859513210385,0.02925077639751553,0.029868223029769117,0.0301997303219282,0.030473127710373724,0.030890999547715965,0.0314583880283539,0.03218101343101343,0.033232386211810815,0.03180899908172635,0.02574668920822767,0.02045230610425562,0.01800473889897529,0.01800473889897529,0.01800473889897529,0.01800473889897529,0.01878354361329603,0.019675120755939222,0.02050281399819348,0.021262096224614967,0.021858435195558752,0.022136368651392006,0.022151385224274407,0.02231316049118553,0.022711663261223862,0.022926875649108433,0.022486541132580185,0.021972359206000578,0.02149248026685353,0.020978781905336894,0.020557308096740272,0.020061327356476952,0.019704153140408694,0.020689639921866364,0.02091386109572076,0.021681677829062274,0.022579604575694998,0.023460281120500415,0.023460281120500415,0.023460281120500415,0.023460281120500415]},"HIV_50_ART":{"startYear":1995,"endYear":2025,"values":[0.0,0.05422535211267606,0.05946462715105163,0.06457564575645756,0.06664104534973098,0.06670066292707803,0.0743047830923248,0.0822846670739157,0.09028340080971661,0.09820224719101123,0.08615071283095722,0.06488664987405542,0.05877104035692557,0.05710057972189565,0.05531978750862871,0.055864860195947774,0.05534913389279805,0.05447394139417146,0.05366208163211374,0.052376176351336935,0.05104049249978323,0.04836613332457207,0.04656885655646095,0.04943980967996014,0.04343506593868727,0.044919780641958854,0.04714415524361101,0.04958425145116853,0.04958425145116853,0.04958425145116853,0.04958425145116853]},"MortalityByAge":[{"year":1990,"cause":"tot","sex":1,"values":[0.0,26047.0,4106.0,3216.0,8385.0,12683.0,19672.0,27972.0,33334.0,36342.0,34144.0,77680.0,80427.0,122089.0,75796.0,62979.0,83123.0,92975.0]},{"year":1990,"cause":"tot","sex":2,"values":[0.0,18370.0,2124.0,1539.0,3142.0,3318.0,4448.0,6755.0,9326.0,11601.0,12101.0,30121.0,36868.0,70362.0,80422.0,88284.0,159547.0,314732.0]},{"year":1991,"cause":"tot","sex":1,"values":[0.0,24428.0,4679.0,3776.0,8695.0,13315.0,19884.0,29596.0,36049.0,41477.0,31141.0,79851.0,79829.0,126011.0,88529.0,62448.0,79082.0,97134.0]},{"year":1991,"cause":"tot","sex":2,"values":[0.0,17208.0,2342.0,1780.0,3363.0,3418.0,4704.0,7163.0,9834.0,13312.0,11036.0,30710.0,36556.0,69946.0,88464.0,86680.0,152116.0,323326.0]},{"year":1992,"cause":"tot","sex":1,"values":[0.0,22177.0,4505.0,3673.0,9517.0,15748.0,22151.0,35618.0,43579.0,53006.0,38244.0,87784.0,90451.0,131033.0,107382.0,66712.0,72815.0,102184.0]},{"year":1992,"cause":"tot","sex":2,"values":[0.0,15489.0,2337.0,1809.0,3703.0,3908.0,4994.0,8115.0,11598.0,15731.0,12779.0,32106.0,40147.0,71198.0,98015.0,93372.0,142393.0,337494.0]},{"year":1993,"cause":"tot","sex":1,"values":[0.0,20995.0,4420.0,3913.0,11189.0,18947.0,25393.0,44074.0,58278.0,74124.0,58199.0,97622.0,120373.0,149563.0,145145.0,78643.0,75403.0,116328.0]},{"year":1993,"cause":"tot","sex":2,"values":[0.0,15424.0,2496.0,2007.0,4080.0,4588.0,5673.0,9888.0,14988.0,20942.0,18727.0,35534.0,51542.0,77277.0,116675.0,109536.0,143786.0,380931.0]},{"year":1994,"cause":"tot","sex":1,"values":[0.0,19623.0,3958.0,3771.0,11488.0,20783.0,26489.0,46922.0,67043.0,85874.0,80632.0,92504.0,149541.0,153224.0,169606.0,87539.0,73120.0,119814.0]},{"year":1994,"cause":"tot","sex":2,"values":[0.0,13967.0,2370.0,1964.0,4259.0,4859.0,5912.0,10728.0,16903.0,24377.0,25626.0,33419.0,62990.0,78410.0,127118.0,122056.0,139842.0,396675.0]},{"year":1995,"cause":"tot","sex":1,"values":[0.0,18501.0,4148.0,4006.0,13163.0,22499.0,26378.0,43088.0,63600.0,81122.0,86647.0,72457.0,145374.0,133360.0,170747.0,91776.0,64710.0,113471.0]},{"year":1995,"cause":"tot","sex":2,