{"countryCode":694,"subnatCode":0,"Regions":{"region":"West Africa"},"ART50PlusPercentFemales":{"startYear":1995,"endYear":2025,"values":[0.0,0.0,0.0,0.0,0.0,0.0,0.0,0.0,0.0,0.0,0.14638144815680038,0.14244075931490266,0.1482854403640475,0.1475271172379951,0.14555420219244825,0.13799482056973733,0.13563278008298754,0.13580986618733773,0.1379654255319149,0.14005563282336578,0.1398482618050051,0.1368075284090909,0.13118496139644176,0.12433955618175414,0.12300170068027211,0.12246699275495568,0.12344677675761606,0.1320577874018293,0.1320577874018293,0.1320577874018293,0.1320577874018293]},"ART50PlusPercentMales":{"startYear":1995,"endYear":2025,"values":[0.0,0.0,0.0,0.0,0.0,0.0,0.0,0.0,0.0,0.0,0.16388517675628103,0.15966523797729731,0.1626233479306312,0.16422095118783592,0.16236011261230646,0.155299055613851,0.15387453874538745,0.1556936987849675,0.1660243107026386,0.1781964175416924,0.19087403598971722,0.1867966991747937,0.18356713426853707,0.15444633390017004,0.14611805757487642,0.14111438946890603,0.1386796838679684,0.14933530964843209,0.14933530964843209,0.14933530964843209,0.14933530964843209]},"ART50PlusPercentTotal":{"startYear":1995,"endYear":2025,"values":[0.0,0.0,0.0,0.0,0.0,0.0,0.0,0.0,0.0,0.0,0.15267569289843533,0.14999942675079264,0.15441419237369236,0.15467478297392964,0.15252148066224405,0.14518229166666666,0.14316174230886383,0.1440439971916686,0.14807712794289976,0.15185504745470232,0.15313127930341594,0.149895178197065,0.1443226390425425,0.1344113019316394,0.13153941084938564,0.129806083056256,0.12970783253396517,0.13915857605177995,0.13915857605177995,0.13915857605177995,0.13915857605177995]},"HIV_15":{"startYear":1970,"endYear":2025,"values":[0.0,0.0,0.0,0.0,0.0,0.02159090909090909,0.017346938775510204,0.014035087719298246,0.011450381679389313,0.01038961038961039,0.010326086956521738,0.011363636363636364,0.012546125461254613,0.01378384017595308,0.014524759447004609,0.015390568206039077,0.01590945910931174,0.01617497456765005,0.0167427701674277,0.01724728726442033,0.01777586947187634,0.017955439056356486,0.01794871794871795,0.017771989581246244,0.017658227848101265,0.017319430315361137,0.016930069207726474,0.016553996957917864,0.016553996957917864,0.016553996957917864,0.016553996957917864,0.014393719104390811,0.013736829034661368,0.013014395363891372,0.012298194334416914,0.0115742884010045,0.010869160184452002,0.010057086789760058,0.00938309779413366,0.008865580049180683,0.008539410116697182,0.008427840281378938,0.008535739070090215,0.008720537937132088,0.009083390439282591,0.009557660004382015,0.0102351494860192,0.011222134572121425,0.013390213495402838,0.015424681553297922,0.018885763400531334,0.02796383121232418,0.024608231444807997,0.024608231444807997,0.024608231444807997,0.024608231444807997]},"HIV_15_ART":{"startYear":1995,"endYear":2025,"values":[0.0,0.0,0.0,0.0,0.0,0.0,0.0,0.0,0.0,0.0,0.0023495584000000004,0.0021226415094339622,0.0018181818181818182,0.0017713365539452498,0.001809002944888515,0.0020563594821020564,0.002132954141485958,0.0021326042378673957,0.0021257971739402277,0.0022606533288120267,0.0025902125556104792,0.0031596794081381013,0.0035848613070051717,0.00426980198019802,0.004973587470266596,0.005639039901528362,0.006365133384564715,0.006709420610349403,0.006709420610349403,0.006709420610349403,0.006709420610349403]},"HIV_50":{"startYear":1970,"endYear":2025,"values":[0.0,0.0,0.0,0.0,0.0,0.007954545454545454,0.00816326530612245,0.008771929824561403,0.00916030534351145,0.00974025974025974,0.009782608695652175,0.009545454545454546,0.00959409594095941,0.0093841642228739,0.009216589861751152,0.009058614564831261,0.008906882591093117,0.008850457782299084,0.008751902587519025,0.008566533409480296,0.008501502790897382,0.008355176933158584,0.00825082508250825,0.008134642356241234,0.008022151898734177,0.007909460834181078,0.007798781117653135,0.007689707622105797,0.007689707622105797,0.007689707622105797,0.007689707622105797,0.00737340589041665,0.007340263241920034,0.007336395302240992,0.007353784795257738,0.007377110320992565,0.007415343052773767,0.00753055035233253,0.007643228883130458,0.007736165212282114,0.00791731927378615,0.008152774333190541,0.008378440897524866,0.008757765420321553,0.009064486400907394,0.009321518124497895,0.009562920143339175,0.009816811289332983,0.009377434938444758,0.00915373111237172,0.008735739959368648,0.007853315472203613,0.007955915274668511,0.007955915274668511,0.007955915274668511,0.007955915274668511]},"HIV_50_ART":{"startYear":1995,"endYear":2025,"values":[0.0,0.0,0.0,0.0,0.0,0.0,0.0,0.0,0.0,0.0,0.016800000000000002,0.016745283018867924,0.016783216783216783,0.016988727858293078,0.016996213714766513,0.016323940086316324,0.016423746889441877,0.016814764183185237,0.01738151806927598,0.017915677630835312,0.018210578348986654,0.018202836004932183,0.017959567465914435,0.017365408415841586,0.017546569460319423,0.01780951892501795,0.01806784498847294,0.019745687748783724,0.019745687748783724,0.019745687748783724,0.019745687748783724]},"PercPregAccessAntenatalCare":{"value":97.1,"year":"2013"},"DHSPrevalenceByAge":[{"surveyYear":2008,"surveyName":"2008 DHS","values":[[[0.0,0.0,0.0,0.0,0.0,0.0,0.0,0.0,0.0,0.0,0.0,0.0,0.0],[0.0,0.0,0.0,0.0,0.0,0.0,0.0,0.0,0.0,0.0,0.0,0.0,0.0],[0.0,0.0,0.0,0.0,0.0,0.0,0.0,0.0,0.0,0.0,0.0,0.0,0.0],[0.0,0.0,0.0,0.0,0.0,0.0,0.0,0.0,0.0,0.0,0.0,0.0,0.0],[0.0,0.0,0.0,0.0,0.0,0.0,0.0,0.0,0.0,0.0,0.0,0.0,0.0]],[[0.0,0.0,0.0,0.0,0.0,0.0,0.0,0.0,0.0,0.0,0.0,0.0,0.0],[0.0,-1.0,-1.0,-1.0,2.7159530158853e-12,0.0126960592524056,0.0146946434862104,0.0176767978964346,0.0143942263849385,0.00905895096238583,0.0213685736864224,0.0079063093575058,0.00418633247321896],[0.0,-1.0,-1.0,-1.0,2.27826801829062e-12,0.00470947464607388,0.00617527081770264,0.00683178465514709,0.00649258661094791,0.00280564601571523,0.00791813623615545,0.00109928769627234,0.000563345558638914],[0.0,-1.0,-1.0,-1.0,3.23772300944221e-12,0.0337672205000908,0.0345585991246387,0.0449582492225179,0.0316064294941334,0.02884662043716,0.0563688975685727,0.0545615201017087,0.0304007254995319],[0.0,-1.0,-1.0,-1.0,301.383419118671,311.12142936231,350.380615768632,242.3186476387,423.166882513939,312.517974003995,183.972066282143,128.086339098234,236.106066348739]],[[0.0,0.0,0.0,0.0,0.0,0.0,0.0,0.0,0.0,0.0,0.0,0.0,0.0],[0.0,-1.0,-1.0,-1.0,0.0127234481300209,0.0154853392405912,0.0221884998084073,0.0238993560304019,0.0122464603027396,0.0211786595152078,0.00989496515137836,-1.0,-1.0],[0.0,-1.0,-1.0,-1.0,0.00617583369749344,0.00787008039780302,0.0126955992931616,0.012609883371137,0.00572571475732115,0.00651684048350751,0.00308905661199158,-1.0,-1.0],[0.0,-1.0,-1.0,-1.0,0.0260310142723368,0.0302446548235719,0.0385027297029906,0.0448371824007627,0.0259991881239874,0.0666153267332931,0.0312261821682503,-1.0,-1.0],[0.0,-1.0,-1.0,-1.0,580.909337177513,542.978289506982,553.740024578663,392.834155801319,545.53967977742,131.874855998614,290.810003732479,-1.0,-1.0]]]},{"surveyYear":2013,"surveyName":"2013 DHS",