{"countryCode":688,"subnatCode":0,"Regions":{"region":"Eastern Europe"},"ART50PlusPercentFemales":{"startYear":1995,"endYear":2025,"values":[0.0,0.0,0.0,0.0,0.0,0.0,0.0,0.0,0.15902771146630382,0.16756635751795934,0.177705779163905,0.1903362857270861,0.20056080552900246,0.20927541801618418,0.223296375214944,0.22653880464339615,0.24053338310933797,0.24734098815328928,0.2547257412515057,0.26517912438424013,0.2753598472418578,0.28135172171621026,0.2897635333620322,0.2803512046786945,0.2840477983070437,0.2906344794627513,0.29749525984926584,0.30205949656750575,0.30205949656750575,0.30205949656750575,0.30205949656750575]},"ART50PlusPercentMales":{"startYear":1995,"endYear":2025,"values":[0.0,0.0,0.0,0.0,0.0,0.0,0.0,0.0,0.22948693638872902,0.23324197926322193,0.24652443248579056,0.2626467009736818,0.2809054710084976,0.2967396029181019,0.3097236015569142,0.31905499787660047,0.3276046053390375,0.3360781214930074,0.3454143136058089,0.3509457414098325,0.353490936718095,0.3566569484936832,0.3608428446005268,0.35236664162284,0.35398230088495575,0.3560794044665012,0.35925085130533485,0.3623566214807091,0.3623566214807091,0.3623566214807091,0.3623566214807091]},"ART50PlusPercentTotal":{"startYear":1995,"endYear":2025,"values":[0.0,0.0,0.0,0.0,0.0,0.0,0.0,0.0,0.20905362805730668,0.2148652801728385,0.22711948164053047,0.24152464621193995,0.25888479350963794,0.27138777658176594,0.2849122615211325,0.291166764859011,0.30075535712419715,0.30897679993990257,0.3182357520217514,0.3246365609340179,0.3301445763309555,0.334138977657349,0.3392120328699301,0.33005401340995416,0.3325997034273302,0.3358464357155303,0.3401001319252293,0.34360444285202435,0.34360444285202435,0.34360444285202435,0.34360444285202435]},"HIV_15":{"startYear":1970,"endYear":2025,"values":[0.0,0.0,0.0,0.0,0.0,0.0,0.0,0.0,0.0,0.0,0.016125495138427665,0.015789473684210527,0.015254237288135594,0.013740458015267175,0.013304721030042918,0.012121212121212123,0.011196911196911196,0.010279001468428781,0.00933806146572104,0.008442211055276382,0.007596067917783735,0.0066447908121410985,0.005685358255451713,0.004868043465045592,0.0039840742748091604,0.0032547520440251577,0.0027178056525353285,0.0023297491039426525,0.0023297491039426525,0.0023297491039426525,0.0023297491039426525,0.0028360049321824905,0.0034580585806451613,0.00490300546875,0.00647661145631068,0.007964193522267205,0.008932084971098266,0.00902083885135135,0.00892555915915916,0.008633899597855228,0.008239031288343558,0.007854789874857793,0.007399577167019027,0.007029702970297029,0.006641366223908918,0.006226765799256505,0.006214689265536723,0.0060693641618497106,0.006152125279642058,0.006594724220623501,0.006815203145478375,0.00746705710102489,0.008221476510067115,0.008221476510067115,0.008221476510067115,0.008221476510067115]},"HIV_15_ART":{"startYear":1995,"endYear":2025,"values":[0.0,0.0,0.0,0.0,0.0,0.0,0.0,0.0,0.0012761929133858268,0.0018818169999999996,0.0017068933333333333,0.0016908139380530972,0.0013771678496868477,0.001272966213592233,0.0011918822784810128,0.0011325446280991737,0.001050815256797583,0.0009873060648801129,0.0009247027741083223,0.0008588957055214723,0.0010146561443066518,0.0010193679918450561,0.0011131725417439704,0.0014705882352941176,0.0014084507042253522,0.00148005148005148,0.0015384615384615385,0.0015283842794759825,0.0015283842794759825,0.0015283842794759825,0.0015283842794759825]},"HIV_50":{"startYear":1970,"endYear":2025,"values":[0.0,0.0,0.0,0.0,0.0,0.0,0.0,0.0,0.0,0.0,0.010369595207110838,0.008418736842105262,0.010169491525423728,0.011450381679389313,0.01072961373390558,0.011294765840220385,0.01138996138996139,0.011160058737151249,0.011229314420803783,0.011457286432160804,0.011796246648793566,0.01246923707957342,0.013317757009345796,0.014361702127659573,0.015648854961832062,0.016981132075471698,0.018620116375727348,0.020340501792114694,0.020340501792114694,0.020340501792114694,0.020340501792114694,0.025400739827373616,0.025290322580645164,0.0225,0.019805825242718445,0.018016194331983808,0.016377649325626204,0.015878378378378376,0.015465465465465466,0.015281501340482572,0.014969325153374232,0.014903299203640502,0.015116279069767447,0.015544554455445548,0.01584440227703985,0.016171003717472116,0.01647834274952919,0.016570327552986517,0.01633109619686801,0.016426858513189452,0.0163826998689384,0.016105417276720352,0.015771812080536924,0.015771812080536924,0.015771812080536924,0.015771812080536924]},"HIV_50_ART":{"startYear":1995,"endYear":2025,"values":[0.0,0.0,0.0,0.0,0.0,0.0,0.0,0.0,0.03543307086614173,0.03333333333333333,0.033589743589743586,0.034292035398230086,0.03549060542797495,0.036310679611650486,0.037070524412296565,0.03768595041322314,0.03867069486404834,0.040056417489421715,0.04147952443857331,0.04269938650306748,0.04340473506200677,0.04393476044852192,0.0448051948051948,0.04303405572755418,0.043098591549295774,0.043114543114543116,0.0429585798816568,0.0425764192139738,0.0425764192139738,0.0425764192139738,0.0425764192139738]},"PercPregAccessAntenatalCare":{"value":98.3,"year":"2014"},"MortalityByAge":[{"year":1998,"cause":"tot","sex":1,"values":[0.0,566.0,75.0,74.0,210.0,330.0,323.0,415.0,640.0,1230.0,2108.0,2272.0,3543.0,6085.0,8567.0,8905.0,7277.0,9059.0]},{"year":1998,"cause":"tot","sex":2,"values":[0.0,452.0,47.0,47.0,90.0,106.0,117.0,163.0,335.0,659.0,1020.0,1232.0,1892.0,3671.0,6087.0,8822.0,9013.0,13867.0]},{"year":1998,"cause":"HIV","sex":1,"values":[0.0,1.0,0.0,0.0,0.0,0.0,1.0,8.0,13.0,6.0,5.0,1.0,2.0,2.0,0.0,2.0,0.0,0.0]},{"year":1998,"cause":"HIV","sex":2,"values":[0.0,1.0,0.0,0.0,0.0,0.0,1.0,3.0,6.0,4.0,0.0,0.0,0.0,0.0,0.0,0.0,0.0,0.0]},{"year":1999,"cause":"tot","sex":1,"values":[0.0,522.0,63.0,69.0,205.0,354.0,342.0,373.0,602.0,1127.0,2137.0,2481.0,3447.0,5793.0,8711.0,9402.0,8282.0,8467.0]},{"year":1999,"cause":"tot","sex":2,"values":[0.0,393.0,49.0,46.0,94.0,106.0,127.0,167.0,336.0,572.0,1131.0,1284.0,1945.0,3458.0,6198.0,9160.0,10514.0,13410.0]},{"year":1999,"cause":"HIV","sex":1,"values":[0.0,0.0,0.0,0.0,1.0,0.0,1.0,6.0,4.0,7.0,4.0,1.0,1.0,1.0,1.0,0.0,1.0,0.0]},{"year":1999,"cause":"HIV","sex":2,"values":[0.0,0.0,0.0,0.0,0.0,0.0,1.0,1.0,8.0,2.0,0.0,0.0,0.0,0.0,0.0,0.0,0.0,0.0]},{"year":2000,"cause":"tot","sex":1,"values":[0.0,548.0,57.0,77.0,202.0,315.0,305.0,371.0,582.0,1110.0,2110.0,2903.0,3356.0,5678.0,8847.0,9862.0,8543.0,8812.0]},{"year":2000,"cause":"tot","sex":2,"values":[0.0,391.0,34.0,53.0,77.0,118.0,119.0,200.0,303.0,502.0,1061.0,1368.0,1849.0,3474.0,6280.0,9292.0,10961.0,14189.0]},{"year":2000,"cause":"HIV","sex":1,"values":[0.0,2.0,0.0,0.0,0.0,1.0,1.0,1.0,6.0,5.0,5.0,2.0,4.0,2.0,2.0,0.0,0.0,0.0]},{"year":2000,"cause":"HIV","sex":2,"values":[0.0,0.0,1.0,0.0,0.0,0.0,1.0,5.0,2.0,1.0,0.0,0.0,0.0,0.0,0.0,0.0,0.0,0.0]},{"year":2001,"cause":"tot","sex":1,"values":[0.0,555.0,67.0,63.0,164.0,302.0,310.0,368.0,546.0,994.0,2083.0,2962.0,3067.0,5123.0,7936.0,9676.0,8315.0,8469.0]},{"year":2001,"cause":"tot","sex":2,"values":[0.0,367.0,36.0,42.0,78.0,102.0,116.0,167.0,285.0,533.0,1071.0,1511.0,1660.0,3247.0,5745.0,8720.0,10756.0,13499.0]},{"year":2001,"cause":"HIV","sex":1,"values":[0.0,0.0,0.0,0.0,0.0,0.0,5.0,5.0,6.0,11.0,6.0,4.0,1.0,2.0,0.0,0.0,0.0,0.0]},{"year":2001,"cause":"HIV","sex":2,"values":[0.0,0.0,0.0,0.0,0.0,0.0,2.0,3.0,3.0,4.0,2.0,0.0,0.0,1.0,0.0,0.0,0.0,0.0]},{"year":2002,"cause":"tot","sex":1,"values":[0.0,530.0,48.0,71.0,146.0,258.0,309.0,335.0,453.0,920.0,1957.0,3082.0,3284.0,5052.0,7984.0,9904.0,9014.0,9312.0]},{"year":2002,"cause":"tot","sex":2,"values":[0.0,371.0,34.0,39.0,72.0,88.0,124.0,160.0,280.0,489.0,1030.0,1494.0,1640.0,3113.0,5662.0,9133.0,11188.0,15140.0]},{"year":2002,"cause":"HIV","sex":1,"values":[0.0,0.0,0.0,1.0,0.0,1.0,1.0,1.0,9.0,4.0,1.0,2.0,0.0,1.0,0.0,0.0,0.0,0.0]},{"year":2002,"cause":"HIV","sex":2,"values":[0.0,0.0,0.0,0.0,0.0,0.0,0.0,2.0,2.0,2.0,2.0,1.0,0.0,0.0,0.0,0.0,0.0,0.0]},{"year":2003,"cause":"tot","sex":1,"values":[0.0,457.0,38.0,61.0,163.0,236.0,284.0,266.0,500.0,900.0,1888.0,3260.0,3454.0,4823.0,7746.0,10116.0,9157.0,9700.0]},{"year":2003,