{"countryCode":703,"subnatCode":0,"Regions":{"region":"High Income Countries"},"ART50PlusPercentFemales":{"startYear":1995,"endYear":2025,"values":[0.0,0.0,0.15080096955716135,0.16886226808938637,0.18547582718350916,0.16834118448236127,0.17967727344090884,0.19864371428571426,0.21177844444444444,0.22475305481289976,0.22253225270095672,0.22916674661079728,0.24613515872351693,0.2221139724505005,0.28307117220141925,0.2524798270897536,0.2247759916303783,0.25337182410350967,0.22399478089160688,0.19953796181861888,0.21627954472409902,0.2301471925586563,0.23835581139710924,0.16181758812241331,0.15556734905697522,0.15988394389942281,0.16310598397922418,0.16583231460729334,0.16583231460729334,0.16583231460729334,0.16583231460729334]},"ART50PlusPercentMales":{"startYear":1995,"endYear":2025,"values":[0.0,0.0,0.18150803159839976,0.2032069119951743,0.2236723815623716,0.20788907630940798,0.19855928662978856,0.2689294494725359,0.2684750484697662,0.2229060376592124,0.25298070095355396,0.2732274570604754,0.27282197036631184,0.29274105126248107,0.3000603665050194,0.24245376106036176,0.2511026109322585,0.2552808648610509,0.23944460019398384,0.231738466018455,0.211257405375187,0.19845471229047174,0.1875668890452723,0.20176636894273908,0.20064358787725084,0.20272057049775352,0.20483532035767474,0.20818999058957233,0.20818999058957233,0.20818999058957233,0.20818999058957233]},"ART50PlusPercentTotal":{"startYear":1995,"endYear":2025,"values":[0.0,0.0,0.174255099474053,0.19493378321633123,0.21430451300931475,0.21684855899333352,0.19620844815544644,0.2309768145844703,0.24424870394249085,0.2238917535822718,0.24769938454526758,0.26896013554634257,0.2590936568401813,0.2649294057486172,0.29437877098968596,0.24245685860155755,0.24932141290094642,0.2564451072655282,0.23531015700978172,0.2252632556354037,0.21155645555642938,0.20414948083319687,0.1950826771664668,0.18996488943770098,0.18746600094134558,0.1900201463035439,0.1930704780136017,0.19571193578991222,0.19571193578991222,0.19571193578991222,0.19571193578991222]},"HIV_15":{"startYear":1970,"endYear":2025,"values":[0.0,0.022180416345412488,0.01970598839614149,0.018193984512421754,0.015956369620328228,0.01368612000411354,0.01159289450262293,0.009889134587321855,0.009279275486384962,0.00860398021015771,0.007881923436933946,0.007895185206069832,0.008461720359467111,0.007417802134669017,0.007070508100124413,0.006334690256910886,0.007221155832122196,0.006938347780745038,0.006719253333333332,0.006729166666666665,0.005615677777777778,0.009147222727272728,0.008056876000000001,0.007467014814814815,0.009146178787878788,0.007949684210526317,0.007200138095238095,0.00841695683429671,0.00841695683429671,0.00841695683429671,0.00841695683429671,0.007565974751780307,0.007765948774170748,0.007617767569519968,0.007884531987808894,0.007738610051422162,0.007565427297300766,0.0072519811276924254,0.006893204788558576,0.0069045524449551435,0.007191672389770663,0.0070790616344071295,0.006976852118118476,0.006726079370629371,0.006757261666666668,0.006919819480519482,0.007186114153846153,0.007525880745341614,0.007752328482972136,0.007935170821529745,0.00824854355670103,0.008665313583138172,0.008836224353448276,0.008836224353448276,0.008836224353448276,0.008836224353448276]},"HIV_15_ART":{"startYear":1995,"endYear":2025,"values":[0.0,0.0,0.0005369735923329154,0.00033606121303204076,0.0002613947881344742,0.0005825836763508351,0.0004003834877237915,0.0002558138514444727,0.0002600319164882321,0.00042402617979084794,0.00040663234285761923,0.0003947269085608067,0.00037253449109082636,0.00034849170487350476,0.0003043822244093907,0.00080799950565323,0.0007814017943187393,0.0007737279271875319,0.0011976047904191617,0.001388888888888889,0.0014440433212996391,0.0014619883040935672,0.001654737413394919,0.0017630737827715357,0.0017033393203883496,0.00163388202247191,0.0016727604651162792,0.0017690508510638297,0.0017690508510638297,0.0017690508510638297,0.0017690508510638297]},"HIV_50":{"startYear":1970,"endYear":2025,"values":[0.0,0.008832690824980725,0.009672388965938273,0.010060852733293657,0.010652454301513644,0.011247442383740503,0.011781701781113891,0.012220249943250865,0.012234244432905616,0.012295891557482935,0.01237233052647452,0.012642353298315841,0.01341940007232035,0.012280827096414967,0.011828602293995079,0.010570976587483079,0.011901595669087677,0.01127851847423407,0.010503373333333333,0.01096458,0.009622483333333334,0.012894663636363636,0.0118631,0.011111111111111112,0.012121212121212121,0.013157894736842105,0.014285714285714285,0.013809575589352249,0.013809575589352249,0.013809575589352249,0.013809575589352249,0.015102100202510352,0.014370119789871265,0.015177810132652923,0.014924545405150797,0.014741279565255769,0.013805932396725534,0.013952041338030123,0.014374536830462227,0.013373839896634423,0.012601586817015172,0.012643723344533033,0.012316319794967763,0.01258741258741259,0.011999999999999999,0.012012987012987017,0.012,0.01211180124223602,0.01238390092879257,0.012747875354107648,0.013402061855670111,0.01405152224824356,0.014224137931034478,0.014224137931034478,0.014224137931034478,0.014224137931034478]},"HIV_50_ART":{"startYear":1995,"endYear":2025,"values":[0.0,0.0,0.03286360054064869,0.03557903291843084,0.038191854137816485,0.036021815932664965,0.031443729402392005,0.03988988795329373,0.04417303224601905,0.04073562565372193,0.040575075712169124,0.04394350283445847,0.0423416728412864,0.04152146178963604,0.04409613863151123,0.03597072545399388,0.035298924361636605,0.035262228918437485,0.031137724550898204,0.02962962962962963,0.02743682310469314,0.026900584795321637,0.02609699769053118,0.025842696629213485,0.02637540453074434,0.027247191011235954,0.02827417380660955,0.029468085106382977,0.029468085106382977,0.029468085106382977,0.029468085106382977]},"MortalityByAge":[{"year":1992,"cause":"tot","sex":1,"values":[0.0,635.0,63.0,84.0,162.0,253.0,289.0,405.0,768.0,1047.0,1255.0,1713.0,2322.0,3354.0,4119.0,3569.0,3330.0,6109.0]},{"year":1992,"cause":"tot","sex":2,"values":[0.0,462.0,52.0,38.0,64.0,70.0,71.0,128.0,244.0,357.0,460.0,642.0,992.0,1592.0,2631.0,2920.0,3500.0,9723.0]},{"year":1992,"cause":"HIV","sex":1,"values":[0.0,0.0,0.0,0.0,0.0,0.0,0.0,0.0,0.0,0.0,0.0,0.0,0.0,0.0,0.0,0.0,0.0,0.0]},{"year":1992,"cause":"HIV","sex":2,"values":[0.0,0.0,0.0,0.0,0.0,0.0,0.0,0.0,0.0,0.0,0.0,0.0,0.0,0.0,0.0,0.0,0.0,0.0]},{"year":1993,"cause":"tot","sex":1,"values":[0.0,540.0,56.0,63.0,172.0,250.0,246.0,351.0,632.0,1055.0,1257.0,1678.0,2121.0,3177.0,3872.0,4265.0,2780.0,6235.0]},{"year":1993,"cause":"tot","sex":2,"values":[0.0,391.0,38.0,39.0,80.0,65.0,82.0,121.0,240.0,344.0,435.0,631.0,994.0,1556.0,2504.0,3420.0,3055.0,9962.0]},{"year":1993,"cause":"HIV","sex":1,"values":[0.0,0.0,0.0,0.0,0.0,0.0,0.0,0.0,0.0,0.0,0.0,0.0,0.0,0.0,0.0,0.0,0.0,0.0]},{"year":1993,"cause":"HIV","sex":2,"values":[0.0,0.0,0.0,0.0,0.0,0.0,0.0,0.0,0.0,0.0,0.0,0.0,0.0,0.0,0.0,0.0,0.0,0.0]},{"year":1994,"cause":"tot","sex":1,"values":[0.0,518.0,54.0,67.0,197.0,227.0,243.0,360.0,585.0,996.0,1218.0,1565.0,2042.0,3024.0,3781.0,4344.0,2397.0,6041.0]},{"year":1994,"cause":"tot","sex":2,"values":[0.0,359.0,36.0,44.0,73.0,70.0,59.0,107.0,238.0,357.0,456.0,603.0,896.0,1554.0,2340.0,3724.0,2631.0,10177.0]},{"year":1994,"cause":"HIV","sex":1,"values":[0.0,0.0,0.0,0.0,0.0,0.0,0.0,0.0,0.0,0.0,1.0,1.0,0.0,0.0,0.0,0.0,0.0,0.0]},{"year":1995,"cause":"tot","sex":1,"values":[0.0,454.0,64.0,64.0,183.0,239.0,246.0,328.0,578.0,1019.0,1254.0,1589.0,2043.0,3019.0,3724.0,4451.0,2659.0,6211.0]},{"year":1995,"cause":"tot","sex":2,"values":[0.0,351.0,38.0,39.0,70.0,52.0,77.0,127.0,202.0,337.0,443.0,672.0,896.0,1552.0,2473.0,3762.0,2794.0,10673.0]},{"year":1995,"cause":"HIV","sex":1,"values":[0.0,0.0,0.0,0.0,0.0,0.0,0.0,0.0,1.0,0.0,0.0,0.0,0.0,0.0,0.0,0.0,0.0,0.0]},{"year":1996,"cause":"tot","sex":1,"values":[0.0,415.0,53.0,62.0,157.0,257.0,242.0,312.0,505.0,916.0,1320.0,1542.0,1994.0,2876.0,3713.0,4487.0,2830.0,5854.0]},{"year":1996,"cause":"tot","sex":2,