{"countryCode":752,"subnatCode":0,"Regions":{"region":"High Income Countries"},"ART50PlusPercentFemales":{"startYear":1995,"endYear":2025,"values":[0.0,0.17868992441745915,0.20302564799355433,0.22766434924498363,0.24697677834263107,0.22913667945581673,0.2449396244373797,0.24821027730869555,0.26015525189559674,0.2689367878526931,0.27719835057242037,0.2825624384792068,0.2917647278261333,0.28739962383866924,0.2704638225318498,0.2661543784860009,0.2766435464864874,0.24557005846368707,0.2463374735478207,0.22127447348372978,0.2328316086547507,0.2552891396332863,0.27845719661335844,0.294010889292196,0.30472103004291845,0.3157253149126371,0.325626204238921,0.325626204238921,0.325626204238921,0.325626204238921,0.325626204238921]},"ART50PlusPercentMales":{"startYear":1995,"endYear":2025,"values":[0.0,0.23527813575349746,0.25811975583957847,0.2925692320562342,0.3158176179515637,0.29266559154772065,0.3099019792624165,0.3198180483418266,0.3286194100455643,0.33779140221068754,0.3483049947302839,0.3569310068517161,0.3666825370574988,0.3629257897094402,0.3442879499217527,0.3382867132867133,0.3482786228983187,0.33807588075880757,0.331397037467325,0.33901464713715046,0.3642331932773109,0.3382198952879581,0.35081837901794516,0.3628746974492646,0.37398660556926333,0.38523220848646844,0.3946366232941923,0.3946366232941923,0.3946366232941923,0.3946366232941923,0.3946366232941923]},"ART50PlusPercentTotal":{"startYear":1995,"endYear":2025,"values":[0.0,0.217926522809924,0.24543251156830106,0.274883458899534,0.29597710631794305,0.2745971069227073,0.2920073300753034,0.3006939866780473,0.3096542642990241,0.3189637379710119,0.3283872753644733,0.3360748591115522,0.34548962647065856,0.3415347095017894,0.3230719675279385,0.317657522325062,0.32777387734953656,0.30920663589561903,0.30541993604981166,0.2981227247967432,0.3173157983476648,0.3126177024482109,0.32944282339863834,0.34292882609269776,0.3538230884557721,0.3649816502900438,0.37459246767847104,0.37459246767847104,0.37459246767847104,0.37459246767847104,0.37459246767847104]},"HIV_15":{"startYear":1970,"endYear":2025,"values":[0.0,0.014285714285714285,0.013333333333333332,0.013043478260869566,0.011224489795918368,0.009448818897637795,0.00880503144654088,0.007772020725388601,0.007359307359307359,0.007011070110701107,0.0070063694267515925,0.006928630470914128,0.006821277372262774,0.0066958918103448275,0.006522527151051625,0.006490954931972789,0.006406929893778453,0.006305242234332425,0.006154588997555012,0.0059152100775193795,0.005766395987963892,0.0055370224862888485,0.005402406683375105,0.005277746431312356,0.005172895173882186,0.005069124423963134,0.005258258130760762,0.005258258130760762,0.005258258130760762,0.005258258130760762,0.005258258130760762,0.005392046649484536,0.005432223684210527,0.005527629477093938,0.005621213612334802,0.005648809274024338,0.005757074329195034,0.005757256918960245,0.005909796625766871,0.0063733552631578955,0.006591986212839294,0.006289046230737194,0.006332842415316641,0.006514476614699331,0.006465214335910048,0.006084818684695759,0.008429458740017746,0.009157212317666127,0.009320695102685624,0.00950846091861402,0.00964550700741962,0.00985556499575191,0.00985556499575191,0.00985556499575191,0.00985556499575191,0.00985556499575191]},"HIV_15_ART":{"startYear":1995,"endYear":2025,"values":[0.0,0.00033353800664095333,0.00022044431270233655,0.00017983282366475096,0.00015986683226105919,0.00023408565310492505,0.0002601296641791045,0.00024610450160771703,0.00035387875,0.00029142782503037667,0.00025686827956989246,0.00021532636625119845,0.00020640405872193436,0.0003477875802997859,0.0006040637012630424,0.0006871278057718735,0.0007237122179650916,0.0011828320378506252,0.0012209302325581397,0.0015586343394359227,0.0013336626327488269,0.001243414120126449,0.000891007045171985,0.0008440514469453377,0.0008894044856921886,0.0009694258016405667,0.001042602912097789,0.001042602912097789,0.001042602912097789,0.001042602912097789,0.001042602912097789]},"HIV_50":{"startYear":1970,"endYear":2025,"values":[0.0,0.012587242857142859,0.011111111111111112,0.011594202898550725,0.012244897959183673,0.012598425196850395,0.012578616352201259,0.012435233160621761,0.012554112554112554,0.012915129151291513,0.012420382165605095,0.012465373961218837,0.012652068126520682,0.012715517241379311,0.0130019120458891,0.013435374149659864,0.013808801213960546,0.01430517711171662,0.014914425427872859,0.015725359911406424,0.01624874623871615,0.0170018281535649,0.0177109440267335,0.01841903300076746,0.01902058197303052,0.019420671494404212,0.018742248051630606,0.018742248051630606,0.018742248051630606,0.018742248051630606,0.018742248051630606,0.017113402061855673,0.01695906432748538,0.016797778806108284,0.016696035242290748,0.016659672681493914,0.016740088105726872,0.016819571865443424,0.01633435582822086,0.01599506578947368,0.01542438604049979,0.015618492294877134,0.01590574374079529,0.015979955456570164,0.01707659873506677,0.017947141979102636,0.015794143744454314,0.015235008103727724,0.01492890995260664,0.014504431909750202,0.014097279472382518,0.013763806287170763,0.013763806287170763,0.013763806287170763,0.013763806287170763,0.013763806287170763]},"HIV_50_ART":{"startYear":1995,"endYear":2025,"values":[0.0,0.04098433951128783,0.042443542344596775,0.04488954263551171,0.046042779858908735,0.042826552462526764,0.04347014925373135,0.043890675241157556,0.04402777777777778,0.044228432563791005,0.044731182795698925,0.045349952061361457,0.0464594127806563,0.04618129907209136,0.04332784184514003,0.042830966559780116,0.04427415921668795,0.041263940520446095,0.0404360465116279,0.0388421573478476,0.04087428994813534,0.039831401475237095,0.04135930377123912,0.042282958199356915,0.04278808971384378,0.04313944817300522,0.043321948588890886,0.043321948588890886,0.043321948588890886,0.043321948588890886,0.043321948588890886]},"MortalityByAge":[{"year":1990,"cause":"tot","sex":1,"values":[0.0,494.0,46.0,42.0,181.0,265.0,298.0,319.0,411.0,706.0,976.0,1168.0,1858.0,2961.0,4926.0,6986.0,9175.0,18238.0]},{"year":1990,"cause":"tot","sex":2,"values":[0.0,364.0,31.0,40.0,74.0,95.0,127.0,151.0,223.0,403.0,589.0,658.0,1077.0,1617.0,2886.0,4399.0,7101.0,26257.0]},{"year":1990,"cause":"HIV","sex":1,"values":[0.0,0.0,0.0,0.0,0.0,0.0,6.0,7.0,10.0,9.0,8.0,6.0,5.0,0.0,2.0,0.0,1.0,1.0]},{"year":1990,"cause":"HIV","sex":2,"values":[0.0,0.0,0.0,0.0,0.0,1.0,2.0,0.0,2.0,0.0,0.0,0.0,0.0,0.0,0.0,0.0,1.0,1.0]},{"year":1991,"cause":"tot","sex":1,"values":[0.0,475.0,33.0,30.0,182.0,240.0,301.0,335.0,426.0,693.0,1051.0,1171.0,1880.0,2901.0,4834.0,6909.0,8872.0,18664.0]},{"year":1991,"cause":"tot","sex":2,"values":[0.0,394.0,22.0,41.0,66.0,75.0,126.0,148.0,233.0,408.0,599.0,696.0,1022.0,1658.0,2786.0,4366.0,6892.0,26407.0]},{"year":1991,"cause":"HIV","sex":1,"values":[0.0,1.0,0.0,0.0,0.0,2.0,6.0,7.0,11.0,14.0,8.0,5.0,1.0,3.0,2.0,1.0,0.0,0.0]},{"year":1991,"cause":"HIV","sex":2,"values":[0.0,0.0,0.0,0.0,0.0,0.0,3.0,3.0,1.0,0.0,0.0,0.0,1.0,0.0,0.0,0.0,2.0,0.0]},{"year":1992,"cause":"tot","sex":1,"values":[0.0,439.0,35.0,39.0,124.0,225.0,278.0,300.0,421.0,629.0,1026.0,1195.0,1717.0,2841.0,4594.0,6952.0,8504.0,18902.0]},{"year":1992,"cause":"tot","sex":2,"values":[0.0,310.0,29.0,32.0,61.0,87.0,98.0,139.0,196.0,359.0,641.0,731.0,958.0,1635.0,2726.0,4487.0,6712.0,26804.0]},{"year":1992,"cause":"HIV","sex":1,"values":[0.0,0.0,0.0,1.0,0.0,0.0,8.0,12.0,12.0,12.0,13.0,3.0,4.0,4.0,1.0,1.0,0.0,0.0]},{"year":1992,"cause":"HIV","sex":2,"values":[0.0,0.0,0.0,0.0,0.0,0.0,0.0,0.0,2.0,0.0,0.0,0.0,0.0,0.0,1.0,0.0,1.0,0.0]},{"year":1993,"cause":"tot","sex":1,"values":[0.0,393.0,51.0,44.0,130.0,217.0,252.0,297.0,427.0,609.0,994.0,1276.0,1716.0,2633.0,4410.0,6878.0,8619.0,19912.0]},{"year":1993,"cause":"tot","sex":2,"values":[0.0,287.0,33.0,34.0,69.0,92.0,109.0,150.0,208.0,319.0,632.0,718.0,976.0,1551.0,2650.0,4494.0,6719.0,28760.0]},{"year":1993,"cause":"HIV","sex":1,"values":[0.0,0.0,0.0,0.0,0.0,0.0,4.0,10.0,11.0,12.0,13.0,7.0,6.0,2.0,1.0,1.0,0.0,0.0]},{"year":1993,"cause":"HIV","sex":2,