{"countryCode":768,"subnatCode":14,"ART50PlusPercentFemales":{"startYear":1995,"endYear":2025,"values":[0.0,0.0,0.0,0.0,0.0,0.0,0.0,0.1411447147138213,0.15227398446893275,0.138227250023705,0.1438310339574248,0.1438992462794193,0.15357490818277386,0.15240140574226857,0.1484149855907781,0.14366197183098592,0.14396612561750177,0.14690867838910948,0.15244203256043415,0.1599468320779796,0.16511627906976745,0.16712162572035183,0.16133876850461273,0.13853785284043935,0.14553886925795054,0.15447068747363982,0.16422731402038962,0.17489093553078042,0.17489093553078042,0.17489093553078042,0.17489093553078042]},"ART50PlusPercentMales":{"startYear":1995,"endYear":2025,"values":[0.0,0.0,0.0,0.0,0.0,0.0,0.0,0.24112357650081342,0.2521751292276915,0.2507672210552178,0.2522413555531854,0.2601537001163625,0.27058823529411763,0.2807017543859649,0.2709030100334448,0.2628811777076761,0.2639676113360324,0.2736992159657876,0.2942061700526712,0.3149171270718232,0.3371996685998343,0.34759358288770054,0.337612323491656,0.31867103416003745,0.3006872852233677,0.28683005655803934,0.27521929824561403,0.2642791551882461,0.2642791551882461,0.2642791551882461,0.2642791551882461]},"ART50PlusPercentTotal":{"startYear":1995,"endYear":2025,"values":[0.0,0.0,0.0,0.0,0.0,0.0,0.0,0.21360992233521808,0.19652927381463473,0.19256194784236985,0.19480921197523543,0.19927095407118947,0.20945602197343993,0.2114230996704875,0.20510835913312694,0.1998016856717898,0.1997738409347908,0.2030953885028427,0.20858164481525626,0.21560283687943263,0.2199630314232902,0.21850564726324934,0.20549927641099855,0.1748396831384383,0.18326926291158283,0.19171023717511557,0.19921199972350867,0.20578716923662668,0.20578716923662668,0.20578716923662668,0.20578716923662668]},"HIV_15":{"startYear":1970,"endYear":2025,"values":[0.0,0.0,0.0,0.0,0.0,0.0,0.006666666666666667,0.0071428571428571435,0.009090909090909092,0.00821917808219178,0.008771929824561403,0.00903954802259887,0.00909090909090909,0.009375,0.00944681661237785,0.009510534675615212,0.0098743,0.009400331467295228,0.00932708688245315,0.009148868345553077,0.0090931253047294,0.008984224701808388,0.008899876390605686,0.008793715154586924,0.00862911795961743,0.008471504937936034,0.008261211644374508,0.007960337965225892,0.007960337965225892,0.007960337965225892,0.007960337965225892,0.007067730298257202,0.006920566547383758,0.006790985314421476,0.006679828891082594,0.006666980998632656,0.006814375269177394,0.007130333138515488,0.007535447667718823,0.008025210084033613,0.008678148065309775,0.009358875511535495,0.010107918182958966,0.010815231614760534,0.01151606494485168,0.012219577292072424,0.012951736083772931,0.013843368039837031,0.01761050699053806,0.0182523616734143,0.018135454916360667,0.017573548555063784,0.016789396170839473,0.016789396170839473,0.016789396170839473,0.016789396170839473]},"HIV_15_ART":{"startYear":1995,"endYear":2025,"values":[0.0,0.0,0.0,0.0,0.0,0.0,0.0,0.0015833680305183519,0.001502923793366185,0.0016,0.002,0.002066115702479339,0.002654867256637168,0.003352769679300291,0.004186952288218111,0.0044609665427509295,0.004851625058878945,0.005073325406262387,0.0051581325301204815,0.005244122965641953,0.005247122545700745,0.005864369093941078,0.006780004047763611,0.007028571428571428,0.007715133531157271,0.008455985750445299,0.009097971514889945,0.009603707254713966,0.009603707254713966,0.009603707254713966,0.009603707254713966]},"HIV_50":{"startYear":1970,"endYear":2025,"values":[0.0,0.0,0.0,0.0,0.0,0.0,0.01118128,0.010714285714285714,0.011363636363636364,0.010958904109589041,0.010526315789473684,0.01016949152542373,0.01018181818181818,0.00985576923076923,0.009771986970684038,0.009619686800894854,0.009773828756058159,0.009723040659988214,0.009540034071550255,0.009467644246094996,0.009361287176986836,0.009311273566756444,0.009208899876390605,0.00916117587430309,0.009139213602550478,0.009151037419588656,0.00918961447678993,0.009280078206829133,0.009280078206829133,0.009280078206829133,0.009280078206829133,0.009755601849499517,0.009899824475139703,0.010042130612806203,0.010214826305645653,0.010344665000707248,0.010546968464372877,0.01081239041496201,0.01107770930407335,0.011323529411764706,0.01155222545291881,0.01213451159480458,0.01272430668841762,0.013445433132687779,0.014009728026306775,0.014470172401356127,0.01466813636721518,0.01485740153915799,0.014941392458692273,0.014423076923076924,0.013647490820073434,0.0125748502994012,0.011192930780559638,0.011192930780559638,0.011192930780559638,0.011192930780559638]},"HIV_50_ART":{"startYear":1995,"endYear":2025,"values":[0.0,0.0,0.0,0.0,0.0,0.0,0.0,0.026736670447197377,0.024624269051658453,0.0232,0.023333333333333334,0.023760330578512397,0.024601769911504427,0.025218658892128282,0.024634858812074004,0.024473358116480794,0.025200188412623645,0.026159334126040427,0.027183734939759036,0.028462929475587706,0.029248476641841572,0.029099499722067816,0.02754503137016798,0.023782857142857144,0.025171390565844675,0.02667104152995219,0.027872248597324123,0.028922978587408117,0.028922978587408117,0.028922978587408117,0.028922978587408117]},"DHSPrevalenceByAge":[{"surveyYear":2013,"surveyName":"2013-14 DHS","values":[[[0.0,0.0,0.0,0.0,0.0,0.0,0.0,0.0,0.0,0.0,0.0,0.0,0.0],[0.0,0.0,0.0,0.0,0.0,0.0,0.0,0.0,0.0,0.0,0.0,0.0,0.0],[0.0,0.0,0.0,0.0,0.0,0.0,0.0,0.0,0.0,0.0,0.0,0.0,0.0],[0.0,0.0,0.0,0.0,0.0,0.0,0.0,0.0,0.0,0.0,0.0,0.0,0.0],[0.0,0.0,0.0,0.0,0.0,0.0,0.0,0.0,0.0,0.0,0.0,0.0,0.0]],[[0.0,0.0,0.0,0.0,0.0,0.0,0.0,0.0,0.0,0.0,0.0,0.0,0.0],[0.0,-1.0,-1.0,-1.0,0.00502882963177952,0.00714947545526098,0.019423954895329,2.86553490853442e-12,0.0349599602862281,0.0294783427202751,0.0250797139632149,0.0283254327986823,2.8625817405541e-12],[0.0,-1.0,-1.0,-1.0,0.000678127984478175,0.000974369649316955,0.00464748850004435,2.14905864016258e-12,0.0133295311715744,0.00947292190836875,0.00608057109430369,0.00666823839751859,2.11532363781906e-12],[0.0,-1.0,-1.0,-1.0,0.03627920868556,0.0504820167934646,0.0775223959523249,3.82087773621951e-12,0.0885412166895891,0.0879797163900923,0.0976127815221292,0.112364541630194,3.87381584304526e-12],[0.0,-1.0,-1.0,-1.0,94.9444226174265,80.0245847775452,66.4610958321985,48.8285602032479,70.5301425158025,63.0702235958619,52.2194324395846,43.4031646251092,29.1615012324953]],[[0.0,0.0,0.0,0.0,0.0,0.0,0.0,0.0,0.0,0.0,0.0,0.0,0.0],[0.0,-1.0,-1.0,-1.0,2.86221390416418e-12,0.0145042435661517,0.00826883643229022,0.0539016547144791,0.0328411462140862,0.0807325268339834,0.034751946341579,-1.0,-1.0],[0.0,-1.0,-1.0,-1.0,2.32337093597746e-12,0.00342511046234592,0.00116749346668798,0.0207087893030025,0.0116369191792923,0.040039673529315,0.00811994295051443,-1.0,-1.0],[0.0,-1.0,-1.0,-1.0,3.5260269061355e-12,0.0592887567685371,0.0561368599576287,0.133068048090872,0.0891958196209886,0.15605879606917,0.136694512009477,-1.0,-1.0],[0.0,-1.0,-1.0,-1.0,94.2662481701592,88.1626781447532,92.2317248283572,80.0245847775452,86.1281548029512,65.1047469376639,56.2884791231886,-1.0,-1.0]]]}],"SexualActivity15-19":{"SexAct_F_15_19":39.4,"Source":"2013-14 DHS"}}