{"countryCode":764,"subnatCode":0,"Regions":{"region":"Asia"},"ART50PlusPercentFemales":{"startYear":1995,"endYear":2025,"values":[0.0,0.0,0.0,0.0,0.0,0.026834041752675893,0.02956831384112557,0.03232099401909979,0.03625943831557314,0.04009221481687141,0.04392866142173195,0.049296715460808826,0.05695560583599906,0.06613664396417654,0.07677904855040489,0.08871442800989643,0.10168993099121706,0.11677803536524388,0.13372486629205876,0.15316937887505777,0.17461276460770467,0.1981268942930606,0.22514550834155217,0.25609148998561093,0.28907325943654816,0.32362487132244466,0.35657353858821866,0.39211116148683595,0.43182212958137917,0.47410428767212687,0.517822130945972]},"ART50PlusPercentMales":{"startYear":1995,"endYear":2025,"values":[0.0,0.0,0.0,0.0,0.0,0.02080784125510209,0.025654777111204688,0.028467925711628126,0.03236968860205544,0.03608795516585696,0.04047829184363604,0.046363452746001725,0.054150215429883956,0.06344640784212563,0.07438946015424165,0.08719261660438131,0.100934944964893,0.11792211840703827,0.13806003456978472,0.1605803765985904,0.18563872840436518,0.21321300011611855,0.24485763808923527,0.2838127086334988,0.3281884165308843,0.3726953000106576,0.4177878755606044,0.45970580914338544,0.4985729639359924,0.5345245305875227,0.5667951762637634]},"ART50PlusPercentTotal":{"startYear":1995,"endYear":2025,"values":[0.0,0.0,0.0,0.0,0.0,0.023722471812822703,0.027581125393338086,0.03035700700864359,0.034276683288348465,0.03805131763707982,0.042170135552135675,0.0478017556008909,0.05552495064958913,0.0647655109848933,0.07556218381729392,0.08794045134599514,0.10130275737576527,0.11736452054976783,0.13593676858644815,0.15698506377481958,0.18034308925398035,0.20607516814105156,0.2356722117936436,0.27091830585668164,0.3098101792664118,0.3494094733174034,0.38846151475365376,0.4271715442331396,0.46643916004223945,0.5054408946690542,0.5432200271934736]},"HIV_15":{"startYear":1970,"endYear":2025,"values":[0.0,0.0,0.0,0.0,0.0,0.0,0.0,0.0,0.0,0.0,0.0,0.0,0.0,0.0,0.020826340186794058,0.019000496609646388,0.018055555555555554,0.017537580529706515,0.01717160787708288,0.01665579591984636,0.01564803220291496,0.013620616480945941,0.011641204282017318,0.009579151394185402,0.00772121644165362,0.0061155096584593754,0.0048706347830369595,0.003954481610335727,0.0033365980576136613,0.0029340974384338653,0.002679285381198829,0.0025175067273042005,0.002423900141355867,0.002383220468207303,0.0024107055003443865,0.0025093010854841777,0.0025879181472858717,0.0026319055893979032,0.00268672,0.0027434495053427384,0.002615537474153441,0.0025913797160561614,0.0025936371922119115,0.002618110157692967,0.002690487991709098,0.0027436580383232915,0.0028462675041499193,0.0028457285535937226,0.0025684101702581333,0.002298340339179592,0.002203232780809225,0.002142324226382918,0.002066821857717615,0.0019842566463686324,0.001945037824641429,0.0019717146691442134]},"HIV_15_ART":{"startYear":1995,"endYear":2025,"values":[0.0,0.0,0.0,0.0,0.0,0.0045662100456621,0.005547913801008711,0.0040683482506102524,0.0032204124605189816,0.0022268357886354585,0.0015508098036405332,0.001384766584766585,0.0014355036009105564,0.001538667004062812,0.0016885458513902507,0.0021700038039907323,0.0023864306627911303,0.0024696755002160654,0.0024896444597859854,0.0024672554191994493,0.0024114617440399284,0.0023338042035871754,0.00233653170281417,0.002437379827560706,0.0025117875152464,0.002484397790583678,0.00236114120985178,0.0022263361236316806,0.0020894032432181454,0.0019151003919127502,0.001784588662118814]},"HIV_50":{"startYear":1970,"endYear":2025,"values":[0.0,0.0,0.0,0.0,0.0,0.0,0.0,0.0,0.0,0.0,0.0,0.0,0.0,0.0,0.0008547992527104127,0.000796915662052354,0.0007045004629629628,0.0007874015748031497,0.0008115126595974897,0.0008098706381128384,0.0008445260190633022,0.0009231751170418917,0.0010240733844623675,0.0011557448003181806,0.0013171748798160182,0.0015117029096822657,0.0017431534362870183,0.0020154789020547705,0.0023268263141761306,0.002674618410984111,0.0030570823554594033,0.0034772687931767044,0.003934322879128421,0.00444833243721247,0.004980887013380019,0.005510982533777089,0.0061897494736607595,0.007079362957587794,0.008093952,0.009270284249100372,0.01050929282621863,0.011988195152560983,0.01364458414967597,0.015335671002924078,0.016878745550398772,0.018362080111711615,0.019501887985601457,0.02042446941323346,0.021615836914030944,0.0227895347151761,0.023478842788016062,0.023584514631517863,0.023398414898340887,0.02328234070993614,0.023263359085141575,0.023221843708062333]},"HIV_50_ART":{"startYear":1995,"endYear":2025,"values":[0.0,0.0,0.0,0.0,0.0,0.00639269406392694,0.007152682255845942,0.007946840249525359,0.00889329287174088,0.009959615493999204,0.011107926042711767,0.012552334152334152,0.014462779789535082,0.016769994236149187,0.01942492012779553,0.022508097889361506,0.025752302206823993,0.029574803782648457,0.03389329958194301,0.03861681385479986,0.04340675386276349,0.048191002097512946,0.05316096577772885,0.0587559488076284,0.0646356337951248,0.07034025967815212,0.07554795107372707,0.08031981111826572,0.08486227350288454,0.08901818551383762,0.09273907744890669]},"PercPregAccessAntenatalCare":{"value":98.1,"year":"2012"},"MortalityByAge":[{"year":1990,"cause":"tot","sex":1,"values":[0.0,7172.0,2094.0,1798.0,5159.0,6947.0,6809.0,6708.0,6588.0,6837.0,7431.0,9747.0,10995.0,12524.0,12311.0,12627.0,11532.0,17882.0]},{"year":1990,"cause":"tot","sex":2,"values":[0.0,5065.0,1531.0,1222.0,2034.0,2238.0,2220.0,2532.0,2827.0,3539.0,4300.0,5953.0,6871.0,8354.0,8921.0,10386.0,10685.0,24078.0]},{"year":1990,"cause":"HIV","sex":1,"values":[0.0,0.0,0.0,0.0,1.0,1.0,1.0,2.0,1.0,0.0,0.0,0.0,0.0,0.0,0.0,0.0,0.0,0.0]},{"year":1990,"cause":"HIV","sex":2,"values":[0.0,0.0,0.0,0.0,0.0,0.0,0.0,0.0,0.0,0.0,0.0,0.0,0.0,0.0,0.0,0.0,0.0,0.0]},{"year":1991,"cause":"tot","sex":1,"values":[0.0,7113.0,1901.0,1800.0,5374.0,7420.0,6986.0,7140.0,7353.0,7462.0,7674.0,9989.0,11883.0,13224.0,13050.0,13071.0,12041.0,19278.0]},{"year":1991,"cause":"tot","sex":2,"values":[0.0,5226.0,1346.0,1161.0,2075.0,2159.0,2283.0,2560.0,3042.0,3763.0,4419.0,6054.0,7496.0,8522.0,9524.0,10535.0,11473.0,25968.0]},{"year":1991,"cause":"HIV","sex":1,"values":[0.0,2.0,0.0,0.0,0.0,5.0,10.0,13.0,6.0,4.0,2.0,0.0,5.0,0.0,1.0,0.0,0.0,0.0]},{"year":1991,"cause":"HIV","sex":2,"values":[0.0,0.0,0.0,0.0,1.0,2.0,2.0,1.0,3.0,0.0,0.0,0.0,0.0,0.0,0.0,0.0,0.0,0.0]},{"year":1992,"cause":"tot","sex":1,"values":[0.0,6545.0,1749.0,1709.0,5602.0,7996.0,7879.0,7764.0,8123.0,7799.0,7918.0,10259.0,12015.0,13890.0,13680.0,13650.0,12825.0,20461.0]},{"year":1992,"cause":"tot","sex":2,"values":[0.0,4785.0,1246.0,1125.0,1981.0,2196.0,2319.0,2554.0,3071.0,3871.0,4433.0,6162.0,7501.0,9284.0,10087.0,11195.0,12145.0,27125.0]},{"year":1992,"cause":"HIV","sex":1,"values":[0.0,1.0,0.0,0.0,1.0,37.0,53.0,53.0,32.0,21.0,11.0,3.0,4.0,3.0,0.0,2.0,0.0,0.0]},{"year":1992,"cause":"HIV","sex":2,"values":[0.0,2.0,0.0,0.0,3.0,7.0,3.0,1.0,1.0,5.0,1.0,0.0,1.0,0.0,0.0,0.0,0.0,0.0]},{"year":1994,"cause":"tot","sex":1,"values":[0.0,6277.0,1774.0,1968.0,6808.0,9812.0,11793.0,11153.0,10668.0,9870.0,9388.0,10676.0,12621.0,14951.0,15184.0,14340.0,12957.0,21355.0]},{"year":1994,"cause":"tot","sex":2,"values":[0.0,4705.0,1143.0,1164.0,2078.0,2508.0,2715.0,2987.0,3584.0,4351.0,4783.0,6177.0,7975.0,10045.0,11246.0,12165.0,12487.0,29011.0]},{"year":1994,"cause":"HIV","sex":1,"values":[0.0,13.0,0.0,0.0,7.0,126.0,348.0,244.0,216.0,91.0,37.0,23.0,22.0,16.0,6.0,3.0,0.0,1.0]},{"year":1994,"cause":"HIV","sex":2,"values":[0.0,12.0,0.0,1.0,9.0,30.0,32.0,21.0,18.0,9.0,5.0,1.0,3.0,0.0,0.0,0.0,0.0,1.0]},{"year":1995,"cause":"tot","sex":1,"values":[0.0,6264.0,1746.0,1877.0,7516.0,11302.0,14641.0,13505.0,12204.0,10888.0,10498.0,10797.0,12943.0,15168.0,15744.0,14995.0,13410.0,22188.0]},{"year":1995,"cause":"tot","sex":2,"values":[0.0,4904.0,1151.0,1164.0,1987.0,2916.0,3374.0,3463.0,3872.0,4589.0,5318.0,6250.0,7921.0,10531.0,11803.0,12435.0,12712.0,30411.0]},{"year":1995,"cause":"HIV","sex":1,