{"countryCode":792,"subnatCode":0,"Regions":{"region":"North Africa Middle East"},"ART50PlusPercentFemales":{"startYear":1995,"endYear":2025,"values":[0.0,0.0,0.0,0.10522397308341713,0.0999217556734094,0.09219495024956798,0.12211934228995056,0.12538913628608356,0.1424948763098804,0.13934752404374207,0.15302064042162664,0.15501250655153564,0.16845706455257292,0.17402371965040814,0.17788650812306933,0.15139284314859489,0.14770703274586114,0.1352758918151585,0.10832066188576928,0.09792478237286431,0.0839536149517168,0.08290041128450806,0.09645356534327444,0.10061548675815875,0.10286477674650617,0.10482871735960705,0.10697443850720771,0.10697443850720771,0.10697443850720771,0.10697443850720771,0.10697443850720771]},"ART50PlusPercentMales":{"startYear":1995,"endYear":2025,"values":[0.0,0.0,0.0,0.1281237196917632,0.15075157574890558,0.15338673064588368,0.16382769834132593,0.16329327889488177,0.174697774870265,0.184159156219827,0.196205505609568,0.18864109838993776,0.19653824458408473,0.20337076669633244,0.20991605118731133,0.20672645719093183,0.19673484798845317,0.18953518449521076,0.15444546744933435,0.13974025074041727,0.12243104182695447,0.11517569864284422,0.11143222493040598,0.11313619470842978,0.11430985915492958,0.11526897636338405,0.11710751665080875,0.11710751665080875,0.11710751665080875,0.11710751665080875,0.11710751665080875]},"ART50PlusPercentTotal":{"startYear":1995,"endYear":2025,"values":[0.0,0.0,0.0,0.11007875221137235,0.1356395043701911,0.1394074791289565,0.15426279383652178,0.15431688669779603,0.16786385362310652,0.17342159545928676,0.18509100855242894,0.1810793292548354,0.18934900727300719,0.1970760070912989,0.20182690579766227,0.1904889320678908,0.18316480888847383,0.17378161604264736,0.14131293147136012,0.1279383084942258,0.11131009994905912,0.10637155768527415,0.10819967841642027,0.11055416229433486,0.11202133120062746,0.11324852323538528,0.11519641838436778,0.11519641838436778,0.11519641838436778,0.11519641838436778,0.11519641838436778]},"HIV_15":{"startYear":1970,"endYear":2025,"values":[0.0,0.0,0.023153345888079966,0.02071458167502807,0.018523527951381506,0.01429613412518667,0.013381472735450024,0.011489787704341566,0.008428949936589011,0.013333333333333334,0.011111494444444444,0.009526876190476189,0.011148670370370371,0.012571599999999999,0.010630455263157894,0.011498784090909092,0.011261074074074074,0.010918869230769231,0.011535144303797469,0.010558664583333334,0.011249599999999998,0.010850373571428571,0.010724219411764704,0.010866606341463416,0.0109280776,0.010685629372937294,0.010477475749318801,0.010477475749318801,0.010477475749318801,0.010477475749318801,0.010477475749318801,0.010550182273341063,0.010312424002827572,0.010256410256410256,0.009935897435897435,0.009543786051389617,0.009606791778373548,0.009390232962138085,0.009244481626971853,0.009078376387096774,0.009139249272807405,0.0092326866892911,0.00948480414686117,0.010150184659543933,0.010819655684952497,0.011748726655348046,0.013033993819305579,0.014708326408509224,0.01473684210526316,0.014710216110019648,0.014699946893255444,0.014702901888530628,0.014702901888530628,0.014702901888530628,0.014702901888530628,0.014702901888530628]},"HIV_15_ART":{"startYear":1995,"endYear":2025,"values":[0.0,0.0,0.0,0.0010809674043982171,0.001078971954056678,0.0008093599144675141,0.0007218615793164213,0.0006629729718419811,0.0006134969325153375,0.0005076142131979696,0.0004566210045662101,0.0006134969325153375,0.0005119,0.0004383317525773196,0.0005399857142857143,0.0008685248803827751,0.001142465463917526,0.001384694302670623,0.002817453140096618,0.003337728838479311,0.004371584699453552,0.004601966969753201,0.004051046149280309,0.004004668017935017,0.004011985170890254,0.004019846943066185,0.004038360941586748,0.004038360941586748,0.004038360941586748,0.004038360941586748,0.004038360941586748]},"HIV_50":{"startYear":1970,"endYear":2025,"values":[0.0,0.0,0.005683067206376465,0.006471643467644932,0.007446002331374389,0.007798526869155203,0.010040721159681248,0.0112030026032412,0.010206480615016647,0.00975436,0.008875566666666666,0.013109766666666668,0.010996166666666666,0.009375,0.010526315789473684,0.011363636363636364,0.011111111111111112,0.00923076923076923,0.010126582278481013,0.009375,0.009401709401709403,0.01,0.008823529411764706,0.00878048780487805,0.0092,0.008910891089108912,0.008991825613079018,0.008991825613079018,0.008991825613079018,0.008991825613079018,0.008991825613079018,0.008820588852944877,0.008987481519549636,0.009168609168609168,0.009487179487179488,0.009858416360776088,0.009606791778373548,0.00983667409057164,0.009990720692854933,0.010141935483870967,0.010290877038342881,0.01033182503770739,0.010195049991804622,0.00995056609791102,0.00969966288691388,0.009694397283531409,0.009543719323759317,0.009157387402359983,0.009132290184921761,0.009209233791748527,0.009314922995220392,0.009433440810686318,0.009433440810686318,0.009433440810686318,0.009433440810686318,0.009433440810686318]},"HIV_50_ART":{"startYear":1995,"endYear":2025,"values":[0.0,0.0,0.0,0.024729758148900445,0.023814321566615986,0.023805753620527795,0.0266106350405956,0.027376346031382132,0.028220858895705518,0.029441624365482234,0.031050228310502283,0.030981595092024538,0.03156565656565657,0.03237113402061856,0.03294117647058824,0.03062200956937799,0.029639175257731958,0.028308605341246292,0.023317230273752015,0.021298046628859483,0.018683320322664586,0.01790684728149935,0.018177771182668053,0.018549229162827835,0.018871565689909095,0.019165755613489193,0.019424585876198778,0.019424585876198778,0.019424585876198778,0.019424585876198778,0.019424585876198778]},"PercPregAccessAntenatalCare":{"value":92,"year":"2008"},"MortalityByAge":[{"year":1990,"cause":"tot","sex":1,"values":[0.0,13999.0,1588.0,0.0,2264.0,0.0,2989.0,0.0,4620.0,0.0,8581.0,0.0,17160.0,0.0,15347.0,0.0,18431.0,0.0]},{"year":1990,"cause":"tot","sex":2,"values":[0.0,11351.0,1108.0,0.0,1191.0,0.0,1524.0,0.0,2262.0,0.0,3995.0,0.0,8715.0,0.0,10757.0,0.0,23909.0,0.0]},{"year":1991,"cause":"tot","sex":1,"values":[0.0,12908.0,1642.0,0.0,2452.0,0.0,3192.0,0.0,5250.0,0.0,9107.0,0.0,17241.0,0.0,15931.0,0.0,18057.0,0.0]},{"year":1991,"cause":"tot","sex":2,"values":[0.0,10542.0,1140.0,0.0,1293.0,0.0,1651.0,0.0,2495.0,0.0,4294.0,0.0,8925.0,0.0,11305.0,0.0,23450.0,0.0]},{"year":1992,"cause":"tot","sex":1,"values":[0.0,12499.0,1633.0,0.0,2706.0,0.0,3134.0,0.0,5053.0,0.0,9199.0,0.0,17634.0,0.0,17924.0,0.0,18888.0,0.0]},{"year":1992,"cause":"tot","sex":2,"values":[0.0,10065.0,1070.0,0.0,1305.0,0.0,1550.0,0.0,2390.0,0.0,4279.0,0.0,9076.0,0.0,12559.0,0.0,23942.0,0.0]},{"year":1993,"cause":"tot","sex":1,"values":[0.0,12353.0,1623.0,0.0,2733.0,0.0,3208.0,0.0,5461.0,0.0,9244.0,0.0,18635.0,0.0,18730.0,0.0,18013.0,0.0]},{"year":1993,"cause":"tot","sex":2,"values":[0.0,10130.0,1100.0,0.0,1301.0,0.0,1593.0,0.0,2439.0,0.0,4145.0,0.0,9689.0,0.0,13347.0,0.0,23389.0,0.0]},{"year":1994,"cause":"tot","sex":1,"values":[0.0,12407.0,1700.0,0.0,2864.0,0.0,3573.0,0.0,5708.0,0.0,10031.0,0.0,18731.0,0.0,20315.0,0.0,18504.0,0.0]},{"year":1994,"cause":"tot","sex":2,"values":[0.0,9986.0,1197.0,0.0,1560.0,0.0,1821.0,0.0,2640.0,0.0,4356.0,0.0,9463.0,0.0,14339.0,0.0,23733.0,0.0]},{"year":1995,"cause":"tot","sex":1,"values":[0.0,12861.0,1586.0,0.0,3020.0,0.0,3416.0,0.0,5874.0,0.0,10025.0,0.0,19827.0,0.0,21671.0,0.0,18857.0,0.0]},{"year":1995,"cause":"tot","sex":2,"values":[0.0,10310.0,1101.0,0.0,1600.0,0.0,1794.0,0.0,2532.0,0.0,4485.0,0.0,10077.0,0.0,15689.0,0.0,24930.0,0.0]},{"year":1996,"cause":"tot","sex":1,"values":[0.0,11411.0,1436.0,0.0,2994.0,0.0,3418.0,0.0,5572.0,0.0,10188.0,0.0,19008.0,0.0,22096.0,0.0,18469.0,0.0]},{"year":1996,"cause":"tot","sex":2,"values":[0.0,8986.0,1052.0,0.0,1618.0,0.0,1729.0,0.0,2634.0,0.0,4290.0,0.0,9814.0,0.0,15846.0,0.0,23815.0,0.0]},{"year":1997,"cause":"tot","sex":1,"values":[0.0,11380.0,1446.0,0.0,2767.0,0.0,3319.0,0.0,5981.0,0.0,10530.0,0.0,18361.0,0.0,23867.0,0.0,18993.0,0.0]},{"year":1997,"cause":"tot","sex":2,