{"countryCode":800,"subnatCode":0,"Regions":{"region":"East Africa"},"ART50PlusPercentFemales":{"startYear":1995,"endYear":2025,"values":[0.0,0.0,0.0,0.0,0.0,0.0,0.1388888888888889,0.1425959780621572,0.14840579710144927,0.1510356204557952,0.15420236165779116,0.16285317691308826,0.17462021792730453,0.17911510727321286,0.18474932803552646,0.18875235038270877,0.19217292448569603,0.1854726951113715,0.17055157743356203,0.16431814161900832,0.16602344385252488,0.17109900605159065,0.1723782922580844,0.17362905484413543,0.1778946019093899,0.19055497197614757,0.20319693330476987,0.21570950461086114,0.21570950461086114,0.21570950461086114,0.21570950461086114]},"ART50PlusPercentMales":{"startYear":1995,"endYear":2025,"values":[0.0,0.0,0.0,0.0,0.0,0.0,0.21996124031007752,0.22524386639077743,0.23277156682796596,0.2348734086682878,0.23711128596353187,0.24838675270652233,0.2642940629248861,0.26826375285300935,0.2733766880594254,0.275221822472612,0.2765160204939971,0.2829827915869981,0.28295386566916764,0.2718920040579175,0.2662431793335613,0.26799770762047637,0.2629709028699609,0.23143141195536374,0.23661559876309368,0.2545269550920664,0.274639478066724,0.2924952730189652,0.2924952730189652,0.2924952730189652,0.2924952730189652]},"ART50PlusPercentTotal":{"startYear":1995,"endYear":2025,"values":[0.0,0.0,0.0,0.0,0.0,0.0,0.177116704805492,0.1813895437526002,0.18760663874670389,0.18965403624382207,0.19220156156909474,0.2018937042851753,0.2153902878087926,0.21943092140018366,0.224717659137577,0.22773475188401263,0.23003381335713427,0.22465367520445884,0.20898601157322977,0.1995521748406086,0.1993432081607427,0.20345974305243797,0.20300218727015967,0.19675425581499106,0.20127080377856765,0.2155976411067138,0.23054391913191502,0.24472686393689386,0.24472686393689386,0.24472686393689386,0.24472686393689386]},"HIV_15":{"startYear":1970,"endYear":2025,"values":[0.0,0.009000000000000001,0.008366533864541833,0.008981001727115717,0.009443099273607748,0.010401043364851646,0.010510853598824874,0.010760293003283657,0.010940958576139494,0.011041308586256902,0.011061278541368128,0.011077553157668356,0.0109663669418239,0.010709612653850939,0.010311227873122846,0.009732635450558778,0.00876214696991654,0.007854212862252208,0.00701447570540516,0.0062905008215880945,0.005743955776355814,0.00519405205059811,0.004857194323799612,0.004901312720730326,0.005179166666666667,0.005663865936373853,0.006323468954032039,0.007102636275574185,0.007102636275574185,0.007102636275574185,0.007102636275574185,0.010368088692094138,0.010910028649786963,0.011324693687338272,0.011571762718666423,0.01169683645713008,0.011546491873954434,0.0113000009671701,0.011049019448463468,0.010722353156019123,0.010322971889121462,0.009959555040736163,0.009680047370951909,0.009592726021077417,0.00967756778964667,0.009672754863043071,0.00984604176484994,0.01069365798414496,0.015488461500740465,0.018929365303674964,0.0172317304695248,0.015572103285413872,0.014408791518438945,0.014408791518438945,0.014408791518438945,0.014408791518438945]},"HIV_15_ART":{"startYear":1995,"endYear":2025,"values":[0.0,0.0,0.0,0.0,0.0,0.0,0.05439377085650723,0.03298322886667796,0.02901193317422434,0.019687728714320566,0.013650214467325271,0.01220073805239562,0.011240877930119415,0.009730118073342913,0.008635159741764608,0.00781952754629317,0.007159655810428231,0.006760803334332937,0.006397270730453476,0.006074664955869936,0.005952592835530775,0.00591148409893993,0.0059250449745207115,0.005871264943770297,0.006305949300808689,0.006618907288442806,0.006931292497652849,0.007101935880411624,0.007101935880411624,0.007101935880411624,0.007101935880411624]},"HIV_50":{"startYear":1970,"endYear":2025,"values":[0.0,0.01,0.010358565737051793,0.010362694300518135,0.010250201775625504,0.009944571242256277,0.00995593275665089,0.00990990990990991,0.009838731535438407,0.009738723382603608,0.009599517308997661,0.009411291679913227,0.00921899567610063,0.009055808905229109,0.008952917622496993,0.008936721489676945,0.009002586046777443,0.009131925834848374,0.00932489464677339,0.009571790599180726,0.009860067606703438,0.01019063561762262,0.010550340585366504,0.010888918504697807,0.011226209677419354,0.011552500378938398,0.011859274072732085,0.01214464349148514,0.01214464349148514,0.01214464349148514,0.01214464349148514,0.012795631400986114,0.012770734365052158,0.012677741405797999,0.01238682955025322,0.011971233744457278,0.011924588222241116,0.011945379759340444,0.011657427427264697,0.011422779128285272,0.011333815867550875,0.011432786948896986,0.011442946218868103,0.011378969731766962,0.011213804437140507,0.011274892512728037,0.011592040517707977,0.011767991351796557,0.009067504879220886,0.00871265649706295,0.009238191040208567,0.00979556658737544,0.010215913493712802,0.010215913493712802,0.010215913493712802,0.010215913493712802]},"HIV_50_ART":{"startYear":1995,"endYear":2025,"values":[0.0,0.0,0.0,0.0,0.0,0.0,0.02525027808676307,0.025732678299169913,0.026453460620525063,0.026982190778238595,0.027453758515614386,0.028605629936869072,0.03036128925254312,0.03093438287415922,0.031676874689620924,0.0319709882629425,0.03243273367663122,0.031420611844878765,0.028643621578676805,0.02684716515635393,0.02630991638852837,0.02638833922261484,0.025894033254800417,0.024914792737174004,0.025222370170179177,0.026893850653113793,0.028338672508463968,0.029737471590192393,0.029737471590192393,0.029737471590192393,0.029737471590192393]},"PercPregAccessAntenatalCare":{"value":94.9,"year":"2011"},"DHSPrevalenceByAge":[{"surveyYear":2004,"surveyName":"2004-05 AIS","values":[[[0.0,0.0,0.0,0.0,0.0,0.0,0.0,0.0,0.0,0.0,0.0,0.0,0.0],[0.0,0.0,0.0,0.0,0.0,0.0,0.0,0.0,0.0,0.0,0.0,0.0,0.0],[0.0,0.0,0.0,0.0,0.0,0.0,0.0,0.0,0.0,0.0,0.0,0.0,0.0],[0.0,0.0,0.0,0.0,0.0,0.0,0.0,0.0,0.0,0.0,0.0,0.0,0.0],[0.0,0.0,0.0,0.0,0.0,0.0,0.0,0.0,0.0,0.0,0.0,0.0,0.0]],[[0.0,0.0,0.0,0.0,0.0,0.0,0.0,0.0,0.0,0.0,0.0,0.0,0.0],[0.0,-1.0,-1.0,-1.0,0.00277243951137233,0.0239649239043538,0.0594837661544797,0.0813826177988837,0.0931412369707358,0.0932384073733393,0.0692591017547301,0.0693221125185621,0.058853621139401],[0.0,-1.0,-1.0,-1.0,0.00110050473152099,0.0158771447845601,0.0455935754854373,0.0644524087619624,0.0721647650495181,0.0713897453964075,0.0496546648950307,0.0461830725540836,0.0371940730331664],[0.0,-1.0,-1.0,-1.0,0.00696673498593664,0.0360217978230028,0.0772630646947493,0.102273849247357,0.119430195390461,0.120903201402422,0.0958232389071439,0.102804914365543,0.0919221406994229],[0.0,-1.0,-1.0,-1.0,1631.96360955989,937.596837828421,877.752913352155,817.645175340319,592.423084252261,541.296452308005,480.896567533737,324.133000393745,302.370302271115]],[[0.0,0.0,0.0,0.0,0.0,0.0,0.0,0.0,0.0,0.0,0.0,0.0,0.0],[0.0,-1.0,-1.0,-1.0,0.0262531376369191,0.063219047832571,0.0873861570316696,0.121754161806988,0.099823792994223,0.0842094522906416,0.0826676162385327,0.0549116705614757,0.0497268048320083],[0.0,-1.0,-1.0,-1.0,0.0195525021046953,0.0503553375246887,0.0729639408431097,0.104131335027693,0.0814308669789355,0.066033763330752,0.061034408307224,0.0372861100082742,0.0286755561850476],[0.0,-1.0,-1.0,-1.0,0.0351677123129027,0.0790952044055964,0.104338250375272,0.14188706020037,0.121820199973398,0.10681580751069,0.111061613480918,0.0801751551942509,0.0848816625449755],[0.0,-1.0,-1.0,-1.0,1662.9752177353,1122.43104888923,1261.09661196905,1164.22340488731,858.605299272033,726.675053210819,478.490038541999,454.17312906105,251.351891429033]]]},{"surveyYear":2011,"surveyName":"2011 AIS",