{"countryCode":704,"subnatCode":0,"Regions":{"region":"Asia"},"ART50PlusPercentFemales":{"startYear":1995,"endYear":2025,"values":[0.0,0.0,0.0,0.0,0.0,0.0,0.0,0.10471994764002615,0.10893342915475221,0.11669709477782196,0.11980456807159316,0.12584358842215182,0.1354579153101752,0.15153061224489797,0.1634814644255123,0.16917449497048798,0.17688649730947315,0.18483569633458202,0.19556435643564357,0.21065844211734328,0.22249806051202484,0.23041763025438716,0.24208042572418295,0.2604767444738731,0.2835348884278703,0.3036264457800899,0.3281729817526584,0.3543060790195626,0.38186356073211314,0.41007156249174787,0.43823600418466163]},"ART50PlusPercentMales":{"startYear":1995,"endYear":2025,"values":[0.0,0.0,0.0,0.0,0.0,0.0,0.0,0.18917049055537108,0.20310350975614935,0.20992919798113904,0.21836082869302706,0.2332146490335707,0.249286865930795,0.27373917823278826,0.2899036068244558,0.30142364548837525,0.31736178467507276,0.3351126927639383,0.3507051268815428,0.3662038902523902,0.379055262776193,0.3849515676047458,0.39386649041639127,0.4066636354450844,0.42376854969447564,0.43995557749259623,0.4588730846712655,0.47746877038683644,0.49570156035152746,0.5132742315385799,0.5298447113975974]},"ART50PlusPercentTotal":{"startYear":1995,"endYear":2025,"values":[0.0,0.0,0.0,0.0,0.0,0.0,0.0,0.16560295771340772,0.19278774091194617,0.2014473875880532,0.20947639280271857,0.2064944695612244,0.21495048640144362,0.2385729666242537,0.25422297297297297,0.26291716076571237,0.27423753553046015,0.28500268825706065,0.29753131658591536,0.313616139083205,0.3255438991015455,0.33164385875992564,0.3415102998605904,0.3572706897705225,0.377468341742123,0.395210424662417,0.416422795057169,0.43802915212482035,0.45983619983619983,0.4813292251362815,0.5019901471403869]},"HIV_15":{"startYear":1970,"endYear":2025,"values":[0.0,0.0,0.0,0.0,0.0,0.0,0.0,0.0,0.0,0.0,0.0,0.0,0.0,0.005635429469229503,0.005744745496409039,0.004936420540035844,0.005405405405405406,0.003846153846153846,0.004191616766467066,0.004201680672268907,0.0043708609271523174,0.004325699745547073,0.004229799621212121,0.004062464770880728,0.0038701366164037307,0.0036755541265847767,0.0034601216178815316,0.0032066874906275964,0.0029399070547078527,0.0026942691474745595,0.0024778134802233955,0.0022913989165270297,0.0021311196195694664,0.0019770325126672564,0.0018213240496053839,0.0017039648184083316,0.0016105384377720982,0.0015440488266910276,0.0015080241148000338,0.0014957511661201682,0.0014753058235444103,0.001464210571514449,0.0014488672724945603,0.0014542699484401296,0.00148136739451558,0.0014837416614316911,0.0014674151105631174,0.0014632871701071334,0.0013609380456157765,0.0012444774527726995,0.0011813189561181517,0.0011541065459315368,0.0011425371044525344,0.0011327513403235749,0.00113938663855845,0.0011704200522248578]},"HIV_15_ART":{"startYear":1995,"endYear":2025,"values":[0.0,0.0,0.0,0.0,0.0,0.0,0.0,0.00015903081778412178,0.00011990409669866024,0.00022070070174738115,0.00016038492381716118,0.0003369434416365824,0.00033097969991173877,0.000308503117166913,0.00032232772889624536,0.0005548806514101848,0.0007912355447352404,0.00107265288068119,0.0013118238021638331,0.001550825752892343,0.0018731421920953712,0.002159869677564319,0.002540534143358712,0.0031292694034220285,0.003852295141358166,0.0044969846491228075,0.005189851960673522,0.005817283806295117,0.006425690632865331,0.006904810677087436,0.007175144944151463]},"HIV_50":{"startYear":1970,"endYear":2025,"values":[0.0,0.0,0.0,0.0,0.0,0.0,0.0,0.0,0.0,0.0,0.0,0.0,0.0,0.01020634035705688,0.012355848900697082,0.0102348728426669,0.008108108108108109,0.008974358974358974,0.008982035928143712,0.008403361344537815,0.008079470198675496,0.007824427480916031,0.007607323232323233,0.007539811504712382,0.007600453238037131,0.007838784470425731,0.008242832646430612,0.008837416661600503,0.009594343133606253,0.010459213375870339,0.011400237166245887,0.012399746213538532,0.013452090398686353,0.014546075302574978,0.015677159512608625,0.016691736229920425,0.01761649299216358,0.01844339701950938,0.019046163425886616,0.019666443448944717,0.0205167128193877,0.021302515595958853,0.02206514783053885,0.022783562525562025,0.023385442555008715,0.023654611265667536,0.02486088353153036,0.026274714746102257,0.02786844571869659,0.02939042504570384,0.03071629339921779,0.03188761477594888,0.03287370484458135,0.03371922000284671,0.03444887818099684,0.035101997534562515]},"HIV_50_ART":{"startYear":1995,"endYear":2025,"values":[0.0,0.0,0.0,0.0,0.0,0.0,0.0,0.0322502962074527,0.03623101518060931,0.0379579381283818,0.039935846030473135,0.03860409145607702,0.03929832303618711,0.04271482743106884,0.04445944768708076,0.04451521817644548,0.04512688877715737,0.04560875815547937,0.04639296754250387,0.04774176455003091,0.048390293002846675,0.04830356139759578,0.04909726879429826,0.051032463730401406,0.053840889878835854,0.056303453947368416,0.0591422759633857,0.0620510272671479,0.06501804287836976,0.06798291918125521,0.07090143797700547]},"PercPregAccessAntenatalCare":{"value":95.8,"year":"2014"},"DHSPrevalenceByAge":[{"surveyYear":2005,"surveyName":"2005 AIS","values":[[[0.0,0.0,0.0,0.0,0.0,0.0,0.0,0.0,0.0,0.0,0.0,0.0,0.0],[0.0,0.0,0.0,0.0,0.0,0.0,0.0,0.0,0.0,0.0,0.0,0.0,0.0],[0.0,0.0,0.0,0.0,0.0,0.0,0.0,0.0,0.0,0.0,0.0,0.0,0.0],[0.0,0.0,0.0,0.0,0.0,0.0,0.0,0.0,0.0,0.0,0.0,0.0,0.0],[0.0,0.0,0.0,0.0,0.0,0.0,0.0,0.0,0.0,0.0,0.0,0.0,0.0]],[[0.0,0.0,0.0,0.0,0.0,0.0,0.0,0.0,0.0,0.0,0.0,0.0,0.0],[0.0,-1.0,-1.0,-1.0,-1.0,0.018000000000000002,0.011000000000000001,0.025,0.018000000000000002,-1.0,-1.0,-1.0,-1.0],[0.0,-1.0,-1.0,-1.0,-1.0,0.0021528622888002946,0.00018058039517521163,0.00304208616480961,0.0019644706304201565,-1.0,-1.0,-1.0,-1.0],[0.0,-1.0,-1.0,-1.0,-1.0,0.06385891714261094,0.06517720310555819,0.08740715593059223,0.06585538238529176,-1.0,-1.0,-1.0,-1.0],[0.0,-1.0,-1.0,-1.0,-1.0,110.0,80.0,80.0,104.0,-1.0,-1.0,-1.0,-1.0]],[[0.0,0.0,0.0,0.0,0.0,0.0,0.0,0.0,0.0,0.0,0.0,0.0,0.0],[0.0,-1.0,-1.0,-1.0,-1.0,0.0,0.011000000000000001,0.009000000000000001,0.0,-1.0,-1.0,-1.0,-1.0],[0.0,-1.0,-1.0,-1.0,-1.0,0.0,0.00031903209066530547,0.0001955735458625263,0.0,-1.0,-1.0,-1.0,-1.0],[0.0,-1.0,-1.0,-1.0,-1.0,0.025466476413347316,0.05804690015915048,0.050712508308020876,0.029310881089774976,-1.0,-1.0,-1.0,-1.0],[0.0,-1.0,-1.0,-1.0,-1.0,143.0,95.0,106.0,124.0,-1.0,-1.0,-1.0,-1.0]]]}],"45q15WPP":{"1972.0":0.30330411298782,"1977.0":0.186489185886012,"1982.0":0.16973747781278498,"1987.0":0.157394655903343,"1992.0":0.14785924601420503,"1997.0":0.141628949819433,"2002.0":0.137228821282121,"2007.0":0.13508237697741501,"2012.0":0.129539777622368,"2017.0":0.12427618904150099,"2022.0":0.118141074678251},"EpidemicStartYear":{"Start year":1990},"EpidemicType":{"Epidemic Type":"Concentrated"},"SexualActivity15-19":{"SexAct_F_15_19":8.9,"Source":"2011 MICS"},"Preg_woman_prev":{"year":2005,"Prevalence":0},"Meningitis":[{"CrAGPlus":0.025,"EconCat":"Lower middle income","InCare":0.4,"NotInCare":0.6}]}