{"ISO3AlphaCountryCode":"AUS","exchangeRate":1.378193,"inflationRate":6.59409671341846}