{"ISO3AlphaCountryCode":"BDI","exchangeRate":2387.05537,"inflationRate":18.8008786664945}