{"ISO3AlphaCountryCode":"BRA","exchangeRate":5.16397,"inflationRate":9.28010608956873}