{"ISO3AlphaCountryCode":"BTN","exchangeRate":78.59757,"inflationRate":5.63916671396365}