{"ISO3AlphaCountryCode":"CAN","exchangeRate":1.30155477474355,"inflationRate":6.80280115341613}