{"ISO3AlphaCountryCode":"CHN","exchangeRate":6.737158,"inflationRate":1.97357555739051}