{"ISO3AlphaCountryCode":"CIV","exchangeRate":623.75970091,"inflationRate":5.27616724262846}