{"ISO3AlphaCountryCode":"CMR","exchangeRate":623.759701,"inflationRate":6.24767713343879}