{"ISO3AlphaCountryCode":"COM","exchangeRate":467.1842611872,"inflationRate":6.31474450315196}