{"ISO3AlphaCountryCode":"CRI","exchangeRate":647.135818,"inflationRate":8.27477490232654}