{"ISO3AlphaCountryCode":"FIN","exchangeRate":0.949623753156941,"inflationRate":7.12350773301402}