{"ISO3AlphaCountryCode":"FRA","exchangeRate":0.949623753156941,"inflationRate":5.22236748369735}