{"ISO3AlphaCountryCode":"GAB","exchangeRate":623.759701,"inflationRate":4.23124798274619}