{"ISO3AlphaCountryCode":"GMB","exchangeRate":55.2766666667,"inflationRate":11.5131198380506}