{"ISO3AlphaCountryCode":"GNB","exchangeRate":623.75970091,"inflationRate":9.39383877456527}