{"ISO3AlphaCountryCode":"GRC","exchangeRate":0.949623753156941,"inflationRate":9.64525981280632}