{"ISO3AlphaCountryCode":"IRL","exchangeRate":0.949623753156941,"inflationRate":7.80737540996716}