{"ISO3AlphaCountryCode":"ISL","exchangeRate":135.27990200138,"inflationRate":8.3087551155892}