{"ISO3AlphaCountryCode":"ISR","exchangeRate":3.35961440158189,"inflationRate":4.39359665912654}