{"ISO3AlphaCountryCode":"JPN","exchangeRate":131.498140443764,"inflationRate":2.49770278172255}