{"ISO3AlphaCountryCode":"MLT","exchangeRate":0.949624,"inflationRate":6.15375621933037}