{"ISO3AlphaCountryCode":"MYS","exchangeRate":4.401073,"inflationRate":3.37869862549905}