{"ISO3AlphaCountryCode":"NPL","exchangeRate":120.84027376,"inflationRate":7.6507917679853}