{"ISO3AlphaCountryCode":"ROU","exchangeRate":4.688475,"inflationRate":13.7954887432521}