{"ISO3AlphaCountryCode":"RUS","exchangeRate":68.484942,"inflationRate":6.69445891957637}