{"ISO3AlphaCountryCode":"SEN","exchangeRate":623.759701,"inflationRate":9.69681899081073}