{"ISO3AlphaCountryCode":"SUR","exchangeRate":24.709175,"inflationRate":52.4460272762408}