{"ISO3AlphaCountryCode":"SVK","exchangeRate":0.949623753156941,"inflationRate":12.7741463637611}