{"ISO3AlphaCountryCode":"SWE","exchangeRate":10.114251277564,"inflationRate":8.36929098869189}