{"ISO3AlphaCountryCode":"TCD","exchangeRate":623.759701,"inflationRate":5.78802687843616}