{"ISO3AlphaCountryCode":"UGA","exchangeRate":3571.638671,"inflationRate":7.1957888597581}