{"ISO3AlphaCountryCode":"UZB","exchangeRate":11050.145422,"inflationRate":11.4466436998834}