{"ISO3AlphaCountryCode":"ZMB","exchangeRate":16.937594,"inflationRate":10.9932039209135}