{"countryName":"Angola","subnatCode":0,"Incidence":{"countryName":"Angola","countryCode":24,"startYear":1970,"endYear":2022,"values":[0.0,0.0,0.0,0.0,0.0,0.01319,0.00366,0.00545,0.00736,0.01007,0.0141,0.01874,0.02485,0.03101,0.0392,0.04822,0.05652,0.06808,0.07631,0.08881,0.09741,0.11075,0.12396,0.13494,0.14942,0.16293,0.17249,0.18433,0.19722,0.20336,0.21182,0.21296,0.21428,0.22139,0.22288,0.217,0.21765,0.212,0.20633,0.1969,0.18435,0.17527,0.16398,0.14439,0.12495,0.11302,0.10622,0.09962,0.09269,0.08735,0.08153,0.075,0.06973]},"AdultARTMale":{"countryName":"Angola","countryCode":24,"startYear":2000,"endYear":2022,"values":[0.0,0.0,0.0,0.0,0.47853,1.04616,6.77247,10.30356,10.7721,13.96334,17.43469,19.77253,21.58793,24.80245,26.30659,30.5626,26.71719,30.92028,28.75933,26.36847,29.94904,34.98876,39.7317]},"AdultARTFemale":{"countryName":"Angola","countryCode":24,"startYear":2000,"endYear":2022,"values":[0.0,0.0,0.0,0.0,0.55031,1.10332,6.95607,11.07227,10.93968,14.31306,17.65036,19.7573,19.28993,31.6136,36.7387,36.48038,29.65283,31.89516,31.95877,35.30359,42.63852,48.42707,53.54201]},"MedianCD4AtInit":{"countryName":"Angola","countryCode":24,"startYear":2000,"endYear":2022,"values":[0.0,0.0,0.0,0.0,138.48675,138.60257,138.0338,138.39059,179.97994,182.12632,180.38142,178.93205,190.31162,196.45667,211.44747,210.6375,226.71926,228.63854,260.24453,261.09868,253.01868,251.0358,249.06466]},"PercLostToFollowup":{"countryName":"Angola","countryCode":24,"startYear":2000,"endYear":2022,"values":[0.0,0.0,0.0,0.0,0.0,0.0,0.0,0.0,0.0,0.0,0.0,0.0,0.0,0.0,0.0,0.0,0.0,0.0,0.0,0.0,0.0,0.0,0.0]},"ChildART":{"countryName":"Angola","countryCode":24,"startYear":2000,"endYear":2022,"values":[0.0,0.0,0.0,0.0,0.0,0.93753,3.60681,4.17459,7.44836,9.38391,7.96007,9.09852,11.27935,13.04994,12.48806,15.94348,11.78521,14.10064,12.13089,13.20415,15.91577,19.29355,22.66325]},"ChildCotrim":{"countryName":"Angola","countryCode":24,"startYear":2000,"endYear":2022,"values":[0.0,0.0,0.0,0.0,0.0,0.0,0.0,0.0,0.0,0.0,0.0,0.0,0.0,0.0,0.0,0.0,0.0,0.0,0.6293,1.15683,0.81779,2.32249,2.90435]},"PMTCTSingleDoseNevirapine":{"countryName":"Angola","countryCode":24,"startYear":2000,"endYear":2022,"values":[0.0,0.0,0.0,0.0,0.0,0.0,0.0,0.0,0.0,0.0,0.0,0.0,0.0,0.0,0.0,0.0,0.0,0.0,0.0,0.0,0.0,0.0,0.0]},"PMTCTDualARV":{"countryName":"Angola","countryCode":24,"startYear":2000,"endYear":2022,"values":[0.0,0.0,0.0,0.0,0.0,0.0,0.0,0.0,0.0,0.0,0.0,0.0,0.0,0.0,0.0,0.0,0.0,0.0,0.0,0.0,0.0,0.0,0.0]},"PMTCTOptA":{"countryName":"Angola","countryCode":24,"startYear":2000,"endYear":2022,"values":[0.0,0.0,0.0,0.0,0.0,0.0,0.0,0.0,0.0,0.0,0.0,0.0,0.0,0.0,0.0,0.0,0.0,0.0,0.0,0.0,0.0,0.0,0.0]},"PMTCTOptB":{"countryName":"Angola","countryCode":24,"startYear":2000,"endYear":2022,"values":[0.0,0.0,0.0,0.0,1.2,2.1,9.3,8.6,11.0,12.3,14.2,9.7,11.7,0.0,0.0,0.0,0.0,0.0,0.0,0.0,0.0,0.0,0.0]},"PMTCTOptBPlusStartBefPreg":{"countryName":"Angola","countryCode":24,"startYear":2000,"endYear":2022,"values":[0.0,0.0,0.0,0.0,0.0,0.0,0.0,0.0,0.0,0.0,0.0,0.0,0.0,0.0,0.0,0.0,0.0,0.0,8.7,17.5,24.5,34.7,36.5]},"PMTCTOptBPlusStartDurPregGT4Wks":{"countryName":"Angola","countryCode":24,"startYear":2000,"endYear":2022,"values":[0.0,0.0,0.0,0.0,0.0,0.0,0.0,0.0,0.0,0.0,0.0,0.0,0.0,20.4,31.4,29.8,27.3,26.0,24.9,33.7,31.9,37.3,40.4]},"PMTCTOptBPlusStartDurPregLT4Wks":{"countryName":"Angola","countryCode":24,"startYear":2000,"endYear":2022,"values":[0.0,0.0,0.0,0.0,0.0,0.0,0.0,0.0,0.0,0.0,0.0,0.0,0.0,0.0,0.0,0.0,0.0,0.0,2.6,6.5,9.1,2.8,2.5]},"PMTCTPostnatalOptA":{"countryName":"Angola","countryCode":24,"startYear":2000,"endYear":2022,"values":[0.0,0.0,0.0,0.0,0.0,0.0,0.0,0.0,0.0,0.0,0.0,0.0,0.0,0.0,0.0,0.0,0.0,0.0,0.0,0.0,0.0,0.0,0.0]},"PMTCTPostnatalOptB":{"countryName":"Angola","countryCode":24,"startYear":2000,"endYear":2022,"values":[0.0,0.0,0.0,0.0,0.0,0.0,0.0,0.0,0.0,0.0,0.0,0.0,0.0,0.0,0.0,0.0,0.0,0.0,0.0,0.0,0.0,0.0,0.0]},"PercentHIVPopEligible":{"countryName":"Angola","countryCode":24,"TB\/HIV":11.01,"TB\/HIV Year":2014,"DC":2.4,"DC Year":2014,"FSW":10.5,"FSW Year":2015,"MSM":2.4,"MSM Year":2016,"IDU":0,"IDU Year":2013,"Other":0,"Other Year":2014},"AdultHIVPrev":{"countryName":"Angola","countryCode":24,"startYear":1970,"endYear":2022,"values":[0.0,0.0,0.0,0.0,0.0,0.01305,0.0159,0.02028,0.02617,0.03425,0.04569,0.06079,0.08091,0.10581,0.13713,0.17524,0.21853,0.26996,0.32542,0.38854,0.45482,0.52792,0.60749,0.6905,0.77972,0.87298,0.96633,1.06175,1.15999,1.25393,1.34593,1.42932,1.50468,1.57797,1.64507,1.69959,1.75327,1.80283,1.84575,1.87822,1.89779,1.90756,1.9053,1.89018,1.86571,1.83318,1.7913,1.73922,1.68326,1.62476,1.5647,1.50725,1.45282]},"SexRatio":{"countryName":"Angola","countryCode":24,"startYear":1970,"endYear":2022,"values":[0.26,0.26,0.26,0.26,0.26,0.37,0.48,0.58,0.68,0.77,0.87,0.95,1.02,1.1,1.17,1.22,1.28,1.33,1.37,1.41,1.44,1.46,1.48,1.5,1.51,1.52,1.52,1.52,1.52,1.52,1.52,1.52,1.52,1.52,1.52,1.53,1.53,1.54,1.55,1.57,1.59,1.62,1.66,1.71,1.76,1.82,1.88,1.94,1.99,2.03,2.06,2.08,2.1]},"PercNotBFNotRecARVs":{"countryName":"Angola","countryCode":24,"<2":30.73,"2-3":30.73,"4-5":30.73,"6-7":30.76,"8-9":30.94,"10-11":31.68,"12-13":34,"14-15":39.58,"16-17":49.74,"18-19":63.13,"20-21":75.92,"22-23":85.39,"24-25":91.38,"26-27":94.91,"28-29":96.95,"30-31":98.12,"32-33":98.82,"34-35":99.24},"PercNotBFRecARVs":{"countryName":"Angola","countryCode":24,"<2":30.73,"2-3":30.73,"4-5":30.73,"6-7":30.76,"8-9":30.94,"10-11":31.68,"12-13":34,"14-15":39.58,"16-17":49.74,"18-19":63.13,"20-21":75.92,"22-23":85.39,"24-25":91.38,"26-27":94.91,"28-29":96.95,"30-31":98.12,"32-33":98.82,"34-35":99.24},"LocalAdjustmentFactor":{"countryName":"Angola","countryCode":24,"value":1.25},"NewARTPatAllocation":{"countryName":"Angola","countryCode":24,"NewARTPatAllocationMethod":3,"ExpectedMortality":0.2,"ProportionEligible":0.8,"NotDefault":0}}