{"countryCode":8,"subnatCode":0,"Incidence":{"countryName":"Albania","countryCode":8,"startYear":1970,"endYear":2023,"values":[0.0,0.0,0.0,0.0,0.0,9.81519859415016e-6,1.96419036426346e-5,3.93244003797486e-5,1.9683224523795e-5,0.0,2.96069543183344e-5,8.89282918702429e-5,0.000138450649821692,0.000168247571937356,0.000178303084564309,0.000158740934107755,0.000109371155698868,5.975215739582e-5,9.97459385886942e-6,0.0,4.99993147344141e-5,0.000130122379060239,0.000270491790108231,0.000431046234683035,0.000631880458592833,0.000862854994828845,0.00111382503207354,0.00138491817128842,0.00166589909531379,0.00196738331996216,0.00226965777544186,0.00257128856905909,0.00288264018147315,0.00318434039201033,0.00347629244363897,0.00376795952200783,0.00405039333442446,0.00431176919472126,0.00456426104500654,0.00479311410975494,0.00500109454866297,0.00518999395894715,0.0053601478408351,0.00551062670153126,0.00562910492449201,0.00571772317641004,0.00578873625226606,0.00583217622552488,0.00585449429603325,0.00584837272803019,0.00581053026933264,0.00574918397943518,0.00564774188450573,0.00552620641732675]},"AdultARTMale":{"countryName":"Albania","countryCode":8,"startYear":2000,"endYear":2023,"values":[0.0,0.0,0.0,0.0,2.92228585708411,3.94962008245371,5.32275695264775,7.99461548863021,12.2030554254235,15.2400054846603,16.4986274909638,21.2436140178861,25.9767030733449,32.7626802493458,34.3568302907916,38.1741051885514,42.954666511379,46.484543779068,43.4395617896794,44.2857003063727,47.5020725999214,51.801778422794,56.1842700658169,56.4669130109881]},"AdultARTFemale":{"countryName":"Albania","countryCode":8,"startYear":2000,"endYear":2023,"values":[0.0,0.0,0.0,0.0,3.6283772481879,9.24724450094625,10.5964896478919,10.0469796769695,15.0320168292994,16.447550770848,18.1486526440277,21.0359567608914,29.5239884251203,41.52478150232,41.9060224852196,46.7724895441899,48.632212320592,47.7929273923156,51.6960783902304,52.9892385882625,57.809339609228,61.4895946818139,64.6851297485097,62.4931815475133]},"PercLostToFollowup":{"countryName":"Albania","countryCode":8,"startYear":2000,"endYear":2023,"values":[5.0,5.0,5.0,5.0,5.0,5.0,5.0,5.0,5.0,5.0,5.0,5.0,5.0,5.0,5.0,5.0,5.0,5.0,5.0,5.0,5.0,5.0,5.0,5.0]},"ChildART":{"countryName":"Albania","countryCode":8,"startYear":2000,"endYear":2023,"values":[0.0,0.0,0.0,0.0,24.3870319518893,100.0,100.0,100.0,100.0,100.0,100.0,97.087243984405,99.568338065042,100.0,100.0,95.7713565899989,94.2150830589088,92.6549176597548,91.3541369989629,81.9696318907771,70.6879789110571,73.8263037441294,86.808785049047,100.0]},"ChildCotrim":{"countryName":"Albania","countryCode":8,"startYear":2000,"endYear":2023,"values":[0.0,0.0,0.0,0.0,0.0,0.0,0.0,0.0,0.0,0.0,0.0,0.0,0.0,0.0,0.0,0.0,0.0,0.0,0.0,0.0,0.0,0.0,0.0,0.0]},"PMTCTSingleDoseNevirapine":{"countryName":"Albania","countryCode":8,"startYear":2000,"endYear":2023,"values":[0.0,0.0,0.0,0.0,0.0,0.0,0.0,0.0,0.0,0.0,0.0,0.0,0.0,0.0,0.0,0.0,0.0,0.0,0.0,0.0,0.0,0.0,0.0,0.0]},"PMTCTDualARV":{"countryName":"Albania","countryCode":8,"startYear":2000,"endYear":2023,"values":[0.0,0.0,0.0,0.0,0.0,0.0,0.0,0.0,0.0,0.0,0.0,0.0,0.0,0.0,0.0,0.0,0.0,0.0,0.0,0.0,0.0,0.0,0.0,0.0]},"PMTCTOptA":{"countryName":"Albania","countryCode":8,"startYear":2000,"endYear":2023,"values":[0.0,0.0,0.0,0.0,0.0,0.0,0.0,0.0,0.0,0.0,0.0,0.0,0.0,0.0,0.0,0.0,0.0,0.0,0.0,0.0,0.0,0.0,0.0,0.0]},"PMTCTOptB":{"countryName":"Albania","countryCode":8,"startYear":2000,"endYear":2023,"values":[0.0,0.0,0.0,0.0,0.0,0.0,0.0,0.0,0.0,0.0,0.0,0.0,0.0,0.0,36.847137806453,17.6764953873185,34.780854530815,0.0,0.0,0.0,16.705953500649,0.0,0.0,0.0]},"PMTCTOptBPlusStartBefPreg":{"countryName":"Albania","countryCode":8,"startYear":2000,"endYear":2023,"values":[0.0,0.0,0.0,0.0,0.0,0.0,0.0,0.0,0.0,0.0,0.0,0.0,0.0,0.0,0.0,0.0,0.0,17.2237694908482,34.3110260197666,16.8662221854913,16.705953500649,16.2414123532182,31.6544348654607,37.5]},"PMTCTOptBPlusStartDurPregGT4Wks":{"countryName":"Albania","countryCode":8,"startYear":2000,"endYear":2023,"values":[0.0,0.0,0.0,0.0,0.0,0.0,0.0,0.0,0.0,0.0,0.0,0.0,0.0,19.5421279423116,0.0,0.0,17.3904272654075,17.2237694908482,0.0,0.0,16.705953500649,0.0,31.6544348654607,37.5]},"PMTCTOptBPlusStartDurPregLT4Wks":{"countryName":"Albania","countryCode":8,"startYear":2000,"endYear":2023,"values":[0.0,0.0,0.0,0.0,0.0,0.0,0.0,0.0,0.0,0.0,0.0,0.0,0.0,0.0,0.0,0.0,0.0,0.0,0.0,0.0,0.0,0.0,0.0,25.0]},"AdultHIVPrev":{"countryName":"Albania","countryCode":8,"startYear":1970,"endYear":2023,"values":[0.0,0.0,0.0,0.0,0.0,9.59114881148554e-6,2.81950046166501e-5,6.4879991701529e-5,8.00384892888443e-5,7.46780731557506e-5,9.80929620654428e-5,0.000177832041707779,0.000301085292048287,0.000445557449433602,0.000589896793151194,0.000704901970969009,0.000762986254084781,0.000765323241894783,0.000714433538912552,0.00065197339550545,0.000637641972950086,0.000699657596525992,0.000893618347217273,0.00123250401186582,0.00174733844122234,0.00245605486081756,0.00336382430201155,0.00447255588778393,0.00577706467547908,0.00727915641042525,0.0089671330905372,0.0108227548914557,0.0128346509511737,0.0149776866605911,0.0177538234360942,0.0207835016692513,0.0239953549454068,0.0273456203923318,0.0309205094154631,0.0346205269352593,0.038272727307281,0.0419375967150736,0.0451761133747312,0.0486241273545005,0.0526437817742461,0.0560663541328867,0.0594751565970452,0.0623310835557499,0.0649385951234101,0.0671972627176532,0.0695140926766234,0.0719041905579115,0.0739976872909982,0.0758114056767489]},"SexRatio":{"countryName":"Albania","countryCode":8,"startYear":1970,"endYear":2023,"values":[0.25375,0.25375,0.25375,0.25375,0.25375,0.25375,0.25375,0.25375,0.25375,0.25375,0.25375,0.2593,0.26473,0.27003,0.2752,0.28023,0.28512,0.28987,0.29447,0.29892,0.30322,0.30736,0.31135,0.3152,0.31889,0.32243,0.32582,0.32907,0.33218,0.33515,0.33799,0.34069,0.34327,0.34572,0.34805,0.35027,0.35237,0.35437,0.35626,0.35806,0.35976,0.36137,0.3629,0.36434,0.3657,0.36699,0.36821,0.36935,0.37044,0.37146,0.37242,0.37242,0.37242,0.37242]},"PercNotBFNotRecARVs":{"countryName":"Albania","countryCode":8,"<2":0.0,"2-3":3.3,"4-5":7.7,"6-7":21.9,"8-9":27.9,"10-11":29.4,"12-13":25.7,"14-15":49.1,"16-17":59.6,"18-19":65.1,"20-21":59.0,"22-23":79.8,"24-25":81.9,"26-27":92.4,"28-29":96.2,"30-31":96.6,"32-33":95.7,"34-35":98.5},"PercNotBFRecARVs":{"countryName":"Albania","countryCode":8,"<2":0.0,"2-3":3.3,"4-5":7.7,"6-7":21.9,"8-9":27.9,"10-11":29.4,"12-13":25.7,"14-15":49.1,"16-17":59.6,"18-19":65.1,"20-21":59.0,"22-23":79.8,"24-25":81.9,"26-27":92.4,"28-29":96.2,"30-31":96.6,"32-33":95.7,"34-35":98.5},"LocalAdjustmentFactor":{"countryName":"Albania","countryCode":8,"value":1.0},"NewARTPatAllocation":{"countryName":"Albania","countryCode":8,"NewARTPatAllocationMethod":3.0,"ExpectedMortality":0.2,"ProportionEligible":0.8}}