{"countryName":"Albania","subnatCode":0,"Incidence":{"countryName":"Albania","countryCode":8,"startYear":1970,"endYear":2020,"values":[0.0,0.0,0.0,0.0,0.0,0.0,0.0,0.0,1e-5,1e-5,1e-5,1e-5,2e-5,2e-5,3e-5,4e-5,5e-5,6e-5,8e-5,0.0001,0.00013,0.00017,0.00022,0.00028,0.00035,0.00045,0.00056,0.00071,0.00089,0.00111,0.00137,0.00168,0.00204,0.00245,0.00292,0.00343,0.00397,0.00453,0.0051,0.00563,0.00611,0.00652,0.00683,0.00702,0.00709,0.00704,0.00688,0.00661,0.00626,0.00586,0.00541]},"AdultARTMale":{"countryName":"Albania","countryCode":8,"startYear":2000,"endYear":2020,"values":[0.0,0.0,0.0,0.0,17.38047,21.58749,26.57836,36.41352,50.41708,37.73075,38.09053,46.12508,49.88002,44.036,44.82308,40.88833,41.39243,44.22191,40.9704,41.64454,45.02711]},"AdultARTFemale":{"countryName":"Albania","countryCode":8,"startYear":2000,"endYear":2020,"values":[0.0,0.0,0.0,0.0,25.34364,57.37037,57.13717,47.58563,63.98913,42.29559,43.25877,46.59364,57.18533,54.65479,53.03287,48.81261,45.72513,44.20462,47.46657,48.3444,52.88143]},"MedianCD4AtInit":{"countryName":"Albania","countryCode":8,"startYear":2000,"endYear":2020,"values":[0.0,0.0,0.0,0.0,0.0,0.0,0.0,0.0,0.0,0.0,0.0,0.0,0.0,0.0,0.0,0.0,0.0,0.0,0.0,0.0,0.0]},"PercLostToFollowup":{"countryName":"Albania","countryCode":8,"startYear":2000,"endYear":2020,"values":[0.0,0.0,0.0,0.0,0.0,0.0,0.0,0.0,0.0,0.0,0.0,0.0,0.0,0.0,0.0,0.0,0.0,0.0,0.0,0.0,0.0]},"ChildART":{"countryName":"Albania","countryCode":8,"startYear":2000,"endYear":2020,"values":[0.0,0.0,0.0,0.0,100.0,100.0,100.0,100.0,100.0,100.0,100.0,100.0,100.0,100.0,100.0,100.0,93.04982,89.4048,92.171,68.43692,54.14635]},"ChildCotrim":{"countryName":"Albania","countryCode":8,"startYear":2000,"endYear":2020,"values":[0.0,0.0,0.0,0.0,0.0,0.0,0.0,0.0,0.0,0.0,0.0,0.0,0.0,0.0,0.0,0.0,0.0,0.0,0.0,0.0,0.0]},"PMTCTSingleDoseNevirapine":{"countryName":"Albania","countryCode":8,"startYear":2000,"endYear":2020,"values":[0.0,0.0,0.0,0.0,0.0,0.0,0.0,0.0,0.0,0.0,0.0,0.0,0.0,0.0,0.0,0.0,0.0,0.0,0.0,0.0,0.0]},"PMTCTDualARV":{"countryName":"Albania","countryCode":8,"startYear":2000,"endYear":2020,"values":[0.0,0.0,0.0,0.0,0.0,0.0,0.0,0.0,0.0,0.0,0.0,0.0,0.0,0.0,0.0,0.0,0.0,0.0,0.0,0.0,0.0]},"PMTCTOptA":{"countryName":"Albania","countryCode":8,"startYear":2000,"endYear":2020,"values":[0.0,0.0,0.0,0.0,0.0,0.0,0.0,0.0,0.0,0.0,0.0,0.0,0.0,0.0,0.0,0.0,0.0,0.0,0.0,0.0,0.0]},"PMTCTOptB":{"countryName":"Albania","countryCode":8,"startYear":2000,"endYear":2020,"values":[0.0,0.0,0.0,0.0,0.0,0.0,0.0,0.0,0.0,0.0,0.0,0.0,0.0,30.00939,13.36373,24.37871,0.0,0.0,0.0,10.38066,0.0]},"PMTCTOptBPlusStartBefPreg":{"countryName":"Albania","countryCode":8,"startYear":2000,"endYear":2020,"values":[0.0,0.0,0.0,0.0,0.0,0.0,0.0,0.0,0.0,0.0,0.0,0.0,0.0,0.0,0.0,0.0,11.40205,21.71904,10.56599,10.38066,10.24901]},"PMTCTOptBPlusStartDurPregGT4Wks":{"countryName":"Albania","countryCode":8,"startYear":2000,"endYear":2020,"values":[0.0,0.0,0.0,0.0,0.0,0.0,0.0,0.0,0.0,0.0,0.0,0.0,16.92589,0.0,0.0,12.18935,11.40205,0.0,0.0,10.38066,0.0]},"PMTCTOptBPlusStartDurPregLT4Wks":{"countryName":"Albania","countryCode":8,"startYear":2000,"endYear":2020,"values":[0.0,0.0,0.0,0.0,0.0,0.0,0.0,0.0,0.0,0.0,0.0,0.0,0.0,0.0,0.0,0.0,0.0,0.0,0.0,0.0,0.0]},"PMTCTPostnatalOptA":{"countryName":"Albania","countryCode":8,"startYear":2000,"endYear":2020,"values":[0.0,0.0,0.0,0.0,0.0,0.0,0.0,0.0,0.0,0.0,0.0,0.0,0.0,0.0,0.0,0.0,0.0,0.0,0.0,0.0,0.0]},"PMTCTPostnatalOptB":{"countryName":"Albania","countryCode":8,"startYear":2000,"endYear":2020,"values":[0.0,0.0,0.0,0.0,0.0,0.0,0.0,0.0,0.0,0.0,0.0,0.0,0.0,0.0,0.0,0.0,0.0,0.0,0.0,0.0,0.0]},"PercentHIVPopEligible":{"countryName":"Albania","countryCode":8,"TB\/HIV":5,"TB\/HIV Year":2012,"DC":40,"DC Year":2015,"FSW":2,"FSW Year":2015,"MSM":5,"MSM Year":2015,"IDU":0.5,"IDU Year":2015,"Other":10,"Other Year":2015},"AdultHIVPrev":{"countryName":"Albania","countryCode":8,"startYear":1970,"endYear":2020,"values":[0.0,0.0,0.0,0.0,0.0,0.0,0.0,0.0,1e-5,2e-5,3e-5,4e-5,5e-5,7e-5,9e-5,0.00013,0.00017,0.00021,0.00028,0.00036,0.00046,0.00059,0.00077,0.001,0.00128,0.00165,0.00211,0.0027,0.00344,0.00435,0.00545,0.00676,0.00832,0.01016,0.01236,0.01504,0.01824,0.02191,0.02605,0.03059,0.03528,0.03987,0.04449,0.04909,0.05362,0.05783,0.06169,0.06508,0.06785,0.06991,0.07119]},"SexRatio":{"countryName":"Albania","countryCode":8,"startYear":1970,"endYear":2020,"values":[0.18038,0.1786,0.17683,0.17505,0.17328,0.17151,0.16974,0.16797,0.16621,0.16492,0.1646,0.16526,0.16688,0.16948,0.17306,0.17763,0.18317,0.18969,0.19715,0.20551,0.2147,0.22462,0.23515,0.24612,0.25734,0.26859,0.27967,0.29034,0.30042,0.30973,0.31815,0.32538,0.33144,0.33647,0.34063,0.34404,0.34683,0.34911,0.35096,0.35246,0.35368,0.35466,0.35546,0.3561,0.35661,0.35703,0.35736,0.35763,0.35763,0.35763,0.35763]},"PercNotBFNotRecARVs":{"countryName":"Albania","countryCode":8,"<2":0,"2-3":3.3,"4-5":7.7,"6-7":21.9,"8-9":27.9,"10-11":29.4,"12-13":25.7,"14-15":49.1,"16-17":59.6,"18-19":65.1,"20-21":59,"22-23":79.8,"24-25":81.9,"26-27":92.4,"28-29":96.2,"30-31":96.6,"32-33":95.7,"34-35":98.5},"PercNotBFRecARVs":{"countryName":"Albania","countryCode":8,"<2":0,"2-3":3.3,"4-5":7.7,"6-7":21.9,"8-9":27.9,"10-11":29.4,"12-13":25.7,"14-15":49.1,"16-17":59.6,"18-19":65.1,"20-21":59,"22-23":79.8,"24-25":81.9,"26-27":92.4,"28-29":96.2,"30-31":96.6,"32-33":95.7,"34-35":98.5},"LocalAdjustmentFactor":{"countryName":"Albania","countryCode":8,"value":1}}