{"countryCode":32,"subnatCode":0,"Incidence":{"countryName":"Argentina","countryCode":32,"startYear":1970,"endYear":2022,"values":[0.0,0.0,0.0,0.0,0.0,0.0,0.0,0.0,1e-5,2e-5,6e-5,0.00015,0.00036,0.00083,0.00184,0.00376,0.00704,0.01194,0.01816,0.02476,0.03045,0.0343,0.03612,0.03634,0.0356,0.03447,0.03334,0.03238,0.03144,0.02955,0.02839,0.02737,0.02685,0.02653,0.02629,0.0261,0.02594,0.02587,0.02546,0.02522,0.02486,0.02434,0.02381,0.02331,0.02277,0.02219,0.02157,0.0209,0.02017,0.01939,0.01838,0.01724,0.01606]},"AdultARTMale":{"countryName":"Argentina","countryCode":32,"startYear":2000,"endYear":2022,"values":[42.04023,47.7422,51.78154,55.08192,57.93166,60.18445,61.13738,65.37246,67.22534,59.72939,63.22082,66.60089,69.7884,63.23441,67.04984,69.33362,63.16655,65.41406,67.66145,70.31135,73.27456,76.26373,78.87751]},"AdultARTFemale":{"countryName":"Argentina","countryCode":32,"startYear":2000,"endYear":2022,"values":[55.13759,58.83363,62.47085,65.29687,67.81703,70.76338,72.32038,76.71642,78.38779,69.90151,73.08604,75.5135,77.3983,68.69396,68.68714,71.01613,65.75821,68.0669,70.35897,73.05255,76.05688,79.08134,81.69439]},"MedianCD4AtInit":{"countryName":"Argentina","countryCode":32,"startYear":2000,"endYear":2022,"values":[161.74646,162.59002,161.23177,159.05169,156.75599,155.1051,153.11961,152.14454,153.03561,198.36923,195.89639,191.40225,189.89198,242.45338,241.50635,238.90377,294.79289,294.51982,287.6178,281.96832,279.08174,278.46441,279.14277]},"PercLostToFollowup":{"countryName":"Argentina","countryCode":32,"startYear":2000,"endYear":2022,"values":[0.0,0.0,0.0,0.0,0.0,0.0,0.0,0.0,0.0,0.0,0.0,0.0,0.0,0.0,0.0,0.0,0.0,0.0,0.0,0.0,0.0,0.0,0.0]},"ChildART":{"countryName":"Argentina","countryCode":32,"startYear":2000,"endYear":2022,"values":[99.0,99.0,99.0,99.0,99.0,99.0,99.0,99.0,99.0,99.0,99.0,99.0,99.0,99.0,99.0,99.0,99.0,99.0,91.66028,91.5792,92.74439,90.16767,89.43686]},"ChildCotrim":{"countryName":"Argentina","countryCode":32,"startYear":2000,"endYear":2022,"values":[0.0,0.0,0.0,0.0,0.0,95.0,95.0,95.0,95.0,95.0,95.0,95.0,95.0,95.0,95.0,95.0,95.0,95.0,95.0,95.0,95.0,98.0,98.0]},"PMTCTSingleDoseNevirapine":{"countryName":"Argentina","countryCode":32,"startYear":2000,"endYear":2022,"values":[0.0,0.0,0.0,0.0,0.0,0.0,0.0,0.0,0.0,0.0,0.0,0.0,0.0,0.0,0.0,0.0,0.0,0.0,0.0,0.0,0.0,0.0,0.0]},"PMTCTDualARV":{"countryName":"Argentina","countryCode":32,"startYear":2000,"endYear":2022,"values":[0.0,0.0,0.0,0.0,0.0,0.0,0.0,0.0,0.0,0.0,0.0,0.0,0.0,0.0,0.0,0.0,0.0,0.0,0.0,0.0,0.0,0.0,0.0]},"PMTCTOptA":{"countryName":"Argentina","countryCode":32,"startYear":2000,"endYear":2022,"values":[0.0,0.0,0.0,0.0,0.0,0.0,0.0,0.0,0.0,0.0,0.0,0.0,0.0,0.0,0.0,0.0,0.0,0.0,0.0,0.0,0.0,0.0,0.0]},"PMTCTOptB":{"countryName":"Argentina","countryCode":32,"startYear":2000,"endYear":2022,"values":[0.0,0.0,0.0,0.0,0.0,0.0,0.0,0.0,0.0,0.0,0.0,0.0,0.0,0.0,0.0,0.0,0.0,0.0,0.0,0.0,0.0,0.0,0.0]},"PMTCTOptBPlusStartBefPreg":{"countryName":"Argentina","countryCode":32,"startYear":2000,"endYear":2022,"values":[4.0,4.0,5.0,5.0,5.0,6.0,6.0,7.0,7.0,8.0,8.0,10.0,14.0,18.0,23.0,29.0,35.0,38.0,40.0,40.0,40.0,40.0,40.0]},"PMTCTOptBPlusStartDurPregGT4Wks":{"countryName":"Argentina","countryCode":32,"startYear":2000,"endYear":2022,"values":[30.0,35.0,39.0,45.0,49.0,54.0,58.0,63.0,67.0,73.0,77.0,80.0,76.0,71.0,68.0,63.0,58.0,56.0,55.0,55.0,55.0,55.0,55.0]},"PMTCTOptBPlusStartDurPregLT4Wks":{"countryName":"Argentina","countryCode":32,"startYear":2000,"endYear":2022,"values":[4.0,5.0,5.0,6.0,6.0,7.0,7.0,8.0,8.0,9.0,9.0,5.0,5.0,5.0,5.0,4.0,3.0,3.0,3.0,3.0,3.0,3.0,3.0]},"PMTCTPostnatalOptA":{"countryName":"Argentina","countryCode":32,"startYear":2000,"endYear":2022,"values":[0.0,0.0,0.0,0.0,0.0,0.0,0.0,0.0,0.0,0.0,0.0,0.0,0.0,0.0,0.0,0.0,0.0,0.0,0.0,0.0,0.0,0.0,0.0]},"PMTCTPostnatalOptB":{"countryName":"Argentina","countryCode":32,"startYear":2000,"endYear":2022,"values":[0.0,0.0,0.0,0.0,0.0,0.0,0.0,0.0,0.0,0.0,0.0,0.0,0.0,0.0,0.0,0.0,0.0,0.0,0.0,0.0,0.0,0.0,0.0]},"PercentHIVPopEligible":{"countryName":"Argentina","countryCode":32,"TB\/HIV":5,"TB\/HIV Year":1997,"DC":43.5,"DC Year":2013,"FSW":1.78,"FSW Year":2015,"MSM":0.02,"MSM Year":2015,"IDU":5.35,"IDU Year":2015,"Other":10,"Other Year":2015},"AdultHIVPrev":{"countryName":"Argentina","countryCode":32,"startYear":1970,"endYear":2022,"values":[0.0,0.0,0.0,0.0,0.0,0.0,0.0,0.0,1e-5,3e-5,9e-5,0.00023,0.00058,0.00138,0.00315,0.00675,0.01345,0.0247,0.04158,0.06413,0.09108,0.12023,0.14934,0.17663,0.2011,0.22238,0.24051,0.25575,0.27088,0.28588,0.30013,0.31347,0.3259,0.33745,0.34815,0.35792,0.36685,0.37521,0.38295,0.38996,0.39617,0.40164,0.40646,0.41042,0.41323,0.41498,0.41566,0.41507,0.4133,0.41034,0.40611,0.40074,0.39434]},"SexRatio":{"countryName":"Argentina","countryCode":32,"startYear":1970,"endYear":2022,"values":[0.41,0.41,0.41,0.41,0.41,0.41,0.41,0.41,0.41,0.41,0.41,0.42,0.43,0.44,0.45,0.46,0.47,0.47,0.48,0.48,0.49,0.49,0.5,0.5,0.51,0.51,0.51,0.51,0.52,0.52,0.52,0.52,0.52,0.52,0.53,0.53,0.53,0.53,0.53,0.53,0.53,0.53,0.53,0.53,0.53,0.53,0.53,0.53,0.53,0.53,0.53,0.53,0.53]},"PercNotBFNotRecARVs":{"countryName":"Argentina","countryCode":32,"<2":5,"2-3":25.5,"4-5":46,"6-7":70,"8-9":73.33,"10-11":76.67,"12-13":80,"14-15":83.33,"16-17":86.67,"18-19":90,"20-21":93.33,"22-23":96.67,"24-25":100,"26-27":100,"28-29":100,"30-31":100,"32-33":100,"34-35":100},"PercNotBFRecARVs":{"countryName":"Argentina","countryCode":32,"<2":100,"2-3":100,"4-5":100,"6-7":100,"8-9":100,"10-11":100,"12-13":100,"14-15":100,"16-17":100,"18-19":100,"20-21":100,"22-23":100,"24-25":100,"26-27":100,"28-29":100,"30-31":100,"32-33":100,"34-35":100},"LocalAdjustmentFactor":{"countryName":"Argentina","countryCode":32,"value":1.22},"NewARTPatAllocation":{"countryName":"Argentina","countryCode":32,"NewARTPatAllocationMethod":3,"ExpectedMortality":0.2,"ProportionEligible":0.8,"NotDefault":0}}