{"countryCode":51,"subnatCode":0,"Incidence":{"countryName":"Armenia","countryCode":51,"startYear":1970,"endYear":2023,"values":[0.0,0.0,0.0,0.0,0.0,0.0,0.0,0.0,0.0,0.0,0.0,0.0,0.0,0.0,0.0,0.0,0.0,0.0,0.0,9.72515692356571e-6,1.98696041705863e-5,2.97329809673216e-5,5.12683748208288e-5,0.000101302615047368,0.000171826895189383,0.000289876238500111,0.000470241500293224,0.000750999387037166,0.00115169874575915,0.00170281026355587,0.00244369948479503,0.00340180595227213,0.00458225015299286,0.00599797450105452,0.00763122368003048,0.00947146574645409,0.0114804874322683,0.0136121244418387,0.0158337395335963,0.0180670824817249,0.0202631940935004,0.0223668888143724,0.024378792462194,0.0262869350820636,0.0280507519755162,0.0296681632728268,0.0310420410750422,0.0323636564848174,0.0335367653915219,0.0345618113697536,0.035358852497739,0.0362048066942246,0.036789277280343,0.0373862319291253]},"AdultARTMale":{"countryName":"Armenia","countryCode":51,"startYear":2000,"endYear":2023,"values":[0.0,0.0,0.0,0.0,0.0,22.5110503676566,27.2934944701905,32.7987142903998,31.3216247253407,27.9806056113863,32.4120052215226,28.9869000800208,26.9556743728053,24.1345215882835,27.182810449322,30.6073403559582,34.5831482562464,33.4368907502765,38.4475462964066,42.3413583134747,41.3078377013856,44.254580908341,49.5709252787806,51.4841786304444]},"AdultARTFemale":{"countryName":"Armenia","countryCode":51,"startYear":2000,"endYear":2023,"values":[0.0,0.0,0.0,0.0,0.0,12.5743576782329,15.9774708530988,20.324046598974,20.5587191712369,18.8233865397606,24.6716410177545,22.8117071506033,34.6150086642971,31.0891889018413,34.8165573620191,39.7403594735762,45.9079761153841,45.1022473946075,49.3305494678516,51.9680032001054,50.4831795038735,53.9645762672572,57.4453716343933,57.9142827816111]},"PercLostToFollowup":{"countryName":"Armenia","countryCode":51,"startYear":2000,"endYear":2023,"values":[5.0,5.0,5.0,5.0,5.0,5.0,5.0,5.0,5.0,5.0,5.0,5.0,5.0,5.0,5.0,5.0,5.0,5.0,5.0,5.0,5.0,5.0,5.0,5.0]},"ChildART":{"countryName":"Armenia","countryCode":51,"startYear":2000,"endYear":2023,"values":[0.0,0.0,0.0,0.0,0.0,100.0,100.0,76.360942904923,50.8219174601239,74.8106222533814,82.9021042212094,68.9771071252098,64.8956477983403,68.8728634489877,84.5949859216134,93.5713372279803,85.0997198517222,67.2974370351255,64.137383159381,71.4125267959277,100.0,100.0,100.0,100.0]},"ChildCotrim":{"countryName":"Armenia","countryCode":51,"startYear":2000,"endYear":2023,"values":[0.0,0.0,0.0,0.0,0.0,0.0,5.31837946850243,8.06124937273403,3.39116513312527,2.41583356646127,13.9226383956665,13.2434794782826,13.1566854099313,13.8626989773834,15.4793322277994,24.1307856407347,22.4529708636825,38.1757472172687,48.0912931654641,47.8927708506169,48.8829450061555,45.0,48.88889,52.77778]},"PMTCTSingleDoseNevirapine":{"countryName":"Armenia","countryCode":51,"startYear":2000,"endYear":2023,"values":[0.0,0.0,0.0,0.0,0.0,0.0,0.0,0.0,0.0,0.0,0.0,0.0,0.0,0.0,0.0,0.0,0.0,0.0,0.0,0.0,0.0,0.0,0.0,0.0]},"PMTCTDualARV":{"countryName":"Armenia","countryCode":51,"startYear":2000,"endYear":2023,"values":[0.0,0.0,0.0,0.0,0.0,0.0,0.0,0.0,0.0,0.0,0.0,0.0,0.0,0.0,0.0,0.0,0.0,0.0,0.0,0.0,0.0,0.0,0.0,0.0]},"PMTCTOptA":{"countryName":"Armenia","countryCode":51,"startYear":2000,"endYear":2023,"values":[0.0,0.0,0.0,0.0,0.0,0.0,0.0,0.0,0.0,0.0,0.0,0.0,0.0,0.0,0.0,0.0,0.0,0.0,0.0,0.0,0.0,0.0,0.0,0.0]},"PMTCTOptB":{"countryName":"Armenia","countryCode":51,"startYear":2000,"endYear":2023,"values":[0.0,0.0,0.0,0.0,0.0,0.0,62.0526117501053,33.0427553428483,33.5435020086967,19.7186464647819,42.5940389255305,43.7949582618407,41.1007800611896,26.617737350364,39.382575730724,44.6980912127129,26.630798785103,5.80085547149257,0.0,0.0,0.0,0.0,0.0,0.0]},"PMTCTOptBPlusStartBefPreg":{"countryName":"Armenia","countryCode":51,"startYear":2000,"endYear":2023,"values":[0.0,0.0,0.0,0.0,0.0,0.0,0.0,0.0,0.0,0.0,0.0,0.0,0.0,2.95752637226266,0.0,2.23490456063564,7.60879965288656,17.4025664144777,14.3756622912542,30.3171458796859,31.9752238490759,38.7914283638692,44.2265173352639,44.2749606239818]},"PMTCTOptBPlusStartDurPregGT4Wks":{"countryName":"Armenia","countryCode":51,"startYear":2000,"endYear":2023,"values":[0.0,0.0,0.0,0.0,0.0,0.0,0.0,0.0,0.0,3.94372929295638,7.74437071373282,6.25642260883438,6.3231969324907,8.87257911678798,10.5020201948597,13.4094273638139,20.924199045438,48.3404622624381,39.5330713009489,43.8706934494278,49.097428612429,38.7914283638692,35.7214178477131,36.0758938417629]},"PMTCTOptBPlusStartDurPregLT4Wks":{"countryName":"Armenia","countryCode":51,"startYear":2000,"endYear":2023,"values":[0.0,0.0,0.0,0.0,0.0,0.0,0.0,0.0,0.0,0.0,0.0,0.0,0.0,0.0,0.0,0.0,0.0,0.0,5.39087335922031,7.13344608933785,6.85919958555994,3.52649348762448,0.0,1.63981335644377]},"AdultHIVPrev":{"countryName":"Armenia","countryCode":51,"startYear":1970,"endYear":2023,"values":[0.0,0.0,0.0,0.0,0.0,0.0,0.0,0.0,0.0,0.0,0.0,0.0,0.0,0.0,0.0,0.0,0.0,0.0,0.0,9.87194657139764e-6,2.90992801639181e-5,5.70782013189855e-5,0.000102407948735976,0.000193682881409395,0.000347615986834002,0.000609869982138513,0.00103204197834227,0.00170169610605708,0.00271686397886793,0.00419839471393796,0.00629645957928967,0.00918593207746272,0.0130103513288013,0.0179304267188948,0.0240461722506428,0.0315818772949948,0.0407387343968803,0.0515053643172902,0.0639362035917522,0.0779235332634879,0.0934199062483447,0.110155488859395,0.127938379156103,0.14669327815966,0.166162445295974,0.186332934880037,0.207407496513096,0.2288518902386,0.250435744770161,0.27189842419109,0.292830904490278,0.314137401514599,0.335327292506721,0.356188662939725]},"SexRatio":{"countryName":"Armenia","countryCode":51,"startYear":1970,"endYear":2023,"values":[0.25035,0.25035,0.25035,0.25035,0.25035,0.25035,0.25035,0.25035,0.25035,0.25035,0.25035,0.25401,0.25765,0.26126,0.26484,0.26839,0.27191,0.27539,0.27884,0.28224,0.28561,0.28894,0.29223,0.29547,0.29867,0.30182,0.30493,0.30798,0.31099,0.31395,0.31686,0.31972,0.32253,0.32529,0.328,0.33065,0.33326,0.33581,0.33831,0.34075,0.34315,0.34549,0.34778,0.35002,0.35221,0.35435,0.35644,0.35848,0.36047,0.36241,0.3643,0.3643,0.3643,0.3643]},"PercNotBFNotRecARVs":{"countryName":"Armenia","countryCode":51,"<2":100.0,"2-3":100.0,"4-5":100.0,"6-7":100.0,"8-9":100.0,"10-11":100.0,"12-13":100.0,"14-15":100.0,"16-17":100.0,"18-19":100.0,"20-21":100.0,"22-23":100.0,"24-25":100.0,"26-27":100.0,"28-29":100.0,"30-31":100.0,"32-33":100.0,"34-35":100.0},"PercNotBFRecARVs":{"countryName":"Armenia","countryCode":51,"<2":100.0,"2-3":100.0,"4-5":100.0,"6-7":100.0,"8-9":100.0,"10-11":100.0,"12-13":100.0,"14-15":100.0,"16-17":100.0,"18-19":100.0,"20-21":100.0,"22-23":100.0,"24-25":100.0,"26-27":100.0,"28-29":100.0,"30-31":100.0,"32-33":100.0,"34-35":100.0},"LocalAdjustmentFactor":{"countryName":"Armenia","countryCode":51,"value":1.58},"NewARTPatAllocation":{"countryName":"Armenia","countryCode":51,"NewARTPatAllocationMethod":3.0,"ExpectedMortality":0.2,"ProportionEligible":0.8}}