{"countryCode":36,"subnatCode":0,"Incidence":{"countryName":"Australia","countryCode":36,"startYear":1970,"endYear":2022,"values":[0.0,0.0,0.0,0.0,0.0,0.0,0.0,0.0,0.0,0.0,0.00375,0.00971,0.01363,0.01584,0.01666,0.01643,0.0154,0.01388,0.0121,0.01032,0.00877,0.00758,0.00676,0.00622,0.00594,0.00585,0.00592,0.00613,0.00642,0.00677,0.00713,0.00748,0.00777,0.00804,0.00825,0.00842,0.00855,0.00863,0.0087,0.00875,0.00879,0.00883,0.00887,0.00886,0.00879,0.00859,0.00822,0.00767,0.00687,0.00581,0.00442,0.0027,0.00268]},"AdultARTMale":{"countryName":"Australia","countryCode":36,"startYear":2000,"endYear":2022,"values":[87.52179,87.00532,80.5678,78.44412,77.42414,80.51947,84.29437,83.38837,80.9383,72.84012,78.85345,81.86113,84.97993,84.76006,88.4593,90.78708,82.45487,82.77313,82.49211,83.23305,83.08806,83.23916,84.0]},"AdultARTFemale":{"countryName":"Australia","countryCode":36,"startYear":2000,"endYear":2022,"values":[99.0,99.0,96.57337,90.96022,86.93605,87.81173,89.65511,87.00023,83.04095,72.40746,77.82113,80.41189,83.08024,77.02039,79.52202,84.12963,78.83279,79.97189,80.85251,83.36576,84.10097,84.0981,85.0]},"MedianCD4AtInit":{"countryName":"Australia","countryCode":36,"startYear":2000,"endYear":2022,"values":[160.83407,160.76521,157.47592,110.21251,92.67564,99.16346,120.63231,111.53679,91.24479,88.36042,125.20616,144.05776,163.74493,241.63259,278.9123,300.285,305.90477,308.12949,290.91411,291.15248,267.61914,221.12658,185.34012]},"PercLostToFollowup":{"countryName":"Australia","countryCode":36,"startYear":2000,"endYear":2022,"values":[0.0,0.0,0.0,0.0,0.0,0.0,0.0,0.0,0.0,0.0,0.0,0.0,0.0,0.0,0.0,0.0,0.0,0.0,0.0,0.0,0.0,0.0,0.0]},"ChildART":{"countryName":"Australia","countryCode":36,"startYear":2000,"endYear":2022,"values":[90.0,90.0,90.0,90.0,90.0,90.0,90.0,90.0,90.0,90.0,90.0,90.0,90.0,90.0,90.0,95.0,95.0,95.0,95.0,95.0,95.0,95.0,95.0]},"ChildCotrim":{"countryName":"Australia","countryCode":36,"startYear":2000,"endYear":2022,"values":[0.0,0.0,0.0,0.0,0.0,0.0,0.0,0.0,0.0,0.0,0.0,0.0,0.0,0.0,0.0,0.0,0.0,99.0,99.0,99.0,99.0,99.0,99.0]},"PMTCTSingleDoseNevirapine":{"countryName":"Australia","countryCode":36,"startYear":2000,"endYear":2022,"values":[0.0,0.0,0.0,0.0,0.0,0.0,0.0,0.0,0.0,0.0,0.0,0.0,0.0,0.0,0.0,0.0,0.0,0.0,0.0,0.0,0.0,0.0,0.0]},"PMTCTDualARV":{"countryName":"Australia","countryCode":36,"startYear":2000,"endYear":2022,"values":[0.0,0.0,0.0,0.0,0.0,0.0,0.0,0.0,0.0,0.0,0.0,0.0,0.0,0.0,0.0,0.0,0.0,0.0,0.0,0.0,0.0,0.0,0.0]},"PMTCTOptA":{"countryName":"Australia","countryCode":36,"startYear":2000,"endYear":2022,"values":[0.0,0.0,0.0,0.0,0.0,0.0,0.0,0.0,0.0,0.0,0.0,0.0,0.0,0.0,0.0,0.0,0.0,0.0,0.0,0.0,0.0,0.0,0.0]},"PMTCTOptB":{"countryName":"Australia","countryCode":36,"startYear":2000,"endYear":2022,"values":[0.0,0.0,0.0,0.0,0.0,0.0,0.0,0.0,0.0,0.0,0.0,0.0,0.0,0.0,0.0,0.0,0.0,0.0,0.0,0.0,0.0,0.0,0.0]},"PMTCTOptBPlusStartBefPreg":{"countryName":"Australia","countryCode":36,"startYear":2000,"endYear":2022,"values":[0.0,0.0,0.0,0.0,0.0,0.0,0.0,0.0,0.0,0.0,0.0,0.0,0.0,0.0,0.0,0.0,0.0,100.0,100.0,100.0,100.0,100.0,100.0]},"PMTCTOptBPlusStartDurPregGT4Wks":{"countryName":"Australia","countryCode":36,"startYear":2000,"endYear":2022,"values":[100.0,100.0,100.0,100.0,100.0,100.0,100.0,100.0,100.0,100.0,100.0,100.0,100.0,100.0,100.0,100.0,100.0,0.0,0.0,0.0,0.0,0.0,0.0]},"PMTCTOptBPlusStartDurPregLT4Wks":{"countryName":"Australia","countryCode":36,"startYear":2000,"endYear":2022,"values":[0.0,0.0,0.0,0.0,0.0,0.0,0.0,0.0,0.0,0.0,0.0,0.0,0.0,0.0,0.0,0.0,0.0,0.0,0.0,0.0,0.0,0.0,0.0]},"PMTCTPostnatalOptA":{"countryName":"Australia","countryCode":36,"startYear":2000,"endYear":2022,"values":[0.0,0.0,0.0,0.0,0.0,0.0,0.0,0.0,0.0,0.0,0.0,0.0,0.0,0.0,0.0,0.0,0.0,0.0,0.0,0.0,0.0,0.0,0.0]},"PMTCTPostnatalOptB":{"countryName":"Australia","countryCode":36,"startYear":2000,"endYear":2022,"values":[0.0,0.0,0.0,0.0,0.0,0.0,0.0,0.0,0.0,0.0,0.0,0.0,0.0,0.0,0.0,0.0,0.0,0.0,0.0,0.0,0.0,0.0,0.0]},"PercentHIVPopEligible":{"countryName":"Australia","countryCode":36,"TB\/HIV":5,"TB\/HIV Year":2009,"DC":40,"DC Year":2011,"FSW":2,"FSW Year":2015,"MSM":5,"MSM Year":2015,"IDU":0.5,"IDU Year":2015,"Other":10,"Other Year":2015},"AdultHIVPrev":{"countryName":"Australia","countryCode":36,"startYear":1970,"endYear":2022,"values":[0.0,0.0,0.0,0.0,0.0,0.0,0.0,0.0,0.0,0.0,0.00372,0.01321,0.02617,0.04069,0.05519,0.06849,0.07968,0.08825,0.09398,0.09701,0.0977,0.09659,0.0942,0.09095,0.08723,0.0834,0.08282,0.08457,0.08692,0.0895,0.09218,0.09438,0.09709,0.09968,0.10206,0.10428,0.10636,0.1069,0.10719,0.10736,0.10772,0.10839,0.11041,0.11134,0.11231,0.11419,0.11488,0.11725,0.11884,0.1196,0.11852,0.11468,0.11015]},"SexRatio":{"countryName":"Australia","countryCode":36,"startYear":1970,"endYear":2022,"values":[0.03,0.03,0.03,0.03,0.03,0.03,0.03,0.03,0.03,0.03,0.03,0.03,0.03,0.03,0.04,0.04,0.05,0.06,0.07,0.09,0.11,0.13,0.15,0.17,0.18,0.19,0.19,0.18,0.18,0.17,0.16,0.15,0.15,0.15,0.14,0.14,0.14,0.14,0.13,0.13,0.12,0.12,0.11,0.11,0.1,0.1,0.1,0.1,0.11,0.12,0.15,0.14,0.13]},"PercNotBFNotRecARVs":{"countryName":"Australia","countryCode":36,"<2":100,"2-3":100,"4-5":100,"6-7":100,"8-9":100,"10-11":100,"12-13":100,"14-15":100,"16-17":100,"18-19":100,"20-21":100,"22-23":100,"24-25":100,"26-27":100,"28-29":100,"30-31":100,"32-33":100,"34-35":100},"PercNotBFRecARVs":{"countryName":"Australia","countryCode":36,"<2":100,"2-3":100,"4-5":100,"6-7":100,"8-9":100,"10-11":100,"12-13":100,"14-15":100,"16-17":100,"18-19":100,"20-21":100,"22-23":100,"24-25":100,"26-27":100,"28-29":100,"30-31":100,"32-33":100,"34-35":100},"LocalAdjustmentFactor":{"countryName":"Australia","countryCode":36,"value":1},"NewARTPatAllocation":{"countryName":"Australia","countryCode":36,"NewARTPatAllocationMethod":3,"ExpectedMortality":0.85,"ProportionEligible":0.15,"NotDefault":1}}