{"countryCode":31,"subnatCode":0,"Incidence":{"countryName":"Azerbaijan","countryCode":31,"startYear":1970,"endYear":2023,"values":[0.0,0.0,0.0,0.0,0.0,0.0,0.0,0.0,0.0,0.0,0.0,0.0,0.0,0.0,0.0,0.0,0.0,0.0024643327253857,0.000758246209460002,0.00109189216574255,0.00135865263457311,0.00181410183888111,0.00252109724264744,0.00351583535859108,0.00506375061419004,0.00732700000008556,0.0102231099881237,0.0136022059422821,0.0169855121658442,0.0189202029101495,0.0197716688038554,0.0197533304718675,0.0187517321632771,0.0176794830384805,0.0160457905430704,0.0151816891290466,0.0142159139619603,0.0137201050712423,0.0132553213680905,0.0129580771571731,0.0125975520771118,0.0117098052704373,0.0108502340972597,0.0107086513993239,0.0100258031881982,0.00944406807946536,0.00894122337700657,0.0086827791759217,0.00900445458195596,0.00859735517321802,0.0082246446788676,0.00762496487570485,0.00758451750289042,0.00796934032363795]},"AdultARTMale":{"countryName":"Azerbaijan","countryCode":31,"startYear":2000,"endYear":2023,"values":[0.0,0.0,0.0,0.0,0.0,0.60438,0.228953469488756,3.02195590932398,5.52232403930471,5.48357998822071,9.74346594855897,15.4048766672358,18.3171896333955,18.0431367048307,23.5409477794444,29.3074377422476,28.0072270226639,32.4909509321822,38.7757921699364,47.9563399960522,52.3572297616672,57.3404774219032,57.7296023581276,66.4687899795586]},"AdultARTFemale":{"countryName":"Azerbaijan","countryCode":31,"startYear":2000,"endYear":2023,"values":[0.0,0.0,0.0,0.0,0.0,1.57388,1.03640743871075,5.68811321563663,10.1274679750608,7.96860856964884,11.6633417811632,16.6584529388043,22.1776479134859,22.036655566506,33.95216583291,43.6936196895007,42.9013716983525,51.3046826084207,59.8962097534031,70.1179858686087,73.7421624695086,77.9419332362625,79.4674075611773,85.6887102610505]},"PercLostToFollowup":{"countryName":"Azerbaijan","countryCode":31,"startYear":2000,"endYear":2023,"values":[5.0,5.0,5.0,5.0,5.0,5.0,5.0,5.0,5.0,5.0,5.0,5.0,5.0,5.0,5.0,5.0,5.0,5.0,5.0,5.0,5.0,5.0,5.0,5.0]},"ChildART":{"countryName":"Azerbaijan","countryCode":31,"startYear":2000,"endYear":2023,"values":[0.0,0.0,0.0,0.0,0.0,0.0,0.0,0.0,0.0,7.79326443741203,15.9966840651342,26.6909851197758,37.8393523416453,59.0618517038934,88.8295563851954,98.1804339188408,100.0,100.0,100.0,100.0,100.0,100.0,100.0,100.0]},"ChildCotrim":{"countryName":"Azerbaijan","countryCode":31,"startYear":2000,"endYear":2023,"values":[0.0,0.0,0.0,0.0,0.0,0.0,8.74844361823246,10.0725988860083,15.3124322167213,17.5141971541648,14.4017358892325,17.48829086059,22.2342534237971,32.1720811552198,31.1496013086124,37.6564022459205,35.4922934500416,40.6698348919935,38.1298376806001,43.0374725402213,42.7944824190756,33.2141510178307,39.1048890887583,34.9520384096016]},"PMTCTSingleDoseNevirapine":{"countryName":"Azerbaijan","countryCode":31,"startYear":2000,"endYear":2023,"values":[0.0,0.0,0.0,0.0,0.0,0.0,0.0,0.0,0.0,0.0,0.0,0.0,0.0,0.0,0.0,0.0,0.0,0.0,0.0,0.0,0.0,0.0,0.0,0.0]},"PMTCTDualARV":{"countryName":"Azerbaijan","countryCode":31,"startYear":2000,"endYear":2023,"values":[0.0,0.0,0.0,0.0,0.0,0.0,0.0,0.0,0.0,0.0,0.0,0.0,0.0,0.0,0.0,0.0,0.0,0.0,0.0,0.0,0.0,0.0,0.0,0.0]},"PMTCTOptA":{"countryName":"Azerbaijan","countryCode":31,"startYear":2000,"endYear":2023,"values":[0.0,0.0,0.0,0.0,0.0,0.0,0.0,0.0,0.0,0.0,0.0,0.0,0.0,0.0,0.0,0.0,0.0,0.0,0.0,0.0,0.0,0.0,0.0,0.0]},"PMTCTOptB":{"countryName":"Azerbaijan","countryCode":31,"startYear":2000,"endYear":2023,"values":[0.0,0.0,0.0,0.0,0.0,0.0,0.0,0.0,1.20066915693454,6.07122665977623,13.5654379771219,14.0760253808653,20.0601829087478,26.0733313578061,43.1858843852181,0.0,0.0,0.0,0.0,0.0,0.0,0.0,0.0,0.0]},"PMTCTOptBPlusStartBefPreg":{"countryName":"Azerbaijan","countryCode":31,"startYear":2000,"endYear":2023,"values":[0.0,0.0,0.0,0.0,0.0,0.0,0.0,0.0,0.0,0.0,0.0,0.0,0.0,0.0,0.0,14.0661747881634,18.2359180720987,50.1520652411499,56.3745903614215,38.562637291753,62.6506024096386,60.0783797561894,54.3461088817972,34.3568536960467]},"PMTCTOptBPlusStartDurPregGT4Wks":{"countryName":"Azerbaijan","countryCode":31,"startYear":2000,"endYear":2023,"values":[0.0,0.0,0.0,0.0,0.0,0.0,0.0,0.0,0.0,0.0,0.0,0.0,0.0,0.0,0.0,36.3376182027555,43.766203373037,44.5796135476888,32.214051635098,22.2027305619184,32.5301204819277,17.5228607622219,12.638629972511,24.1770451935143]},"PMTCTOptBPlusStartDurPregLT4Wks":{"countryName":"Azerbaijan","countryCode":31,"startYear":2000,"endYear":2023,"values":[0.0,0.0,0.0,0.0,0.0,0.0,0.0,0.0,0.0,0.0,0.0,0.0,0.0,0.0,0.0,3.51654369704085,6.07863935736625,2.78622584673055,1.34225215146242,4.67425906566703,4.81927710843374,1.25163291158728,0.0,2.54495212563309]},"AdultHIVPrev":{"countryName":"Azerbaijan","countryCode":31,"startYear":1970,"endYear":2023,"values":[0.0,0.0,0.0,0.0,0.0,0.0,0.0,0.0,0.0,0.0,0.0,0.0,0.0,0.0,0.0,0.0,0.0,0.00242888971905383,0.0030777139086956,0.0039920779759431,0.00510890496531017,0.00657977332786391,0.00861823472329141,0.011456081593536,0.0155478963745599,0.0214911963785031,0.0297476958187724,0.0405674483058097,0.0536784494641023,0.0676841754341833,0.0812600159389177,0.0934860944679616,0.103365846498615,0.111034295552807,0.116187436678365,0.119896500064967,0.122051282199059,0.123582421606081,0.124920300880538,0.125885775141881,0.126908024658648,0.127837001325667,0.128418524342513,0.129286516275008,0.130192251331822,0.131221863433072,0.132131244888954,0.132941954931643,0.134251935901604,0.1354398878466,0.1364385287469,0.136648456421237,0.136588302160542,0.136688560375308]},"SexRatio":{"countryName":"Azerbaijan","countryCode":31,"startYear":1970,"endYear":2023,"values":[0.0,0.0,0.0,0.0,0.0,0.0,0.0,0.0,0.0,0.0,13.13177,0.94104,0.87497,0.86453,0.81556,0.81227,0.80507,0.97476,0.79664,0.7094,0.6083,0.50622,0.4086,0.32013,0.2546,0.2087,0.17932,0.16014,0.15317,0.15122,0.15423,0.16102,0.16697,0.17215,0.18699,0.1978,0.20594,0.21339,0.22097,0.22962,0.23919,0.24981,0.26067,0.27227,0.28493,0.2991,0.31507,0.33215,0.3523,0.3745,0.39434,0.41088,0.42603,0.44603]},"PercNotBFNotRecARVs":{"countryName":"Azerbaijan","countryCode":31,"<2":10.3,"2-3":14.7,"4-5":28.3,"6-7":39.3,"8-9":51.4,"10-11":64.8,"12-13":64.2,"14-15":69.6,"16-17":60.2,"18-19":86.2,"20-21":86.0,"22-23":81.2,"24-25":83.3,"26-27":85.1,"28-29":97.0,"30-31":92.1,"32-33":96.6,"34-35":99.1},"PercNotBFRecARVs":{"countryName":"Azerbaijan","countryCode":31,"<2":10.3,"2-3":14.7,"4-5":28.3,"6-7":39.3,"8-9":51.4,"10-11":64.8,"12-13":64.2,"14-15":69.6,"16-17":60.2,"18-19":86.2,"20-21":86.0,"22-23":81.2,"24-25":83.3,"26-27":85.1,"28-29":97.0,"30-31":92.1,"32-33":96.6,"34-35":99.1},"LocalAdjustmentFactor":{"countryName":"Azerbaijan","countryCode":31,"value":1.79939},"NewARTPatAllocation":{"countryName":"Azerbaijan","countryCode":31,"NewARTPatAllocationMethod":3.0,"ExpectedMortality":0.5,"ProportionEligible":0.5}}