{"countryName":"Azerbaijan","subnatCode":0,"Incidence":{"countryName":"Azerbaijan","countryCode":31,"startYear":1970,"endYear":2020,"values":[0.0,0.0,0.0,0.0,0.0,0.0,0.0,0.0,0.0,0.0,0.0,4e-5,9e-5,0.00015,0.00017,0.00027,0.00032,0.0004,0.00053,0.00066,0.00077,0.00116,0.00173,0.00267,0.00432,0.0063,0.00985,0.01328,0.0169,0.02086,0.02399,0.02293,0.02217,0.01999,0.01719,0.0171,0.01588,0.01484,0.01315,0.01264,0.01141,0.01086,0.01029,0.00981,0.00934,0.009,0.00854,0.00807,0.00754,0.00703,0.0066]},"AdultARTMale":{"countryName":"Azerbaijan","countryCode":31,"startYear":2000,"endYear":2020,"values":[0.0,0.0,0.0,0.0,0.0,0.60438,0.29784,4.65911,8.7775,9.25854,16.07231,24.96284,32.28498,30.72102,28.24576,35.22855,33.19231,41.60131,48.41759,54.97497,59.85469]},"AdultARTFemale":{"countryName":"Azerbaijan","countryCode":31,"startYear":2000,"endYear":2020,"values":[0.0,0.0,0.0,0.0,0.0,1.57388,0.47002,2.78361,5.73232,5.17709,7.83776,11.35788,15.3779,15.80636,19.51243,26.05343,26.42109,33.00207,39.6815,46.04522,49.78009]},"MedianCD4AtInit":{"countryName":"Azerbaijan","countryCode":31,"startYear":2000,"endYear":2020,"values":[0.0,0.0,0.0,0.0,0.0,0.0,0.0,0.0,0.0,0.0,0.0,0.0,0.0,0.0,0.0,0.0,0.0,0.0,0.0,0.0,0.0]},"PercLostToFollowup":{"countryName":"Azerbaijan","countryCode":31,"startYear":2000,"endYear":2020,"values":[0.0,0.0,0.0,0.0,0.0,0.0,37.5,46.8,48.2,46.7,43.4,40.5,36.4,27.3,25.4,25.4,25.4,24.1,21.9,19.7,17.5]},"ChildART":{"countryName":"Azerbaijan","countryCode":31,"startYear":2000,"endYear":2020,"values":[0.0,0.0,0.0,0.0,0.0,0.0,0.0,0.0,0.0,8.35835,15.36038,23.36863,39.00642,56.25151,79.29445,86.75087,89.3587,95.98603,100.0,100.0,100.0]},"ChildCotrim":{"countryName":"Azerbaijan","countryCode":31,"startYear":2000,"endYear":2020,"values":[0.0,0.0,0.0,0.0,0.0,0.0,2.12401,7.36073,6.93069,8.79449,9.88624,13.56082,18.92163,24.9283,30.80703,40.73841,46.43614,35.46125,73.68323,83.05248,90.95568]},"PMTCTSingleDoseNevirapine":{"countryName":"Azerbaijan","countryCode":31,"startYear":2000,"endYear":2020,"values":[0.0,0.0,0.0,0.0,0.0,0.0,0.0,0.0,0.0,0.0,0.0,0.0,0.0,0.0,0.0,0.0,0.0,0.0,0.0,0.0,0.0]},"PMTCTDualARV":{"countryName":"Azerbaijan","countryCode":31,"startYear":2000,"endYear":2020,"values":[0.0,0.0,0.0,0.0,0.0,0.0,0.0,0.0,0.0,0.0,0.0,0.0,0.0,0.0,0.0,0.0,0.0,0.0,0.0,0.0,0.0]},"PMTCTOptA":{"countryName":"Azerbaijan","countryCode":31,"startYear":2000,"endYear":2020,"values":[0.0,0.0,0.0,0.0,0.0,0.0,0.0,0.0,0.0,0.0,0.0,0.0,0.0,0.0,0.0,0.0,0.0,0.0,0.0,0.0,0.0]},"PMTCTOptB":{"countryName":"Azerbaijan","countryCode":31,"startYear":2000,"endYear":2020,"values":[0.0,0.0,0.0,0.0,0.0,0.0,0.0,1.07748,5.4285,13.79809,11.98613,21.69519,28.00562,42.64968,0.0,0.0,0.0,0.0,0.0,0.0,0.0]},"PMTCTOptBPlusStartBefPreg":{"countryName":"Azerbaijan","countryCode":31,"startYear":2000,"endYear":2020,"values":[0.0,0.0,0.0,0.0,0.0,0.0,0.0,0.0,0.0,0.0,0.0,0.0,0.0,0.0,40.97556,20.69949,24.50873,55.58684,60.89306,43.61473,73.69791]},"PMTCTOptBPlusStartDurPregGT4Wks":{"countryName":"Azerbaijan","countryCode":31,"startYear":2000,"endYear":2020,"values":[0.0,0.0,0.0,0.0,0.0,0.0,0.0,0.0,0.0,0.0,0.0,0.0,0.0,0.0,0.0,0.0,0.0,0.0,0.0,25.32468,21.49522]},"PMTCTOptBPlusStartDurPregLT4Wks":{"countryName":"Azerbaijan","countryCode":31,"startYear":2000,"endYear":2020,"values":[0.0,0.0,0.0,0.0,0.0,0.0,0.0,0.0,0.0,0.0,0.0,0.0,0.0,0.0,22.6072,42.77895,56.2259,41.69013,33.98682,14.06927,1.53537]},"PMTCTPostnatalOptA":{"countryName":"Azerbaijan","countryCode":31,"startYear":2000,"endYear":2020,"values":[0.0,0.0,0.0,0.0,0.0,0.0,0.0,0.0,0.0,0.0,0.0,0.0,0.0,0.0,0.0,0.0,0.0,0.0,0.0,0.0,0.0]},"PMTCTPostnatalOptB":{"countryName":"Azerbaijan","countryCode":31,"startYear":2000,"endYear":2020,"values":[0.0,0.0,0.0,0.0,0.0,0.0,0.0,0.0,0.0,0.0,0.0,0.0,0.0,0.0,0.0,0.0,0.0,0.0,0.0,0.0,0.0]},"PercentHIVPopEligible":{"countryName":"Azerbaijan","countryCode":31,"TB\/HIV":5,"TB\/HIV Year":2015,"DC":44.1,"DC Year":2011,"FSW":3.69,"FSW Year":2015,"MSM":1.12,"MSM Year":2015,"IDU":30.19,"IDU Year":2015,"Other":10,"Other Year":2015},"AdultHIVPrev":{"countryName":"Azerbaijan","countryCode":31,"startYear":1970,"endYear":2020,"values":[0.0,0.0,0.0,0.0,0.0,0.0,0.0,0.0,0.0,0.0,0.0,4e-5,0.00013,0.00027,0.00042,0.00066,0.00094,0.00129,0.00174,0.00228,0.00289,0.00383,0.00524,0.00746,0.0111,0.01638,0.0247,0.03569,0.0493,0.06559,0.08351,0.09883,0.11197,0.12166,0.12752,0.13256,0.13571,0.13728,0.13735,0.1372,0.13624,0.13568,0.13558,0.13566,0.13581,0.13542,0.13535,0.13536,0.13543,0.13532,0.13492]},"SexRatio":{"countryName":"Azerbaijan","countryCode":31,"startYear":1970,"endYear":2020,"values":[0.288,0.288,0.288,0.288,0.288,0.288,0.288,0.288,0.288,0.288,0.288,0.3072,0.3264,0.3432,0.36,0.3756,0.3924,0.4056,0.4188,0.432,0.4428,0.4524,0.462,0.4716,0.4788,0.4848,0.4908,0.4944,0.498,0.5004,0.5016,0.504,0.504,0.504,0.504,0.504,0.504,0.504,0.504,0.504,0.504,0.504,0.504,0.504,0.504,0.504,0.504,0.504,0.504,0.504,0.504]},"PercNotBFNotRecARVs":{"countryName":"Azerbaijan","countryCode":31,"<2":10.3,"2-3":14.7,"4-5":28.3,"6-7":39.3,"8-9":51.4,"10-11":64.8,"12-13":64.2,"14-15":69.6,"16-17":60.2,"18-19":86.2,"20-21":86,"22-23":81.2,"24-25":83.3,"26-27":85.1,"28-29":97,"30-31":92.1,"32-33":96.6,"34-35":99.1},"PercNotBFRecARVs":{"countryName":"Azerbaijan","countryCode":31,"<2":10.3,"2-3":14.7,"4-5":28.3,"6-7":39.3,"8-9":51.4,"10-11":64.8,"12-13":64.2,"14-15":69.6,"16-17":60.2,"18-19":86.2,"20-21":86,"22-23":81.2,"24-25":83.3,"26-27":85.1,"28-29":97,"30-31":92.1,"32-33":96.6,"34-35":99.1},"LocalAdjustmentFactor":{"countryName":"Azerbaijan","countryCode":31,"value":1}}