{"countryCode":31,"subnatCode":0,"Incidence":{"countryName":"Azerbaijan","countryCode":31,"startYear":1970,"endYear":2022,"values":[0.0,0.0,0.0,0.0,0.0,0.0,0.0,0.0,0.0,0.0,0.0,8e-5,0.00018,0.0002,0.00024,0.00028,0.0003,0.00031,0.00022,0.00021,0.00021,0.00026,0.00035,0.00057,0.00097,0.00183,0.00329,0.00572,0.00954,0.01432,0.02043,0.02584,0.02921,0.0327,0.03098,0.0292,0.02601,0.02181,0.01752,0.01475,0.01163,0.0106,0.00925,0.008,0.00709,0.00764,0.00654,0.00585,0.00537,0.00492,0.00458,0.00438,0.00359]},"AdultARTMale":{"countryName":"Azerbaijan","countryCode":31,"startYear":2000,"endYear":2022,"values":[0.0,0.0,0.0,0.0,0.0,0.60438,0.287,4.2366,7.66829,7.8361,13.53241,21.07136,27.58424,27.16013,25.77088,32.84456,33.10821,42.39889,50.30596,58.12268,64.53159,71.60706,70.35037]},"AdultARTFemale":{"countryName":"Azerbaijan","countryCode":31,"startYear":2000,"endYear":2022,"values":[0.0,0.0,0.0,0.0,0.0,1.57388,0.3703,2.0884,4.13873,3.58494,5.36455,7.80558,10.69937,11.29346,14.33965,19.61576,21.10681,27.09562,33.40267,39.64608,43.86889,48.43368,48.97848]},"MedianCD4AtInit":{"countryName":"Azerbaijan","countryCode":31,"startYear":2000,"endYear":2022,"values":[0.0,0.0,0.0,0.0,0.0,108.17878,109.18236,102.30456,100.01223,115.05949,113.81648,112.57306,110.54098,123.04,113.10299,110.69349,121.11022,127.92227,134.51864,143.51903,152.86719,167.11058,156.21443]},"PercLostToFollowup":{"countryName":"Azerbaijan","countryCode":31,"startYear":2000,"endYear":2022,"values":[0.0,0.0,0.0,0.0,0.0,0.0,37.5,46.8,48.2,46.7,43.4,40.5,36.4,27.3,25.4,25.4,25.4,24.1,21.9,19.7,17.5,17.5,17.5]},"ChildART":{"countryName":"Azerbaijan","countryCode":31,"startYear":2000,"endYear":2022,"values":[0.0,0.0,0.0,0.0,0.0,0.0,0.0,0.0,0.0,4.78856,7.62406,11.75961,19.91865,29.51215,44.05908,50.44414,54.37471,63.0531,39.32428,44.27314,48.30979,55.59851,80.50006]},"ChildCotrim":{"countryName":"Azerbaijan","countryCode":31,"startYear":2000,"endYear":2022,"values":[0.0,0.0,0.0,0.0,0.0,0.0,0.95148,3.0578,2.70431,3.55705,4.06466,5.66377,8.21789,10.72509,13.82282,19.22902,24.18473,20.57076,46.23585,35.8674,41.84056,49.68519,60.58323]},"PMTCTSingleDoseNevirapine":{"countryName":"Azerbaijan","countryCode":31,"startYear":2000,"endYear":2022,"values":[0.0,0.0,0.0,0.0,0.0,0.0,0.0,0.0,0.0,0.0,0.0,0.0,0.0,0.0,0.0,0.0,0.0,0.0,0.0,0.0,0.0,0.0,0.0]},"PMTCTDualARV":{"countryName":"Azerbaijan","countryCode":31,"startYear":2000,"endYear":2022,"values":[0.0,0.0,0.0,0.0,0.0,0.0,0.0,0.0,0.0,0.0,0.0,0.0,0.0,0.0,0.0,0.0,0.0,0.0,0.0,0.0,0.0,0.0,0.0]},"PMTCTOptA":{"countryName":"Azerbaijan","countryCode":31,"startYear":2000,"endYear":2022,"values":[0.0,0.0,0.0,0.0,0.0,0.0,0.0,0.0,0.0,0.0,0.0,0.0,0.0,0.0,0.0,0.0,0.0,0.0,0.0,0.0,0.0,0.0,0.0]},"PMTCTOptB":{"countryName":"Azerbaijan","countryCode":31,"startYear":2000,"endYear":2022,"values":[0.0,0.0,0.0,0.0,0.0,0.0,0.0,0.43397,2.10351,5.20273,4.95868,8.64242,12.26942,20.14367,0.0,0.0,0.0,0.0,0.0,0.0,0.0,13.45495,11.05429]},"PMTCTOptBPlusStartBefPreg":{"countryName":"Azerbaijan","countryCode":31,"startYear":2000,"endYear":2022,"values":[0.0,0.0,0.0,0.0,0.0,0.0,0.0,0.0,0.0,0.0,0.0,0.0,0.0,0.0,19.61487,11.13649,14.52597,39.33087,45.91116,32.47375,60.00977,57.8563,47.53347]},"PMTCTOptBPlusStartDurPregGT4Wks":{"countryName":"Azerbaijan","countryCode":31,"startYear":2000,"endYear":2022,"values":[0.0,0.0,0.0,0.0,0.0,0.0,0.0,0.0,0.0,0.0,0.0,0.0,0.0,0.0,0.0,0.0,0.0,0.0,0.0,18.85573,17.50285,0.0,0.0]},"PMTCTOptBPlusStartDurPregLT4Wks":{"countryName":"Azerbaijan","countryCode":31,"startYear":2000,"endYear":2022,"values":[0.0,0.0,0.0,0.0,0.0,0.0,0.0,0.0,0.0,0.0,0.0,0.0,0.0,0.0,10.822,23.01542,33.32427,29.49815,25.62483,10.4754,1.2502,0.0,0.0]},"PMTCTPostnatalOptA":{"countryName":"Azerbaijan","countryCode":31,"startYear":2000,"endYear":2022,"values":[0.0,0.0,0.0,0.0,0.0,0.0,0.0,0.0,0.0,0.0,0.0,0.0,0.0,0.0,0.0,0.0,0.0,0.0,0.0,0.0,0.0,0.0,0.0]},"PMTCTPostnatalOptB":{"countryName":"Azerbaijan","countryCode":31,"startYear":2000,"endYear":2022,"values":[0.0,0.0,0.0,0.0,0.0,0.0,0.0,0.0,0.0,0.0,0.0,0.0,0.0,0.0,0.0,0.0,0.0,0.0,0.0,0.0,0.0,0.0,0.0]},"PercentHIVPopEligible":{"countryName":"Azerbaijan","countryCode":31,"TB\/HIV":5,"TB\/HIV Year":2015,"DC":44.1,"DC Year":2011,"FSW":3.69,"FSW Year":2015,"MSM":1.12,"MSM Year":2015,"IDU":30.19,"IDU Year":2015,"Other":10,"Other Year":2015},"AdultHIVPrev":{"countryName":"Azerbaijan","countryCode":31,"startYear":1970,"endYear":2022,"values":[0.0,0.0,0.0,0.0,0.0,0.0,0.0,0.0,0.0,0.0,0.0,8e-5,0.00025,0.00043,0.00064,0.00088,0.00112,0.00136,0.0015,0.00161,0.0017,0.00182,0.00202,0.0024,0.00314,0.00466,0.0075,0.01252,0.02091,0.0334,0.05096,0.07249,0.09553,0.12004,0.14066,0.15777,0.16994,0.1769,0.17932,0.17877,0.17547,0.17207,0.16824,0.16395,0.15884,0.15479,0.15076,0.14697,0.1435,0.14002,0.13656,0.13294,0.12836]},"SexRatio":{"countryName":"Azerbaijan","countryCode":31,"startYear":1970,"endYear":2022,"values":[0.36,0.36,0.36,0.36,0.36,0.36,0.36,0.36,0.36,0.36,0.36,0.38,0.41,0.43,0.45,0.47,0.49,0.51,0.52,0.54,0.55,0.57,0.58,0.59,0.6,0.61,0.61,0.62,0.62,0.63,0.63,0.63,0.63,0.63,0.63,0.63,0.63,0.63,0.63,0.63,0.63,0.63,0.63,0.63,0.63,0.63,0.63,0.63,0.63,0.63,0.63,0.63,0.63]},"PercNotBFNotRecARVs":{"countryName":"Azerbaijan","countryCode":31,"<2":10.3,"2-3":14.7,"4-5":28.3,"6-7":39.3,"8-9":51.4,"10-11":64.8,"12-13":64.2,"14-15":69.6,"16-17":60.2,"18-19":86.2,"20-21":86,"22-23":81.2,"24-25":83.3,"26-27":85.1,"28-29":97,"30-31":92.1,"32-33":96.6,"34-35":99.1},"PercNotBFRecARVs":{"countryName":"Azerbaijan","countryCode":31,"<2":10.3,"2-3":14.7,"4-5":28.3,"6-7":39.3,"8-9":51.4,"10-11":64.8,"12-13":64.2,"14-15":69.6,"16-17":60.2,"18-19":86.2,"20-21":86,"22-23":81.2,"24-25":83.3,"26-27":85.1,"28-29":97,"30-31":92.1,"32-33":96.6,"34-35":99.1},"LocalAdjustmentFactor":{"countryName":"Azerbaijan","countryCode":31,"value":1.4},"NewARTPatAllocation":{"countryName":"Azerbaijan","countryCode":31,"NewARTPatAllocationMethod":3,"ExpectedMortality":0.5,"ProportionEligible":0.5,"NotDefault":1}}