{"countryName":"Burundi","subnatCode":0,"Incidence":{"countryName":"Burundi","countryCode":108,"startYear":1970,"endYear":2022,"values":[0.0,0.0,0.0,0.0,0.0,0.0,0.02035,0.01518,0.02419,0.04033,0.06338,0.10339,0.16875,0.25161,0.37549,0.5189,0.70391,0.87013,0.97441,0.99042,0.91631,0.82771,0.68427,0.47785,0.43627,0.40803,0.34663,0.28211,0.23544,0.2029,0.16602,0.14097,0.1217,0.11531,0.09525,0.08416,0.08478,0.07934,0.07151,0.06347,0.05779,0.0539,0.04882,0.04475,0.04096,0.03737,0.03026,0.02413,0.02009,0.01733,0.01565,0.01456,0.01367]},"AdultARTMale":{"countryName":"Burundi","countryCode":108,"startYear":2000,"endYear":2022,"values":[0.0,1.24968,1.4075,2.8683,8.35354,13.73509,17.16103,23.11074,29.51434,26.79414,34.60257,40.38987,36.76673,35.13074,39.74738,48.51389,53.65441,63.55099,71.78572,79.80854,82.18924,84.54927,86.14177]},"AdultARTFemale":{"countryName":"Burundi","countryCode":108,"startYear":2000,"endYear":2022,"values":[0.0,1.44355,1.63274,3.34971,9.7682,16.06309,20.002,26.75989,33.87058,30.74305,40.33513,46.61958,56.07227,52.44658,57.16317,66.43618,76.06748,79.79576,82.63356,86.45677,88.52578,91.15288,92.2295]},"MedianCD4AtInit":{"countryName":"Burundi","countryCode":108,"startYear":2000,"endYear":2022,"values":[0.0,130.33022,133.06562,128.42579,127.77109,127.39368,126.54469,124.65721,123.87593,155.66316,156.85276,155.8433,155.34173,194.11843,202.25993,199.95928,249.90771,247.27344,244.64837,244.48,251.35133,254.18185,256.97514]},"PercLostToFollowup":{"countryName":"Burundi","countryCode":108,"startYear":2000,"endYear":2022,"values":[0.0,0.0,0.0,0.0,0.0,0.0,0.0,0.0,0.0,0.0,0.0,0.0,0.0,0.0,0.0,0.0,0.0,0.0,0.0,0.0,0.0,0.0,0.0]},"ChildART":{"countryName":"Burundi","countryCode":108,"startYear":2000,"endYear":2022,"values":[0.56944,0.74255,0.87747,1.90831,6.38341,11.0442,14.55782,17.13552,23.39339,29.23255,21.51622,24.05896,26.75151,29.59636,33.06512,36.94961,41.57975,45.92153,27.54801,30.56281,34.30563,35.5091,36.77237]},"ChildCotrim":{"countryName":"Burundi","countryCode":108,"startYear":2000,"endYear":2022,"values":[0.0,0.0,0.0,0.0,0.0,0.0,0.0,8.0,10.0,18.0,26.0,24.25486,45.0,30.69602,32.9037,51.62449,26.12471,20.47593,20.17222,21.23705,20.44582,20.44582,20.44582]},"PMTCTSingleDoseNevirapine":{"countryName":"Burundi","countryCode":108,"startYear":2000,"endYear":2022,"values":[0.0,0.0,0.0,0.0,0.0,0.0,0.0,0.0,0.0,0.0,0.0,0.0,0.0,0.0,0.0,0.0,0.0,0.0,0.0,0.0,0.0,0.0,0.0]},"PMTCTDualARV":{"countryName":"Burundi","countryCode":108,"startYear":2000,"endYear":2022,"values":[0.0,0.0,0.0,0.0,0.0,0.0,0.0,0.0,0.0,0.0,0.0,0.0,0.0,0.0,0.0,0.0,0.0,0.0,0.0,0.0,0.0,0.0,0.0]},"PMTCTOptA":{"countryName":"Burundi","countryCode":108,"startYear":2000,"endYear":2022,"values":[0.0,0.0,0.0,0.0,0.0,0.0,0.0,0.0,0.0,0.0,0.0,0.0,0.0,0.0,0.0,0.0,0.0,0.0,0.0,0.0,0.0,0.0,0.0]},"PMTCTOptB":{"countryName":"Burundi","countryCode":108,"startYear":2000,"endYear":2022,"values":[0.0,0.0,0.89118,1.65665,3.04879,7.27832,8.84965,9.0821,12.80729,14.11016,24.04847,25.12977,26.24601,29.83566,36.21269,0.0,0.0,0.0,0.0,0.0,0.0,0.0,0.0]},"PMTCTOptBPlusStartBefPreg":{"countryName":"Burundi","countryCode":108,"startYear":2000,"endYear":2022,"values":[0.0,0.0,0.52883,0.9856,1.81582,4.34083,5.28225,5.40194,7.6404,8.41484,14.32644,14.97572,15.68939,18.11284,18.94978,24.04765,33.30572,34.5767,31.29005,32.89729,70.2869,73.77963,62.65673]},"PMTCTOptBPlusStartDurPregGT4Wks":{"countryName":"Burundi","countryCode":108,"startYear":2000,"endYear":2022,"values":[0.0,0.0,0.0,0.0,0.0,0.0,0.0,0.0,0.0,0.0,0.0,0.0,0.0,0.0,0.0,38.31892,40.34834,34.16624,28.46651,23.81697,25.91119,19.96915,21.15334]},"PMTCTOptBPlusStartDurPregLT4Wks":{"countryName":"Burundi","countryCode":108,"startYear":2000,"endYear":2022,"values":[0.0,0.0,0.0,0.0,0.0,0.0,0.0,0.0,0.0,0.0,0.0,0.0,0.0,0.0,0.0,0.0,0.0,0.0,6.05987,4.09538,2.11023,1.50831,1.27188]},"PMTCTPostnatalOptA":{"countryName":"Burundi","countryCode":108,"startYear":2000,"endYear":2022,"values":[0.0,0.0,0.0,0.0,0.0,0.0,0.0,0.0,0.0,0.0,0.0,0.0,0.0,0.0,0.0,0.0,0.0,0.0,0.0,0.0,0.0,0.0,0.0]},"PMTCTPostnatalOptB":{"countryName":"Burundi","countryCode":108,"startYear":2000,"endYear":2022,"values":[0.0,0.0,0.0,0.0,0.0,0.0,0.0,0.0,0.0,0.0,0.0,0.0,0.0,0.0,0.0,0.0,0.0,0.0,0.0,1.02384,0.95027,0.0,0.0]},"PercentHIVPopEligible":{"countryName":"Burundi","countryCode":108,"TB\/HIV":0,"TB\/HIV Year":2014,"DC":1,"DC Year":2014,"FSW":21.3,"FSW Year":2014,"MSM":4.8,"MSM Year":2014,"IDU":0,"IDU Year":2017,"Other":0,"Other Year":2017},"AdultHIVPrev":{"countryName":"Burundi","countryCode":108,"startYear":1970,"endYear":2022,"values":[0.0,0.0,0.0,0.0,0.0,0.0,0.01989,0.03361,0.05528,0.09058,0.1499,0.23926,0.38796,0.60433,0.92534,1.35455,1.92612,2.61648,3.34565,4.02115,4.55744,4.94817,5.18058,4.87194,4.99411,4.83189,4.53463,4.23521,3.94246,3.63304,3.31897,3.03336,2.76298,2.53178,2.32695,2.14992,2.00473,1.87969,1.77127,1.69311,1.60767,1.53383,1.46788,1.40416,1.34195,1.28245,1.22303,1.16367,1.10409,1.04453,0.98556,0.9279,0.8724]},"SexRatio":{"countryName":"Burundi","countryCode":108,"startYear":1970,"endYear":2022,"values":[0.2,0.2,0.2,0.2,0.2,0.2,0.29,0.37,0.45,0.53,0.59,0.67,0.73,0.79,0.85,0.9,0.94,0.98,1.03,1.06,1.09,1.11,1.13,1.15,1.15,1.17,1.17,1.17,1.17,1.17,1.17,1.17,1.17,1.18,1.18,1.18,1.18,1.19,1.2,1.21,1.23,1.25,1.28,1.32,1.36,1.41,1.46,1.5,1.54,1.57,1.59,1.61,1.62]},"PercNotBFNotRecARVs":{"countryName":"Burundi","countryCode":108,"<2":9.27,"2-3":9.27,"4-5":9.3,"6-7":9.43,"8-9":9.8,"10-11":10.65,"12-13":12.29,"14-15":15.08,"16-17":19.32,"18-19":25.16,"20-21":32.44,"22-23":40.71,"24-25":49.33,"26-27":57.67,"28-29":65.24,"30-31":71.79,"32-33":77.26,"34-35":81.72},"PercNotBFRecARVs":{"countryName":"Burundi","countryCode":108,"<2":9.27,"2-3":9.27,"4-5":9.3,"6-7":9.43,"8-9":9.8,"10-11":10.65,"12-13":12.29,"14-15":15.08,"16-17":19.32,"18-19":25.16,"20-21":32.44,"22-23":40.71,"24-25":49.33,"26-27":57.67,"28-29":65.24,"30-31":71.79,"32-33":77.26,"34-35":81.72},"LocalAdjustmentFactor":{"countryName":"Burundi","countryCode":108,"nan":1.21},"NewARTPatAllocation":{"countryName":"Burundi","countryCode":108,"NewARTPatAllocationMethod":3,"ExpectedMortality":0.2,"ProportionEligible":0.8,"NotDefault":0}}