{"countryCode":204,"subnatCode":0,"Incidence":{"countryName":"Benin","countryCode":204,"startYear":1970,"endYear":2023,"values":[0.0,0.0,0.0,0.0,0.0,0.00568331253260996,0.0028327268030524,0.00436282160569173,0.00646462669416306,0.00956358269486346,0.0124550991584312,0.0178589283465905,0.0245130880513506,0.0335999907759555,0.0469386538855779,0.0586349655720095,0.0762101180413829,0.0976584846757546,0.120734447712388,0.136583374520789,0.160099851678278,0.176913902150697,0.201546392042574,0.211283688374982,0.221412480866302,0.230972121503662,0.228221287386777,0.206768085565979,0.188026510210625,0.168644411223769,0.151496615844222,0.131149980063825,0.119126041424296,0.110787489279734,0.101438431628171,0.0974140949212157,0.0891532190209735,0.0843765331965315,0.0690421265908447,0.064089654923169,0.0647678719433983,0.0563377391807929,0.0467293799849766,0.0403556678831105,0.0366427937964564,0.0327058715915869,0.0287817134019289,0.0252339197069359,0.0268877328241695,0.0212331525720997,0.0192159561578907,0.0159178001494157,0.0126619770280971,0.0127438594651119]},"AdultARTMale":{"countryName":"Benin","countryCode":204,"startYear":2000,"endYear":2023,"values":[0.0,0.0,0.0,0.0,0.0,0.0,0.0,0.0,37.90273,45.92072,39.24015,47.40304,49.39307,43.30172,49.55741,47.46019,53.78437,47.78603,45.84914,60.53708,62.43875,67.39568,72.58001,77.41563]},"AdultARTFemale":{"countryName":"Benin","countryCode":204,"startYear":2000,"endYear":2023,"values":[0.0,0.0,0.0,0.0,0.0,0.0,0.0,0.0,61.674,72.63715,61.26225,72.59831,74.35403,63.65259,70.98004,67.494,75.13089,66.6691,81.67213,84.64972,92.567,100.0,100.0,99.70772]},"PercLostToFollowup":{"countryName":"Benin","countryCode":204,"startYear":2000,"endYear":2023,"values":[5.0,5.0,5.0,5.0,5.0,5.0,5.0,5.0,5.0,5.0,5.0,5.0,5.0,5.0,5.0,5.0,5.0,5.0,5.0,5.0,5.0,5.0,5.0,5.0]},"ChildART":{"countryName":"Benin","countryCode":204,"startYear":2000,"endYear":2023,"values":[0.0,0.0,0.0,0.0,0.0,0.0,0.0,0.0,19.9189513391272,27.9506897232353,22.3181830119396,26.8693626245212,30.9111566833235,18.5787874479462,21.9254275763957,22.6628539696575,26.3041075639816,18.22362163846,21.7107720679427,26.2254918120541,26.5062535590245,31.4074942388388,35.796346301593,36.1294331939759]},"ChildCotrim":{"countryName":"Benin","countryCode":204,"startYear":2000,"endYear":2023,"values":[0.0,0.0,0.0,0.0,0.0,0.0,0.0,0.0,0.0,4.81332166227825,2.80209468509211,2.23747590722052,1.99375100564267,1.77338751547728,1.72659818286291,1.74200355452115,1.75782399062651,1.94757183568722,1.91452756642149,2.39916657301743,1.97962059386195,6.85419206318283,1.18936629314323,19.4498787204289]},"PMTCTSingleDoseNevirapine":{"countryName":"Benin","countryCode":204,"startYear":2000,"endYear":2023,"values":[0.0,0.0,0.0,0.0,0.0,0.0,0.0,0.0,0.0,15.7743017788848,17.5233613180293,12.5434282672186,4.40246990817373,0.907619974778784,0.279505796918395,0.0,0.0,0.0,0.0,0.0,0.0,0.0,0.0,0.0]},"PMTCTDualARV":{"countryName":"Benin","countryCode":204,"startYear":2000,"endYear":2023,"values":[0.0,0.0,0.0,0.0,0.0,0.0,0.0,0.0,0.0,0.0,0.0,0.0,0.0,0.0,0.0,0.0,0.0,0.0,0.0,0.0,0.0,0.0,0.0,0.0]},"PMTCTOptA":{"countryName":"Benin","countryCode":204,"startYear":2000,"endYear":2023,"values":[0.0,0.0,0.0,0.0,0.0,0.0,0.0,0.0,0.0,0.0,0.0,0.0,0.0,0.0,0.0,0.0,0.0,0.0,0.0,0.0,0.0,0.0,0.0,0.0]},"PMTCTOptB":{"countryName":"Benin","countryCode":204,"startYear":2000,"endYear":2023,"values":[0.0,0.0,0.0,0.0,0.0,0.0,0.0,0.0,0.0,0.0,0.0,0.0,0.0,0.0,0.0,0.0,0.0,0.0,0.0,0.0,0.0,0.0,0.0,0.0]},"PMTCTOptBPlusStartBefPreg":{"countryName":"Benin","countryCode":204,"startYear":2000,"endYear":2023,"values":[0.0,0.0,0.0,0.0,0.0,0.0,0.0,0.0,0.0,0.0,0.0,0.0,0.0,9.13670774610642,9.51872519505424,18.3734408792073,12.3916053096941,15.5815225962345,15.1834976356115,23.9805071958715,33.709179447783,40.7763713080169,41.4446526544564,44.5485673094251]},"PMTCTOptBPlusStartDurPregGT4Wks":{"countryName":"Benin","countryCode":204,"startYear":2000,"endYear":2023,"values":[0.0,0.0,0.0,0.0,0.0,0.0,0.0,0.0,0.0,6.95510426000481,8.38738043905675,12.6783038399844,16.5836282013977,10.2409787154206,8.91312930173106,14.7019042369643,59.0554883678215,65.2567842901859,57.0084867605348,55.870727457048,62.8496528485821,59.2236286919831,52.8645547614267,55.4514326905749]},"PMTCTOptBPlusStartDurPregLT4Wks":{"countryName":"Benin","countryCode":204,"startYear":2000,"endYear":2023,"values":[0.0,0.0,0.0,0.0,0.0,0.0,0.0,0.0,0.0,0.0,0.0,0.0,0.0,0.0,0.0,0.0,0.0,0.0,0.0,0.0,0.0,0.0,0.0,0.0]},"AdultHIVPrev":{"countryName":"Benin","countryCode":204,"startYear":1970,"endYear":2023,"values":[0.0,0.0,0.0,0.0,0.0,0.00557890651731626,0.0080369690595147,0.0118044239146506,0.0173444586737543,0.0255023464475562,0.0358823166483586,0.0506899427506881,0.0709682800651219,0.098735745158353,0.137662946307187,0.185407853496853,0.246382835628257,0.323666316309402,0.417589354377271,0.51975987814598,0.636569342917046,0.760070742523774,0.8968028432059,1.04313935198805,1.16826383665178,1.29111428785336,1.39938815703234,1.4753725813068,1.52321210715267,1.54386335728122,1.54177218929571,1.51579730643629,1.47619613305451,1.42863427129214,1.37372352247322,1.31969049892266,1.25921977657036,1.19991130244042,1.16788487838834,1.15241222297194,1.14370656169864,1.12904954398885,1.10679069406283,1.07679525348154,1.04143183491884,1.00547440145058,0.96822771144393,0.929702012747913,0.891400229377933,0.850857273524306,0.811511489686276,0.769621927891404,0.727451774078732,0.687491251573423]},"SexRatio":{"countryName":"Benin","countryCode":204,"startYear":1970,"endYear":2023,"values":[0.24352,0.24352,0.24352,0.24352,0.24352,0.24352,0.34498,0.44645,0.53776,0.62908,0.71025,0.80157,0.8726,0.94362,1.01465,1.07553,1.12626,1.17699,1.22773,1.26831,1.29875,1.32919,1.34948,1.36978,1.37992,1.39007,1.40024,1.40027,1.40034,1.40047,1.40068,1.40105,1.40167,1.40268,1.40434,1.40701,1.41126,1.41796,1.42836,1.4442,1.46776,1.49542,1.53142,1.57597,1.62775,1.68373,1.7397,1.79148,1.83603,1.87203,1.89969,1.92011,1.93476,1.94505]},"PercNotBFNotRecARVs":{"countryName":"Benin","countryCode":204,"<2":3.66707,"2-3":3.66717,"4-5":3.67113,"6-7":3.71423,"8-9":3.96103,"10-11":4.92424,"12-13":7.78927,"14-15":14.51628,"16-17":26.8064,"18-19":43.71049,"20-21":61.09111,"22-23":75.07587,"24-25":84.6172,"26-27":90.57739,"28-29":94.17252,"30-31":96.33122,"32-33":97.64152,"34-35":98.4511},"PercNotBFRecARVs":{"countryName":"Benin","countryCode":204,"<2":3.66707,"2-3":3.66717,"4-5":3.67113,"6-7":3.71423,"8-9":3.96103,"10-11":4.92424,"12-13":7.78927,"14-15":14.51628,"16-17":26.8064,"18-19":43.71049,"20-21":61.09111,"22-23":75.07587,"24-25":84.6172,"26-27":90.57739,"28-29":94.17252,"30-31":96.33122,"32-33":97.64152,"34-35":98.4511},"LocalAdjustmentFactor":{"countryName":"Benin","countryCode":204,"value":1.5},"NewARTPatAllocation":{"countryName":"Benin","countryCode":204,"NewARTPatAllocationMethod":3.0,"ExpectedMortality":0.2,"ProportionEligible":0.8}}