{"countryCode":50,"subnatCode":0,"Incidence":{"countryName":"Bangladesh","countryCode":50,"startYear":1970,"endYear":2022,"values":[0.0,0.0,0.0,0.0,0.0,0.0,0.0,0.0,0.0,0.0,0.0,0.0,0.0,0.0,0.0,1e-5,1e-5,1e-5,1e-5,2e-5,2e-5,3e-5,5e-5,7e-5,9e-5,0.00011,0.00015,0.00019,0.00025,0.00035,0.00049,0.00066,0.00083,0.00097,0.00108,0.00113,0.00111,0.0011,0.00111,0.00111,0.00109,0.00112,0.00121,0.00127,0.00133,0.00137,0.00134,0.00124,0.00115,0.0011,0.00106,0.00101,0.00103]},"AdultARTMale":{"countryName":"Bangladesh","countryCode":50,"startYear":2000,"endYear":2022,"values":[0.0,0.0,0.0,0.0,0.0,1.67345,3.69665,4.40568,11.27967,9.65748,10.96255,14.40659,15.25733,13.44803,14.44177,15.18239,13.30125,19.01871,22.85323,24.63188,31.37495,32.43069,39.50785]},"AdultARTFemale":{"countryName":"Bangladesh","countryCode":50,"startYear":2000,"endYear":2022,"values":[0.0,0.0,0.0,0.0,0.0,3.72507,7.29867,8.15932,21.66129,16.37155,17.50522,21.9491,21.44454,18.08819,19.59901,21.28007,19.02358,21.23331,24.35746,24.48967,26.4603,28.80164,40.03008]},"MedianCD4AtInit":{"countryName":"Bangladesh","countryCode":50,"startYear":2000,"endYear":2022,"values":[0.0,0.0,0.0,0.0,0.0,148.98892,148.63263,148.15121,146.37948,193.73465,197.08952,192.35142,201.49606,245.09841,247.49458,243.28193,293.14926,294.13719,291.0114,283.66258,280.04916,278.32016,276.48512]},"PercLostToFollowup":{"countryName":"Bangladesh","countryCode":50,"startYear":2000,"endYear":2022,"values":[4.8,0.0,0.0,0.0,0.0,0.0,0.0,0.0,0.0,0.0,0.0,0.0,0.0,0.0,0.0,8.0,0.0,0.0,0.0,16.24,6.8,4.81,23.0]},"ChildART":{"countryName":"Bangladesh","countryCode":50,"startYear":2000,"endYear":2022,"values":[0.0,0.0,0.0,0.0,0.0,0.0,0.0,0.67902,1.19653,6.42086,8.42658,12.88872,14.39313,16.40159,19.75715,20.61444,20.10142,19.73059,12.9306,17.84115,14.67042,15.74075,26.83761]},"ChildCotrim":{"countryName":"Bangladesh","countryCode":50,"startYear":2000,"endYear":2022,"values":[0.0,0.0,0.0,0.0,0.0,0.0,0.0,0.0,0.0,2.17972,0.39443,4.43201,0.0,0.75183,1.72116,4.05224,6.80727,7.45514,2.54042,1.7065,1.15893,0.94286,1.82814]},"PMTCTSingleDoseNevirapine":{"countryName":"Bangladesh","countryCode":50,"startYear":2000,"endYear":2022,"values":[0.0,0.0,0.0,0.0,0.0,0.0,1.3,1.1,1.0,1.2,1.2,1.4,0.0,0.0,0.0,0.0,0.0,0.0,0.0,0.0,0.0,0.0,0.0]},"PMTCTDualARV":{"countryName":"Bangladesh","countryCode":50,"startYear":2000,"endYear":2022,"values":[0.0,0.0,0.0,0.0,0.0,0.0,0.0,1.1,1.0,1.2,1.2,0.0,0.0,0.5,0.0,0.0,0.0,0.0,0.0,0.0,0.0,0.0,0.0]},"PMTCTOptA":{"countryName":"Bangladesh","countryCode":50,"startYear":2000,"endYear":2022,"values":[0.0,0.0,0.0,0.0,0.0,0.0,0.0,0.0,0.0,0.0,0.0,0.0,0.0,0.0,0.0,0.0,0.0,0.0,0.0,0.0,0.0,0.0,0.0]},"PMTCTOptB":{"countryName":"Bangladesh","countryCode":50,"startYear":2000,"endYear":2022,"values":[0.0,0.0,0.0,0.0,0.0,0.0,0.0,0.0,0.0,0.0,1.5,0.3,0.0,0.0,0.0,0.0,0.0,0.0,0.0,0.0,0.0,0.0,0.0]},"PMTCTOptBPlusStartBefPreg":{"countryName":"Bangladesh","countryCode":50,"startYear":2000,"endYear":2022,"values":[0.0,0.0,0.0,0.0,0.0,0.0,0.0,0.0,2.0,2.1,3.0,2.0,2.5,1.6,3.7,2.8,2.9,3.8,5.1,4.0,2.9,6.7,0.0]},"PMTCTOptBPlusStartDurPregGT4Wks":{"countryName":"Bangladesh","countryCode":50,"startYear":2000,"endYear":2022,"values":[0.0,0.0,0.0,0.0,0.0,0.0,0.0,0.0,0.0,0.0,0.0,0.3,1.9,2.6,2.5,1.7,1.6,1.8,0.6,1.9,0.4,0.8,4.4]},"PMTCTOptBPlusStartDurPregLT4Wks":{"countryName":"Bangladesh","countryCode":50,"startYear":2000,"endYear":2022,"values":[0.0,0.0,0.0,0.0,0.0,0.0,0.0,0.0,0.0,0.0,0.0,0.0,0.0,0.0,0.0,0.5,0.5,0.0,1.9,0.2,0.4,0.2,0.0]},"PMTCTPostnatalOptA":{"countryName":"Bangladesh","countryCode":50,"startYear":2000,"endYear":2022,"values":[0.0,0.0,0.0,0.0,0.0,0.0,0.0,0.0,0.0,0.0,0.0,0.0,0.0,0.0,0.0,0.0,0.0,0.0,0.0,0.0,0.0,0.0,0.0]},"PMTCTPostnatalOptB":{"countryName":"Bangladesh","countryCode":50,"startYear":2000,"endYear":2022,"values":[0.0,0.0,0.0,0.0,0.0,0.0,0.0,0.0,0.0,0.0,0.0,0.0,0.0,0.0,0.0,0.0,0.0,0.0,0.0,0.0,0.0,0.0,0.0]},"PercentHIVPopEligible":{"countryName":"Bangladesh","countryCode":50,"TB\/HIV":1.38,"TB\/HIV Year":2014,"DC":44.3,"DC Year":2011,"FSW":2.03,"FSW Year":2012,"MSM":2.33,"MSM Year":2012,"IDU":6.8,"IDU Year":2012,"Other":10,"Other Year":2017},"AdultHIVPrev":{"countryName":"Bangladesh","countryCode":50,"startYear":1970,"endYear":2022,"values":[0.0,0.0,0.0,0.0,0.0,0.0,0.0,0.0,0.0,0.0,0.0,0.0,0.0,0.0,0.0,1e-5,2e-5,3e-5,4e-5,6e-5,8e-5,0.00011,0.00014,0.0002,0.00028,0.00037,0.00049,0.00064,0.00084,0.00112,0.00152,0.00206,0.00272,0.00348,0.00428,0.00507,0.00577,0.00642,0.00702,0.00759,0.00811,0.00862,0.00917,0.00974,0.01032,0.01088,0.01138,0.01176,0.01206,0.0123,0.01252,0.01271,0.01295]},"SexRatio":{"countryName":"Bangladesh","countryCode":50,"startYear":1970,"endYear":2022,"values":[0.0,0.0,0.0,0.0,0.0,0.0,0.0,0.0,0.0,0.0,0.8,0.87,0.37,0.51,0.39,0.36,0.35,0.34,0.33,0.33,0.33,0.33,0.33,0.32,0.32,0.33,0.33,0.33,0.32,0.3,0.28,0.27,0.28,0.3,0.33,0.37,0.43,0.48,0.5,0.51,0.53,0.51,0.46,0.43,0.41,0.4,0.42,0.46,0.49,0.51,0.52,0.53,0.52]},"PercNotBFNotRecARVs":{"countryName":"Bangladesh","countryCode":50,"<2":0.6,"2-3":1.2,"4-5":3.1,"6-7":4.8,"8-9":3.7,"10-11":5.8,"12-13":5.5,"14-15":6.2,"16-17":8.6,"18-19":8.2,"20-21":10.3,"22-23":17.2,"24-25":18.1,"26-27":22.6,"28-29":26.4,"30-31":29.1,"32-33":33.3,"34-35":36.6},"PercNotBFRecARVs":{"countryName":"Bangladesh","countryCode":50,"<2":0.6,"2-3":1.2,"4-5":3.1,"6-7":4.8,"8-9":3.7,"10-11":5.8,"12-13":5.5,"14-15":6.2,"16-17":8.6,"18-19":8.2,"20-21":10.3,"22-23":17.2,"24-25":18.1,"26-27":22.6,"28-29":26.4,"30-31":29.1,"32-33":33.3,"34-35":36.6},"LocalAdjustmentFactor":{"countryName":"Bangladesh","countryCode":50,"value":4},"NewARTPatAllocation":{"countryName":"Bangladesh","countryCode":50,"NewARTPatAllocationMethod":3,"ExpectedMortality":0.2,"ProportionEligible":0.8,"NotDefault":0}}