{"countryCode":50,"subnatCode":0,"Incidence":{"countryName":"Bangladesh","countryCode":50,"startYear":1970,"endYear":2023,"values":[0.0,0.0,0.0,0.0,0.0,0.0,0.0,0.0,0.0,0.0,0.0,0.0,0.0,0.0,0.0,1.15123861716882e-5,1.15076379577905e-5,1.14913534661659e-5,1.14815734313845e-5,2.29403819605349e-5,2.29037357222811e-5,3.43598244090708e-5,4.57221142882777e-5,6.85210972484629e-5,9.12197376053918e-5,0.000113971557532299,0.000148052130011586,0.000193352765921582,0.000250172054286407,0.000352584504318358,0.00048961134773292,0.000661722093774629,0.000834797842371668,0.000974594775283687,0.00108010040568766,0.00113018509773967,0.00111334244490282,0.0011041701983107,0.00111031642469054,0.00110965018134439,0.00108741566235192,0.00112497391927229,0.00120906955203925,0.00127087198267279,0.00133310291592873,0.00137229012025376,0.00133873867976386,0.00123605584953216,0.00114555907516186,0.00110250443280944,0.00105816862718446,0.00101480499117059,0.00103229651149739,0.00103844646328734]},"AdultARTMale":{"countryName":"Bangladesh","countryCode":50,"startYear":2000,"endYear":2023,"values":[0.0,0.0,0.0,0.0,0.0,0.388007707398033,0.912707262699192,1.15879508836925,3.16285281590463,4.52107971082498,5.31325789409015,7.17760112480816,8.45496864061819,10.1822602959743,11.0163263457306,11.5991751161778,13.257275887108,18.9269350208436,22.7262176923221,24.4936216690999,31.21929091653,32.304227923581,39.4061668395511,45.0]},"AdultARTFemale":{"countryName":"Bangladesh","countryCode":50,"startYear":2000,"endYear":2023,"values":[0.0,0.0,0.0,0.0,0.0,0.831320455382797,1.6989139361375,1.99270696295439,5.62322395895834,7.22316669257623,8.02409062875325,10.4295212443502,11.5379399585482,13.8196684689383,15.2072151498512,16.6389012814969,18.941566530026,21.099317414503,24.1757482153786,24.3011987592623,26.2726807453487,28.6320513541738,39.8611144740377,45.0]},"PercLostToFollowup":{"countryName":"Bangladesh","countryCode":50,"startYear":2000,"endYear":2023,"values":[4.8,0.0,0.0,0.0,0.0,0.0,0.0,0.0,0.0,0.0,0.0,0.0,0.0,0.0,0.0,8.0,0.0,0.0,0.0,16.24,6.8,4.81,23.0,0.0]},"ChildART":{"countryName":"Bangladesh","countryCode":50,"startYear":2000,"endYear":2023,"values":[0.0,0.0,0.0,0.0,0.0,0.0,0.0,0.313578179775248,0.535343254600044,2.78664621485084,4.77017583199955,7.21347001219021,8.02618247739894,9.13904791805406,11.0373923520679,11.5935697888266,13.3804294183603,13.2026061989391,13.6612792970503,18.8382748210137,15.4527656990525,16.5658793323766,28.2616465752079,69.78689]},"ChildCotrim":{"countryName":"Bangladesh","countryCode":50,"startYear":2000,"endYear":2023,"values":[0.0,0.0,0.0,0.0,0.0,0.0,0.0,0.0,0.0,2.21060158095593,0.38948079872645,4.48705154557461,0.0,0.762645733973305,1.74769295021066,4.12058406571319,6.48244066694328,7.60451923735088,2.59624577182107,2.03725338783289,1.15805608859376,0.943772423600222,1.83524865184469,0.68656]},"PMTCTSingleDoseNevirapine":{"countryName":"Bangladesh","countryCode":50,"startYear":2000,"endYear":2023,"values":[0.0,0.0,0.0,0.0,0.0,0.0,0.0,1.11313181640182,0.992479486689609,0.917354578123766,1.21605259962557,1.14231141173955,1.36918254872784,0.0,0.0,0.0,0.0,0.0,0.0,0.0,0.0,0.0,0.0,0.0]},"PMTCTDualARV":{"countryName":"Bangladesh","countryCode":50,"startYear":2000,"endYear":2023,"values":[0.0,0.0,0.0,0.0,0.0,0.0,0.0,0.0,0.992479486689609,0.917354578123766,1.21605259962557,1.14231141173955,0.0,0.0,0.493219368093264,0.0,0.0,0.0,0.0,0.0,0.0,0.0,0.0,0.0]},"PMTCTOptA":{"countryName":"Bangladesh","countryCode":50,"startYear":2000,"endYear":2023,"values":[0.0,0.0,0.0,0.0,0.0,0.0,0.0,0.0,0.0,0.0,0.0,0.0,0.0,0.0,0.0,0.0,0.0,0.0,0.0,0.0,0.0,0.0,0.0,0.0]},"PMTCTOptB":{"countryName":"Bangladesh","countryCode":50,"startYear":2000,"endYear":2023,"values":[0.0,0.0,0.0,0.0,0.0,0.0,0.0,0.0,0.0,0.0,0.0,1.42788926467444,0.273836509745568,0.0,0.0,0.0,0.0,0.0,0.0,0.0,0.0,0.0,0.0,0.0]},"PMTCTOptBPlusStartBefPreg":{"countryName":"Bangladesh","countryCode":50,"startYear":2000,"endYear":2023,"values":[0.0,0.0,0.0,0.0,0.0,0.0,0.0,0.0,0.0,1.83470915624753,2.12809204934474,2.85577852934888,1.91685556821897,2.34812828085701,1.47965810427979,3.55311328760619,2.72750921471941,2.88840973380749,3.6508540518048,5.00292254058412,3.92288419034726,2.85070033256881,6.60006652867061,0.0]},"PMTCTOptBPlusStartDurPregGT4Wks":{"countryName":"Bangladesh","countryCode":50,"startYear":2000,"endYear":2023,"values":[0.0,0.0,0.0,0.0,0.0,0.0,0.0,0.0,0.0,0.0,0.0,0.0,0.273836509745568,1.82632199622212,2.46609684046632,2.36874219173746,1.59104704191966,1.55529754897326,1.7180489655552,0.625365317573016,1.85820830069081,0.407242904652687,0.800008064081286,4.22732274331341]},"PMTCTOptBPlusStartDurPregLT4Wks":{"countryName":"Bangladesh","countryCode":50,"startYear":2000,"endYear":2023,"values":[0.0,0.0,0.0,0.0,0.0,0.0,0.0,0.0,0.0,0.0,0.0,0.0,0.0,0.0,0.0,0.0,0.454584869119902,0.444370728278076,0.0,1.87609595271905,0.206467588965645,0.407242904652687,0.200002016020321,0.0]},"AdultHIVPrev":{"countryName":"Bangladesh","countryCode":50,"startYear":1970,"endYear":2023,"values":[0.0,0.0,0.0,0.0,0.0,0.0,0.0,0.0,0.0,0.0,0.0,0.0,0.0,0.0,0.0,1.12826552487126e-5,2.19378243269194e-5,3.18780909282709e-5,4.11024985488269e-5,6.08159887313566e-5,7.90934364830203e-5,0.000107257889234952,0.000144306226955792,0.000200921087009462,0.000275575741876495,0.000367213765291792,0.000485440334914339,0.000639111958754505,0.000837521284217239,0.00112202253753372,0.00152145486581465,0.00205655775141706,0.00272164904231951,0.00347466018201587,0.00427384970280816,0.00505981365475445,0.00576453898375082,0.00640986156216046,0.00700699538800164,0.00758761772381238,0.0081092653609926,0.00862344518939375,0.00917252492246299,0.00974008600732858,0.0103262555193185,0.0109007697369045,0.0114142840626053,0.0118158159928169,0.012123516227248,0.0123699880437065,0.0125818126862379,0.0127555194357579,0.0129767991143558,0.0132669458249356]},"SexRatio":{"countryName":"Bangladesh","countryCode":50,"startYear":1970,"endYear":2023,"values":[0.0,0.0,0.0,0.0,0.0,0.0,0.0,0.0,0.0,0.0,0.79922,0.86764,0.36785,0.50842,0.39318,0.35922,0.34584,0.33903,0.33457,0.33125,0.32834,0.32757,0.3291,0.32097,0.3226,0.33389,0.3304,0.32801,0.32166,0.29727,0.27523,0.27186,0.27886,0.29744,0.32607,0.37283,0.43163,0.47567,0.49743,0.51015,0.52843,0.50694,0.46265,0.43345,0.40684,0.39619,0.41578,0.4556,0.48829,0.50509,0.52275,0.53019,0.51812,0.5073]},"PercNotBFNotRecARVs":{"countryName":"Bangladesh","countryCode":50,"<2":0.6,"2-3":1.2,"4-5":3.1,"6-7":4.8,"8-9":3.7,"10-11":5.8,"12-13":5.5,"14-15":6.2,"16-17":8.6,"18-19":8.2,"20-21":10.3,"22-23":17.2,"24-25":18.1,"26-27":22.6,"28-29":26.4,"30-31":29.1,"32-33":33.3,"34-35":36.6},"PercNotBFRecARVs":{"countryName":"Bangladesh","countryCode":50,"<2":0.6,"2-3":1.2,"4-5":3.1,"6-7":4.8,"8-9":3.7,"10-11":5.8,"12-13":5.5,"14-15":6.2,"16-17":8.6,"18-19":8.2,"20-21":10.3,"22-23":17.2,"24-25":18.1,"26-27":22.6,"28-29":26.4,"30-31":29.1,"32-33":33.3,"34-35":36.6},"LocalAdjustmentFactor":{"countryName":"Bangladesh","countryCode":50,"value":4.0},"NewARTPatAllocation":{"countryName":"Bangladesh","countryCode":50,"NewARTPatAllocationMethod":3.0,"ExpectedMortality":0.2,"ProportionEligible":0.8}}