{"countryCode":48,"subnatCode":0,"Incidence":{"countryName":"Bahrain","countryCode":48,"startYear":1970,"endYear":2023,"values":[0.0,0.0031900194156375,0.00449107589332692,0.00554895586815312,0.00635761680134821,0.00695510729999754,0.00738480189746193,0.00768592838192553,0.00789820611031137,0.00804059152208692,0.0081420877682414,0.00820252103012596,0.00824148284741828,0.00826777001393924,0.00828163697795346,0.00828435954588458,0.00831151374310159,0.00832282891613732,0.00832367890132122,0.00832559863073125,0.0083376450135694,0.00833918512664823,0.00834078325720974,0.00834034178564181,0.0083373912854835,0.00833375744076226,0.00833153279094613,0.00832979845973319,0.00833058247425074,0.00833476290096807,0.00834103174612906,0.00834721535966908,0.00835370715223374,0.00836081919351611,0.00836805997718877,0.00837496251179354,0.00838200056381634,0.00838922469768309,0.00839465454717799,0.00839781051551614,0.00839927076027043,0.00840079728850147,0.00840188787769488,0.00840218296542569,0.00840238404026824,0.00840297210617337,0.0084044785410583,0.00840741932236443,0.00841284509536806,0.00842044021502263,0.00842913598928827,0.00842526387937049,0.00842737137732092,0.00842914529367891]},"AdultARTMale":{"countryName":"Bahrain","countryCode":48,"startYear":2000,"endYear":2023,"values":[16.6963645521339,17.0282879027126,17.449540291861,16.469736036546,17.1224203111857,19.0749936098771,23.3089094810155,21.0972003399814,22.5814947326991,24.5354311944852,28.3929192718687,24.7550421311982,26.1363066815777,25.2383830551237,28.7215273925116,31.1089045552308,31.6908716139409,31.0953263233557,31.5813355822613,59.5263077725857,64.5065607902805,61.1891832209469,60.0,70.0]},"AdultARTFemale":{"countryName":"Bahrain","countryCode":48,"startYear":2000,"endYear":2023,"values":[30.7152852774266,33.3080377291246,54.8716278266994,49.251136469974,45.4426590069622,53.9649805822436,57.4300071787509,43.6093377404203,44.7240486734453,47.3577019450805,48.5071323674755,42.9556252027608,48.0028129648397,45.3647150705757,46.7573675673994,52.4389165280823,53.6122183283226,67.0164489422107,72.0998669677343,90.8879786858288,84.0250376279396,66.9391337332327,70.0,76.66667]},"PercLostToFollowup":{"countryName":"Bahrain","countryCode":48,"startYear":2000,"endYear":2023,"values":[0.0,0.0,0.0,0.0,0.0,0.0,0.0,0.0,0.0,0.0,0.0,0.0,0.0,0.0,0.0,0.0,0.0,0.0,0.0,0.0,0.0,0.0,0.0,0.0]},"ChildART":{"countryName":"Bahrain","countryCode":48,"startYear":2000,"endYear":2023,"values":[0.0,0.0,0.0,0.0,0.0,0.0,0.0,0.0,0.0,0.0,0.0,0.0,0.0,0.0,0.0,92.9886553840432,56.9738888667324,54.7735115298242,53.6155656710256,53.6316684275731,53.3091665111816,52.941145328738,81.0,81.0]},"ChildCotrim":{"countryName":"Bahrain","countryCode":48,"startYear":2000,"endYear":2023,"values":[0.0,0.0,0.0,0.0,0.0,0.0,0.0,0.0,0.0,0.0,0.0,0.0,0.0,0.0,0.0,36.1057754798458,30.7988924718267,34.3447873199045,33.9795103552558,33.6978315445401,34.5944150776299,35.89542943497,100.0,100.0]},"PMTCTSingleDoseNevirapine":{"countryName":"Bahrain","countryCode":48,"startYear":2000,"endYear":2023,"values":[0.0,0.0,0.0,0.0,0.0,0.0,0.0,0.0,0.0,0.0,0.0,0.0,0.0,0.0,0.0,0.0,0.0,0.0,0.0,0.0,0.0,0.0,0.0,0.0]},"PMTCTDualARV":{"countryName":"Bahrain","countryCode":48,"startYear":2000,"endYear":2023,"values":[0.0,0.0,0.0,0.0,0.0,0.0,0.0,0.0,0.0,0.0,0.0,0.0,0.0,0.0,0.0,0.0,0.0,0.0,0.0,0.0,0.0,0.0,0.0,0.0]},"PMTCTOptA":{"countryName":"Bahrain","countryCode":48,"startYear":2000,"endYear":2023,"values":[0.0,0.0,0.0,0.0,0.0,0.0,0.0,0.0,0.0,0.0,0.0,0.0,0.0,0.0,0.0,0.0,0.0,0.0,0.0,0.0,0.0,0.0,0.0,0.0]},"PMTCTOptB":{"countryName":"Bahrain","countryCode":48,"startYear":2000,"endYear":2023,"values":[0.0,0.0,0.0,0.0,0.0,0.0,0.0,0.0,0.0,0.0,0.0,0.0,0.0,0.0,0.0,0.0,0.0,0.0,0.0,0.0,0.0,0.0,0.0,0.0]},"PMTCTOptBPlusStartBefPreg":{"countryName":"Bahrain","countryCode":48,"startYear":2000,"endYear":2023,"values":[0.0,0.0,0.0,0.0,0.0,0.0,0.0,0.0,0.0,0.0,0.0,0.0,0.0,0.0,0.0,0.0,0.0,0.0,0.0,0.0,0.0,0.0,0.0,0.0]},"PMTCTOptBPlusStartDurPregGT4Wks":{"countryName":"Bahrain","countryCode":48,"startYear":2000,"endYear":2023,"values":[0.0,0.0,0.0,0.0,0.0,0.0,0.0,0.0,0.0,0.0,0.0,0.0,0.0,0.0,0.0,0.0,0.0,0.0,0.0,0.0,0.0,0.0,0.0,0.0]},"PMTCTOptBPlusStartDurPregLT4Wks":{"countryName":"Bahrain","countryCode":48,"startYear":2000,"endYear":2023,"values":[0.0,0.0,0.0,0.0,0.0,0.0,0.0,0.0,0.0,0.0,0.0,0.0,0.0,0.0,0.0,0.0,0.0,0.0,0.0,0.0,0.0,0.0,0.0,0.0]},"AdultHIVPrev":{"countryName":"Bahrain","countryCode":48,"startYear":1970,"endYear":2023,"values":[0.0,0.0031182343639648,0.00727930481324312,0.0121356200345985,0.0173693201235778,0.0227259154200623,0.0279949585117263,0.0330184066350997,0.0376946547398119,0.0419515093340246,0.0457557924841268,0.0490793359907271,0.051919377960039,0.054292236964203,0.0562275354155964,0.0577628445842675,0.0592964085224152,0.0606268221508286,0.0617456122155496,0.0626635136352259,0.0634097720251986,0.0640008061163927,0.0644582609802689,0.0648194502084131,0.0651304311472982,0.0654215275328693,0.0657032257041559,0.0659865290711732,0.0662630633820254,0.0665236875095915,0.0675081897547488,0.0690444152591922,0.0704748354783028,0.0718134686272588,0.0729395505767267,0.0740906397333193,0.0754900718971232,0.0770985586425528,0.0787337987075152,0.0804124227617807,0.0822515299025494,0.0842049762883585,0.0861715863855889,0.0880960157739024,0.0900223188444534,0.0920585210832776,0.0940643368956071,0.0960161235978143,0.0980092850048493,0.100914298303348,0.104818685308711,0.108942072283955,0.112654263111812,0.116137645880754]},"SexRatio":{"countryName":"Bahrain","countryCode":48,"startYear":1970,"endYear":2023,"values":[0.46365,0.46365,0.46365,0.46365,0.46365,0.46365,0.46365,0.46365,0.46365,0.46365,0.46365,0.44874,0.43404,0.41957,0.40534,0.39137,0.37766,0.36422,0.35107,0.33821,0.32565,0.3134,0.30146,0.28983,0.27852,0.26752,0.25685,0.24649,0.23646,0.22674,0.21733,0.20824,0.19945,0.19097,0.18278,0.17489,0.16729,0.15997,0.15293,0.14616,0.13965,0.13339,0.12739,0.12162,0.1161,0.1108,0.10572,0.10085,0.09619,0.09619,0.09619,0.09619,0.09619,0.09619]},"PercNotBFNotRecARVs":{"countryName":"Bahrain","countryCode":48,"<2":51.0,"2-3":63.9,"4-5":79.5,"6-7":89.8,"8-9":92.6,"10-11":95.4,"12-13":98.2,"14-15":98.66667,"16-17":99.13333,"18-19":99.6,"20-21":99.66667,"22-23":99.73333,"24-25":99.8,"26-27":99.8,"28-29":99.8,"30-31":99.8,"32-33":99.8,"34-35":99.8},"PercNotBFRecARVs":{"countryName":"Bahrain","countryCode":48,"<2":100.0,"2-3":100.0,"4-5":100.0,"6-7":100.0,"8-9":100.0,"10-11":100.0,"12-13":100.0,"14-15":100.0,"16-17":100.0,"18-19":100.0,"20-21":100.0,"22-23":100.0,"24-25":100.0,"26-27":100.0,"28-29":100.0,"30-31":100.0,"32-33":100.0,"34-35":100.0},"LocalAdjustmentFactor":{"countryName":"Bahrain","countryCode":48,"value":1.0},"NewARTPatAllocation":{"countryName":"Bahrain","countryCode":48,"NewARTPatAllocationMethod":3.0,"ExpectedMortality":0.2,"ProportionEligible":0.8}}