{"countryCode":44,"subnatCode":0,"Incidence":{"countryName":"Bahamas","countryCode":44,"startYear":1970,"endYear":2022,"values":[0.0,0.00256,0.00346,0.00465,0.00625,0.00837,0.0112,0.01495,0.01993,0.02652,0.0352,0.04662,0.06123,0.07979,0.10278,0.13015,0.16108,0.1927,0.2215,0.24366,0.25702,0.26127,0.25814,0.25006,0.23884,0.226,0.21244,0.1988,0.18542,0.17249,0.15992,0.14821,0.13704,0.12653,0.11661,0.10726,0.0985,0.09028,0.08277,0.07588,0.06916,0.06328,0.05772,0.05262,0.04796,0.04363,0.03964,0.03603,0.03274,0.02973,0.02701,0.0245,0.02219]},"AdultARTMale":{"countryName":"Bahamas","countryCode":44,"startYear":2000,"endYear":2022,"values":[0.0,0.0,0.0,36.34499,42.39675,47.2343,51.57709,55.12764,48.16211,55.27758,36.78112,31.94641,40.20858,45.13553,55.88042,53.889,53.94638,70.70051,76.97873,74.25651,75.67549,78.69717,80.7061]},"AdultARTFemale":{"countryName":"Bahamas","countryCode":44,"startYear":2000,"endYear":2022,"values":[0.0,0.0,0.0,39.62993,46.25272,51.55346,70.46625,59.19309,78.83341,59.16304,44.94316,39.33004,48.88806,54.97161,63.78758,63.41919,57.45826,75.95361,76.32428,75.75014,73.81716,75.42468,73.46942]},"MedianCD4AtInit":{"countryName":"Bahamas","countryCode":44,"startYear":2000,"endYear":2022,"values":[0.0,0.0,0.0,139.82226,142.7869,141.23762,145.82626,136.87948,152.00165,165.02334,176.39935,186.31677,195.13292,196.80345,199.10999,210.89657,207.5661,211.04871,223.64359,237.86983,209.02288,206.32813,208.47882]},"PercLostToFollowup":{"countryName":"Bahamas","countryCode":44,"startYear":2000,"endYear":2022,"values":[0.0,0.0,0.0,0.0,0.0,0.0,0.0,0.0,0.0,0.0,0.0,0.0,0.0,0.0,0.0,0.0,0.0,0.0,0.0,0.0,0.0,0.0,0.0]},"ChildART":{"countryName":"Bahamas","countryCode":44,"startYear":2000,"endYear":2022,"values":[85.51842,99.0,99.0,99.0,99.0,99.0,99.0,99.0,99.0,76.34761,53.2133,42.32821,35.26848,50.12735,39.51741,55.59518,42.70592,49.81147,34.17148,32.5285,31.25815,32.66196,28.7419]},"ChildCotrim":{"countryName":"Bahamas","countryCode":44,"startYear":2000,"endYear":2022,"values":[0.0,0.0,0.0,35.20977,34.14896,31.77683,34.25465,32.14076,29.31633,27.83339,29.03912,27.83374,28.68514,34.82087,21.27666,38.41903,41.69019,43.68809,36.46359,21.93013,23.17316,20.68914,13.21855]},"PMTCTSingleDoseNevirapine":{"countryName":"Bahamas","countryCode":44,"startYear":2000,"endYear":2022,"values":[0.0,0.0,0.0,0.0,0.0,0.0,10.7,0.0,6.3,3.1,8.8,5.8,2.0,6.896551724137931,2.3,0.0,0.0,0.0,0.0,0.0,0.0,0.0,0.0]},"PMTCTDualARV":{"countryName":"Bahamas","countryCode":44,"startYear":2000,"endYear":2022,"values":[0.0,0.0,0.0,0.0,0.0,0.0,0.0,0.0,0.0,0.0,0.0,0.0,0.0,0.0,0.0,0.0,0.0,0.0,0.0,0.0,0.0,0.0,0.0]},"PMTCTOptA":{"countryName":"Bahamas","countryCode":44,"startYear":2000,"endYear":2022,"values":[0.0,0.0,0.0,0.0,0.0,0.0,0.0,0.0,0.0,5.5,8.8,6.7,4.1,6.896551724137931,5.7,0.0,0.0,0.0,0.0,0.0,0.0,0.0,0.0]},"PMTCTOptB":{"countryName":"Bahamas","countryCode":44,"startYear":2000,"endYear":2022,"values":[38.9,55.6,67.9,77.0,70.6,58.4,84.9,64.9,63.4,58.8,32.6,32.1,30.5,34.48275862068966,26.4,0.0,0.0,0.0,0.0,0.0,0.0,0.0,0.0]},"PMTCTOptBPlusStartBefPreg":{"countryName":"Bahamas","countryCode":44,"startYear":2000,"endYear":2022,"values":[0.0,0.0,0.0,0.0,0.0,0.0,0.0,0.0,0.0,0.0,0.0,0.0,17.3,31.034482758620683,26.4,23.5,31.2,27.9,28.4,32.6,34.3,33.2,22.5]},"PMTCTOptBPlusStartDurPregGT4Wks":{"countryName":"Bahamas","countryCode":44,"startYear":2000,"endYear":2022,"values":[0.0,0.0,0.0,0.0,0.0,0.0,0.0,0.0,0.0,0.0,0.0,0.0,36.6,20.689655172413794,25.2,38.3,48.8,44.0,47.9,38.8,18.0,12.2,30.0]},"PMTCTOptBPlusStartDurPregLT4Wks":{"countryName":"Bahamas","countryCode":44,"startYear":2000,"endYear":2022,"values":[0.0,0.0,0.0,0.0,0.0,0.0,0.0,0.0,0.0,0.0,0.0,0.0,0.0,0.0,0.0,2.5,9.5,2.9,3.0,3.1,6.5,3.5,7.5]},"PMTCTPostnatalOptA":{"countryName":"Bahamas","countryCode":44,"startYear":2000,"endYear":2022,"values":[0.0,0.0,0.0,0.0,0.0,0.0,0.0,0.0,0.0,0.0,0.0,0.0,0.0,0.0,0.0,0.0,0.0,0.0,0.0,0.0,0.0,0.0,0.0]},"PMTCTPostnatalOptB":{"countryName":"Bahamas","countryCode":44,"startYear":2000,"endYear":2022,"values":[0.0,0.0,0.0,0.0,0.0,0.0,0.0,0.0,0.0,0.0,0.0,0.0,0.0,0.0,0.0,0.0,0.0,0.0,0.0,0.0,0.0,0.0,0.0]},"PercentHIVPopEligible":{"countryName":"Bahamas","countryCode":44,"TB\/HIV":0.13,"TB\/HIV Year":2009,"DC":40,"DC Year":2011,"FSW":2,"FSW Year":2016,"MSM":5,"MSM Year":2016,"IDU":0,"IDU Year":2015,"Other":10,"Other Year":2016},"AdultHIVPrev":{"countryName":"Bahamas","countryCode":44,"startYear":1970,"endYear":2022,"values":[0.0,0.00253,0.00578,0.00996,0.01538,0.02242,0.03164,0.04374,0.05968,0.08071,0.1085,0.14485,0.1926,0.25483,0.33467,0.43487,0.55828,0.70247,0.86314,1.03291,1.20598,1.36733,1.51072,1.63224,1.72916,1.80099,1.84795,1.87185,1.8753,1.86052,1.82975,1.78532,1.73261,1.71027,1.71509,1.71439,1.70879,1.69556,1.6724,1.64889,1.61167,1.55955,1.49272,1.42072,1.36233,1.30586,1.24164,1.18522,1.13996,1.09296,1.04067,0.98947,0.94109]},"SexRatio":{"countryName":"Bahamas","countryCode":44,"startYear":1970,"endYear":2022,"values":[0.76,0.76,0.76,0.76,0.76,0.76,0.76,0.76,0.76,0.76,0.76,0.75,0.75,0.75,0.75,0.75,0.74,0.74,0.74,0.74,0.73,0.73,0.73,0.73,0.72,0.72,0.72,0.72,0.72,0.71,0.71,0.71,0.71,0.7,0.7,0.7,0.7,0.69,0.69,0.69,0.69,0.69,0.68,0.68,0.68,0.68,0.67,0.67,0.67,0.67,0.67,0.67,0.67]},"PercNotBFNotRecARVs":{"countryName":"Bahamas","countryCode":44,"<2":3.2,"2-3":6.7,"4-5":14.3,"6-7":20,"8-9":34.4,"10-11":29.6,"12-13":41.1,"14-15":36.7,"16-17":42.4,"18-19":33.6,"20-21":51.6,"22-23":50.8,"24-25":58.3,"26-27":42.1,"28-29":63.8,"30-31":100,"32-33":100,"34-35":100},"PercNotBFRecARVs":{"countryName":"Bahamas","countryCode":44,"<2":100,"2-3":100,"4-5":100,"6-7":100,"8-9":100,"10-11":100,"12-13":100,"14-15":100,"16-17":100,"18-19":100,"20-21":100,"22-23":100,"24-25":100,"26-27":100,"28-29":100,"30-31":100,"32-33":100,"34-35":100},"LocalAdjustmentFactor":{"countryName":"Bahamas","countryCode":44,"value":2.33},"NewARTPatAllocation":{"countryName":"Bahamas","countryCode":44,"NewARTPatAllocationMethod":3,"ExpectedMortality":0.2,"ProportionEligible":0.8,"NotDefault":0}}