{"countryName":"Belize","subnatCode":0,"Incidence":{"countryName":"Belize","countryCode":84,"startYear":1970,"endYear":2020,"values":[0.0,0.0,0.0,0.0,0.0,0.0,0.0,0.0,0.0,0.0,0.0,0.0,0.0,1e-5,3e-5,7e-5,0.00016,0.0004,0.00096,0.00227,0.00521,0.01156,0.02429,0.04737,0.0837,0.13099,0.17868,0.2126,0.22495,0.2188,0.20311,0.18571,0.17017,0.15616,0.14441,0.13764,0.12987,0.12462,0.12106,0.11632,0.11099,0.10842,0.10666,0.10604,0.10329,0.10086,0.09827,0.09458,0.09291,0.09026,0.08694]},"AdultARTMale":{"countryName":"Belize","countryCode":84,"startYear":2000,"endYear":2020,"values":[0.0,0.0,9.27533,25.74095,22.52713,34.41733,39.00242,35.09708,30.1231,36.70942,39.43113,41.02885,28.96816,32.4392,32.27838,33.87478,38.0033,37.16432,39.44223,43.46542,40.72247]},"AdultARTFemale":{"countryName":"Belize","countryCode":84,"startYear":2000,"endYear":2020,"values":[0.0,0.0,6.63217,18.23699,16.34523,25.5978,29.36415,35.78755,31.00261,41.93504,43.63641,46.11315,30.24923,31.77641,34.96165,35.77743,38.90455,39.37256,40.7005,43.9564,42.4721]},"MedianCD4AtInit":{"countryName":"Belize","countryCode":84,"startYear":2000,"endYear":2020,"values":[0.0,0.0,0.0,0.0,0.0,0.0,0.0,0.0,0.0,0.0,0.0,0.0,0.0,0.0,0.0,0.0,0.0,0.0,0.0,0.0,0.0]},"PercLostToFollowup":{"countryName":"Belize","countryCode":84,"startYear":2000,"endYear":2020,"values":[0.0,0.0,0.0,0.0,0.0,0.0,0.0,0.0,0.0,0.0,0.0,0.0,0.0,0.0,0.0,0.0,0.0,0.0,0.0,0.0,0.0]},"ChildART":{"countryName":"Belize","countryCode":84,"startYear":2000,"endYear":2020,"values":[39.4176,67.63183,46.69172,39.72122,23.25068,37.19849,42.32003,44.08795,49.78886,64.70972,85.84849,77.68477,61.40277,82.39788,83.97199,87.00188,83.46289,81.38997,83.37474,73.60624,67.09995]},"ChildCotrim":{"countryName":"Belize","countryCode":84,"startYear":2000,"endYear":2020,"values":[0.0,0.0,0.0,0.0,0.0,0.0,0.0,0.0,0.0,0.0,45.33366,42.86273,39.92572,36.49854,38.36547,47.5661,33.79426,27.94512,25.945,22.40121,15.8801]},"PMTCTSingleDoseNevirapine":{"countryName":"Belize","countryCode":84,"startYear":2000,"endYear":2020,"values":[0.0,75.506,64.61551,76.90885,63.97856,60.94329,99.14963,0.0,0.0,0.0,0.0,0.0,0.0,0.0,0.0,0.0,0.0,0.0,0.0,0.0,0.0]},"PMTCTDualARV":{"countryName":"Belize","countryCode":84,"startYear":2000,"endYear":2020,"values":[0.0,0.0,0.0,0.0,0.0,0.0,0.0,0.0,0.0,0.0,0.0,0.0,0.0,0.0,0.0,0.0,0.0,0.0,0.0,0.0,0.0]},"PMTCTOptA":{"countryName":"Belize","countryCode":84,"startYear":2000,"endYear":2020,"values":[0.0,0.0,0.0,0.0,0.0,0.0,0.0,0.0,0.0,0.0,0.0,0.0,0.0,0.0,0.0,0.0,0.0,0.0,0.0,0.0,0.0]},"PMTCTOptB":{"countryName":"Belize","countryCode":84,"startYear":2000,"endYear":2020,"values":[0.0,0.0,0.0,0.0,0.0,0.0,0.0,50.45083,41.12047,56.45161,62.26415,39.08046,28.78788,0.0,0.0,0.0,0.0,0.0,0.0,0.0,0.0]},"PMTCTOptBPlusStartBefPreg":{"countryName":"Belize","countryCode":84,"startYear":2000,"endYear":2020,"values":[0.0,0.0,0.0,0.0,0.0,0.0,0.0,16.21634,22.8447,19.35484,26.41509,20.68966,31.81818,64.0625,56.94444,56.71642,54.54545,69.34462,64.91228,64.0,51.94233]},"PMTCTOptBPlusStartDurPregGT4Wks":{"countryName":"Belize","countryCode":84,"startYear":2000,"endYear":2020,"values":[0.0,0.0,0.0,0.0,0.0,0.0,0.0,19.81997,25.12918,24.19355,11.32075,39.08046,39.39394,29.6875,34.72222,31.34328,41.81818,23.84307,26.31579,24.0,21.64264]},"PMTCTOptBPlusStartDurPregLT4Wks":{"countryName":"Belize","countryCode":84,"startYear":2000,"endYear":2020,"values":[0.0,0.0,0.0,0.0,0.0,0.0,0.0,0.0,0.0,0.0,0.0,1.14943,0.0,6.25,8.33333,11.9403,3.63636,6.81231,8.77193,12.0,6.49279]},"PMTCTPostnatalOptA":{"countryName":"Belize","countryCode":84,"startYear":2000,"endYear":2020,"values":[0.0,0.0,0.0,0.0,0.0,0.0,0.0,0.0,0.0,0.0,0.0,0.0,0.0,0.0,0.0,0.0,0.0,0.0,0.0,0.0,0.0]},"PMTCTPostnatalOptB":{"countryName":"Belize","countryCode":84,"startYear":2000,"endYear":2020,"values":[0.0,0.0,0.0,0.0,0.0,0.0,0.0,0.0,0.0,0.0,0.0,0.0,0.0,0.0,0.0,0.0,0.0,0.0,0.0,0.0,0.0]},"PercentHIVPopEligible":{"countryName":"Belize","countryCode":84,"TB\/HIV":5,"TB\/HIV Year":2012,"DC":39.8,"DC Year":2012,"FSW":2.72,"FSW Year":2015,"MSM":9.28,"MSM Year":2015,"IDU":5.35,"IDU Year":2015,"Other":10,"Other Year":2015},"AdultHIVPrev":{"countryName":"Belize","countryCode":84,"startYear":1970,"endYear":2020,"values":[0.0,0.0,0.0,0.0,0.0,0.0,0.0,0.0,0.0,0.0,0.0,0.0,1e-5,2e-5,4e-5,0.0001,0.00025,0.00062,0.00152,0.00364,0.00852,0.01931,0.04179,0.08502,0.15995,0.27439,0.42587,0.59904,0.77204,0.92711,1.05586,1.1563,1.23099,1.28953,1.33587,1.36273,1.38167,1.39228,1.39421,1.3944,1.39674,1.39684,1.39261,1.38093,1.36695,1.35029,1.32956,1.30969,1.28624,1.26395,1.24588]},"SexRatio":{"countryName":"Belize","countryCode":84,"startYear":1970,"endYear":2020,"values":[0.24,0.24,0.24,0.24,0.24,0.24,0.24,0.24,0.24,0.24,0.29263,0.34526,0.39263,0.44,0.48211,0.52947,0.56632,0.60316,0.64,0.67158,0.69789,0.72421,0.75053,0.77158,0.78737,0.80316,0.81368,0.82421,0.82947,0.83474,0.84,0.84,0.84,0.84,0.84,0.84,0.84,0.84,0.84,0.84,0.84,0.84,0.84,0.84,0.84,0.84,0.84,0.84,0.84,0.84,0.84]},"PercNotBFNotRecARVs":{"countryName":"Belize","countryCode":84,"<2":4,"2-3":0.9,"4-5":0.7,"6-7":2,"8-9":1.2,"10-11":5,"12-13":9.4,"14-15":10.5,"16-17":27.5,"18-19":42.9,"20-21":60,"22-23":71.9,"24-25":88.5,"26-27":94.4,"28-29":85.7,"30-31":94.1,"32-33":92.5,"34-35":98.2},"PercNotBFRecARVs":{"countryName":"Belize","countryCode":84,"<2":98.2,"2-3":98.2,"4-5":98.2,"6-7":98.2,"8-9":98.2,"10-11":98.2,"12-13":98.2,"14-15":98.2,"16-17":98.2,"18-19":98.2,"20-21":98.2,"22-23":98.2,"24-25":98.2,"26-27":98.2,"28-29":98.2,"30-31":98.2,"32-33":98.2,"34-35":98.2},"LocalAdjustmentFactor":{"countryName":"Belize","countryCode":84,"value":1}}