{"countryCode":68,"subnatCode":0,"Incidence":{"countryName":"Bolivia","countryCode":68,"startYear":1970,"endYear":2023,"values":[0.0,0.0,0.0,0.0,0.0,0.0,0.0,0.0,0.0,0.0,0.00176371067431333,0.000842465826863571,0.00128388006246036,0.00178535692201665,0.00248535020100794,0.00331870880844183,0.00451401606124901,0.00673243719983591,0.00959366616108499,0.0143983087315021,0.0231336984353954,0.03574557947393,0.0543331626477246,0.0685055971294104,0.0512849105259182,0.0416971689590227,0.0360102820579538,0.0368847378891039,0.0379540762043931,0.0384970007106921,0.0397584415429091,0.0372141272981583,0.0381369540663495,0.0369867499740629,0.03769190663014,0.0386266395261366,0.0378176489388914,0.0374384497190045,0.0378206521533709,0.0367972833225763,0.0359118286098913,0.0362855907005518,0.0353038932335871,0.0339412974158004,0.0341534638677139,0.0333062662362545,0.0322389138147489,0.0311541420127066,0.0309153685765958,0.0296551523037802,0.0289619873448678,0.0288232074835785,0.0290826820503996,0.0285652945322177]},"AdultARTMale":{"countryName":"Bolivia","countryCode":68,"startYear":2000,"endYear":2023,"values":[0.0,0.187553376870511,0.379881233714017,0.552571006501405,0.713963225679268,1.42912314989413,2.05073389757067,2.55617127106768,3.23210958180073,5.34480668264263,5.7771175019406,5.36265988349906,9.49537753080219,11.7790368729703,14.6251454419834,20.2494633756485,24.1234230791428,30.0039052308827,36.1959363274598,41.203047837593,44.8022072286639,49.0626692259566,50.7582718945225,56.6276511126804]},"AdultARTFemale":{"countryName":"Bolivia","countryCode":68,"startYear":2000,"endYear":2023,"values":[0.0,0.215971954270768,0.439522759362355,0.65031501584525,0.873858853211141,1.74363556290065,2.52350436702295,3.17578418576577,4.07227032448179,6.83926370900766,7.65524823353449,8.33092287297876,15.9196360222904,19.2101955545548,24.2561665334261,32.6824787514111,37.6227700992856,42.1142198701375,46.2997687789547,50.3835307042019,51.554895439576,56.2600390654164,54.8076492035281,59.9219532245939]},"PercLostToFollowup":{"countryName":"Bolivia","countryCode":68,"startYear":2000,"endYear":2023,"values":[5.0,5.0,5.0,5.0,5.0,5.0,5.0,5.0,5.0,5.0,5.0,5.0,5.0,5.0,5.0,5.0,5.0,5.0,5.0,5.0,5.0,5.0,5.0,5.0]},"ChildART":{"countryName":"Bolivia","countryCode":68,"startYear":2000,"endYear":2023,"values":[0.0,0.258269852325431,0.482707294755905,0.683941033750199,0.868798729155971,1.0429732622853,1.21712456532551,1.39833036557689,2.17948973746639,3.79285835115345,6.2346922972891,6.08850906911805,9.09791785369369,11.1235366720115,12.1210642809584,19.1969948114407,22.8536547364685,26.3771017214704,30.7726237755272,36.0695478388231,35.586511029104,40.8535121072377,42.5923715915762,42.6415754129962]},"ChildCotrim":{"countryName":"Bolivia","countryCode":68,"startYear":2000,"endYear":2023,"values":[0.0,0.0,0.0,0.0,0.0,0.0,0.0,0.0,0.0,0.0,0.0,0.0,0.0,0.0,0.0,0.0,0.462736800351791,0.792361204827999,1.35726395077833,1.67354920751378,1.79205722104655,1.95865278174324,2.113147429844,2.27919542548715]},"PMTCTSingleDoseNevirapine":{"countryName":"Bolivia","countryCode":68,"startYear":2000,"endYear":2023,"values":[0.0,0.0,0.0,0.0,0.0,0.0,0.0,3.43189417120432,3.4543028147102,3.65437943165832,10.7315664288417,13.3666722442144,0.0,0.0,0.0,0.0,0.0,0.0,0.0,0.0,0.0,0.0,0.0,0.0]},"PMTCTDualARV":{"countryName":"Bolivia","countryCode":68,"startYear":2000,"endYear":2023,"values":[0.0,0.0,0.0,0.0,0.0,0.0,0.0,0.0,3.4543028147102,3.65437943165832,10.7315664288417,26.9358698254625,2.41507489751026,0.0,0.0,0.0,0.0,0.0,0.0,0.0,0.0,0.0,0.0,0.0]},"PMTCTOptA":{"countryName":"Bolivia","countryCode":68,"startYear":2000,"endYear":2023,"values":[0.0,0.0,0.0,0.0,0.0,0.0,0.0,0.0,0.0,0.0,0.0,0.0,0.0,0.0,0.0,0.0,0.0,0.0,0.0,0.0,0.0,0.0,0.0,0.0]},"PMTCTOptB":{"countryName":"Bolivia","countryCode":68,"startYear":2000,"endYear":2023,"values":[0.0,0.0,0.0,0.0,0.0,0.0,0.0,0.0,0.0,0.0,0.0,0.0,24.553261458021,20.0564890019845,0.0,0.0,0.0,0.0,0.0,0.0,0.0,0.0,0.0,0.0]},"PMTCTOptBPlusStartBefPreg":{"countryName":"Bolivia","countryCode":68,"startYear":2000,"endYear":2023,"values":[0.0,0.0,0.0,0.0,0.0,0.0,0.0,0.0,0.0,0.0,0.0,0.0,2.01256241459188,18.070698011689,16.4717790480265,20.4091625048181,21.4542168799633,35.9841895435998,42.1805986408144,41.4862009538032,50.670867484729,44.6124523952229,44.7968868881626,49.9143302065218]},"PMTCTOptBPlusStartDurPregGT4Wks":{"countryName":"Bolivia","countryCode":68,"startYear":2000,"endYear":2023,"values":[0.0,0.0,0.0,0.0,0.0,0.0,0.0,0.0,0.0,0.0,0.0,0.0,4.02512482918377,9.9289549514775,23.1389277103229,21.9494766561251,31.993130435033,23.6203910850296,44.5340225993148,40.422452211398,33.6064516307653,27.8614166299668,36.4079567592932,34.7588240052016]},"PMTCTOptBPlusStartDurPregLT4Wks":{"countryName":"Bolivia","countryCode":68,"startYear":2000,"endYear":2023,"values":[0.0,0.0,0.0,0.0,0.0,0.0,0.0,0.0,0.0,0.0,0.0,0.0,0.805024965836753,1.39005369320685,1.96092607714601,1.7328534202204,0.0,4.05975471773946,0.0,0.0,0.0,0.0,0.0,0.0]},"AdultHIVPrev":{"countryName":"Bolivia","countryCode":68,"startYear":1970,"endYear":2023,"values":[0.0,0.0,0.0,0.0,0.0,0.0,0.0,0.0,0.0,0.0,0.00172920133041084,0.0024585575800903,0.0035669557367191,0.0050878460399961,0.00718670141606524,0.00995482966802726,0.0136641096647718,0.0192642060136766,0.0272542702721608,0.0393653784244736,0.059158941133811,0.0899007892533608,0.136648377204556,0.193882920352558,0.229870974610572,0.252823867239375,0.267055745906504,0.279442898472515,0.290375050472567,0.299572391397129,0.308034932407931,0.312349579209779,0.316414893950816,0.318405678908501,0.320418466140409,0.323192599050049,0.325332608791576,0.327169630559231,0.329532496318468,0.331858044154143,0.333775603641758,0.335028778087263,0.336237190192258,0.33751064523428,0.339407178635932,0.342021922553713,0.344917074057586,0.347730115052953,0.351515117356095,0.354976568681464,0.358108562907566,0.361110369599797,0.364421076179385,0.36745126790707]},"SexRatio":{"countryName":"Bolivia","countryCode":68,"startYear":1970,"endYear":2023,"values":[0.0,0.0,0.0,0.0,0.0,0.0,0.0,0.0,0.0,1.0,1.06958,1.37912,1.33454,1.37811,1.38539,1.29553,1.10509,0.89088,0.66817,0.4457,0.31792,0.27386,0.25967,0.26867,0.29088,0.32104,0.34922,0.37033,0.37821,0.3798,0.37673,0.36336,0.34729,0.33398,0.32326,0.31415,0.30687,0.30302,0.3001,0.29902,0.29981,0.30144,0.30296,0.30397,0.30733,0.3115,0.31747,0.32462,0.33193,0.3416,0.35226,0.36272,0.3731,0.38219]},"PercNotBFNotRecARVs":{"countryName":"Bolivia","countryCode":68,"<2":1.1,"2-3":0.8,"4-5":3.2,"6-7":5.6,"8-9":4.9,"10-11":6.4,"12-13":17.3,"14-15":13.5,"16-17":33.6,"18-19":42.2,"20-21":51.0,"22-23":68.7,"24-25":67.7,"26-27":77.1,"28-29":84.8,"30-31":87.4,"32-33":89.4,"34-35":94.5},"PercNotBFRecARVs":{"countryName":"Bolivia","countryCode":68,"<2":95.0,"2-3":96.0,"4-5":97.0,"6-7":98.0,"8-9":99.0,"10-11":100.0,"12-13":100.0,"14-15":100.0,"16-17":100.0,"18-19":100.0,"20-21":100.0,"22-23":100.0,"24-25":100.0,"26-27":100.0,"28-29":100.0,"30-31":100.0,"32-33":100.0,"34-35":100.0},"LocalAdjustmentFactor":{"countryName":"Bolivia","countryCode":68,"value":1.92801},"NewARTPatAllocation":{"countryName":"Bolivia","countryCode":68,"NewARTPatAllocationMethod":3.0,"ExpectedMortality":0.2,"ProportionEligible":0.8}}