{"countryCode":76,"subnatCode":0,"Incidence":{"countryName":"Brazil","countryCode":76,"startYear":1970,"endYear":2023,"values":[0.0,0.0,0.0,0.0,0.0,0.0,0.0,0.0,0.0,0.0303156381069459,0.00628022321425295,0.00388043902696934,0.0047575754926239,0.00584604644656469,0.0069291992929502,0.00796202429530504,0.00898969285562337,0.0100872622773541,0.0113291434986357,0.0127799609117433,0.0144900333775648,0.0165021956150097,0.0188581782225162,0.0216037641952631,0.0247975613236736,0.0285089846197729,0.032808317221388,0.0341774514456138,0.0330406093103096,0.0332462240158513,0.034369657302344,0.0367062253987211,0.0415498308798786,0.0480917290286124,0.0536269765304316,0.0578501226276503,0.0626771041391599,0.0666942360988261,0.0670916235987816,0.0654208737246924,0.0620258309581276,0.0578323741097822,0.0541757151479583,0.0515236335350379,0.0479548756384859,0.0435528396745854,0.0400008462459252,0.03705806266202,0.0335365325744994,0.0308422630388347,0.0287391055873953,0.0268083518576013,0.0246258574390688,0.0214031380126625]},"AdultARTMale":{"countryName":"Brazil","countryCode":76,"startYear":2000,"endYear":2023,"values":[79.34628301815,79.0850321716134,72.914979164584,69.2213437542723,66.3213392568512,63.6529105702052,55.6762547615716,52.5573735372802,50.1363437062696,48.407049548696,50.6414299418437,52.4314490144273,43.3008978570074,47.1371656808884,43.9866711734838,49.8746587754325,53.8932443824699,59.019701819024,63.4148659581924,66.9371017171249,69.6497496358798,72.7960575522104,75.3862651726904,80.6225561356751]},"AdultARTFemale":{"countryName":"Brazil","countryCode":76,"startYear":2000,"endYear":2023,"values":[66.4034491729863,70.3278720305872,68.4269160460353,68.2282712742003,68.2049187070266,67.895701388666,61.1050453239635,58.9055055447884,57.1098654779789,57.1082002870694,59.3007112562366,60.6732882376507,50.8592661780532,54.6044377417429,51.8060064873933,56.6899007011797,59.4912489072169,63.0819201339676,65.6789470991096,67.9223999657878,69.2288155984112,71.1593870826472,72.8972755007958,77.1576223273725]},"PercLostToFollowup":{"countryName":"Brazil","countryCode":76,"startYear":2000,"endYear":2023,"values":[7.7,7.7,7.7,7.7,7.7,7.7,7.7,7.7,7.7,7.7,7.7,7.7,7.7,7.7,7.7,7.7,7.7,7.7,7.7,7.7,7.7,7.7,7.7,7.7]},"ChildART":{"countryName":"Brazil","countryCode":76,"startYear":2000,"endYear":2023,"values":[100.0,100.0,100.0,100.0,100.0,100.0,100.0,100.0,88.662426505337,67.9268742782832,64.5568194396167,61.4329092147841,58.687694550104,55.699517555679,28.8200902264454,27.1871422934823,26.1314817554796,26.2329068628929,26.5439862248332,26.4470800750662,25.3559633318511,25.5095598861403,26.7119025352971,27.8968134720914]},"ChildCotrim":{"countryName":"Brazil","countryCode":76,"startYear":2000,"endYear":2023,"values":[0.0,0.0,0.0,0.0,0.0,0.0,0.0,0.0,0.0,0.0,0.0,0.0,0.0,0.0,0.0,0.0,0.0,0.0,0.0,0.0,0.0,0.0,0.0,0.0]},"PMTCTSingleDoseNevirapine":{"countryName":"Brazil","countryCode":76,"startYear":2000,"endYear":2023,"values":[0.0,0.0,0.0,0.0,0.0,0.0,0.0,0.0,0.0,0.0,0.0,0.0,0.0,0.0,0.0,0.0,0.0,0.0,0.0,0.0,0.0,0.0,0.0,0.0]},"PMTCTDualARV":{"countryName":"Brazil","countryCode":76,"startYear":2000,"endYear":2023,"values":[0.0,0.0,0.0,0.0,0.0,0.0,0.0,0.0,0.0,0.0,0.0,0.0,0.0,0.0,0.0,0.0,0.0,0.0,0.0,0.0,0.0,0.0,0.0,0.0]},"PMTCTOptA":{"countryName":"Brazil","countryCode":76,"startYear":2000,"endYear":2023,"values":[0.0,0.0,0.0,0.0,0.0,0.0,0.0,0.0,0.0,0.0,0.0,0.0,0.0,0.0,0.0,0.0,0.0,0.0,0.0,0.0,0.0,0.0,0.0,0.0]},"PMTCTOptB":{"countryName":"Brazil","countryCode":76,"startYear":2000,"endYear":2023,"values":[0.0,0.0,0.0,0.0,0.0,6.59505546598279,12.3275050263572,17.4749047098361,22.1994079677351,29.1710673652709,37.1771226429926,0.0,0.0,0.0,0.0,0.0,0.0,0.0,0.0,0.0,0.0,0.0,0.0,0.0]},"PMTCTOptBPlusStartBefPreg":{"countryName":"Brazil","countryCode":76,"startYear":2000,"endYear":2023,"values":[0.0,0.0,0.0,0.0,0.0,0.0,0.0,0.0,0.0,0.0,0.0,16.0720663349636,17.3587831239378,19.5042600283807,21.8719430575884,23.8412646511955,28.7756371816212,31.5094907509532,37.5622475021005,42.2268646449519,48.6642144255718,43.7212630697639,41.6994297413019,43.2361866474759]},"PMTCTOptBPlusStartDurPregGT4Wks":{"countryName":"Brazil","countryCode":76,"startYear":2000,"endYear":2023,"values":[0.0,0.0,0.0,0.0,0.0,0.0,0.0,0.0,0.0,0.0,0.0,20.8186415677407,21.0834408804264,21.6184239491154,20.7409553267213,21.176544368265,21.6699081873631,19.3372443742506,19.5797112593534,20.7431382811116,20.5461674541531,20.0080356420953,20.077503208775,20.8174232006366]},"PMTCTOptBPlusStartDurPregLT4Wks":{"countryName":"Brazil","countryCode":76,"startYear":2000,"endYear":2023,"values":[0.0,0.0,0.0,0.0,0.0,0.0,0.0,0.0,0.0,0.0,0.0,0.0,0.0,0.0,0.0,0.0,0.0,0.0,0.0,0.0,0.0,0.0,0.0,0.0]},"AdultHIVPrev":{"countryName":"Brazil","countryCode":76,"startYear":1970,"endYear":2023,"values":[0.0,0.0,0.0,0.0,0.0,0.0,0.0,0.0,0.0,0.0298842567575222,0.0345746053600821,0.0362714274150803,0.037935105564772,0.0396768421305387,0.0416504764841711,0.0440317948059677,0.0469707159158733,0.050616653644976,0.0551041313131612,0.0605875369814851,0.0671861813348337,0.0750542197767065,0.0843814172412445,0.0953789442587762,0.108438421039703,0.123621687101127,0.141324298608394,0.162479052303557,0.184390987294666,0.206649042865939,0.229601905320482,0.254266968929483,0.282870204164509,0.316374621196697,0.353176051048162,0.391717279768919,0.431646012074951,0.470152848169903,0.503848664694529,0.5318462937012,0.5549606168791,0.573480983054676,0.587600452436046,0.597560464497268,0.604401698027447,0.60880360373612,0.611295641254016,0.612292259345125,0.611929110537463,0.609950958522159,0.60663139073925,0.601900565257581,0.596331113757524,0.588222904549151]},"SexRatio":{"countryName":"Brazil","countryCode":76,"startYear":1970,"endYear":2023,"values":[0.0,0.0,0.0,0.0,0.07,0.03,0.08,0.04,0.07,0.11,0.16,0.17,0.19,0.21,0.25,0.29,0.31,0.36,0.42,0.48,0.5,0.56,0.56,0.59,0.63,0.67,0.67,0.67,0.67,0.67,0.68,0.68,0.67,0.66,0.65,0.63,0.61,0.59,0.57,0.56,0.53,0.51,0.48,0.45,0.43,0.41,0.4,0.4,0.39,0.35607,0.36,0.33738,0.32803,0.31869]},"PercNotBFNotRecARVs":{"countryName":"Brazil","countryCode":76,"<2":3.6,"2-3":22.6,"4-5":40.1,"6-7":38.7,"8-9":57.9,"10-11":58.9,"12-13":61.6,"14-15":69.7,"16-17":67.4,"18-19":75.7,"20-21":77.0,"22-23":84.3,"24-25":78.2,"26-27":81.9,"28-29":83.9,"30-31":86.8,"32-33":91.7,"34-35":89.9},"PercNotBFRecARVs":{"countryName":"Brazil","countryCode":76,"<2":3.6,"2-3":22.6,"4-5":40.1,"6-7":38.7,"8-9":57.9,"10-11":58.9,"12-13":61.6,"14-15":69.7,"16-17":67.4,"18-19":75.7,"20-21":77.0,"22-23":84.3,"24-25":78.2,"26-27":81.9,"28-29":83.9,"30-31":86.8,"32-33":91.7,"34-35":89.9},"LocalAdjustmentFactor":{"countryName":"Brazil","countryCode":76,"value":2.0},"NewARTPatAllocation":{"countryName":"Brazil","countryCode":76,"NewARTPatAllocationMethod":3.0,"ExpectedMortality":0.5,"ProportionEligible":0.5}}