{"countryName":"Botswana","subnatCode":0,"Incidence":{"countryName":"Botswana","countryCode":72,"startYear":1970,"endYear":2020,"values":[0.0,0.0,0.0,0.0,0.0,0.0,0.00325,0.00262,0.00432,0.00724,0.01227,0.02054,0.03719,0.06519,0.11532,0.20464,0.35935,0.62005,1.05334,1.66642,2.46298,3.33126,4.07431,4.69745,5.01715,5.04689,4.83508,4.45035,4.03806,3.59989,3.19998,2.87881,2.58119,2.32301,2.09746,1.88279,1.74639,1.60731,1.54162,1.4657,1.37646,1.2921,1.21487,1.1118,1.05893,1.04051,0.96824,0.89845,0.86096,0.79377,0.7508]},"AdultARTMale":{"countryName":"Botswana","countryCode":72,"startYear":2000,"endYear":2020,"values":[1.41182,2.5866,7.40179,17.77428,35.78875,49.57347,60.70744,65.68185,75.53178,74.57627,79.17899,84.15085,71.45188,77.68268,76.19289,80.27943,65.26135,68.31443,71.35465,74.1079,77.20142]},"AdultARTFemale":{"countryName":"Botswana","countryCode":72,"startYear":2000,"endYear":2020,"values":[1.24834,2.30922,6.67491,16.20491,32.99976,46.24376,57.23937,62.50908,73.49164,90.64544,96.10898,98.52484,92.1768,92.79346,94.67762,96.59315,83.06327,85.98262,92.69174,93.00615,94.54019]},"MedianCD4AtInit":{"countryName":"Botswana","countryCode":72,"startYear":2000,"endYear":2020,"values":[0.0,0.0,0.0,0.0,0.0,0.0,0.0,0.0,0.0,0.0,0.0,0.0,0.0,0.0,0.0,0.0,0.0,0.0,0.0,0.0,0.0]},"PercLostToFollowup":{"countryName":"Botswana","countryCode":72,"startYear":2000,"endYear":2020,"values":[0.0,0.0,5.0,4.8,4.6,4.4,4.2,4.0,3.8,3.6,3.4,3.2,3.0,2.8,2.6,2.4,2.2,2.0,2.0,2.0,2.0]},"ChildART":{"countryName":"Botswana","countryCode":72,"startYear":2000,"endYear":2020,"values":[0.0,0.0,0.0,13.40719,27.99047,44.00515,58.00833,69.10315,79.20418,75.47111,72.88959,80.87866,89.82453,94.70556,86.8934,88.06636,72.88759,59.95471,59.83157,50.67262,62.71999]},"ChildCotrim":{"countryName":"Botswana","countryCode":72,"startYear":2000,"endYear":2020,"values":[50.0,50.0,50.0,52.22222,54.44444,56.66667,58.88889,61.11111,65.0,68.88889,72.77778,76.66667,80.55555,84.44444,88.33333,92.22222,96.11111,86.69,100.0,100.0,100.0]},"PMTCTSingleDoseNevirapine":{"countryName":"Botswana","countryCode":72,"startYear":2000,"endYear":2020,"values":[0.0,0.0,0.0,0.0,0.0,0.0,0.0,0.0,0.0,0.0,0.0,0.0,0.0,0.0,0.0,0.0,0.0,0.0,0.0,0.0,0.0]},"PMTCTDualARV":{"countryName":"Botswana","countryCode":72,"startYear":2000,"endYear":2020,"values":[0.0,0.0,0.0,0.0,0.0,0.0,0.0,0.0,0.0,0.0,0.0,0.0,0.0,0.0,0.0,0.0,0.0,0.0,0.0,0.0,0.0]},"PMTCTOptA":{"countryName":"Botswana","countryCode":72,"startYear":2000,"endYear":2020,"values":[7.69947,15.84664,23.84129,32.15092,40.7569,61.7014,66.9865,58.55287,54.88722,58.18713,36.74611,28.38163,28.13083,4.99356,2.30842,1.23688,0.0,0.0,0.0,0.0,0.0]},"PMTCTOptB":{"countryName":"Botswana","countryCode":72,"startYear":2000,"endYear":2020,"values":[0.0,0.0,0.0,0.0,0.0,0.0,0.0,0.0,0.0,0.0,0.0,0.0,14.77941,25.2607,22.58901,19.23872,0.0,0.0,0.0,0.0,0.0]},"PMTCTOptBPlusStartBefPreg":{"countryName":"Botswana","countryCode":72,"startYear":2000,"endYear":2020,"values":[0.0,0.0,0.0,0.0,0.0,0.0,0.0,0.0,0.0,0.0,30.62519,31.53592,35.7984,44.37768,45.57126,51.84469,60.32443,75.47539,85.28447,87.555,89.30244]},"PMTCTOptBPlusStartDurPregGT4Wks":{"countryName":"Botswana","countryCode":72,"startYear":2000,"endYear":2020,"values":[0.47543,0.97811,1.47176,1.98447,2.51183,7.66743,13.66355,16.80474,21.65784,26.44931,8.27355,9.29575,7.84343,13.16614,9.97645,10.35702,20.85119,17.54965,13.58726,11.45506,9.75269]},"PMTCTOptBPlusStartDurPregLT4Wks":{"countryName":"Botswana","countryCode":72,"startYear":2000,"endYear":2020,"values":[0.0,0.0,0.0,0.0,0.0,0.0,0.0,0.0,0.0,0.0,0.0,0.0,0.0,0.0,0.0,0.0,1.63929,1.52916,1.12827,0.98994,0.94487]},"PMTCTPostnatalOptA":{"countryName":"Botswana","countryCode":72,"startYear":2000,"endYear":2020,"values":[0.0,0.0,0.0,0.0,0.0,0.0,0.0,0.0,0.0,0.0,0.0,0.0,0.0,0.0,0.0,0.0,0.0,0.0,0.0,0.0,0.0]},"PMTCTPostnatalOptB":{"countryName":"Botswana","countryCode":72,"startYear":2000,"endYear":2020,"values":[0.0,0.0,0.0,0.0,0.0,0.0,0.0,0.0,0.0,0.0,0.0,0.0,0.0,0.0,0.0,0.0,0.0,0.0,0.0,0.0,0.0]},"PercentHIVPopEligible":{"countryName":"Botswana","countryCode":72,"TB\/HIV":1.68,"TB\/HIV Year":2013,"DC":14.8,"DC Year":2016,"FSW":0.7,"FSW Year":2016,"MSM":0.3,"MSM Year":2016,"IDU":0.01,"IDU Year":2016,"Other":10,"Other Year":2016},"AdultHIVPrev":{"countryName":"Botswana","countryCode":72,"startYear":1970,"endYear":2020,"values":[0.0,0.0,0.0,0.0,0.0,0.0,0.00312,0.00545,0.00927,0.01565,0.02646,0.04442,0.07735,0.13535,0.23837,0.42168,0.74087,1.28825,2.20932,3.63823,5.68811,8.33924,11.3783,14.61301,17.72459,20.46537,22.67532,24.30959,25.41805,26.04022,26.25454,26.1579,25.81191,25.33204,24.84388,24.43275,24.10704,23.82817,23.60238,23.41357,23.23441,23.05663,22.87173,22.62355,22.36482,22.11014,21.7851,21.39558,20.96819,20.47187,19.93447]},"SexRatio":{"countryName":"Botswana","countryCode":72,"startYear":1970,"endYear":2020,"values":[0.24549,0.24549,0.24549,0.24549,0.24549,0.34779,0.45007,0.54213,0.63419,0.71601,0.80807,0.87967,0.95128,1.02287,1.08425,1.1354,1.18654,1.23768,1.2786,1.30928,1.33997,1.36043,1.38089,1.39112,1.40135,1.41157,1.41157,1.41157,1.41157,1.41157,1.41157,1.41157,1.41157,1.41157,1.41157,1.41157,1.41157,1.41157,1.41157,1.41157,1.41157,1.46271,1.51387,1.56501,1.61615,1.6673,1.71843,1.76957,1.82073,1.87187,1.92302]},"PercNotBFNotRecARVs":{"countryName":"Botswana","countryCode":72,"<2":24.36912,"2-3":24.7902,"4-5":27.33512,"6-7":34.23624,"8-9":45.83927,"10-11":59.35993,"12-13":71.37468,"14-15":80.38039,"16-17":86.56848,"18-19":90.68326,"20-21":93.41139,"22-23":95.2415,"24-25":96.49154,"26-27":97.36269,"28-29":97.98212,"30-31":98.43107,"32-33":98.76232,"34-35":99.01077},"PercNotBFRecARVs":{"countryName":"Botswana","countryCode":72,"<2":70,"2-3":73.33333,"4-5":76.66667,"6-7":80,"8-9":83.33333,"10-11":86.66667,"12-13":90,"14-15":93.33333,"16-17":96.66667,"18-19":100,"20-21":100,"22-23":100,"24-25":100,"26-27":100,"28-29":100,"30-31":100,"32-33":100,"34-35":100},"LocalAdjustmentFactor":{"countryName":"Botswana","countryCode":72,"value":1.20748}}