{"countryCode":72,"subnatCode":0,"Incidence":{"countryName":"Botswana","countryCode":72,"startYear":1970,"endYear":2023,"values":[0.0,0.0,0.0,0.0,0.0,0.0,0.0253605365453363,0.0154518452341289,0.0242908197163869,0.0380444531493741,0.0588171412571598,0.0904637952858317,0.136795631721665,0.21085945274357,0.322990977388042,0.487385023825482,0.736748498772539,1.09722685007531,1.57305573444284,2.17324705693244,2.89442812416027,3.61631439032528,4.25780548305555,4.72644834615879,4.90941974037514,4.90035178665342,4.63974316002018,4.25768787762052,3.85911503947881,3.44076916946887,3.09642012178781,2.80083940520564,2.47979344375447,2.26330030441425,2.01806361762205,1.82506282163093,1.6513054729639,1.5597667886174,1.45572467486093,1.36595588362683,1.31363591881512,1.31776580665557,1.24048164353717,1.14645401646679,1.09750933600641,1.04405618340595,0.936402906648828,0.823647914838116,0.725105858505854,0.614690795023842,0.533023506385835,0.423211676984934,0.348197390885621,0.315086027454869]},"AdultARTMale":{"countryName":"Botswana","countryCode":72,"startYear":2000,"endYear":2023,"values":[1.4185170252647,2.62539941423846,7.56276274709552,18.1186766315298,36.192332341181,50.0827431810482,61.5182395882912,66.901948657417,77.3810125225265,76.8548637820597,82.1346285004979,87.9045467045365,75.8295153862519,82.709300260925,81.2488390794948,85.5181745383457,70.530689484129,73.5226911116183,76.6568572167669,79.6664836710586,82.8700146050721,86.9381177626569,88.3747846695141,89.8767199019512]},"AdultARTFemale":{"countryName":"Botswana","countryCode":72,"startYear":2000,"endYear":2023,"values":[1.12070237682555,2.10007273312856,6.12266487615302,14.8889738453153,30.2103308063712,42.3789120935529,52.7159276930749,57.974692018682,68.5717062735815,85.0303698642029,90.4870182149925,93.2097299977245,88.5440502564292,89.5426920913266,91.5226563884701,93.0580906741693,81.419424735834,84.2550229922086,91.0968714117925,91.7538934525747,93.8496492301338,96.622850708801,97.6953959789526,98.6014948043334]},"PercLostToFollowup":{"countryName":"Botswana","countryCode":72,"startYear":2000,"endYear":2023,"values":[0.0,0.0,5.0,4.8,4.6,4.4,4.2,4.0,3.8,3.6,3.4,3.2,3.0,2.8,2.6,2.4,2.2,2.0,2.0,2.0,2.0,2.0,2.0,2.0]},"ChildART":{"countryName":"Botswana","countryCode":72,"startYear":2000,"endYear":2023,"values":[0.0,0.0,0.0,13.1378114716959,27.113667167012,44.2048327210764,61.0698692296008,73.73077182607,85.5288276439198,97.0374157421509,78.085880385537,84.8698550119171,94.0769933569571,98.6908692863776,90.3561654336194,93.1785527893724,85.3118876208575,59.6542966856399,60.1670968187726,52.3313017893226,62.0641758884866,70.14665615361,66.9497210174143,65.8259856604239]},"ChildCotrim":{"countryName":"Botswana","countryCode":72,"startYear":2000,"endYear":2023,"values":[50.0,50.0,50.0,52.22222,54.44444,56.66667,58.88889,61.11111,65.0,68.88889,72.77778,76.66667,80.55555,84.44444,88.33333,92.22222,96.11111,86.69,100.0,100.0,100.0,100.0,100.0,100.0]},"PMTCTSingleDoseNevirapine":{"countryName":"Botswana","countryCode":72,"startYear":2000,"endYear":2023,"values":[0.0,0.0,0.0,0.0,0.0,0.0,0.0,0.0,0.0,0.0,0.0,0.0,0.0,0.0,0.0,0.0,0.0,0.0,0.0,0.0,0.0,0.0,0.0,0.0]},"PMTCTDualARV":{"countryName":"Botswana","countryCode":72,"startYear":2000,"endYear":2023,"values":[0.0,0.0,0.0,0.0,0.0,0.0,0.0,0.0,0.0,0.0,0.0,0.0,0.0,0.0,0.0,0.0,0.0,0.0,0.0,0.0,0.0,0.0,0.0,0.0]},"PMTCTOptA":{"countryName":"Botswana","countryCode":72,"startYear":2000,"endYear":2023,"values":[3.12913965423561,7.71068227051364,15.5153672856976,23.549690160276,31.7507028978879,40.2569095567294,61.204746593596,66.8852747791519,58.7254255730981,54.9056556490423,57.9533684931918,36.6705540702605,28.5574962125796,28.7246617381248,5.15922040973364,2.44838418981938,1.31475293959927,0.0,0.0,0.0,0.0,0.0,0.0,0.0]},"PMTCTOptB":{"countryName":"Botswana","countryCode":72,"startYear":2000,"endYear":2023,"values":[0.0,0.0,0.0,0.0,0.0,0.0,0.0,0.0,0.0,0.0,0.0,0.0,0.0,15.0914014283071,26.0987172658343,23.9586364568445,20.4499523496706,0.0,0.0,0.0,0.0,0.0,0.0,0.0]},"PMTCTOptBPlusStartBefPreg":{"countryName":"Botswana","countryCode":72,"startYear":2000,"endYear":2023,"values":[0.0,0.0,0.0,0.0,0.0,0.0,0.0,0.0,0.0,0.0,0.0,30.5622267031387,31.7313298201111,36.5540894186839,45.8498958301364,48.3343478229958,55.1087406851309,64.2100586399767,79.8223562929445,85.2844682723854,87.5549968573224,89.3024402267686,90.4659568232881,89.0752733835864]},"PMTCTOptBPlusStartDurPregGT4Wks":{"countryName":"Botswana","countryCode":72,"startYear":2000,"endYear":2023,"values":[0.0,0.476120717585847,0.957661948696364,1.45376227338957,1.95976282415821,2.48101651662251,7.60570984336419,13.6429030916937,16.8542641011959,21.6651098797205,26.3430580836885,8.25653687937925,9.35335069769228,8.00900170992977,13.6029230545624,10.5813449213014,11.0090758195361,22.1942577292719,18.5604156192391,13.5872609426262,11.4550597108737,9.7526908224468,8.37159324020709,9.34281770888629]},"PMTCTOptBPlusStartDurPregLT4Wks":{"countryName":"Botswana","countryCode":72,"startYear":2000,"endYear":2023,"values":[0.0,0.0,0.0,0.0,0.0,0.0,0.0,0.0,0.0,0.0,0.0,0.0,0.0,0.0,0.0,0.0,0.0,1.74488286335937,1.61722808781632,1.1282707849884,0.989943431803897,0.944868950784652,1.16244993650484,1.58190890752734]},"AdultHIVPrev":{"countryName":"Botswana","countryCode":72,"startYear":1970,"endYear":2023,"values":[0.0,0.0,0.0,0.0,0.0,0.0,0.0253441113780915,0.0393478228448849,0.0611502019004945,0.0950469538344023,0.147009191469593,0.22569103588772,0.342816088128451,0.524036477757228,0.801997872708239,1.22044070067545,1.84679309350407,2.76887784679215,4.063221656483,5.79756418537853,8.0168695220449,10.638486524258,13.5206583130271,16.448842389523,19.1620303394366,21.5227819331704,23.3815923450208,24.7197068017153,25.5893904176375,26.0232078393884,26.1173744239003,25.9442661393172,25.5419919941702,25.1072084360342,24.7110141543409,24.3865527310938,24.0928742771098,23.8315747335217,23.5654474139923,23.3131516388482,23.107405246866,22.9764342689926,22.818340820181,22.5937143566829,22.3411087248167,22.030052950418,21.6118804126082,21.1068859304128,20.5168054092789,19.8480497417339,19.1188114458212,18.2871273383515,17.4422172554897,16.5944757048001]},"SexRatio":{"countryName":"Botswana","countryCode":72,"startYear":1970,"endYear":2023,"values":[0.25756,0.25756,0.25756,0.25756,0.25756,0.25756,0.36486,0.47218,0.56876,0.66535,0.75119,0.84778,0.92289,0.99801,1.07313,1.13752,1.19117,1.24482,1.29848,1.3414,1.37361,1.4058,1.42726,1.44873,1.45944,1.47019,1.48093,1.48096,1.48105,1.48118,1.4814,1.4818,1.48245,1.48352,1.48528,1.48811,1.49259,1.49969,1.51069,1.52742,1.55236,1.5816,1.61968,1.6668,1.72155,1.78077,1.83996,1.89472,1.94184,1.97993,2.00918,2.03078,2.04627,2.05715]},"PercNotBFNotRecARVs":{"countryName":"Botswana","countryCode":72,"<2":24.36912,"2-3":24.7902,"4-5":27.33512,"6-7":34.23624,"8-9":45.83927,"10-11":59.35993,"12-13":71.37468,"14-15":80.38039,"16-17":86.56848,"18-19":90.68326,"20-21":93.41139,"22-23":95.2415,"24-25":96.49154,"26-27":97.36269,"28-29":97.98212,"30-31":98.43107,"32-33":98.76232,"34-35":99.01077},"PercNotBFRecARVs":{"countryName":"Botswana","countryCode":72,"<2":46.0,"2-3":52.0,"4-5":58.0,"6-7":64.0,"8-9":70.0,"10-11":76.0,"12-13":82.0,"14-15":88.0,"16-17":94.0,"18-19":100.0,"20-21":100.0,"22-23":100.0,"24-25":100.0,"26-27":100.0,"28-29":100.0,"30-31":100.0,"32-33":100.0,"34-35":100.0},"LocalAdjustmentFactor":{"countryName":"Botswana","countryCode":72,"value":1.13},"NewARTPatAllocation":{"countryName":"Botswana","countryCode":72,"NewARTPatAllocationMethod":3.0,"ExpectedMortality":0.2,"ProportionEligible":0.8}}