{"countryName":"Central African Republic","subnatCode":0,"Incidence":{"countryName":"Central African Republic","countryCode":140,"startYear":1970,"endYear":2020,"values":[0.0,0.0,0.0,0.0,0.0,0.0,0.00598,0.00366,0.00585,0.00834,0.01297,0.02125,0.03032,0.04354,0.06441,0.1112,0.1925,0.38844,0.74654,1.20321,1.49492,1.48834,1.40113,1.24511,1.08016,1.01419,0.94249,0.83309,0.75262,0.70114,0.63731,0.59204,0.56425,0.51588,0.49679,0.46904,0.44424,0.43157,0.39355,0.35073,0.33148,0.3089,0.29118,0.2686,0.24729,0.21685,0.19208,0.16765,0.14966,0.13479,0.11577]},"AdultARTMale":{"countryName":"Central African Republic","countryCode":140,"startYear":2000,"endYear":2020,"values":[0.0,0.06074,0.23376,0.40438,0.57869,2.92892,5.9861,12.69351,24.66295,26.92175,22.01184,17.2339,20.65794,23.74128,28.16388,31.67455,25.0739,31.23818,33.73413,40.36267,46.85796]},"AdultARTFemale":{"countryName":"Central African Republic","countryCode":140,"startYear":2000,"endYear":2020,"values":[0.0,0.05381,0.20941,0.36583,0.52804,2.69288,5.54184,11.82186,23.09434,25.3299,19.71513,15.72522,18.88916,17.7078,24.74689,28.31862,42.08437,47.91982,50.4804,60.57447,64.18782]},"MedianCD4AtInit":{"countryName":"Central African Republic","countryCode":140,"startYear":2000,"endYear":2020,"values":[0.0,0.0,0.0,0.0,0.0,0.0,0.0,0.0,0.0,0.0,0.0,0.0,0.0,0.0,0.0,0.0,0.0,0.0,0.0,0.0,0.0]},"PercLostToFollowup":{"countryName":"Central African Republic","countryCode":140,"startYear":2000,"endYear":2020,"values":[0.0,0.0,0.0,0.0,0.0,0.0,0.0,0.0,0.0,0.0,0.0,0.0,0.0,0.0,5.0,4.33333,3.66667,3.0,2.33333,1.66667,3.3]},"ChildART":{"countryName":"Central African Republic","countryCode":140,"startYear":2000,"endYear":2020,"values":[1.43432,2.77069,4.04667,5.31133,6.61038,8.00808,3.28932,6.3753,13.11333,12.50787,13.76496,12.48472,14.06042,13.72025,22.61478,37.90076,25.19382,31.74317,36.91267,50.12072,61.1271]},"ChildCotrim":{"countryName":"Central African Republic","countryCode":140,"startYear":2000,"endYear":2020,"values":[0.0,0.0,0.0,0.0,0.0,0.0,0.0,0.0,0.0,2.51368,3.17811,2.89477,3.64047,4.16032,7.13941,11.87331,5.01595,8.46432,14.46921,10.0,10.80076]},"PMTCTSingleDoseNevirapine":{"countryName":"Central African Republic","countryCode":140,"startYear":2000,"endYear":2020,"values":[0.56345,0.79738,0.50125,0.5329,3.1378,7.33452,13.14275,8.99078,14.67676,17.01619,0.0,0.0,0.0,0.0,0.0,27.18726,0.0,0.0,0.0,0.0,0.0]},"PMTCTDualARV":{"countryName":"Central African Republic","countryCode":140,"startYear":2000,"endYear":2020,"values":[0.0,0.0,0.0,0.0,0.0,0.0,9.04704,13.42779,13.5851,21.96807,16.13453,12.87514,16.47816,6.10568,6.53362,0.0,0.0,0.0,0.0,0.0,0.0]},"PMTCTOptA":{"countryName":"Central African Republic","countryCode":140,"startYear":2000,"endYear":2020,"values":[0.0,0.0,0.0,0.0,0.0,0.0,0.0,0.0,0.0,0.0,17.21127,32.07336,35.27799,25.15298,33.97482,42.20389,1.21191,0.0,0.0,0.0,0.0]},"PMTCTOptB":{"countryName":"Central African Republic","countryCode":140,"startYear":2000,"endYear":2020,"values":[0.0,0.0,0.0,0.0,0.0,0.0,0.0,0.0,0.0,0.0,0.0,0.0,0.0,0.0,0.0,0.0,0.0,0.0,0.0,0.0,0.0]},"PMTCTOptBPlusStartBefPreg":{"countryName":"Central African Republic","countryCode":140,"startYear":2000,"endYear":2020,"values":[0.0,0.0,0.0,0.0,0.0,0.0,0.0,0.0,0.0,0.0,0.0,0.0,0.0,0.0,15.28867,20.75487,25.9106,20.31512,24.07373,31.94341,36.37974]},"PMTCTOptBPlusStartDurPregGT4Wks":{"countryName":"Central African Republic","countryCode":140,"startYear":2000,"endYear":2020,"values":[0.0,0.0,0.0,0.0,0.0,0.0,0.0,0.0,0.0,0.0,0.0,0.0,0.0,0.0,0.0,0.0,67.43058,52.25319,57.86955,61.23107,31.52183]},"PMTCTOptBPlusStartDurPregLT4Wks":{"countryName":"Central African Republic","countryCode":140,"startYear":2000,"endYear":2020,"values":[0.0,0.0,0.0,0.0,0.0,0.0,0.0,0.0,0.0,0.0,0.0,0.0,0.0,0.0,0.0,0.0,0.0,0.0,0.0,6.82552,3.19312]},"PMTCTPostnatalOptA":{"countryName":"Central African Republic","countryCode":140,"startYear":2000,"endYear":2020,"values":[0.0,0.0,0.0,0.0,0.0,0.0,0.0,0.0,0.0,0.0,0.0,0.0,0.0,0.0,0.0,0.0,0.0,0.0,0.0,0.0,0.0]},"PMTCTPostnatalOptB":{"countryName":"Central African Republic","countryCode":140,"startYear":2000,"endYear":2020,"values":[0.0,0.0,0.0,0.0,0.0,0.0,0.0,0.0,0.0,0.0,0.0,0.0,0.0,0.0,0.0,0.0,0.0,0.0,0.0,0.0,0.0]},"PercentHIVPopEligible":{"countryName":"Central African Republic","countryCode":140,"TB\/HIV":34,"TB\/HIV Year":2014,"DC":35.7,"DC Year":2011,"FSW":15.1,"FSW Year":2019,"MSM":6.4,"MSM Year":2019,"IDU":0.09,"IDU Year":2015,"Other":10,"Other Year":2015},"AdultHIVPrev":{"countryName":"Central African Republic","countryCode":140,"startYear":1970,"endYear":2020,"values":[0.0,0.0,0.0,0.0,0.0,0.0,0.00587,0.00915,0.01432,0.02155,0.03276,0.05114,0.07722,0.11463,0.1703,0.26881,0.44053,0.79381,1.47333,2.54441,3.80703,4.9573,5.92408,6.65303,7.14777,7.50882,7.73775,7.81054,7.76736,7.6481,7.45414,7.21364,6.95271,6.66188,6.37642,6.09363,5.82718,5.59157,5.3765,5.18373,4.9882,4.78047,4.55535,4.32224,4.08741,3.86855,3.65801,3.46058,3.2652,3.07972,2.90798]},"SexRatio":{"countryName":"Central African Republic","countryCode":140,"startYear":1970,"endYear":2020,"values":[0.24,0.24,0.24,0.24,0.24,0.24,0.34,0.44,0.53,0.62,0.7,0.79,0.86,0.93,1.0,1.06,1.11,1.16,1.21,1.25,1.28,1.31,1.33,1.35,1.36,1.37,1.38,1.38,1.38,1.38,1.38,1.38,1.38,1.38,1.38,1.38,1.38,1.38,1.38,1.38,1.38,1.43,1.48,1.53,1.58,1.63,1.68,1.73,1.78,1.83,1.88]},"PercNotBFNotRecARVs":{"countryName":"Central African Republic","countryCode":140,"<2":26.04078,"2-3":26.04493,"4-5":26.1142,"6-7":26.5252,"8-9":27.99183,"10-11":31.75634,"12-13":39.09262,"14-15":50.00007,"16-17":62.4328,"18-19":73.68666,"20-21":82.30211,"22-23":88.26494,"24-25":92.19398,"26-27":94.74136,"28-29":96.39682,"30-31":97.48539,"32-33":98.2128,"34-35":98.7075},"PercNotBFRecARVs":{"countryName":"Central African Republic","countryCode":140,"<2":26.04078,"2-3":26.04493,"4-5":26.1142,"6-7":26.5252,"8-9":27.99183,"10-11":31.75634,"12-13":39.09262,"14-15":50.00007,"16-17":62.4328,"18-19":73.68666,"20-21":82.30211,"22-23":88.26494,"24-25":92.19398,"26-27":94.74136,"28-29":96.39682,"30-31":97.48539,"32-33":98.2128,"34-35":98.7075},"LocalAdjustmentFactor":{"countryName":"Central African Republic","countryCode":140,"value":0.92961}}