{"countryCode":140,"subnatCode":0,"Incidence":{"countryName":"Central African Republic","countryCode":140,"startYear":1970,"endYear":2022,"values":[0.0,0.0,0.0,0.0,0.0,0.0,0.01223,0.00966,0.01732,0.02944,0.04867,0.08269,0.13112,0.20313,0.30662,0.43949,0.62786,0.77735,0.9513,1.06848,1.1823,1.2571,1.31611,1.296,1.23477,1.14823,1.07563,0.97689,0.83488,0.75375,0.67718,0.62837,0.56413,0.51399,0.5026,0.45426,0.43823,0.42501,0.39048,0.36531,0.36982,0.35974,0.35289,0.35692,0.33611,0.34104,0.30843,0.29285,0.30282,0.28776,0.27628,0.29413,0.26423]},"AdultARTMale":{"countryName":"Central African Republic","countryCode":140,"startYear":2000,"endYear":2022,"values":[0.0,0.07363,0.27774,0.47645,0.67413,3.35427,6.81281,14.14891,26.64143,20.48266,22.7519,17.62761,20.86492,20.53681,26.65299,30.44767,22.17461,27.03461,29.47686,33.80408,37.51624,40.89376,43.79421]},"AdultARTFemale":{"countryName":"Central African Republic","countryCode":140,"startYear":2000,"endYear":2022,"values":[0.0,0.04515,0.17487,0.30635,0.44293,2.25663,4.68072,9.97433,19.32955,15.35144,16.43046,13.2224,15.81935,13.3268,20.25479,23.27762,32.83505,36.7745,38.78162,45.28529,46.55215,51.07046,53.80613]},"MedianCD4AtInit":{"countryName":"Central African Republic","countryCode":140,"startYear":2000,"endYear":2022,"values":[0.0,135.25746,134.50497,134.04403,133.24821,131.85676,131.74746,131.16043,131.16538,161.11271,175.15061,195.84156,203.18854,227.55367,242.65808,245.80697,253.06345,255.16033,258.28602,260.89833,265.11571,269.60314,275.14897]},"PercLostToFollowup":{"countryName":"Central African Republic","countryCode":140,"startYear":2000,"endYear":2022,"values":[0.0,0.0,0.0,0.0,0.0,0.0,0.0,0.0,0.0,0.0,0.0,0.0,0.0,0.0,5.0,4.33,3.67,3.0,2.33,1.67,3.3,1.0,1.0]},"ChildART":{"countryName":"Central African Republic","countryCode":140,"startYear":2000,"endYear":2022,"values":[1.07182,2.0938,3.07647,4.04151,5.01163,6.00859,2.78304,4.6462,9.46011,10.90961,9.48325,8.33921,10.16308,11.6456,14.23047,15.30014,16.28914,19.52465,20.26684,26.47443,30.45946,33.7935,36.19421]},"ChildCotrim":{"countryName":"Central African Republic","countryCode":140,"startYear":2000,"endYear":2022,"values":[0.0,0.0,0.0,0.0,0.0,0.0,0.0,0.0,0.0,1.79681,2.32079,1.85538,2.25088,2.66252,4.69834,6.83239,2.87071,4.98827,7.73151,10.0,4.69602,20.0,25.0]},"PMTCTSingleDoseNevirapine":{"countryName":"Central African Republic","countryCode":140,"startYear":2000,"endYear":2022,"values":[0.4,0.6,0.4,0.4,2.4,5.5,9.8,6.7,10.9,12.4,0.0,0.0,0.0,0.0,0.0,16.7,0.0,0.0,0.0,0.0,0.0,0.0,0.0]},"PMTCTDualARV":{"countryName":"Central African Republic","countryCode":140,"startYear":2000,"endYear":2022,"values":[0.0,0.0,0.0,0.0,0.0,0.0,6.8,10.0,10.0,16.0,11.5,8.8,10.9,3.9,4.1,0.0,0.0,0.0,0.0,0.0,0.0,0.0,0.0]},"PMTCTOptA":{"countryName":"Central African Republic","countryCode":140,"startYear":2000,"endYear":2022,"values":[0.0,0.0,0.0,0.0,0.0,0.0,0.0,0.0,0.0,0.0,12.2,21.9,23.3,16.2,21.1,26.0,0.7,0.0,0.0,0.0,0.0,0.0,0.0]},"PMTCTOptB":{"countryName":"Central African Republic","countryCode":140,"startYear":2000,"endYear":2022,"values":[0.0,0.0,0.0,0.0,0.0,0.0,0.0,0.0,0.0,0.0,0.0,0.0,0.0,0.0,0.0,0.0,0.0,0.0,0.0,0.0,0.0,0.0,0.0]},"PMTCTOptBPlusStartBefPreg":{"countryName":"Central African Republic","countryCode":140,"startYear":2000,"endYear":2022,"values":[0.0,0.0,0.0,0.0,0.0,0.0,0.0,0.0,0.0,0.0,0.0,0.0,0.0,0.0,9.5,12.8,15.1,11.2,12.8,17.3,17.5,19.3,14.0]},"PMTCTOptBPlusStartDurPregGT4Wks":{"countryName":"Central African Republic","countryCode":140,"startYear":2000,"endYear":2022,"values":[0.0,0.0,0.0,0.0,0.0,0.0,0.0,0.0,0.0,0.0,0.0,0.0,0.0,0.0,0.0,0.0,39.2,28.9,30.8,33.2,28.6,30.4,19.4]},"PMTCTOptBPlusStartDurPregLT4Wks":{"countryName":"Central African Republic","countryCode":140,"startYear":2000,"endYear":2022,"values":[0.0,0.0,0.0,0.0,0.0,0.0,0.0,0.0,0.0,0.0,0.0,0.0,0.0,0.0,0.0,0.0,0.0,0.0,0.0,3.7,1.5,0.5,5.7]},"PMTCTPostnatalOptA":{"countryName":"Central African Republic","countryCode":140,"startYear":2000,"endYear":2022,"values":[0.0,0.0,0.0,0.0,0.0,0.0,0.0,0.0,0.0,0.0,0.0,0.0,0.0,0.0,0.0,0.0,0.0,0.0,0.0,0.0,0.0,0.0,0.0]},"PMTCTPostnatalOptB":{"countryName":"Central African Republic","countryCode":140,"startYear":2000,"endYear":2022,"values":[0.0,0.0,0.0,0.0,0.0,0.0,0.0,0.0,0.0,0.0,0.0,0.0,0.0,0.0,0.0,0.0,0.0,0.0,0.0,0.0,0.0,0.0,0.0]},"PercentHIVPopEligible":{"countryName":"Central African Republic","countryCode":140,"TB\/HIV":34,"TB\/HIV Year":2014,"DC":35.7,"DC Year":2011,"FSW":15.1,"FSW Year":2019,"MSM":6.4,"MSM Year":2019,"IDU":0.09,"IDU Year":2015,"Other":10,"Other Year":2015},"AdultHIVPrev":{"countryName":"Central African Republic","countryCode":140,"startYear":1970,"endYear":2022,"values":[0.0,0.0,0.0,0.0,0.0,0.0,0.01198,0.02082,0.03659,0.0632,0.1069,0.18051,0.29671,0.47583,0.74453,1.12542,1.63965,2.2539,2.9805,3.75293,4.56096,5.35785,6.12337,6.7817,7.30069,7.66625,7.90577,8.00757,7.94742,7.79612,7.57014,7.30619,6.99538,6.65327,6.33063,6.00477,5.70039,5.44533,5.22905,5.03428,4.85316,4.6619,4.47059,4.30118,4.1239,4.01242,3.89455,3.7804,3.6914,3.61216,3.5438,3.48009,3.41545]},"SexRatio":{"countryName":"Central African Republic","countryCode":140,"startYear":1970,"endYear":2022,"values":[0.24,0.24,0.24,0.24,0.24,0.24,0.34,0.44,0.53,0.62,0.7,0.79,0.86,0.93,1.0,1.06,1.11,1.16,1.21,1.25,1.28,1.31,1.33,1.35,1.36,1.38,1.38,1.38,1.38,1.38,1.38,1.38,1.38,1.38,1.39,1.39,1.39,1.4,1.41,1.43,1.45,1.47,1.51,1.55,1.6,1.66,1.71,1.77,1.81,1.84,1.87,1.89,1.91]},"PercNotBFNotRecARVs":{"countryName":"Central African Republic","countryCode":140,"<2":26.04,"2-3":26.04,"4-5":26.11,"6-7":26.53,"8-9":27.99,"10-11":31.76,"12-13":39.09,"14-15":50,"16-17":62.43,"18-19":73.69,"20-21":82.3,"22-23":88.26,"24-25":92.19,"26-27":94.74,"28-29":96.4,"30-31":97.49,"32-33":98.21,"34-35":98.71},"PercNotBFRecARVs":{"countryName":"Central African Republic","countryCode":140,"<2":26.04,"2-3":26.04,"4-5":26.11,"6-7":26.53,"8-9":27.99,"10-11":31.76,"12-13":39.09,"14-15":50,"16-17":62.43,"18-19":73.69,"20-21":82.3,"22-23":88.26,"24-25":92.19,"26-27":94.74,"28-29":96.4,"30-31":97.49,"32-33":98.21,"34-35":98.71},"LocalAdjustmentFactor":{"countryName":"Central African Republic","countryCode":140,"value":1},"NewARTPatAllocation":{"countryName":"Central African Republic","countryCode":140,"NewARTPatAllocationMethod":3,"ExpectedMortality":0.2,"ProportionEligible":0.8,"NotDefault":0}}