{"countryCode":756,"subnatCode":0,"Incidence":{"countryName":"Switzerland","countryCode":756,"startYear":1970,"endYear":2023,"values":[0.0,0.0,0.0,0.0,5.97961107738167e-5,0.000240688327496093,0.000661298110216688,0.00147764555507171,0.00286031764001991,0.00473742800376889,0.00688927931042319,0.00920790604578546,0.0115890354498496,0.0139861375428347,0.0162367279674235,0.0183371098210898,0.0202075811363269,0.021775480629218,0.0228590072265432,0.0234135811651564,0.0233874958401297,0.0228002768114438,0.0218270704130177,0.0202654146249743,0.0182726914962248,0.0159503755846219,0.0139399748782177,0.0123263743822944,0.0110834437497815,0.0101466905803901,0.00952352978999852,0.00913782761852766,0.009048570150732,0.00920246931706763,0.00961523555482173,0.0102812330966064,0.0109090945018175,0.0113855616818242,0.0117622563165622,0.01205086119466,0.0121539260607976,0.0121424373186291,0.0119807404058478,0.0116516976409186,0.0112198869923384,0.0106558721329456,0.00996704344365113,0.00920601132243266,0.00832894609222415,0.0073830339183636,0.00638615835997443,0.00539599435221621,0.0043732254149827,0.00339109125082128]},"AdultARTMale":{"countryName":"Switzerland","countryCode":756,"startYear":2000,"endYear":2023,"values":[62.3976313310251,67.9479158667736,72.8131663807803,77.2583252109288,81.2942577622285,85.0316006798327,88.3956306137227,90.9959644389885,93.0492498559217,95.2874975216913,88.3167208014012,90.2697467347649,92.0176379645152,83.8773993325982,84.4797559415552,78.1093241758897,82.4927037636108,89.5325721518101,90.3499707699941,90.4528899644483,93.0863198655102,91.6550661944859,92.9761539902413,92.33333]},"AdultARTFemale":{"countryName":"Switzerland","countryCode":756,"startYear":2000,"endYear":2023,"values":[69.1200284551689,74.9411566580458,79.8821169692133,84.3711112337188,88.4512873853218,92.2555125453783,95.7277423466412,98.5688409302716,100.0,100.0,95.248232663797,97.2943226586602,99.1723027160546,90.2686743990404,90.8278225555889,83.8552756280921,88.2421525589541,88.4537055314202,90.0767339980523,89.8402639433286,92.2186035435291,90.6193316565817,91.7684938375407,92.33333]},"PercLostToFollowup":{"countryName":"Switzerland","countryCode":756,"startYear":2000,"endYear":2023,"values":[1.6,1.6,1.6,1.6,1.6,1.6,1.6,1.6,1.6,1.6,1.6,1.6,1.6,1.6,1.6,1.6,1.6,1.6,1.6,1.6,1.6,1.6,1.6,1.6]},"ChildART":{"countryName":"Switzerland","countryCode":756,"startYear":2000,"endYear":2023,"values":[100.0,100.0,100.0,100.0,100.0,100.0,100.0,100.0,100.0,100.0,100.0,100.0,100.0,100.0,100.0,100.0,100.0,100.0,100.0,100.0,100.0,100.0,100.0,100.0]},"ChildCotrim":{"countryName":"Switzerland","countryCode":756,"startYear":2000,"endYear":2023,"values":[2.40401316341448,1.79131293833987,1.97079945282724,2.13648530434607,1.12793081543082,1.14114907092778,1.14312221656885,1.13644279993595,1.11875544274523,1.09686550937118,1.03824694080539,1.02251548420761,0.998919369026587,0.99157999844322,0.964294489365568,1.88445093365593,0.937642287217085,100.0,100.0,100.0,100.0,100.0,100.0,100.0]},"PMTCTSingleDoseNevirapine":{"countryName":"Switzerland","countryCode":756,"startYear":2000,"endYear":2023,"values":[0.0,0.0,0.0,0.0,0.0,0.0,0.0,0.0,0.0,0.0,0.0,0.0,0.0,0.0,0.0,0.0,0.0,0.0,0.0,0.0,0.0,0.0,0.0,0.0]},"PMTCTDualARV":{"countryName":"Switzerland","countryCode":756,"startYear":2000,"endYear":2023,"values":[0.0,0.0,0.0,0.0,0.0,0.0,0.0,0.0,0.0,0.0,0.0,0.0,0.0,0.0,0.0,0.0,0.0,0.0,0.0,0.0,0.0,0.0,0.0,0.0]},"PMTCTOptA":{"countryName":"Switzerland","countryCode":756,"startYear":2000,"endYear":2023,"values":[0.0,0.0,0.0,0.0,0.0,0.0,0.0,0.0,0.0,0.0,0.0,0.0,0.0,0.0,0.0,0.0,0.0,0.0,0.0,0.0,0.0,0.0,0.0,0.0]},"PMTCTOptB":{"countryName":"Switzerland","countryCode":756,"startYear":2000,"endYear":2023,"values":[0.0,0.0,0.0,0.0,0.0,0.0,0.0,0.0,0.0,0.0,0.0,0.0,0.0,0.0,0.0,0.0,0.0,0.0,0.0,0.0,0.0,0.0,0.0,0.0]},"PMTCTOptBPlusStartBefPreg":{"countryName":"Switzerland","countryCode":756,"startYear":2000,"endYear":2023,"values":[0.0,0.0,0.0,0.0,0.0,0.0,0.0,0.0,0.0,0.0,0.0,0.0,0.0,0.0,0.0,0.0,0.0,0.0,100.0,100.0,100.0,100.0,100.0,100.0]},"PMTCTOptBPlusStartDurPregGT4Wks":{"countryName":"Switzerland","countryCode":756,"startYear":2000,"endYear":2023,"values":[0.0,100.0,100.0,100.0,100.0,100.0,100.0,100.0,100.0,100.0,100.0,100.0,100.0,100.0,100.0,100.0,100.0,100.0,0.0,0.0,0.0,0.0,0.0,0.0]},"PMTCTOptBPlusStartDurPregLT4Wks":{"countryName":"Switzerland","countryCode":756,"startYear":2000,"endYear":2023,"values":[0.0,0.0,0.0,0.0,0.0,0.0,0.0,0.0,0.0,0.0,0.0,0.0,0.0,0.0,0.0,0.0,0.0,0.0,0.0,0.0,0.0,0.0,0.0,0.0]},"AdultHIVPrev":{"countryName":"Switzerland","countryCode":756,"startYear":1970,"endYear":2023,"values":[0.0,0.0,0.0,0.0,5.95143430963246e-5,0.000295195644937935,0.000938669359369409,0.00237000420640888,0.00512235215479135,0.00963975784570855,0.0161276707340719,0.0247066540145013,0.0353055538995074,0.0477552244195978,0.0618269193804697,0.0772549516347107,0.093741265189993,0.110874724646627,0.127994972092539,0.144603380039398,0.160167326239086,0.174178454991824,0.185185502037497,0.193316729689297,0.198058571109445,0.199081487567322,0.202159201061362,0.206940082674773,0.211156970531688,0.214525666419939,0.217033945757083,0.219145822269565,0.220712769023756,0.221886443619278,0.22314851237137,0.224659741932739,0.226385500103282,0.228022122828345,0.22964498552095,0.230922641861364,0.231163060009456,0.231221411520756,0.230739579193761,0.229314358854572,0.227058207214776,0.223619585259807,0.219549654475527,0.214855999620139,0.209493482962236,0.203318641698878,0.196342503396842,0.189972992373581,0.182070776976874,0.17357650354595]},"SexRatio":{"countryName":"Switzerland","countryCode":756,"startYear":1970,"endYear":2023,"values":[0.32219,0.32219,0.32219,0.32219,0.32219,0.32219,0.32219,0.32219,0.32219,0.32397,0.32575,0.32753,0.32931,0.33109,0.33288,0.33466,0.33644,0.33822,0.34,0.34143,0.34286,0.34429,0.34571,0.34714,0.34857,0.35,0.35333,0.35667,0.36,0.36,0.36,0.36,0.36,0.36,0.36,0.36,0.36,0.36,0.36,0.36,0.36,0.36,0.36,0.36,0.36,0.36,0.36,0.36,0.36,0.36,0.36,0.36,0.36,0.36]},"PercNotBFNotRecARVs":{"countryName":"Switzerland","countryCode":756,"<2":100.0,"2-3":100.0,"4-5":100.0,"6-7":100.0,"8-9":100.0,"10-11":100.0,"12-13":100.0,"14-15":100.0,"16-17":100.0,"18-19":100.0,"20-21":100.0,"22-23":100.0,"24-25":100.0,"26-27":100.0,"28-29":100.0,"30-31":100.0,"32-33":100.0,"34-35":100.0},"PercNotBFRecARVs":{"countryName":"Switzerland","countryCode":756,"<2":100.0,"2-3":100.0,"4-5":100.0,"6-7":100.0,"8-9":100.0,"10-11":100.0,"12-13":100.0,"14-15":100.0,"16-17":100.0,"18-19":100.0,"20-21":100.0,"22-23":100.0,"24-25":100.0,"26-27":100.0,"28-29":100.0,"30-31":100.0,"32-33":100.0,"34-35":100.0},"LocalAdjustmentFactor":{"countryName":"Switzerland","countryCode":756,"value":1.0},"NewARTPatAllocation":{"countryName":"Switzerland","countryCode":756,"NewARTPatAllocationMethod":1.0,"ExpectedMortality":1.0,"ProportionEligible":0.0}}