{"countryName":"C\u00f4te d'Ivoire","subnatCode":0,"Incidence":{"countryName":"C\u00f4te d'Ivoire","countryCode":384,"startYear":1970,"endYear":2022,"values":[0.0,0.0,0.0,0.0,0.0,0.0,0.01967,0.01469,0.02402,0.03812,0.06172,0.09635,0.14462,0.22303,0.32823,0.47946,0.65535,0.83719,0.94962,1.25865,1.31533,1.29772,1.32651,1.24285,1.0979,0.97586,0.86089,0.73309,0.653,0.59631,0.49775,0.43303,0.387,0.34292,0.32714,0.27302,0.25401,0.23049,0.20576,0.18485,0.17216,0.17069,0.14376,0.13229,0.11919,0.10959,0.10175,0.08308,0.0701,0.06113,0.05399,0.05224,0.04474]},"AdultARTMale":{"countryName":"C\u00f4te d'Ivoire","countryCode":384,"startYear":2000,"endYear":2022,"values":[0.0,0.41101,0.71965,0.77797,1.66512,5.77644,9.22471,11.97374,18.07497,23.67814,25.37536,30.857,34.5771,30.85963,34.27624,38.51196,34.11965,38.81238,46.40073,53.68368,56.2931,59.15483,61.1619]},"AdultARTFemale":{"countryName":"C\u00f4te d'Ivoire","countryCode":384,"startYear":2000,"endYear":2022,"values":[0.0,0.67988,1.16935,1.24513,2.62788,8.96534,14.04923,17.89171,26.47213,33.8656,35.57312,42.29421,46.44475,41.29699,48.46158,54.64692,51.13813,60.50442,66.45027,70.29611,74.6968,77.59095,79.20156]},"MedianCD4AtInit":{"countryName":"C\u00f4te d'Ivoire","countryCode":384,"startYear":2000,"endYear":2022,"values":[0.0,133.13751,132.57355,132.01161,130.37584,129.88989,129.66102,129.2284,129.21503,136.67146,137.13897,137.47867,138.43163,171.3117,168.792,166.9178,229.40264,233.31822,229.66658,226.93907,228.3518,229.9478,237.16426]},"PercLostToFollowup":{"countryName":"C\u00f4te d'Ivoire","countryCode":384,"startYear":2000,"endYear":2022,"values":[33.0,33.0,33.0,33.0,33.0,33.0,33.0,33.0,33.0,33.0,33.0,33.0,33.0,33.0,29.0,24.0,20.0,17.0,16.0,11.0,8.5,7.8,15.39]},"ChildART":{"countryName":"C\u00f4te d'Ivoire","countryCode":384,"startYear":2000,"endYear":2022,"values":[0.99901,1.96073,2.92778,3.9207,4.98611,6.15261,5.60316,7.25849,9.98547,21.02095,14.77832,18.10256,21.27665,28.4464,31.84609,24.43685,31.87391,44.24126,40.30015,41.10949,41.14725,42.63064,44.30612]},"ChildCotrim":{"countryName":"C\u00f4te d'Ivoire","countryCode":384,"startYear":2000,"endYear":2022,"values":[0.0,0.0,0.0,0.0,0.0,0.0,0.0,0.0,19.56911,22.24014,21.20878,12.40269,6.12861,7.81217,7.99194,8.30531,15.71428,30.0,51.66667,73.33333,95.0,95.0,95.0]},"PMTCTSingleDoseNevirapine":{"countryName":"C\u00f4te d'Ivoire","countryCode":384,"startYear":2000,"endYear":2022,"values":[0.0,1.1,2.4,3.9,5.5,14.9,8.8,0.0,0.0,0.0,0.0,0.0,0.0,0.0,0.0,0.0,0.0,0.0,0.0,0.0,0.0,0.0,0.0]},"PMTCTDualARV":{"countryName":"C\u00f4te d'Ivoire","countryCode":384,"startYear":2000,"endYear":2022,"values":[0.0,0.0,0.0,0.0,0.0,0.0,0.0,0.0,0.0,0.0,0.0,0.0,0.0,0.0,0.0,0.0,0.0,0.0,0.0,0.0,0.0,0.0,0.0]},"PMTCTOptA":{"countryName":"C\u00f4te d'Ivoire","countryCode":384,"startYear":2000,"endYear":2022,"values":[0.0,0.0,0.0,0.0,0.0,0.0,0.0,0.0,0.0,0.0,0.0,0.0,0.0,0.0,0.0,0.0,0.0,0.0,0.0,0.0,0.0,0.0,0.0]},"PMTCTOptB":{"countryName":"C\u00f4te d'Ivoire","countryCode":384,"startYear":2000,"endYear":2022,"values":[0.0,0.0,0.0,0.0,0.0,0.0,0.0,17.1,28.5,35.3,38.5,36.5,46.2,53.9,64.6,62.5,7.2,0.0,0.0,0.0,0.0,0.0,0.0]},"PMTCTOptBPlusStartBefPreg":{"countryName":"C\u00f4te d'Ivoire","countryCode":384,"startYear":2000,"endYear":2022,"values":[0.0,0.0,0.0,0.0,0.0,0.0,0.0,0.0,0.0,0.0,0.0,0.0,0.0,0.0,0.0,0.0,0.0,42.1,46.8,47.1,47.1,50.9,49.2]},"PMTCTOptBPlusStartDurPregGT4Wks":{"countryName":"C\u00f4te d'Ivoire","countryCode":384,"startYear":2000,"endYear":2022,"values":[0.0,0.0,0.0,0.0,0.0,0.0,0.0,0.0,4.9,6.6,7.7,8.0,12.2,20.2,21.9,26.7,80.6,49.6,45.1,39.1,34.6,33.6,30.4]},"PMTCTOptBPlusStartDurPregLT4Wks":{"countryName":"C\u00f4te d'Ivoire","countryCode":384,"startYear":2000,"endYear":2022,"values":[0.0,0.0,0.0,0.0,0.0,0.0,0.0,0.0,0.0,0.0,0.0,0.0,0.0,0.0,0.0,0.0,0.0,0.0,0.0,0.0,0.0,0.0,0.0]},"PMTCTPostnatalOptA":{"countryName":"C\u00f4te d'Ivoire","countryCode":384,"startYear":2000,"endYear":2022,"values":[0.0,0.0,0.0,0.0,0.0,0.0,0.0,0.0,0.0,0.0,0.0,0.0,0.0,0.0,0.0,0.0,0.0,0.0,0.0,0.0,0.0,0.0,0.0]},"PMTCTPostnatalOptB":{"countryName":"C\u00f4te d'Ivoire","countryCode":384,"startYear":2000,"endYear":2022,"values":[0.0,0.0,0.0,0.0,0.0,0.0,0.0,0.0,0.0,0.0,0.0,0.0,0.0,0.0,0.0,0.0,0.0,0.0,0.0,0.0,0.0,0.0,0.0]},"PercentHIVPopEligible":{"countryName":"C\u00f4te d'Ivoire","countryCode":384,"TB\/HIV":5,"TB\/HIV Year":2009,"DC":44.3,"DC Year":2016,"FSW":11.4,"FSW Year":2016,"MSM":11.57,"MSM Year":2016,"IDU":5.3,"IDU Year":2016,"Other":10,"Other Year":2017},"AdultHIVPrev":{"countryName":"C\u00f4te d'Ivoire","countryCode":384,"startYear":1970,"endYear":2022,"values":[0.0,0.0,0.0,0.0,0.0,0.0,0.01936,0.03235,0.05346,0.0868,0.14081,0.2242,0.34901,0.54195,0.82449,1.23482,1.77921,2.43501,3.08519,4.00614,4.88488,5.65272,6.34754,6.8787,7.20461,7.36851,7.39444,7.2865,7.11692,6.90457,6.60915,6.27171,5.91008,5.53358,5.16468,4.80223,4.48475,4.19562,3.937,3.71567,3.51743,3.35618,3.19422,3.03453,2.87439,2.72414,2.58212,2.44115,2.30525,2.17766,2.05474,1.93592,1.81618]},"SexRatio":{"countryName":"C\u00f4te d'Ivoire","countryCode":384,"startYear":1970,"endYear":2022,"values":[0.27,0.27,0.27,0.27,0.27,0.27,0.38,0.5,0.6,0.7,0.79,0.89,0.97,1.05,1.13,1.19,1.25,1.31,1.36,1.41,1.44,1.48,1.5,1.52,1.53,1.55,1.55,1.56,1.56,1.56,1.56,1.56,1.56,1.56,1.56,1.57,1.57,1.58,1.59,1.61,1.63,1.66,1.7,1.75,1.81,1.87,1.93,1.99,2.04,2.08,2.11,2.13,2.15]},"PercNotBFNotRecARVs":{"countryName":"C\u00f4te d'Ivoire","countryCode":384,"<2":5.66,"2-3":5.66,"4-5":5.67,"6-7":5.76,"8-9":6.26,"10-11":8.12,"12-13":13.33,"14-15":24.32,"16-17":41.19,"18-19":59.69,"20-21":74.81,"22-23":84.95,"24-25":91.08,"26-27":94.64,"28-29":96.72,"30-31":97.94,"32-33":98.67,"34-35":99.12},"PercNotBFRecARVs":{"countryName":"C\u00f4te d'Ivoire","countryCode":384,"<2":5.66,"2-3":5.66,"4-5":5.67,"6-7":5.76,"8-9":6.26,"10-11":8.12,"12-13":13.33,"14-15":24.32,"16-17":41.19,"18-19":59.69,"20-21":74.81,"22-23":84.95,"24-25":91.08,"26-27":94.64,"28-29":96.72,"30-31":97.94,"32-33":98.67,"34-35":99.12},"LocalAdjustmentFactor":{"countryName":"C\u00f4te d'Ivoire","countryCode":384,"nan":0.94},"NewARTPatAllocation":{"countryName":"C\u00f4te d'Ivoire","countryCode":384,"NewARTPatAllocationMethod":3,"ExpectedMortality":0.2,"ProportionEligible":0.8,"NotDefault":0}}