{"countryCode":384,"subnatCode":0,"Incidence":{"countryName":"C\u00f4te d\u2019Ivoire","countryCode":384,"startYear":1970,"endYear":2023,"values":[0.0,0.0,0.0,0.0,0.0,0.0,0.0188974496495909,0.0145094105355137,0.0237105577260043,0.0378236620643592,0.0605604280938452,0.0956306284604157,0.147576488173638,0.219663503700873,0.334003097294683,0.470816818861422,0.657769585028649,0.824133390844338,0.959778885960132,1.24057119255604,1.2931913728356,1.32171944988279,1.29749384167335,1.20263754273423,1.09994811045893,0.960716103512683,0.904159590918308,0.727585228872334,0.657190298505992,0.567964649500327,0.485826231465153,0.441941530866213,0.376705950274547,0.341952808661106,0.332388263154677,0.285269251330831,0.260386130039529,0.23159379208615,0.214285051246483,0.193428722496367,0.181484136657696,0.180655706237404,0.159302577830883,0.145342165534461,0.135625902720205,0.124215967622858,0.116883692412972,0.0998621246339629,0.0873271460622952,0.0791585696653008,0.0715608562828828,0.0669449387184782,0.0610298849047035,0.0554199825739752]},"AdultARTMale":{"countryName":"C\u00f4te d\u2019Ivoire","countryCode":384,"startYear":2000,"endYear":2023,"values":[0.0,0.415445178915076,0.727523281926739,0.786469297469546,1.68302703035887,5.83479646975044,9.31131428170124,12.0813212125088,18.2221265073559,23.8307996756642,25.5081618253346,30.9724041655349,34.6468678242677,30.8158719058166,34.1500838159104,38.284097585987,33.5562384619907,37.9515433956876,45.185156617291,52.0485777847991,54.3482361532385,56.9296630061699,58.6212652884326,63.0031483018134]},"AdultARTFemale":{"countryName":"C\u00f4te d\u2019Ivoire","countryCode":384,"startYear":2000,"endYear":2023,"values":[0.0,0.68302731584892,1.17438718973318,1.24992532472947,2.63660824967789,8.98771526504267,14.0744604283722,17.9171915570372,26.4927366866465,33.8461338114109,35.5217554632511,42.1848246208852,46.2605411218863,40.9893882618219,47.9990650642987,54.01250332716,49.9151959275977,58.7556987533191,64.25361331206,67.6619638673457,71.5743199580775,74.0845174533122,75.2796157786137,78.4772716879966]},"PercLostToFollowup":{"countryName":"C\u00f4te d\u2019Ivoire","countryCode":384,"startYear":2000,"endYear":2023,"values":[33.0,33.0,33.0,33.0,33.0,33.0,33.0,33.0,33.0,33.0,33.0,33.0,33.0,33.0,29.0,24.0,20.0,17.0,16.0,11.0,8.5,7.8,15.39,1.43]},"ChildART":{"countryName":"C\u00f4te d\u2019Ivoire","countryCode":384,"startYear":2000,"endYear":2023,"values":[1.13972977866601,2.24253145413837,3.35551327440525,4.50271351032293,5.72083962837124,7.05065972841279,6.41331417542778,8.1898988478119,11.1052824756607,23.4057801900507,16.5100598687207,20.2211122565942,23.692591089076,31.510852387299,35.004083755067,26.8202590196391,34.6561980446178,47.9508810243424,43.0784558133782,43.3484906196171,42.9006422851828,45.4639345570177,47.9843526659883,50.5207033097982]},"ChildCotrim":{"countryName":"C\u00f4te d\u2019Ivoire","countryCode":384,"startYear":2000,"endYear":2023,"values":[0.0,0.0,0.0,0.0,0.0,0.0,0.0,0.0,20.3918086467732,23.1837962983225,22.5265327668988,13.2095748707086,6.51538819856709,8.29213633586804,8.47379617723244,8.73643276338614,16.4708012908348,30.0,51.66667,73.33333,75.30303,77.27272,79.24242,81.21212]},"PMTCTSingleDoseNevirapine":{"countryName":"C\u00f4te d\u2019Ivoire","countryCode":384,"startYear":2000,"endYear":2023,"values":[0.0,0.0,1.26092063152713,2.68597688219343,4.32013602981666,6.16071179323881,16.498231385816,9.70500006002366,0.0,0.0,0.0,0.0,0.0,0.0,0.0,0.0,0.0,0.0,0.0,0.0,0.0,0.0,0.0,0.0]},"PMTCTDualARV":{"countryName":"C\u00f4te d\u2019Ivoire","countryCode":384,"startYear":2000,"endYear":2023,"values":[0.0,0.0,0.0,0.0,0.0,0.0,0.0,0.0,0.0,0.0,0.0,0.0,0.0,0.0,0.0,0.0,0.0,0.0,0.0,0.0,0.0,0.0,0.0,0.0]},"PMTCTOptA":{"countryName":"C\u00f4te d\u2019Ivoire","countryCode":384,"startYear":2000,"endYear":2023,"values":[0.0,0.0,0.0,0.0,0.0,0.0,0.0,0.0,0.0,0.0,0.0,0.0,0.0,0.0,0.0,0.0,0.0,0.0,0.0,0.0,0.0,0.0,0.0,0.0]},"PMTCTOptB":{"countryName":"C\u00f4te d\u2019Ivoire","countryCode":384,"startYear":2000,"endYear":2023,"values":[0.0,0.0,0.0,0.0,0.0,0.0,0.0,0.0,18.9377096484575,31.1859632928818,38.5457801750319,41.6386798363696,39.4176311621869,49.8812412717045,57.9568345170417,68.0518707429526,65.3597135821657,7.40557656845695,0.0,0.0,0.0,0.0,0.0,0.0]},"PMTCTOptBPlusStartBefPreg":{"countryName":"C\u00f4te d\u2019Ivoire","countryCode":384,"startYear":2000,"endYear":2023,"values":[0.0,0.0,0.0,0.0,0.0,0.0,0.0,0.0,0.0,0.0,0.0,0.0,0.0,0.0,0.0,0.0,0.0,0.0,44.4090245194667,48.6112965964681,48.8330304176995,57.2150460325484,60.2314296379246,58.2286327798948]},"PMTCTOptBPlusStartDurPregGT4Wks":{"countryName":"C\u00f4te d\u2019Ivoire","countryCode":384,"startYear":2000,"endYear":2023,"values":[0.0,0.0,0.0,0.0,0.0,0.0,0.0,0.0,0.0,5.3213676189214,7.21285843618623,8.2716133298584,8.61031846852036,13.1590877962715,21.724493926249,23.0343608904636,27.9488377038037,82.9916853878376,52.239992845681,46.8353037302161,40.5090136720432,42.0326931596092,39.7685703620754,35.9568877811088]},"PMTCTOptBPlusStartDurPregLT4Wks":{"countryName":"C\u00f4te d\u2019Ivoire","countryCode":384,"startYear":2000,"endYear":2023,"values":[0.0,0.0,0.0,0.0,0.0,0.0,0.0,0.0,0.0,0.0,0.0,0.0,0.0,0.0,0.0,0.0,0.0,0.0,0.0,0.0,0.0,0.0,0.0,0.0]},"AdultHIVPrev":{"countryName":"C\u00f4te d\u2019Ivoire","countryCode":384,"startYear":1970,"endYear":2023,"values":[0.0,0.0,0.0,0.0,0.0,0.0,0.0186258578118695,0.031539913267057,0.0524672163667783,0.0856724438069166,0.138735301762484,0.221726994811769,0.349835175275693,0.539776707812398,0.828552905377089,1.23090894981553,1.77876298917601,2.42485730480684,3.09319853214509,4.00041124881808,4.8637891840831,5.66117183932074,6.33524532036238,6.83760344032013,7.17565316799502,7.33537421123415,7.41022391389161,7.30344827437231,7.14270221628042,6.90817809666711,6.60582551041122,6.28014707768771,5.91144097956382,5.53602242176192,5.17243794913881,4.82073966098772,4.50774159135944,4.21674275312143,3.96271944641471,3.74597401494797,3.55228351411482,3.39596903308605,3.24332454711908,3.08982779121277,2.93831987225434,2.79445415506067,2.65905682108245,2.52562730717881,2.39731544994383,2.27755275762103,2.16149062643055,2.04658410249158,1.93238483088847,1.82217837417717]},"SexRatio":{"countryName":"C\u00f4te d\u2019Ivoire","countryCode":384,"startYear":1970,"endYear":2023,"values":[0.27289,0.27289,0.27289,0.27289,0.27289,0.27289,0.3866,0.50031,0.60264,0.70498,0.79594,0.89827,0.97787,1.05746,1.13706,1.20528,1.26213,1.31899,1.37584,1.42132,1.45544,1.48954,1.51228,1.53503,1.5464,1.55777,1.56916,1.56921,1.56929,1.56942,1.56966,1.57007,1.57076,1.5719,1.57376,1.57675,1.58151,1.58903,1.60068,1.61843,1.64483,1.67582,1.71617,1.7661,1.82413,1.88685,1.94958,2.00761,2.05754,2.09788,2.12887,2.15176,2.16818,2.1797]},"PercNotBFNotRecARVs":{"countryName":"C\u00f4te d\u2019Ivoire","countryCode":384,"<2":7.15528,"2-3":7.15597,"4-5":7.17549,"6-7":7.34164,"8-9":8.12772,"10-11":10.71438,"12-13":17.11896,"14-15":29.09797,"16-17":45.63023,"18-19":62.49833,"20-21":75.94134,"22-23":85.06242,"24-25":90.76046,"26-27":94.21412,"28-29":96.30507,"30-31":97.58775,"32-33":98.38996,"34-35":98.90248},"PercNotBFRecARVs":{"countryName":"C\u00f4te d\u2019Ivoire","countryCode":384,"<2":7.15528,"2-3":7.15597,"4-5":7.17549,"6-7":7.34164,"8-9":8.12772,"10-11":10.71438,"12-13":17.11896,"14-15":29.09797,"16-17":45.63023,"18-19":62.49833,"20-21":75.94134,"22-23":85.06242,"24-25":90.76046,"26-27":94.21412,"28-29":96.30507,"30-31":97.58775,"32-33":98.38996,"34-35":98.90248},"LocalAdjustmentFactor":{"countryName":"C\u00f4te d\u2019Ivoire","countryCode":384,"value":0.88678},"NewARTPatAllocation":{"countryName":"C\u00f4te d\u2019Ivoire","countryCode":384,"NewARTPatAllocationMethod":3.0,"ExpectedMortality":0.2,"ProportionEligible":0.8}}