{"countryCode":170,"subnatCode":0,"Incidence":{"countryName":"Colombia","countryCode":170,"startYear":1970,"endYear":2023,"values":[0.0,0.0,0.0,0.0,0.0,1.35490662985407e-5,1.49054516765709e-6,1.05250038852064e-5,1.15373275368492e-5,3.32417351300998e-5,4.57777760524858e-5,6.67247015305157e-5,0.000112424475853668,0.00604470527775445,0.00326204777920155,0.00524863296999184,0.00770093673768665,0.0112482696160779,0.0159450914191231,0.0218643094810491,0.0296772039935821,0.0370076339088969,0.0453363171301672,0.0527832979528229,0.0586321159633679,0.0640200670747843,0.0652115895948689,0.0645550629048995,0.0635035669651539,0.0616824420544547,0.0590315413797907,0.0552249770617993,0.0519373970535704,0.050258640832662,0.0509923386001675,0.0502937872514579,0.0489889787268558,0.048332523982227,0.050542614664512,0.0495429871993655,0.0482125427052997,0.0456126927120647,0.044094348909838,0.0453853826472417,0.0447107883262683,0.0451181917039173,0.0459900235559156,0.0466097744629921,0.0482409897740888,0.0465559554466421,0.0443530495825994,0.0467905871202269,0.04610536249226,0.0443084433527141]},"AdultARTMale":{"countryName":"Colombia","countryCode":170,"startYear":2000,"endYear":2023,"values":[0.333997102915282,4.56690436316145,7.96312259381576,10.7562790175117,13.1013582620448,15.1364151926684,26.1352468559403,14.6254799202523,14.9012971756318,16.7400305762427,23.8473446477975,25.83068521386,29.970217790729,34.1475055707022,37.4486521933244,35.1387076355712,38.9145317948914,39.1812849707898,44.2345415500759,54.096262503036,57.0596137225446,53.9278971546483,58.5679852123418,65.0]},"AdultARTFemale":{"countryName":"Colombia","countryCode":170,"startYear":2000,"endYear":2023,"values":[0.315632071509273,5.26715045486839,9.67991976625733,13.6029339754289,17.1322474857659,20.3304501303762,35.739261821617,21.1815442264337,21.4839743321587,24.5863227463881,35.4664204393912,39.6827514939292,47.356343314965,54.5982062057171,60.4574927839215,61.8688835338785,65.7395463136717,62.5795067458913,68.3326441082223,78.1625305942625,79.6587051650602,73.0839663377004,73.8251173435068,75.0]},"PercLostToFollowup":{"countryName":"Colombia","countryCode":170,"startYear":2000,"endYear":2023,"values":[6.0,6.0,6.0,6.0,6.0,6.0,6.0,6.0,6.0,6.0,6.0,6.0,6.0,6.0,6.0,5.13,5.64,7.54,6.52,5.29,5.27,5.07,6.02,6.02]},"ChildART":{"countryName":"Colombia","countryCode":170,"startYear":2000,"endYear":2023,"values":[0.0,8.54845972647096,16.8235141826359,24.9196085264393,33.1360241224591,41.8716163991152,49.8548604517833,46.2117416926142,62.0712317404995,59.3822656495019,53.6041730922735,48.3394925680273,56.9378450560073,63.2899402670408,70.1018509565681,52.5905150396244,51.364977130301,38.0847792810657,45.8614008692645,45.5041118210971,41.1643809649889,36.9511721082699,28.2432760393384,32.0]},"ChildCotrim":{"countryName":"Colombia","countryCode":170,"startYear":2000,"endYear":2023,"values":[0.0,0.0,0.0,0.0,0.0,0.0,0.0,0.0,0.0,0.0,0.0,0.0,0.0,0.0,0.0,0.0,0.0,0.0,2.55821803438647,3.41205918297428,2.3367121205512,2.48400487163035,1.92354156451337,8.0]},"PMTCTSingleDoseNevirapine":{"countryName":"Colombia","countryCode":170,"startYear":2000,"endYear":2023,"values":[0.0,0.0,0.0,0.0,0.0,0.0,0.0,0.0,0.0,0.0,0.0,0.0,0.0,0.0,0.0,0.0,0.0,0.0,0.0,0.0,0.0,0.0,0.0,0.0]},"PMTCTDualARV":{"countryName":"Colombia","countryCode":170,"startYear":2000,"endYear":2023,"values":[0.0,0.0,0.0,0.0,3.77020438391071,11.5764650544374,24.8538565994847,11.1326950738473,16.7407794614058,0.0,0.0,0.0,0.0,0.0,0.0,0.0,0.0,0.0,0.0,0.0,0.0,0.0,0.0,0.0]},"PMTCTOptA":{"countryName":"Colombia","countryCode":170,"startYear":2000,"endYear":2023,"values":[0.0,0.0,0.0,0.0,0.0,0.0,0.0,0.0,0.0,0.0,0.0,0.0,0.0,0.0,0.0,0.0,0.0,0.0,0.0,0.0,0.0,0.0,0.0,0.0]},"PMTCTOptB":{"countryName":"Colombia","countryCode":170,"startYear":2000,"endYear":2023,"values":[0.0,0.0,0.0,0.0,0.0,0.0,0.0,0.0,0.0,0.0,0.0,0.0,0.0,0.0,0.0,0.0,0.0,0.0,0.0,0.0,0.0,0.0,0.0,0.0]},"PMTCTOptBPlusStartBefPreg":{"countryName":"Colombia","countryCode":170,"startYear":2000,"endYear":2023,"values":[0.0,0.0,0.0,0.0,0.0,0.0,0.0,0.0,0.0,0.23252377107951,0.0,0.88265987788882,1.28261219878674,2.30578206816502,4.29404285446817,7.39145696026971,9.14954783703459,12.3896074433683,14.6686853542493,17.2564942548448,20.4029910954971,22.5367419758963,23.5735840173841,21.452391244421]},"PMTCTOptBPlusStartDurPregGT4Wks":{"countryName":"Colombia","countryCode":170,"startYear":2000,"endYear":2023,"values":[0.0,0.0,0.0,0.0,0.0,0.0,0.0,0.0,0.0,34.7235498145402,36.4765102288915,46.0587972643803,53.789549086619,52.6354389353533,53.2779391202532,50.4175169500502,42.2878261375548,41.7091132565568,40.9340800723291,32.2268717494323,26.8497695319215,22.5367419758963,25.0126690882128,22.0519922419359]},"PMTCTOptBPlusStartDurPregLT4Wks":{"countryName":"Colombia","countryCode":170,"startYear":2000,"endYear":2023,"values":[0.0,0.0,0.0,0.0,0.565530657586607,1.18395665329473,0.749020335874882,0.563680763232772,1.63687621400412,2.01520601602242,3.5917789065648,2.88870505490887,3.20653049696685,4.0549960509109,4.61212010294729,9.41438202308036,5.22831304973405,5.46373992844194,3.91676938778383,4.79347062634577,6.02171612193491,6.85900842744669,2.32994725753215,3.06462732063158]},"AdultHIVPrev":{"countryName":"Colombia","countryCode":170,"startYear":1970,"endYear":2023,"values":[0.0,0.0,0.0,0.0,0.0,1.3212999693885e-5,1.3855713072766e-5,2.31568214929077e-5,3.2760416208683e-5,6.27827077131469e-5,0.000103295250501909,0.000161825641935149,0.000261577685723719,0.00616923683376216,0.00904865726511423,0.0136790183231476,0.0204363261435634,0.030253834305295,0.0440722207192834,0.0628297494381826,0.0880413725116999,0.118754918462649,0.155464852727831,0.19676887164827,0.240458820565519,0.28571651085369,0.328076056231158,0.365645661571529,0.398160620404621,0.4249796215622,0.445608469479648,0.460178845537827,0.47035145027447,0.477630381074719,0.484389413058722,0.489222711439655,0.494537227110392,0.499032541287091,0.501361369009852,0.501314151588413,0.501866036931831,0.503565203181328,0.505680598648333,0.509838334524368,0.513979737840628,0.519318014698989,0.526095334710265,0.532874494668001,0.540729362140191,0.549816784895915,0.558378471134551,0.568598066003071,0.57700497207861,0.584446726126948]},"SexRatio":{"countryName":"Colombia","countryCode":170,"startYear":1970,"endYear":2023,"values":[0.0,0.0,0.0,0.0,0.20232,0.17879,0.18952,0.20391,0.20706,10.7223,32.18329,39.00514,45.82826,1.07998,1.04463,0.99542,0.94722,0.86841,0.79376,0.7195,0.59923,0.49638,0.40465,0.33135,0.27857,0.24214,0.21821,0.20202,0.19144,0.18185,0.17661,0.17278,0.16965,0.16685,0.16468,0.16065,0.15659,0.15214,0.14676,0.13924,0.13745,0.13969,0.14181,0.14391,0.14582,0.15017,0.15385,0.15344,0.15426,0.16278,0.1707,0.16785,0.16785,0.14883]},"PercNotBFNotRecARVs":{"countryName":"Colombia","countryCode":170,"<2":3.1,"2-3":3.7,"4-5":7.5,"6-7":15.3,"8-9":25.3,"10-11":36.5,"12-13":39.7,"14-15":43.4,"16-17":56.6,"18-19":58.8,"20-21":68.3,"22-23":66.6,"24-25":71.6,"26-27":75.6,"28-29":82.1,"30-31":88.6,"32-33":89.2,"34-35":89.7},"PercNotBFRecARVs":{"countryName":"Colombia","countryCode":170,"<2":90.0,"2-3":95.0,"4-5":98.0,"6-7":100.0,"8-9":100.0,"10-11":100.0,"12-13":100.0,"14-15":100.0,"16-17":100.0,"18-19":100.0,"20-21":100.0,"22-23":100.0,"24-25":100.0,"26-27":100.0,"28-29":100.0,"30-31":100.0,"32-33":100.0,"34-35":100.0},"LocalAdjustmentFactor":{"countryName":"Colombia","countryCode":170,"value":2.2732},"NewARTPatAllocation":{"countryName":"Colombia","countryCode":170,"NewARTPatAllocationMethod":3.0,"ExpectedMortality":0.2,"ProportionEligible":0.8}}