{"countryCode":196,"subnatCode":0,"Incidence":{"countryName":"Cyprus","countryCode":196,"startYear":1970,"endYear":2022,"values":[0.0,0.0,0.0,0.0,0.0,0.0,0.0,0.0,0.0,0.0,0.00066,0.00186,0.0029,0.0038,0.00453,0.00512,0.00555,0.00581,0.00593,0.00596,0.00587,0.00569,0.00541,0.00511,0.00476,0.00444,0.00418,0.004,0.00391,0.00394,0.00413,0.00449,0.00499,0.0056,0.00625,0.00691,0.00756,0.00814,0.00866,0.00908,0.00941,0.00966,0.00981,0.0098,0.00966,0.00937,0.00895,0.00838,0.00768,0.00686,0.00591,0.00487,0.00487]},"AdultARTMale":{"countryName":"Cyprus","countryCode":196,"startYear":2000,"endYear":2022,"values":[0.0,14.41332,26.12875,34.93744,41.27702,45.67155,48.57471,50.35188,51.30105,38.37165,43.87316,37.74231,46.25079,48.05911,53.04721,58.32588,59.81419,63.36617,68.28952,74.43646,79.81128,84.09391,86.0]},"AdultARTFemale":{"countryName":"Cyprus","countryCode":196,"startYear":2000,"endYear":2022,"values":[0.0,19.99578,35.24808,45.88752,52.98106,57.51058,60.20736,61.59705,62.07817,47.63781,48.42501,39.90486,40.34148,36.89537,37.8105,40.92735,46.29263,55.03738,61.16343,79.1174,86.23446,92.85568,93.5]},"MedianCD4AtInit":{"countryName":"Cyprus","countryCode":196,"startYear":2000,"endYear":2022,"values":[0.0,120.80463,121.08947,120.68126,120.31182,119.963,119.4789,118.75391,117.76599,155.54389,162.24466,197.27806,207.62439,230.39794,231.51401,237.0112,248.81985,246.19113,246.95982,253.55189,270.50195,290.73255,285.94807]},"PercLostToFollowup":{"countryName":"Cyprus","countryCode":196,"startYear":2000,"endYear":2022,"values":[0.0,0.0,0.0,0.0,0.0,0.0,0.0,0.0,0.0,0.0,0.0,0.0,0.0,0.0,0.0,0.0,0.0,0.0,0.0,0.0,0.0,0.0,0.0]},"ChildART":{"countryName":"Cyprus","countryCode":196,"startYear":2000,"endYear":2022,"values":[0.0,0.0,0.0,0.0,0.0,0.0,0.0,0.0,0.0,0.0,0.0,0.0,0.0,0.0,0.0,0.0,0.0,0.0,99.0,99.0,99.0,99.0,99.0]},"ChildCotrim":{"countryName":"Cyprus","countryCode":196,"startYear":2000,"endYear":2022,"values":[0.0,0.0,0.0,0.0,0.0,0.0,0.0,0.0,0.0,0.0,0.0,0.0,0.0,0.0,0.0,0.0,0.0,0.0,0.0,0.0,0.0,0.0,0.0]},"PMTCTSingleDoseNevirapine":{"countryName":"Cyprus","countryCode":196,"startYear":2000,"endYear":2022,"values":[0.0,0.0,0.0,0.0,0.0,0.0,0.0,0.0,0.0,0.0,0.0,0.0,0.0,0.0,0.0,0.0,0.0,0.0,0.0,0.0,0.0,0.0,0.0]},"PMTCTDualARV":{"countryName":"Cyprus","countryCode":196,"startYear":2000,"endYear":2022,"values":[0.0,0.0,0.0,0.0,0.0,0.0,0.0,0.0,0.0,0.0,0.0,0.0,0.0,0.0,0.0,0.0,0.0,0.0,0.0,0.0,0.0,0.0,0.0]},"PMTCTOptA":{"countryName":"Cyprus","countryCode":196,"startYear":2000,"endYear":2022,"values":[0.0,0.0,0.0,0.0,0.0,0.0,0.0,0.0,0.0,0.0,0.0,0.0,0.0,0.0,0.0,0.0,0.0,0.0,0.0,0.0,0.0,0.0,0.0]},"PMTCTOptB":{"countryName":"Cyprus","countryCode":196,"startYear":2000,"endYear":2022,"values":[0.0,0.0,0.0,0.0,0.0,0.0,0.0,0.0,0.0,0.0,0.0,0.0,0.0,0.0,0.0,0.0,0.0,0.0,0.0,0.0,0.0,0.0,0.0]},"PMTCTOptBPlusStartBefPreg":{"countryName":"Cyprus","countryCode":196,"startYear":2000,"endYear":2022,"values":[100.0,100.0,100.0,100.0,100.0,100.0,100.0,100.0,100.0,100.0,100.0,100.0,100.0,100.0,100.0,100.0,100.0,100.0,100.0,100.0,100.0,100.0,100.0]},"PMTCTOptBPlusStartDurPregGT4Wks":{"countryName":"Cyprus","countryCode":196,"startYear":2000,"endYear":2022,"values":[0.0,0.0,0.0,0.0,0.0,0.0,0.0,0.0,0.0,0.0,0.0,0.0,0.0,0.0,0.0,0.0,0.0,0.0,0.0,0.0,0.0,0.0,0.0]},"PMTCTOptBPlusStartDurPregLT4Wks":{"countryName":"Cyprus","countryCode":196,"startYear":2000,"endYear":2022,"values":[0.0,0.0,0.0,0.0,0.0,0.0,0.0,0.0,0.0,0.0,0.0,0.0,0.0,0.0,0.0,0.0,0.0,0.0,0.0,0.0,0.0,0.0,0.0]},"PMTCTPostnatalOptA":{"countryName":"Cyprus","countryCode":196,"startYear":2000,"endYear":2022,"values":[0.0,0.0,0.0,0.0,0.0,0.0,0.0,0.0,0.0,0.0,0.0,0.0,0.0,0.0,0.0,0.0,0.0,0.0,0.0,0.0,0.0,0.0,0.0]},"PMTCTPostnatalOptB":{"countryName":"Cyprus","countryCode":196,"startYear":2000,"endYear":2022,"values":[0.0,0.0,0.0,0.0,0.0,0.0,0.0,0.0,0.0,0.0,0.0,0.0,0.0,0.0,0.0,0.0,0.0,0.0,0.0,0.0,0.0,0.0,0.0]},"PercentHIVPopEligible":{"countryName":"Cyprus","countryCode":196,"TB\/HIV":5,"TB\/HIV Year":2009,"DC":40,"DC Year":2011,"FSW":2,"FSW Year":2015,"MSM":5,"MSM Year":2015,"IDU":0.5,"IDU Year":2015,"Other":10,"Other Year":2015},"AdultHIVPrev":{"countryName":"Cyprus","countryCode":196,"startYear":1970,"endYear":2022,"values":[0.0,0.0,0.0,0.0,0.0,0.0,0.0,0.0,0.0,0.0,0.00066,0.00249,0.00529,0.00883,0.01291,0.01734,0.02177,0.02607,0.03027,0.03418,0.03772,0.04066,0.04309,0.04478,0.04573,0.04598,0.04582,0.04518,0.04439,0.04364,0.04318,0.04368,0.04532,0.04775,0.05088,0.05457,0.05877,0.06328,0.06824,0.07345,0.08326,0.09371,0.10419,0.11456,0.12449,0.12973,0.1341,0.13838,0.14183,0.14394,0.14655,0.14669,0.14648]},"SexRatio":{"countryName":"Cyprus","countryCode":196,"startYear":1970,"endYear":2022,"values":[0.18,0.18,0.18,0.18,0.18,0.18,0.18,0.18,0.18,0.18,0.18,0.18,0.18,0.18,0.18,0.18,0.18,0.18,0.18,0.18,0.18,0.18,0.18,0.18,0.18,0.18,0.18,0.18,0.18,0.18,0.18,0.18,0.18,0.18,0.18,0.18,0.18,0.18,0.18,0.18,0.18,0.18,0.18,0.18,0.18,0.18,0.18,0.18,0.18,0.18,0.18,0.22,0.22]},"PercNotBFNotRecARVs":{"countryName":"Cyprus","countryCode":196,"<2":100,"2-3":100,"4-5":100,"6-7":100,"8-9":100,"10-11":100,"12-13":100,"14-15":100,"16-17":100,"18-19":100,"20-21":100,"22-23":100,"24-25":100,"26-27":100,"28-29":100,"30-31":100,"32-33":100,"34-35":100},"PercNotBFRecARVs":{"countryName":"Cyprus","countryCode":196,"<2":100,"2-3":100,"4-5":100,"6-7":100,"8-9":100,"10-11":100,"12-13":100,"14-15":100,"16-17":100,"18-19":100,"20-21":100,"22-23":100,"24-25":100,"26-27":100,"28-29":100,"30-31":100,"32-33":100,"34-35":100},"LocalAdjustmentFactor":{"countryName":"Cyprus","countryCode":196,"value":1},"NewARTPatAllocation":{"countryName":"Cyprus","countryCode":196,"NewARTPatAllocationMethod":3,"ExpectedMortality":0.3,"ProportionEligible":0.7,"NotDefault":1}}