{"countryName":"Czech Republic","subnatCode":0,"Incidence":{"countryName":"Czech Republic","countryCode":203,"startYear":1970,"endYear":2020,"values":[0.0,0.0,0.0,0.0,0.0,0.0,0.0,0.0,0.0,0.0,0.0,1e-5,2e-5,4e-5,8e-5,0.00014,0.00025,0.00044,0.00056,0.0001,0.00015,0.00023,0.00032,0.00044,0.00058,0.00074,0.00092,0.00111,0.0013,0.0015,0.0017,0.00189,0.00207,0.00224,0.0024,0.00254,0.00267,0.00278,0.00288,0.00297,0.00305,0.00312,0.00317,0.00322,0.00327,0.0033,0.00333,0.00336,0.00338,0.0034,0.00342]},"AdultARTMale":{"countryName":"Czech Republic","countryCode":203,"startYear":2000,"endYear":2020,"values":[100.0,94.94714,84.54962,75.82936,68.73894,69.6186,100.0,89.35024,75.37722,61.14691,72.80167,80.48428,62.15269,62.88087,68.09487,73.47042,75.37565,82.52099,72.59617,76.21039,68.57143]},"AdultARTFemale":{"countryName":"Czech Republic","countryCode":203,"startYear":2000,"endYear":2020,"values":[100.0,100.0,100.0,86.1377,73.7534,74.86165,100.0,100.0,86.96473,69.80711,83.00589,91.18172,76.78464,76.0279,75.49106,75.17836,74.20669,78.50684,71.90901,74.31828,73.5]},"MedianCD4AtInit":{"countryName":"Czech Republic","countryCode":203,"startYear":2000,"endYear":2020,"values":[0.0,0.0,0.0,0.0,0.0,0.0,0.0,0.0,0.0,0.0,0.0,0.0,0.0,0.0,0.0,0.0,0.0,0.0,0.0,0.0,0.0]},"PercLostToFollowup":{"countryName":"Czech Republic","countryCode":203,"startYear":2000,"endYear":2020,"values":[0.0,0.0,0.0,0.0,0.0,0.0,0.0,0.0,0.0,0.0,0.0,0.0,0.0,0.0,0.0,0.0,0.0,0.0,0.0,0.0,0.0]},"ChildART":{"countryName":"Czech Republic","countryCode":203,"startYear":2000,"endYear":2020,"values":[0.0,0.0,0.0,0.0,0.0,0.0,0.0,0.0,0.0,0.0,0.0,0.0,0.0,0.0,0.0,0.0,0.0,0.0,100.0,100.0,100.0]},"ChildCotrim":{"countryName":"Czech Republic","countryCode":203,"startYear":2000,"endYear":2020,"values":[0.0,0.0,0.0,0.0,0.0,0.0,0.0,0.0,0.0,0.0,0.0,0.0,0.0,0.0,0.0,0.0,0.0,0.0,0.0,0.0,0.0]},"PMTCTSingleDoseNevirapine":{"countryName":"Czech Republic","countryCode":203,"startYear":2000,"endYear":2020,"values":[0.0,0.0,0.0,0.0,0.0,0.0,0.0,0.0,0.0,0.0,0.0,0.0,0.0,0.0,0.0,0.0,0.0,0.0,0.0,0.0,0.0]},"PMTCTDualARV":{"countryName":"Czech Republic","countryCode":203,"startYear":2000,"endYear":2020,"values":[0.0,0.0,0.0,0.0,0.0,0.0,0.0,0.0,0.0,0.0,0.0,0.0,0.0,0.0,0.0,0.0,0.0,0.0,0.0,0.0,0.0]},"PMTCTOptA":{"countryName":"Czech Republic","countryCode":203,"startYear":2000,"endYear":2020,"values":[0.0,0.0,0.0,0.0,0.0,0.0,0.0,0.0,0.0,0.0,0.0,0.0,0.0,0.0,0.0,0.0,0.0,0.0,0.0,0.0,0.0]},"PMTCTOptB":{"countryName":"Czech Republic","countryCode":203,"startYear":2000,"endYear":2020,"values":[0.0,0.0,0.0,0.0,0.0,0.0,0.0,0.0,0.0,0.0,0.0,0.0,0.0,0.0,0.0,0.0,0.0,0.0,0.0,0.0,0.0]},"PMTCTOptBPlusStartBefPreg":{"countryName":"Czech Republic","countryCode":203,"startYear":2000,"endYear":2020,"values":[0.0,0.0,0.0,0.0,0.0,0.0,0.0,0.0,0.0,0.0,0.0,0.0,0.0,0.0,50.0,57.26715,69.32004,63.49332,69.69612,63.63636,90.0]},"PMTCTOptBPlusStartDurPregGT4Wks":{"countryName":"Czech Republic","countryCode":203,"startYear":2000,"endYear":2020,"values":[100.0,100.0,100.0,100.0,100.0,100.0,100.0,100.0,100.0,100.0,100.0,100.0,100.0,86.80326,50.0,42.73285,30.67996,36.50668,27.87845,27.27273,0.0]},"PMTCTOptBPlusStartDurPregLT4Wks":{"countryName":"Czech Republic","countryCode":203,"startYear":2000,"endYear":2020,"values":[0.0,0.0,0.0,0.0,0.0,0.0,0.0,0.0,0.0,0.0,0.0,0.0,0.0,13.19674,0.0,0.0,0.0,0.0,0.0,9.09091,0.0]},"PMTCTPostnatalOptA":{"countryName":"Czech Republic","countryCode":203,"startYear":2000,"endYear":2020,"values":[0.0,0.0,0.0,0.0,0.0,0.0,0.0,0.0,0.0,0.0,0.0,0.0,0.0,0.0,0.0,0.0,0.0,0.0,0.0,0.0,0.0]},"PMTCTPostnatalOptB":{"countryName":"Czech Republic","countryCode":203,"startYear":2000,"endYear":2020,"values":[0.0,0.0,0.0,0.0,0.0,0.0,0.0,0.0,0.0,0.0,0.0,0.0,0.0,0.0,0.0,0.0,0.0,0.0,0.0,0.0,0.0]},"PercentHIVPopEligible":{"countryName":"Czech Republic","countryCode":203,"TB\/HIV":5,"TB\/HIV Year":2009,"DC":5,"DC Year":2011,"FSW":2,"FSW Year":2015,"MSM":70,"MSM Year":2015,"IDU":3,"IDU Year":2015,"Other":10,"Other Year":2015},"AdultHIVPrev":{"countryName":"Czech Republic","countryCode":203,"startYear":1970,"endYear":2020,"values":[0.0,0.0,0.0,0.0,0.0,0.0,0.0,0.0,0.0,0.0,1e-5,2e-5,4e-5,8e-5,0.00015,0.00029,0.00053,0.00093,0.00144,0.00147,0.00153,0.00165,0.00185,0.00214,0.00255,0.00309,0.00379,0.00468,0.00585,0.0072,0.00871,0.01037,0.01216,0.01406,0.01602,0.018,0.02002,0.02216,0.02433,0.02644,0.02841,0.03053,0.03272,0.03477,0.03669,0.03858,0.04042,0.04228,0.04405,0.04571,0.0472]},"SexRatio":{"countryName":"Czech Republic","countryCode":203,"startYear":1970,"endYear":2020,"values":[0.24,0.24,0.24,0.24,0.24,0.24,0.24,0.24,0.24,0.24,0.24,0.24,0.24,0.24,0.24,0.24,0.2365,0.23162,0.22675,0.22187,0.217,0.21213,0.20725,0.20237,0.1975,0.1929,0.18829,0.18368,0.17908,0.17447,0.16987,0.16526,0.16066,0.15605,0.15145,0.14684,0.14224,0.13763,0.13303,0.12842,0.12382,0.11921,0.1146,0.11,0.11,0.11,0.11,0.11,0.11,0.11,0.11]},"PercNotBFNotRecARVs":{"countryName":"Czech Republic","countryCode":203,"<2":100,"2-3":100,"4-5":100,"6-7":100,"8-9":100,"10-11":100,"12-13":100,"14-15":100,"16-17":100,"18-19":100,"20-21":100,"22-23":100,"24-25":100,"26-27":100,"28-29":100,"30-31":100,"32-33":100,"34-35":100},"PercNotBFRecARVs":{"countryName":"Czech Republic","countryCode":203,"<2":100,"2-3":100,"4-5":100,"6-7":100,"8-9":100,"10-11":100,"12-13":100,"14-15":100,"16-17":100,"18-19":100,"20-21":100,"22-23":100,"24-25":100,"26-27":100,"28-29":100,"30-31":100,"32-33":100,"34-35":100},"LocalAdjustmentFactor":{"countryName":"Czech Republic","countryCode":203,"value":1}}