{"countryName":"Germany","subnatCode":0,"Incidence":{"countryName":"Germany","countryCode":276,"startYear":1970,"endYear":2020,"values":[0.0,0.0,0.0,0.0,0.0,0.0,0.0,0.0,0.00014,0.00024,0.00072,0.00169,0.0039,0.00826,0.01372,0.01567,0.01443,0.01252,0.01094,0.00942,0.00791,0.00667,0.00558,0.0047,0.0046,0.0047,0.0048,0.0047,0.0048,0.0047,0.0048,0.00507,0.00601,0.00671,0.0069,0.0071,0.0072,0.0072,0.0069,0.0067,0.0064,0.0057,0.0064,0.0064,0.0064,0.0064,0.0065,0.006,0.0061,0.0063,0.006]},"AdultARTMale":{"countryName":"Germany","countryCode":276,"startYear":2000,"endYear":2020,"values":[74.6997,77.47029,79.88962,81.93395,83.76816,56.57253,55.31596,57.25935,59.35004,78.42487,72.21841,74.62639,68.61935,70.62834,72.44877,74.52648,76.65604,79.11266,80.61883,84.62289,86.0]},"AdultARTFemale":{"countryName":"Germany","countryCode":276,"startYear":2000,"endYear":2020,"values":[69.70211,74.44718,78.32511,81.71097,84.58578,55.39941,54.70036,57.07599,59.58024,78.17915,72.16453,74.67275,69.70647,71.95162,73.99408,76.28121,78.60129,81.20096,80.21849,84.31319,85.0]},"MedianCD4AtInit":{"countryName":"Germany","countryCode":276,"startYear":2000,"endYear":2020,"values":[0.0,0.0,0.0,0.0,0.0,0.0,0.0,0.0,0.0,0.0,0.0,0.0,0.0,0.0,0.0,0.0,0.0,0.0,0.0,0.0,0.0]},"PercLostToFollowup":{"countryName":"Germany","countryCode":276,"startYear":2000,"endYear":2020,"values":[0.0,0.0,0.0,0.0,0.0,0.0,0.0,0.0,0.0,0.0,0.0,0.0,0.0,0.0,0.0,0.0,0.0,0.0,0.0,0.0,0.0]},"ChildART":{"countryName":"Germany","countryCode":276,"startYear":2000,"endYear":2020,"values":[84.61539,86.15385,87.69231,89.23077,90.76923,92.30769,93.84615,95.38461,96.92308,98.46154,100.0,100.0,100.0,100.0,100.0,100.0,100.0,100.0,100.0,100.0,100.0]},"ChildCotrim":{"countryName":"Germany","countryCode":276,"startYear":2000,"endYear":2020,"values":[0.0,0.0,0.0,0.0,0.0,0.0,0.0,0.0,0.0,0.0,0.0,0.0,0.0,0.0,0.0,0.0,0.0,0.0,0.0,0.0,0.0]},"PMTCTSingleDoseNevirapine":{"countryName":"Germany","countryCode":276,"startYear":2000,"endYear":2020,"values":[0.0,0.0,0.0,0.0,0.0,0.0,0.0,0.0,0.0,0.0,0.0,0.0,0.0,0.0,0.0,0.0,0.0,0.0,0.0,0.0,0.0]},"PMTCTDualARV":{"countryName":"Germany","countryCode":276,"startYear":2000,"endYear":2020,"values":[0.0,0.0,0.0,0.0,0.0,0.0,0.0,0.0,0.0,0.0,0.0,0.0,0.0,0.0,0.0,0.0,0.0,0.0,0.0,0.0,0.0]},"PMTCTOptA":{"countryName":"Germany","countryCode":276,"startYear":2000,"endYear":2020,"values":[0.0,0.0,0.0,0.0,0.0,0.0,0.0,0.0,0.0,0.0,0.0,0.0,0.0,0.0,0.0,0.0,0.0,0.0,0.0,0.0,0.0]},"PMTCTOptB":{"countryName":"Germany","countryCode":276,"startYear":2000,"endYear":2020,"values":[95.45454,90.90909,86.36364,81.81818,77.27273,72.72727,68.18182,63.63636,59.09091,54.54545,50.0,45.45455,40.90909,36.36364,31.81818,27.27273,22.72727,18.18182,13.63636,9.09091,4.54545]},"PMTCTOptBPlusStartBefPreg":{"countryName":"Germany","countryCode":276,"startYear":2000,"endYear":2020,"values":[4.54545,9.09091,13.63636,18.18182,22.72727,27.27273,31.81818,36.36364,40.90909,45.45455,50.0,54.54545,59.09091,63.63636,68.18182,72.72727,77.27273,81.81818,86.36364,90.90909,95.45454]},"PMTCTOptBPlusStartDurPregGT4Wks":{"countryName":"Germany","countryCode":276,"startYear":2000,"endYear":2020,"values":[0.0,0.0,0.0,0.0,0.0,0.0,0.0,0.0,0.0,0.0,0.0,0.0,0.0,0.0,0.0,0.0,0.0,0.0,0.0,0.0,0.0]},"PMTCTOptBPlusStartDurPregLT4Wks":{"countryName":"Germany","countryCode":276,"startYear":2000,"endYear":2020,"values":[0.0,0.0,0.0,0.0,0.0,0.0,0.0,0.0,0.0,0.0,0.0,0.0,0.0,0.0,0.0,0.0,0.0,0.0,0.0,0.0,0.0]},"PMTCTPostnatalOptA":{"countryName":"Germany","countryCode":276,"startYear":2000,"endYear":2020,"values":[0.0,0.0,0.0,0.0,0.0,0.0,0.0,0.0,0.0,0.0,0.0,0.0,0.0,0.0,0.0,0.0,0.0,0.0,0.0,0.0,0.0]},"PMTCTPostnatalOptB":{"countryName":"Germany","countryCode":276,"startYear":2000,"endYear":2020,"values":[0.0,0.0,0.0,0.0,0.0,0.0,0.0,0.0,0.0,0.0,0.0,0.0,0.0,0.0,0.0,0.0,0.0,0.0,0.0,0.0,0.0]},"PercentHIVPopEligible":{"countryName":"Germany","countryCode":276,"TB\/HIV":5,"TB\/HIV Year":2007,"DC":40,"DC Year":2011,"FSW":2,"FSW Year":2015,"MSM":5,"MSM Year":2015,"IDU":0.5,"IDU Year":2015,"Other":10,"Other Year":2015},"AdultHIVPrev":{"countryName":"Germany","countryCode":276,"startYear":1970,"endYear":2020,"values":[0.0,0.0,0.0,0.0,0.0,0.0,0.0,0.0,0.00014,0.00037,0.00107,0.00271,0.00649,0.01445,0.02756,0.0421,0.05508,0.06565,0.07405,0.08021,0.08414,0.08609,0.08625,0.08488,0.08287,0.0818,0.08412,0.08626,0.0883,0.09003,0.09164,0.0933,0.09596,0.09916,0.10233,0.10546,0.10841,0.11103,0.11303,0.11466,0.11487,0.11437,0.11441,0.11428,0.11402,0.11404,0.11426,0.11398,0.11386,0.11401,0.11388]},"SexRatio":{"countryName":"Germany","countryCode":276,"startYear":1970,"endYear":2020,"values":[0.24,0.24,0.24,0.24,0.24,0.24,0.24,0.24,0.24,0.24,0.24,0.24,0.24,0.24,0.24,0.24,0.24,0.24,0.24,0.24,0.24,0.24,0.24,0.24,0.24899,0.25765,0.2917,0.27879,0.30339,0.33832,0.35323,0.32002,0.3281,0.25809,0.26222,0.24379,0.23466,0.21,0.21,0.21,0.21,0.21,0.21,0.21,0.21,0.21,0.21,0.21,0.21,0.21,0.21]},"PercNotBFNotRecARVs":{"countryName":"Germany","countryCode":276,"<2":100,"2-3":100,"4-5":100,"6-7":100,"8-9":100,"10-11":100,"12-13":100,"14-15":100,"16-17":100,"18-19":100,"20-21":100,"22-23":100,"24-25":100,"26-27":100,"28-29":100,"30-31":100,"32-33":100,"34-35":100},"PercNotBFRecARVs":{"countryName":"Germany","countryCode":276,"<2":100,"2-3":100,"4-5":100,"6-7":100,"8-9":100,"10-11":100,"12-13":100,"14-15":100,"16-17":100,"18-19":100,"20-21":100,"22-23":100,"24-25":100,"26-27":100,"28-29":100,"30-31":100,"32-33":100,"34-35":100},"LocalAdjustmentFactor":{"countryName":"Germany","countryCode":276,"value":1}}