{"countryName":"Djibouti","subnatCode":0,"Incidence":{"countryName":"Djibouti","countryCode":262,"startYear":1970,"endYear":2020,"values":[0.0,0.0,0.0,0.0,0.0,0.0,0.0,0.0,0.0,0.0,0.0,0.0,0.0,0.0,0.0,0.0026,0.00275,0.00586,0.01206,0.02314,0.04234,0.07779,0.13158,0.21321,0.32826,0.47495,0.60414,0.7124,0.70372,0.559,0.43138,0.3026,0.23512,0.13232,0.10299,0.08656,0.07515,0.07109,0.06067,0.05436,0.04863,0.0433,0.03844,0.03364,0.02963,0.02586,0.0224,0.01947,0.0172,0.01536,0.01464]},"AdultARTMale":{"countryName":"Djibouti","countryCode":262,"startYear":2000,"endYear":2020,"values":[0.0,0.0,0.0,9.14205,4.63151,8.76222,14.56762,19.20046,23.2631,25.91791,18.43471,15.24148,19.74214,18.85265,20.6749,29.16819,34.48515,33.92152,35.36134,31.68219,35.01302]},"AdultARTFemale":{"countryName":"Djibouti","countryCode":262,"startYear":2000,"endYear":2020,"values":[0.0,0.0,0.0,8.81503,4.87143,9.23125,15.2685,19.84792,23.88099,26.43421,18.64028,15.31104,19.8274,18.64524,24.12442,27.58889,32.86434,41.29451,42.79727,27.73608,30.68047]},"MedianCD4AtInit":{"countryName":"Djibouti","countryCode":262,"startYear":2000,"endYear":2020,"values":[0.0,0.0,0.0,0.0,0.0,0.0,0.0,0.0,0.0,0.0,0.0,0.0,0.0,0.0,0.0,0.0,0.0,0.0,0.0,0.0,0.0]},"PercLostToFollowup":{"countryName":"Djibouti","countryCode":262,"startYear":2000,"endYear":2020,"values":[0.0,0.0,0.0,0.0,0.0,0.0,0.0,0.0,0.0,0.0,0.0,0.0,0.0,0.0,0.0,0.0,15.0,11.75,8.5,5.25,2.0]},"ChildART":{"countryName":"Djibouti","countryCode":262,"startYear":2000,"endYear":2020,"values":[0.0,0.0,0.0,0.0,4.75055,5.22408,11.4268,11.26673,7.46251,4.0467,5.94715,6.17441,6.04821,6.90784,8.67716,13.89993,16.44038,13.68145,11.52111,7.52407,8.80682]},"ChildCotrim":{"countryName":"Djibouti","countryCode":262,"startYear":2000,"endYear":2020,"values":[0.0,0.0,0.0,0.0,0.0,0.0,0.0,0.0,0.0,0.0,0.0,0.0,74.51985,49.53519,21.67,20.0,17.0,29.16667,41.33333,53.5,65.66667]},"PMTCTSingleDoseNevirapine":{"countryName":"Djibouti","countryCode":262,"startYear":2000,"endYear":2020,"values":[0.0,0.0,0.0,0.0,0.0,0.0,0.0,0.0,0.0,0.0,0.0,0.0,0.0,0.0,0.0,0.0,0.0,0.0,0.0,0.0,0.0]},"PMTCTDualARV":{"countryName":"Djibouti","countryCode":262,"startYear":2000,"endYear":2020,"values":[0.0,0.0,0.0,2.26352,2.90372,4.19593,9.70755,11.46518,9.99664,8.32021,11.10344,0.0,0.0,0.0,0.0,0.0,0.0,0.0,0.0,0.0,0.0]},"PMTCTOptA":{"countryName":"Djibouti","countryCode":262,"startYear":2000,"endYear":2020,"values":[0.0,0.0,0.0,0.0,0.0,0.0,0.0,0.0,0.0,0.0,0.0,0.0,0.0,0.0,0.0,0.0,0.0,0.0,0.0,0.0,0.0]},"PMTCTOptB":{"countryName":"Djibouti","countryCode":262,"startYear":2000,"endYear":2020,"values":[0.0,0.0,0.0,0.0,0.0,0.0,0.0,0.0,0.0,0.0,0.0,15.52795,15.73664,13.55524,0.0,0.0,0.0,0.0,0.0,0.0,0.0]},"PMTCTOptBPlusStartBefPreg":{"countryName":"Djibouti","countryCode":262,"startYear":2000,"endYear":2020,"values":[0.0,0.0,0.0,0.0,0.0,0.0,0.0,0.0,0.0,0.0,0.0,0.0,0.0,0.0,4.30232,8.06645,10.23978,16.08279,19.84337,18.42684,29.8319]},"PMTCTOptBPlusStartDurPregGT4Wks":{"countryName":"Djibouti","countryCode":262,"startYear":2000,"endYear":2020,"values":[0.0,0.0,0.0,0.0,0.0,0.0,0.0,0.0,0.0,0.0,0.0,0.0,0.0,0.0,25.33587,32.80358,39.75445,17.42302,24.98794,14.42101,13.16113]},"PMTCTOptBPlusStartDurPregLT4Wks":{"countryName":"Djibouti","countryCode":262,"startYear":2000,"endYear":2020,"values":[0.0,0.0,0.0,0.0,0.0,0.0,0.0,0.0,0.0,0.0,0.0,0.0,0.0,0.0,0.0,0.0,0.0,0.0,0.0,0.80117,0.87741]},"PMTCTPostnatalOptA":{"countryName":"Djibouti","countryCode":262,"startYear":2000,"endYear":2020,"values":[0.0,0.0,0.0,0.0,0.0,0.0,0.0,0.0,0.0,0.0,0.0,0.0,0.0,0.0,0.0,0.0,0.0,0.0,0.0,0.0,0.0]},"PMTCTPostnatalOptB":{"countryName":"Djibouti","countryCode":262,"startYear":2000,"endYear":2020,"values":[0.0,0.0,0.0,0.0,0.0,0.0,0.0,0.0,0.0,0.0,0.0,0.0,0.0,0.0,0.0,0.0,0.0,0.0,0.0,0.0,0.0]},"PercentHIVPopEligible":{"countryName":"Djibouti","countryCode":262,"TB\/HIV":5,"TB\/HIV Year":2015,"DC":41.5,"DC Year":2011,"FSW":1.6,"FSW Year":2015,"MSM":0.8,"MSM Year":2015,"IDU":0.09,"IDU Year":2015,"Other":10,"Other Year":2015},"AdultHIVPrev":{"countryName":"Djibouti","countryCode":262,"startYear":1970,"endYear":2020,"values":[0.0,0.0,0.0,0.0,0.0,0.0,0.0,0.0,0.0,0.0,0.0,0.0,0.0,0.0,0.0,0.00248,0.00496,0.0102,0.02097,0.04168,0.07991,0.15097,0.27157,0.46597,0.76073,1.17771,1.68871,2.26437,2.78734,3.13009,3.3155,3.3483,3.29324,3.13624,2.94747,2.74172,2.5219,2.31909,2.12803,1.95219,1.78913,1.63587,1.49752,1.37746,1.26597,1.16705,1.08268,1.0089,0.9409,0.87853,0.81791]},"SexRatio":{"countryName":"Djibouti","countryCode":262,"startYear":1970,"endYear":2020,"values":[0.24,0.24,0.24,0.24,0.24,0.24,0.24,0.24,0.24,0.24,0.24,0.24,0.34,0.44,0.53,0.62,0.7,0.79,0.86,0.93,1.0,1.06,1.11,1.16,1.21,1.25,1.28,1.31,1.296,1.282,1.268,1.254,1.24,1.23176,1.22353,1.21529,1.20706,1.19882,1.19059,1.18235,1.17412,1.16588,1.15765,1.14941,1.14118,1.13294,1.12471,1.11647,1.10824,1.1,1.09167]},"PercNotBFNotRecARVs":{"countryName":"Djibouti","countryCode":262,"<2":0,"2-3":0,"4-5":0,"6-7":0,"8-9":0,"10-11":0,"12-13":0,"14-15":0,"16-17":0,"18-19":0,"20-21":0,"22-23":0,"24-25":0,"26-27":0,"28-29":0,"30-31":0,"32-33":0,"34-35":0},"PercNotBFRecARVs":{"countryName":"Djibouti","countryCode":262,"<2":0,"2-3":0,"4-5":0,"6-7":0,"8-9":0,"10-11":0,"12-13":0,"14-15":0,"16-17":0,"18-19":0,"20-21":0,"22-23":0,"24-25":0,"26-27":0,"28-29":0,"30-31":0,"32-33":0,"34-35":0},"LocalAdjustmentFactor":{"countryName":"Djibouti","countryCode":262,"value":1}}