{"countryName":"Denmark","subnatCode":0,"Incidence":{"countryName":"Denmark","countryCode":208,"startYear":1970,"endYear":2022,"values":[0.0,2e-5,7e-5,0.00015,0.00025,0.00038,0.00052,0.00071,0.001,0.0014,0.00198,0.00276,0.00379,0.00508,0.00639,0.00768,0.00888,0.00996,0.01088,0.01162,0.01214,0.01245,0.01252,0.01235,0.01196,0.01133,0.01063,0.01,0.00945,0.00898,0.00857,0.00825,0.00798,0.00778,0.00763,0.00755,0.00753,0.00755,0.00764,0.00768,0.00766,0.00756,0.00739,0.00715,0.00684,0.00647,0.00604,0.00557,0.00505,0.00451,0.00394,0.00336,0.00278]},"AdultARTMale":{"countryName":"Denmark","countryCode":208,"startYear":2000,"endYear":2022,"values":[84.39073,80.50204,77.96378,76.93305,76.40167,74.7695,76.02717,75.70374,80.21504,83.77631,78.42331,81.45576,84.27136,76.45675,80.13442,75.87574,78.52371,81.27543,84.17722,81.28894,81.84868,82.296,88.05247]},"AdultARTFemale":{"countryName":"Denmark","countryCode":208,"startYear":2000,"endYear":2022,"values":[88.03852,84.48983,81.15919,79.48199,78.40639,76.28652,77.18279,76.58346,81.00246,84.59538,79.3682,82.73465,85.93946,74.49042,84.8852,81.49568,83.60597,84.57995,83.98175,81.29405,82.86258,90.26387,89.88799]},"MedianCD4AtInit":{"countryName":"Denmark","countryCode":208,"startYear":2000,"endYear":2022,"values":[189.33851,156.74756,135.24298,118.09896,103.11655,90.35864,83.67987,78.37299,82.9907,93.80375,115.02249,130.26859,143.95328,142.80963,166.5155,187.78023,200.04514,212.20569,228.6796,230.1303,120.79497,218.93176,192.28693]},"PercLostToFollowup":{"countryName":"Denmark","countryCode":208,"startYear":2000,"endYear":2022,"values":[0.0,0.0,0.0,0.0,0.0,0.0,0.0,0.0,0.0,0.0,0.0,0.0,0.0,0.0,0.0,0.0,0.0,0.0,0.0,0.0,0.0,0.0,0.0]},"ChildART":{"countryName":"Denmark","countryCode":208,"startYear":2000,"endYear":2022,"values":[0.0,100.0,100.0,100.0,100.0,100.0,100.0,100.0,100.0,100.0,100.0,100.0,100.0,100.0,100.0,100.0,100.0,100.0,100.0,100.0,100.0,100.0,100.0]},"ChildCotrim":{"countryName":"Denmark","countryCode":208,"startYear":2000,"endYear":2022,"values":[0.0,0.0,0.0,0.0,0.0,0.0,0.0,0.0,0.0,0.0,0.0,0.0,0.0,0.0,0.0,0.0,0.0,0.0,0.0,0.0,0.0,0.0,0.0]},"PMTCTSingleDoseNevirapine":{"countryName":"Denmark","countryCode":208,"startYear":2000,"endYear":2022,"values":[0.0,0.0,0.0,0.0,0.0,0.0,0.0,0.0,0.0,0.0,0.0,0.0,0.0,0.0,0.0,0.0,0.0,0.0,0.0,0.0,0.0,0.0,0.0]},"PMTCTDualARV":{"countryName":"Denmark","countryCode":208,"startYear":2000,"endYear":2022,"values":[0.0,0.0,0.0,0.0,0.0,0.0,0.0,0.0,0.0,0.0,0.0,0.0,0.0,0.0,0.0,0.0,0.0,0.0,0.0,0.0,0.0,0.0,0.0]},"PMTCTOptA":{"countryName":"Denmark","countryCode":208,"startYear":2000,"endYear":2022,"values":[0.0,0.0,0.0,0.0,0.0,0.0,0.0,0.0,0.0,0.0,0.0,0.0,0.0,0.0,0.0,0.0,0.0,0.0,0.0,0.0,0.0,0.0,0.0]},"PMTCTOptB":{"countryName":"Denmark","countryCode":208,"startYear":2000,"endYear":2022,"values":[0.0,0.0,0.0,0.0,0.0,0.0,0.0,0.0,0.0,0.0,0.0,0.0,0.0,0.0,0.0,0.0,0.0,0.0,0.0,0.0,0.0,0.0,0.0]},"PMTCTOptBPlusStartBefPreg":{"countryName":"Denmark","countryCode":208,"startYear":2000,"endYear":2022,"values":[99.0,99.0,99.0,99.0,99.0,99.0,99.0,99.0,99.0,99.0,99.0,99.0,99.0,99.0,99.0,99.0,99.0,99.0,99.0,99.0,99.0,99.0,99.0]},"PMTCTOptBPlusStartDurPregGT4Wks":{"countryName":"Denmark","countryCode":208,"startYear":2000,"endYear":2022,"values":[0.0,0.0,0.0,0.0,0.0,0.0,0.0,0.0,0.0,0.0,0.0,0.0,0.0,0.0,0.0,0.0,0.0,0.0,0.0,0.0,0.0,0.0,0.0]},"PMTCTOptBPlusStartDurPregLT4Wks":{"countryName":"Denmark","countryCode":208,"startYear":2000,"endYear":2022,"values":[0.0,0.0,0.0,0.0,0.0,0.0,0.0,0.0,0.0,0.0,0.0,0.0,0.0,0.0,0.0,0.0,0.0,0.0,0.0,0.0,0.0,0.0,0.0]},"PMTCTPostnatalOptA":{"countryName":"Denmark","countryCode":208,"startYear":2000,"endYear":2022,"values":[0.0,0.0,0.0,0.0,0.0,0.0,0.0,0.0,0.0,0.0,0.0,0.0,0.0,0.0,0.0,0.0,0.0,0.0,0.0,0.0,0.0,0.0,0.0]},"PMTCTPostnatalOptB":{"countryName":"Denmark","countryCode":208,"startYear":2000,"endYear":2022,"values":[0.0,0.0,0.0,0.0,0.0,0.0,0.0,0.0,0.0,0.0,0.0,0.0,0.0,0.0,0.0,0.0,0.0,0.0,0.0,0.0,0.0,0.0,0.0]},"PercentHIVPopEligible":{"countryName":"Denmark","countryCode":208,"TB\/HIV":5,"TB\/HIV Year":2009,"DC":40,"DC Year":2011,"FSW":2,"FSW Year":2015,"MSM":5,"MSM Year":2015,"IDU":0.5,"IDU Year":2015,"Other":10,"Other Year":2015},"AdultHIVPrev":{"countryName":"Denmark","countryCode":208,"startYear":1970,"endYear":2022,"values":[0.0,2e-5,9e-5,0.00023,0.00047,0.00083,0.0013,0.00194,0.00282,0.00406,0.00579,0.0082,0.01149,0.01587,0.02128,0.02763,0.03478,0.0425,0.05062,0.05887,0.06695,0.07477,0.08202,0.08833,0.0936,0.0976,0.10036,0.10649,0.11299,0.11862,0.12329,0.12704,0.12995,0.13198,0.13321,0.13366,0.1335,0.13283,0.13212,0.13145,0.13062,0.12961,0.12826,0.12658,0.12449,0.12201,0.11941,0.11643,0.11295,0.10902,0.10456,0.09978,0.09466]},"SexRatio":{"countryName":"Denmark","countryCode":208,"startYear":1970,"endYear":2022,"values":[0.2,0.2,0.2,0.2,0.2,0.2,0.2,0.2,0.2,0.2,0.2,0.2,0.2,0.22,0.23,0.25,0.27,0.28,0.3,0.31,0.33,0.35,0.36,0.37,0.37,0.38,0.38,0.38,0.38,0.38,0.37,0.36,0.36,0.35,0.34,0.33,0.32,0.31,0.3,0.29,0.29,0.29,0.29,0.29,0.29,0.29,0.29,0.3,0.3,0.3,0.31,0.31,0.32]},"PercNotBFNotRecARVs":{"countryName":"Denmark","countryCode":208,"<2":100,"2-3":100,"4-5":100,"6-7":100,"8-9":100,"10-11":100,"12-13":100,"14-15":100,"16-17":100,"18-19":100,"20-21":100,"22-23":100,"24-25":100,"26-27":100,"28-29":100,"30-31":100,"32-33":100,"34-35":100},"PercNotBFRecARVs":{"countryName":"Denmark","countryCode":208,"<2":100,"2-3":100,"4-5":100,"6-7":100,"8-9":100,"10-11":100,"12-13":100,"14-15":100,"16-17":100,"18-19":100,"20-21":100,"22-23":100,"24-25":100,"26-27":100,"28-29":100,"30-31":100,"32-33":100,"34-35":100},"LocalAdjustmentFactor":{"countryName":"Denmark","countryCode":208,"value":1},"NewARTPatAllocation":{"countryName":"Denmark","countryCode":208,"NewARTPatAllocationMethod":3,"ExpectedMortality":0.7,"ProportionEligible":0.3,"NotDefault":1}}