{"countryCode":208,"subnatCode":0,"Incidence":{"countryName":"Denmark","countryCode":208,"startYear":1970,"endYear":2023,"values":[0.0,1.99540820665251e-5,5.98655240595094e-5,0.00010973668890314,0.000139597384217638,0.000139507815561556,0.000149382884527075,0.000199072490255598,0.000348270444946167,0.000636789960307465,0.00117426177990464,0.00206167292309902,0.00344607373393385,0.0050896208304955,0.00679304878872807,0.00844687579626231,0.0099773785095181,0.0112827405070105,0.0123287832617362,0.0130646152061118,0.0134490162479829,0.0134813390241182,0.0131456962916028,0.0124498803161724,0.0115563203414819,0.0107399366001591,0.0100152646276011,0.00937505417671211,0.0088146371549602,0.00831957627272869,0.00789293733622052,0.00752687942959973,0.00723224189944349,0.00698624260564311,0.00680187238322374,0.00666868949127019,0.00659743908755879,0.00656344308992758,0.00658344637795388,0.0066318152113625,0.00660293756804313,0.00649689425186136,0.0063183427688514,0.00605059027864554,0.00572068112080072,0.00531949117513567,0.00486712094785834,0.00437849243397265,0.00383849244286539,0.00328868815817694,0.00271917775645433,0.00215786486758567,0.00162891603127632,0.00113858115368499]},"AdultARTMale":{"countryName":"Denmark","countryCode":208,"startYear":2000,"endYear":2023,"values":[83.4989587261976,80.1976419519302,78.2552239461102,77.8637561870539,77.985061245579,76.9327953453149,78.7942106219893,78.9433727914558,84.1074406487938,88.2454872587132,82.7362832706197,86.3508905351453,89.7852283292574,82.2457888994936,86.5994573372358,80.6785294043799,81.8791512899813,83.2919681653748,84.9629184013374,86.884548321323,89.0617629027229,91.5192272733512,92.739653558513,94.8069977958351]},"AdultARTFemale":{"countryName":"Denmark","countryCode":208,"startYear":2000,"endYear":2023,"values":[87.1313714003125,84.1780761696027,81.4062862523668,80.2872227125208,79.7842692168644,78.2045655370522,79.6874114010156,79.5675650485556,84.6292788117818,88.7816117687665,83.2920059892464,87.2160650778014,91.0203307987758,79.5888632936754,91.065192812658,84.6729477740223,85.126215437465,85.7670962186938,86.6453270693859,87.7405579233927,89.0748170216896,90.6975894167151,88.6402434269936,90.4038394225117]},"PercLostToFollowup":{"countryName":"Denmark","countryCode":208,"startYear":2000,"endYear":2023,"values":[1.6,1.6,1.6,1.6,1.6,1.6,1.6,1.6,1.6,1.6,1.6,1.6,1.6,1.6,1.6,1.6,1.6,1.6,1.6,1.6,1.6,1.6,1.6,1.6]},"ChildART":{"countryName":"Denmark","countryCode":208,"startYear":2000,"endYear":2023,"values":[0.0,100.0,100.0,100.0,100.0,100.0,100.0,100.0,100.0,100.0,100.0,100.0,100.0,100.0,100.0,100.0,100.0,100.0,100.0,100.0,100.0,100.0,100.0,100.0]},"ChildCotrim":{"countryName":"Denmark","countryCode":208,"startYear":2000,"endYear":2023,"values":[0.0,0.0,0.0,0.0,0.0,0.0,0.0,0.0,0.0,0.0,0.0,0.0,0.0,0.0,0.0,0.0,0.0,0.0,0.0,0.0,0.0,0.0,0.0,0.0]},"PMTCTSingleDoseNevirapine":{"countryName":"Denmark","countryCode":208,"startYear":2000,"endYear":2023,"values":[0.0,0.0,0.0,0.0,0.0,0.0,0.0,0.0,0.0,0.0,0.0,0.0,0.0,0.0,0.0,0.0,0.0,0.0,0.0,0.0,0.0,0.0,0.0,0.0]},"PMTCTDualARV":{"countryName":"Denmark","countryCode":208,"startYear":2000,"endYear":2023,"values":[0.0,0.0,0.0,0.0,0.0,0.0,0.0,0.0,0.0,0.0,0.0,0.0,0.0,0.0,0.0,0.0,0.0,0.0,0.0,0.0,0.0,0.0,0.0,0.0]},"PMTCTOptA":{"countryName":"Denmark","countryCode":208,"startYear":2000,"endYear":2023,"values":[0.0,0.0,0.0,0.0,0.0,0.0,0.0,0.0,0.0,0.0,0.0,0.0,0.0,0.0,0.0,0.0,0.0,0.0,0.0,0.0,0.0,0.0,0.0,0.0]},"PMTCTOptB":{"countryName":"Denmark","countryCode":208,"startYear":2000,"endYear":2023,"values":[0.0,0.0,0.0,0.0,0.0,0.0,0.0,0.0,0.0,0.0,0.0,0.0,0.0,0.0,0.0,0.0,0.0,0.0,0.0,0.0,0.0,0.0,0.0,0.0]},"PMTCTOptBPlusStartBefPreg":{"countryName":"Denmark","countryCode":208,"startYear":2000,"endYear":2023,"values":[100.0,100.0,100.0,100.0,100.0,100.0,100.0,100.0,100.0,100.0,100.0,100.0,100.0,100.0,100.0,100.0,100.0,100.0,100.0,100.0,100.0,100.0,100.0,100.0]},"PMTCTOptBPlusStartDurPregGT4Wks":{"countryName":"Denmark","countryCode":208,"startYear":2000,"endYear":2023,"values":[0.0,0.0,0.0,0.0,0.0,0.0,0.0,0.0,0.0,0.0,0.0,0.0,0.0,0.0,0.0,0.0,0.0,0.0,0.0,0.0,0.0,0.0,0.0,0.0]},"PMTCTOptBPlusStartDurPregLT4Wks":{"countryName":"Denmark","countryCode":208,"startYear":2000,"endYear":2023,"values":[0.0,0.0,0.0,0.0,0.0,0.0,0.0,0.0,0.0,0.0,0.0,0.0,0.0,0.0,0.0,0.0,0.0,0.0,0.0,0.0,0.0,0.0,0.0,0.0]},"AdultHIVPrev":{"countryName":"Denmark","countryCode":208,"startYear":1970,"endYear":2023,"values":[0.0,1.98450569112313e-5,7.86978343384528e-5,0.000184882530890024,0.000316061207879925,0.000440217983404627,0.000565906201231139,0.000731199413506513,0.0010320988330542,0.00160020274843753,0.00266987450638051,0.00456924315747083,0.00774703895997951,0.0123950291499256,0.0184887563734772,0.0258819059289215,0.034379747243533,0.043621923900939,0.0533123286152823,0.0630321231247022,0.0723402013926406,0.0810122428094527,0.0885951613190053,0.0946288767970081,0.0990289475120207,0.101933224046726,0.103554121048332,0.108294798302816,0.113968287344787,0.11877261251646,0.122584222923951,0.125406296471332,0.127293332031702,0.128214873117766,0.128306009803547,0.12764306696927,0.126451296846187,0.124851425943156,0.123251577592034,0.121815671988628,0.120283747312579,0.11856973925858,0.116556915183616,0.114242316668661,0.111548428398308,0.108475180248815,0.105250184268698,0.101629286470751,0.0975278278766522,0.0930067284212159,0.0881004246360889,0.0829909056988866,0.082271585839717,0.0801484837501285]},"SexRatio":{"countryName":"Denmark","countryCode":208,"startYear":1970,"endYear":2023,"values":[0.2,0.2,0.2,0.2,0.2,0.2,0.2,0.2,0.2,0.2,0.2,0.2,0.2,0.21667,0.23333,0.25,0.26667,0.28333,0.3,0.31,0.33333,0.35,0.36,0.37,0.37,0.38,0.38,0.38,0.38,0.38,0.37,0.36,0.36,0.35,0.34,0.33,0.32,0.31,0.3,0.29,0.29,0.29,0.29,0.29,0.29,0.29,0.29,0.29,0.29,0.29,0.29,0.27,0.23,0.21]},"PercNotBFNotRecARVs":{"countryName":"Denmark","countryCode":208,"<2":100.0,"2-3":100.0,"4-5":100.0,"6-7":100.0,"8-9":100.0,"10-11":100.0,"12-13":100.0,"14-15":100.0,"16-17":100.0,"18-19":100.0,"20-21":100.0,"22-23":100.0,"24-25":100.0,"26-27":100.0,"28-29":100.0,"30-31":100.0,"32-33":100.0,"34-35":100.0},"PercNotBFRecARVs":{"countryName":"Denmark","countryCode":208,"<2":100.0,"2-3":100.0,"4-5":100.0,"6-7":100.0,"8-9":100.0,"10-11":100.0,"12-13":100.0,"14-15":100.0,"16-17":100.0,"18-19":100.0,"20-21":100.0,"22-23":100.0,"24-25":100.0,"26-27":100.0,"28-29":100.0,"30-31":100.0,"32-33":100.0,"34-35":100.0},"LocalAdjustmentFactor":{"countryName":"Denmark","countryCode":208,"value":1.0},"NewARTPatAllocation":{"countryName":"Denmark","countryCode":208,"NewARTPatAllocationMethod":3.0,"ExpectedMortality":0.2,"ProportionEligible":0.8}}