{"countryCode":12,"subnatCode":0,"Incidence":{"countryName":"Algeria","countryCode":12,"startYear":1970,"endYear":2022,"values":[0.0,0.0,0.0,0.0,0.0,0.0,1e-5,1e-5,3e-5,5e-5,8e-5,0.00013,0.00021,0.00029,0.00039,0.00051,0.00063,0.00073,0.00084,0.00095,0.00105,0.00117,0.00128,0.00141,0.00154,0.00169,0.00183,0.00199,0.00216,0.00229,0.00249,0.00274,0.00299,0.00327,0.00358,0.0039,0.00425,0.00457,0.00502,0.00552,0.00593,0.00626,0.00676,0.00721,0.00749,0.00766,0.00767,0.00762,0.00771,0.00775,0.00784,0.00813,0.00832]},"AdultARTMale":{"countryName":"Algeria","countryCode":12,"startYear":2000,"endYear":2022,"values":[23.41417,28.79386,30.53672,33.61738,40.28317,43.34273,58.14321,49.82516,47.59808,31.7213,32.58716,34.08779,39.15339,36.12932,41.91869,50.79754,48.67161,52.75144,57.08095,60.63499,61.80728,64.94357,62.67037]},"AdultARTFemale":{"countryName":"Algeria","countryCode":12,"startYear":2000,"endYear":2022,"values":[13.75475,15.44036,16.4495,15.7196,15.02261,19.86085,23.03345,27.84635,27.04734,34.68065,37.67825,38.2291,41.04761,42.91422,50.57577,56.42196,53.80155,56.75196,60.29734,62.26602,62.10258,63.74488,60.04679]},"MedianCD4AtInit":{"countryName":"Algeria","countryCode":12,"startYear":2000,"endYear":2022,"values":[144.16722,142.10719,142.20919,141.71877,142.15855,141.90529,145.96566,143.90294,142.54127,192.49893,227.63967,228.53996,225.619,272.66093,276.51677,278.24583,342.59825,344.7863,339.07348,334.62361,330.08683,325.05256,327.1137]},"PercLostToFollowup":{"countryName":"Algeria","countryCode":12,"startYear":2000,"endYear":2022,"values":[0.0,0.0,0.0,0.0,0.0,0.0,0.0,0.0,0.0,0.0,0.0,0.0,0.0,0.0,0.0,0.0,0.0,0.0,0.0,0.0,0.0,0.0,0.0]},"ChildART":{"countryName":"Algeria","countryCode":12,"startYear":2000,"endYear":2022,"values":[0.0,0.0,0.0,0.0,0.0,0.0,0.0,55.66919,65.42149,77.94322,57.16659,88.87903,93.59964,99.0,99.0,99.0,94.43676,88.26717,81.89368,87.39754,88.3556,90.91155,83.14466]},"ChildCotrim":{"countryName":"Algeria","countryCode":12,"startYear":2000,"endYear":2022,"values":[0.0,0.0,0.0,0.0,0.0,0.0,0.0,0.0,0.0,0.0,0.0,0.0,1.11665,17.38543,6.0806,9.27505,12.19359,14.90303,16.71156,17.4439,19.46389,19.30094,19.00155]},"PMTCTSingleDoseNevirapine":{"countryName":"Algeria","countryCode":12,"startYear":2000,"endYear":2022,"values":[0.0,0.0,0.0,0.0,0.0,0.0,0.0,0.0,0.0,0.0,0.0,0.0,0.0,0.0,0.0,0.0,0.0,0.0,0.0,0.0,0.0,0.0,0.0]},"PMTCTDualARV":{"countryName":"Algeria","countryCode":12,"startYear":2000,"endYear":2022,"values":[0.0,0.0,0.0,0.0,0.0,0.0,0.0,0.0,0.0,0.0,0.0,0.0,0.0,0.0,0.0,0.0,0.0,0.0,0.0,0.0,0.0,0.0,0.0]},"PMTCTOptA":{"countryName":"Algeria","countryCode":12,"startYear":2000,"endYear":2022,"values":[0.0,0.0,0.0,0.0,0.0,0.0,0.0,0.0,0.0,0.0,0.0,0.0,0.0,0.0,0.0,0.0,0.0,0.0,0.0,0.0,0.0,0.0,0.0]},"PMTCTOptB":{"countryName":"Algeria","countryCode":12,"startYear":2000,"endYear":2022,"values":[0.0,0.0,0.0,0.0,0.0,0.0,0.0,0.0,0.0,0.0,0.0,0.0,0.0,0.0,0.0,0.0,0.0,0.0,0.0,0.0,0.0,0.0,0.0]},"PMTCTOptBPlusStartBefPreg":{"countryName":"Algeria","countryCode":12,"startYear":2000,"endYear":2022,"values":[0.0,0.0,0.0,0.0,0.0,0.0,0.0,0.0,26.6,22.9,16.2,15.1,12.5,22.4,14.8,11.0,13.2,10.4,10.1,30.9,24.9,17.0,18.9]},"PMTCTOptBPlusStartDurPregGT4Wks":{"countryName":"Algeria","countryCode":12,"startYear":2000,"endYear":2022,"values":[0.0,0.0,0.0,0.0,0.0,0.0,0.0,0.0,0.0,0.0,21.2,19.5,16.1,19.9,5.9,7.4,17.6,26.2,32.4,14.5,6.6,5.8,6.6]},"PMTCTOptBPlusStartDurPregLT4Wks":{"countryName":"Algeria","countryCode":12,"startYear":2000,"endYear":2022,"values":[0.0,0.0,0.0,0.0,0.0,0.0,0.0,0.0,0.0,0.0,0.0,0.0,0.0,0.0,0.0,0.0,0.0,0.0,0.0,0.0,0.0,0.0,0.0]},"PMTCTPostnatalOptA":{"countryName":"Algeria","countryCode":12,"startYear":2000,"endYear":2022,"values":[0.0,0.0,0.0,0.0,0.0,0.0,0.0,0.0,0.0,0.0,0.0,0.0,0.0,0.0,0.0,0.0,0.0,0.0,0.0,0.0,0.0,0.0,0.0]},"PMTCTPostnatalOptB":{"countryName":"Algeria","countryCode":12,"startYear":2000,"endYear":2022,"values":[0.0,0.0,0.0,0.0,0.0,0.0,0.0,0.0,0.0,0.0,0.0,0.0,0.0,0.0,0.0,0.0,0.0,0.0,0.0,0.0,0.0,0.0,0.0]},"PercentHIVPopEligible":{"countryName":"Algeria","countryCode":12,"TB\/HIV":9.8,"TB\/HIV Year":2010,"DC":4.3,"DC Year":2010,"FSW":0,"FSW Year":2015,"MSM":0,"MSM Year":2015,"IDU":0,"IDU Year":2015,"Other":5.5,"Other Year":2010},"AdultHIVPrev":{"countryName":"Algeria","countryCode":12,"startYear":1970,"endYear":2022,"values":[0.0,0.0,0.0,0.0,0.0,0.0,1e-5,2e-5,5e-5,9e-5,0.00016,0.00027,0.00046,0.00071,0.00104,0.00147,0.00197,0.00253,0.00315,0.00383,0.00454,0.0053,0.00611,0.00696,0.00785,0.0088,0.00971,0.01069,0.01188,0.01318,0.01458,0.0161,0.01777,0.01961,0.02165,0.02392,0.02648,0.02926,0.0323,0.03568,0.03944,0.04346,0.04782,0.05252,0.05738,0.06227,0.06705,0.07159,0.07593,0.08001,0.08387,0.08762,0.09118]},"SexRatio":{"countryName":"Algeria","countryCode":12,"startYear":1970,"endYear":2022,"values":[0.8,0.8,0.8,0.8,0.8,0.8,0.8,0.8,0.8,0.8,0.8,0.81,0.81,0.82,0.82,0.82,0.83,0.83,0.84,0.84,0.84,0.85,0.85,0.85,0.86,0.86,0.87,0.87,0.87,0.88,0.88,0.89,0.89,0.89,0.9,0.9,0.9,0.91,0.91,0.92,0.92,0.92,0.93,0.93,0.93,0.94,0.94,0.95,0.95,0.95,0.95,0.95,0.95]},"PercNotBFNotRecARVs":{"countryName":"Algeria","countryCode":12,"<2":19.6,"2-3":25.25,"4-5":30.9,"6-7":36.55,"8-9":42.2,"10-11":47.85,"12-13":53.5,"14-15":53.5,"16-17":61.6,"18-19":69.7,"20-21":77.8,"22-23":77.8,"24-25":81.5,"26-27":85.2,"28-29":88.9,"30-31":92.6,"32-33":96.3,"34-35":100},"PercNotBFRecARVs":{"countryName":"Algeria","countryCode":12,"<2":100,"2-3":100,"4-5":100,"6-7":100,"8-9":100,"10-11":100,"12-13":100,"14-15":100,"16-17":100,"18-19":100,"20-21":100,"22-23":100,"24-25":100,"26-27":100,"28-29":100,"30-31":100,"32-33":100,"34-35":100},"LocalAdjustmentFactor":{"countryName":"Algeria","countryCode":12,"value":1.4},"NewARTPatAllocation":{"countryName":"Algeria","countryCode":12,"NewARTPatAllocationMethod":3,"ExpectedMortality":0.2,"ProportionEligible":0.8,"NotDefault":0}}