{"countryCode":218,"subnatCode":0,"Incidence":{"countryName":"Ecuador","countryCode":218,"startYear":1970,"endYear":2023,"values":[0.0,0.0,0.0,0.0,0.0,0.00260384389727355,0.000750409382439294,0.00100464941507189,0.00116879694479526,0.00144075017879331,0.00167914387791314,0.00209977139587569,0.00243692323340889,0.00291989388966865,0.00354226843197837,0.0104834950520412,0.00714989636315555,0.00953497352695331,0.0118735912569295,0.0150441662617113,0.0203215148106901,0.0264147344877873,0.0375713980052717,0.0433691187863206,0.0424511326824632,0.0382296454900146,0.0337865421916283,0.0351329160373549,0.0335874495552108,0.0353355880664868,0.0352412141695734,0.0335925746926603,0.0327012009956152,0.0321713400987832,0.0313784975619434,0.0303739091694554,0.0303073072708191,0.0301153176094802,0.0288503123393002,0.0278871251602243,0.0283699037538442,0.0276925310954769,0.026920365819898,0.0266271184308999,0.0260869634752983,0.0257649399704677,0.0240459977983019,0.0229498210170851,0.0219644533698392,0.0219876872448908,0.020718053943597,0.0215087389052512,0.0217071706563278,0.0210027307762369]},"AdultARTMale":{"countryName":"Ecuador","countryCode":218,"startYear":2000,"endYear":2023,"values":[5.23382078911824,5.13040049662452,5.04954257502196,5.02440873162309,9.7596215728141,14.025839213648,17.8089207179955,26.5054031891617,36.1962374561888,45.6905194737109,41.4021629214365,49.3272485220384,46.0754947271069,35.1643448661334,37.7405938285188,45.8575177404473,57.0820645070454,64.1485742600663,71.7279060793547,71.0588039128095,74.4796478147322,73.3567920393373,81.0935466577055,84.486523407985]},"AdultARTFemale":{"countryName":"Ecuador","countryCode":218,"startYear":2000,"endYear":2023,"values":[6.57428319101321,6.31479173658983,6.16855154937262,6.02466284588906,10.5953684155838,14.0406814030813,16.7090119366027,23.5942733121062,30.966636437093,38.0618593094263,32.304877208387,38.0364094744293,42.9344742218911,45.4434426040598,52.827179166497,58.7296168212638,55.5504152804067,62.5807527968432,68.4109118925258,67.4410638656078,73.2473982475757,71.2632722509869,71.565751024813,75.6981488012328]},"PercLostToFollowup":{"countryName":"Ecuador","countryCode":218,"startYear":2000,"endYear":2023,"values":[5.0,5.0,5.0,5.0,5.0,5.0,5.0,5.0,5.0,5.0,5.0,5.0,5.0,5.0,5.0,5.0,5.0,5.0,5.0,5.0,5.0,5.0,5.0,5.0]},"ChildART":{"countryName":"Ecuador","countryCode":218,"startYear":2000,"endYear":2023,"values":[0.0,0.0,0.0,0.0,0.0,0.0,31.3158959848152,34.0393823275573,54.7520136370577,44.7569200521204,54.6271167245255,40.9246327896317,40.9786277263885,46.171921226946,50.6725150410848,57.8805891733494,65.4047472207726,51.0605392536375,48.6939565300499,53.1889572522647,50.6206748353417,61.3941277452698,65.1277731467878,35.0236631101978]},"ChildCotrim":{"countryName":"Ecuador","countryCode":218,"startYear":2000,"endYear":2023,"values":[0.0,0.0,0.0,0.0,0.0,0.0,0.0,0.0,0.0,0.0,0.0,0.0,0.0,17.1297808499225,19.2412235129869,16.1416938026833,13.1232882310914,8.60968897498578,13.8727459357144,27.3900353202959,3.54101698761778,82.5,95.0,100.0]},"PMTCTSingleDoseNevirapine":{"countryName":"Ecuador","countryCode":218,"startYear":2000,"endYear":2023,"values":[0.0,0.0,0.0,0.0,0.0,0.0,0.0,0.0,0.0,0.0,0.0,0.0,0.0,0.0,0.0,0.0,0.0,0.0,0.0,0.0,0.0,0.0,0.0,0.0]},"PMTCTDualARV":{"countryName":"Ecuador","countryCode":218,"startYear":2000,"endYear":2023,"values":[0.0,0.0,0.0,0.0,0.0,0.0,0.0,0.0,0.0,0.0,0.0,0.0,0.0,0.0,0.0,0.0,0.0,0.0,0.0,0.0,0.0,0.0,0.0,0.0]},"PMTCTOptA":{"countryName":"Ecuador","countryCode":218,"startYear":2000,"endYear":2023,"values":[0.0,0.0,0.0,0.0,0.0,0.0,0.0,0.0,0.0,0.0,0.0,0.0,0.0,0.0,0.0,0.0,0.0,0.0,0.0,0.0,0.0,0.0,0.0,0.0]},"PMTCTOptB":{"countryName":"Ecuador","countryCode":218,"startYear":2000,"endYear":2023,"values":[0.0,0.0,0.0,0.0,0.0,0.0,0.0,0.0,0.0,37.4776180223349,36.2928678510667,38.5725074787725,42.103335191659,45.4364231795253,45.6538031620772,47.3347958934939,48.8729241718413,50.1273381410305,0.0,0.0,0.0,0.0,0.0,0.0]},"PMTCTOptBPlusStartBefPreg":{"countryName":"Ecuador","countryCode":218,"startYear":2000,"endYear":2023,"values":[0.0,0.0,0.0,0.0,0.0,0.0,0.0,0.0,0.0,0.0,0.0,0.0,0.0,0.0,0.0,0.0,0.0,0.0,20.4594849587712,18.8650984766284,29.0375512947345,19.9000867060045,18.1029878981526,33.3524740958671]},"PMTCTOptBPlusStartDurPregGT4Wks":{"countryName":"Ecuador","countryCode":218,"startYear":2000,"endYear":2023,"values":[0.0,0.0,0.0,0.0,0.0,0.0,0.0,0.0,0.0,0.0,0.0,0.0,0.0,0.0,0.0,0.0,0.0,0.0,27.0009529387865,27.5511869838529,42.3575289528695,32.5034749531406,30.2559496268389,7.07072450832383]},"PMTCTOptBPlusStartDurPregLT4Wks":{"countryName":"Ecuador","countryCode":218,"startYear":2000,"endYear":2023,"values":[0.0,0.0,0.0,0.0,0.0,0.0,0.0,0.0,0.0,0.0,0.0,0.0,0.0,0.0,0.0,0.0,0.0,0.0,2.92278356553875,3.52872345605998,5.46119083983538,7.2966984588683,25.1578287702268,44.0252658065446]},"AdultHIVPrev":{"countryName":"Ecuador","countryCode":218,"startYear":1970,"endYear":2023,"values":[0.0,0.0,0.0,0.0,0.0,0.00255166328453251,0.00316065453717998,0.00397087117650265,0.00487925505806915,0.00598086150342447,0.00722764714018059,0.00876954535834605,0.0105303705892257,0.0126384343438717,0.0152093691975103,0.0244175195234543,0.0298180026443549,0.0371762802601813,0.0463292457159892,0.0579749039304559,0.07401402169314,0.0949767232103274,0.125469539879519,0.159722342495107,0.190845020752183,0.21609555308249,0.235352254880753,0.25382136270535,0.268661023749245,0.283276562843461,0.296040656592274,0.30545168313275,0.312575204104705,0.317976993772201,0.322430568382695,0.326565716731025,0.330977559624812,0.336334301456868,0.342440540432554,0.34945489357862,0.358089910891581,0.366532612724497,0.373917873008282,0.379803495970174,0.384772126797988,0.390226610832603,0.395409367484774,0.40035979445475,0.405087231750369,0.410278757374265,0.414258202539657,0.418812552246246,0.423080256693983,0.425960524795583]},"SexRatio":{"countryName":"Ecuador","countryCode":218,"startYear":1970,"endYear":2023,"values":[0.0,0.82969,0.81472,0.91794,2.18625,0.02033,0.03573,0.03962,0.04299,0.04636,0.04897,0.0538,0.05755,0.06065,0.06195,1.56231,0.46288,0.45772,0.42582,0.38087,0.33621,0.33415,0.34942,0.38071,0.41249,0.4344,0.45306,0.46317,0.47701,0.48108,0.48636,0.48623,0.4833,0.48106,0.47758,0.47707,0.4799,0.48455,0.48785,0.49155,0.49866,0.50493,0.51196,0.51525,0.51503,0.51229,0.50611,0.5016,0.49356,0.48082,0.46903,0.4775,0.48267,0.4774]},"PercNotBFNotRecARVs":{"countryName":"Ecuador","countryCode":218,"<2":1.7,"2-3":10.4,"4-5":10.2,"6-7":12.7,"8-9":20.1,"10-11":22.7,"12-13":36.2,"14-15":47.2,"16-17":59.2,"18-19":68.9,"20-21":72.1,"22-23":85.2,"24-25":92.6,"26-27":93.9,"28-29":90.8,"30-31":91.7,"32-33":95.6,"34-35":97.8},"PercNotBFRecARVs":{"countryName":"Ecuador","countryCode":218,"<2":98.0,"2-3":98.0,"4-5":98.0,"6-7":100.0,"8-9":100.0,"10-11":100.0,"12-13":100.0,"14-15":100.0,"16-17":100.0,"18-19":100.0,"20-21":100.0,"22-23":100.0,"24-25":100.0,"26-27":100.0,"28-29":100.0,"30-31":100.0,"32-33":100.0,"34-35":100.0},"LocalAdjustmentFactor":{"countryName":"Ecuador","countryCode":218,"value":1.29918},"NewARTPatAllocation":{"countryName":"Ecuador","countryCode":218,"NewARTPatAllocationMethod":3.0,"ExpectedMortality":0.2,"ProportionEligible":0.8}}