{"countryName":"Ecuador","subnatCode":0,"Incidence":{"countryName":"Ecuador","countryCode":218,"startYear":1970,"endYear":2020,"values":[0.0,0.0,0.0,0.0,0.0,0.0,5e-5,8e-5,0.00017,0.0004,0.0006,0.0008,0.00103,0.00131,0.00167,0.0024,0.00347,0.00544,0.00937,0.01681,0.02021,0.02346,0.02581,0.02873,0.03066,0.03254,0.03378,0.03462,0.0352,0.03595,0.0364,0.03678,0.03739,0.03788,0.03827,0.03608,0.02977,0.03,0.0285,0.02835,0.02865,0.02775,0.02713,0.02699,0.02677,0.02607,0.02507,0.02399,0.02295,0.02166,0.02009]},"AdultARTMale":{"countryName":"Ecuador","countryCode":218,"startYear":2000,"endYear":2020,"values":[5.55287,5.3381,5.15236,5.0269,9.6128,13.5437,16.93067,25.0315,34.04072,42.82886,38.67028,46.07659,42.79463,29.59742,35.51793,43.40516,54.05219,60.64886,68.23875,68.87414,72.59405]},"AdultARTFemale":{"countryName":"Ecuador","countryCode":218,"startYear":2000,"endYear":2020,"values":[9.40606,8.81342,8.4099,8.02536,13.83629,17.81767,20.66015,28.65452,36.95659,44.64724,37.66151,43.80165,48.79409,52.08551,60.03868,66.13678,61.66877,68.76538,75.26388,74.72185,81.05156]},"MedianCD4AtInit":{"countryName":"Ecuador","countryCode":218,"startYear":2000,"endYear":2020,"values":[0.0,0.0,0.0,0.0,0.0,0.0,0.0,0.0,0.0,0.0,0.0,0.0,0.0,0.0,0.0,0.0,0.0,0.0,0.0,0.0,0.0]},"PercLostToFollowup":{"countryName":"Ecuador","countryCode":218,"startYear":2000,"endYear":2020,"values":[0.0,0.0,0.0,0.0,0.0,0.0,0.0,0.0,0.0,0.0,0.0,0.0,0.0,0.0,0.0,0.0,0.0,0.0,0.0,0.0,0.0]},"ChildART":{"countryName":"Ecuador","countryCode":218,"startYear":2000,"endYear":2020,"values":[0.0,0.0,0.0,0.0,0.0,0.0,36.57844,40.0602,62.50114,49.35816,59.32709,44.60361,45.0992,50.73034,55.27013,62.51464,60.99456,57.30201,55.11835,59.56677,92.03719]},"ChildCotrim":{"countryName":"Ecuador","countryCode":218,"startYear":2000,"endYear":2020,"values":[0.0,0.0,0.0,0.0,0.0,0.0,0.0,0.0,0.0,0.0,0.0,0.0,0.0,20.08791,21.91326,17.80908,13.46067,9.68191,15.40177,30.68744,4.05282]},"PMTCTSingleDoseNevirapine":{"countryName":"Ecuador","countryCode":218,"startYear":2000,"endYear":2020,"values":[0.0,0.0,0.0,0.0,0.0,0.0,0.0,0.0,0.0,0.0,0.0,0.0,0.0,0.0,0.0,0.0,0.0,0.0,0.0,0.0,0.0]},"PMTCTDualARV":{"countryName":"Ecuador","countryCode":218,"startYear":2000,"endYear":2020,"values":[0.0,0.0,0.0,0.0,0.0,0.0,0.0,0.0,0.0,0.0,0.0,0.0,0.0,0.0,0.0,0.0,0.0,0.0,0.0,0.0,0.0]},"PMTCTOptA":{"countryName":"Ecuador","countryCode":218,"startYear":2000,"endYear":2020,"values":[0.0,0.0,0.0,0.0,0.0,0.0,0.0,0.0,0.0,0.0,0.0,0.0,0.0,0.0,0.0,0.0,0.0,0.0,0.0,0.0,0.0]},"PMTCTOptB":{"countryName":"Ecuador","countryCode":218,"startYear":2000,"endYear":2020,"values":[0.0,0.0,0.0,0.0,0.0,0.0,0.0,0.0,43.90417,42.97166,45.919,48.9838,51.74432,51.40054,51.83299,51.4479,51.45302,0.0,0.0,0.0,0.0]},"PMTCTOptBPlusStartBefPreg":{"countryName":"Ecuador","countryCode":218,"startYear":2000,"endYear":2020,"values":[0.0,0.0,0.0,0.0,0.0,0.0,0.0,0.0,0.0,0.0,0.0,0.0,0.0,0.0,0.0,0.0,0.0,20.91276,19.59575,30.09373,20.23322]},"PMTCTOptBPlusStartDurPregGT4Wks":{"countryName":"Ecuador","countryCode":218,"startYear":2000,"endYear":2020,"values":[0.0,0.0,0.0,0.0,0.0,0.0,0.0,0.0,0.0,0.0,0.0,0.0,0.0,0.0,0.0,0.0,0.0,27.59916,28.61825,43.8982,33.0476]},"PMTCTOptBPlusStartDurPregLT4Wks":{"countryName":"Ecuador","countryCode":218,"startYear":2000,"endYear":2020,"values":[0.0,0.0,0.0,0.0,0.0,0.0,0.0,0.0,0.0,0.0,0.0,0.0,0.0,0.0,0.0,0.0,0.0,2.98754,3.66539,5.65983,7.41885]},"PMTCTPostnatalOptA":{"countryName":"Ecuador","countryCode":218,"startYear":2000,"endYear":2020,"values":[0.0,0.0,0.0,0.0,0.0,0.0,0.0,0.0,0.0,0.0,0.0,0.0,0.0,0.0,0.0,0.0,0.0,0.0,0.0,0.0,0.0]},"PMTCTPostnatalOptB":{"countryName":"Ecuador","countryCode":218,"startYear":2000,"endYear":2020,"values":[0.0,0.0,0.0,0.0,0.0,0.0,0.0,0.0,0.0,0.0,0.0,0.0,0.0,0.0,0.0,0.0,0.0,0.0,0.0,0.0,0.0]},"PercentHIVPopEligible":{"countryName":"Ecuador","countryCode":218,"TB\/HIV":1.04,"TB\/HIV Year":2014,"DC":43.5,"DC Year":2011,"FSW":2.72,"FSW Year":2015,"MSM":55.03,"MSM Year":2015,"IDU":5.35,"IDU Year":2015,"Other":10,"Other Year":2015},"AdultHIVPrev":{"countryName":"Ecuador","countryCode":218,"startYear":1970,"endYear":2020,"values":[0.0,0.0,0.0,0.0,0.0,0.0,5e-5,0.00013,0.00028,0.00065,0.00119,0.00188,0.00275,0.00383,0.00517,0.00713,0.00996,0.0145,0.02254,0.03729,0.05443,0.07359,0.09368,0.11506,0.13654,0.15812,0.17986,0.20014,0.21857,0.23547,0.25066,0.26421,0.27648,0.28755,0.29776,0.30624,0.3085,0.31104,0.31357,0.31742,0.32245,0.327,0.33114,0.33332,0.33344,0.3339,0.33522,0.33699,0.33836,0.33892,0.33833]},"SexRatio":{"countryName":"Ecuador","countryCode":218,"startYear":1970,"endYear":2020,"values":[0.0,0.82969,0.81472,0.91794,2.18625,0.0,0.0,0.0,0.01208,0.00882,0.0098,0.01297,0.0182,0.02346,0.02962,0.20085,0.28905,0.33499,0.28348,0.20729,0.22276,0.2611,0.29599,0.31156,0.32307,0.32857,0.32992,0.33012,0.33127,0.34004,0.3453,0.34976,0.35199,0.35628,0.35915,0.36344,0.36849,0.3741,0.3815,0.38908,0.40232,0.41516,0.42441,0.42833,0.42299,0.42159,0.42492,0.43138,0.43601,0.44559,0.45716]},"PercNotBFNotRecARVs":{"countryName":"Ecuador","countryCode":218,"<2":1.7,"2-3":10.4,"4-5":10.2,"6-7":12.7,"8-9":20.1,"10-11":22.7,"12-13":36.2,"14-15":47.2,"16-17":59.2,"18-19":68.9,"20-21":72.1,"22-23":85.2,"24-25":92.6,"26-27":93.9,"28-29":90.8,"30-31":91.7,"32-33":95.6,"34-35":97.8},"PercNotBFRecARVs":{"countryName":"Ecuador","countryCode":218,"<2":98,"2-3":98,"4-5":98,"6-7":100,"8-9":100,"10-11":100,"12-13":100,"14-15":100,"16-17":100,"18-19":100,"20-21":100,"22-23":100,"24-25":100,"26-27":100,"28-29":100,"30-31":100,"32-33":100,"34-35":100},"LocalAdjustmentFactor":{"countryName":"Ecuador","countryCode":218,"value":1.85429}}