{"countryName":"Egypt","subnatCode":0,"Incidence":{"countryName":"Egypt","countryCode":818,"startYear":1970,"endYear":2020,"values":[0.0,0.0,0.0,0.0,0.0,0.0,0.0,0.0,0.0,0.0,0.0,0.0,1e-5,1e-5,2e-5,3e-5,4e-5,6e-5,8e-5,0.0001,0.00012,0.00015,0.00018,0.00021,0.00025,0.00029,0.00033,0.00038,0.00044,0.0005,0.00057,0.00065,0.00074,0.00085,0.00097,0.0011,0.00125,0.00139,0.0016,0.00183,0.00209,0.00237,0.0027,0.00307,0.00348,0.00389,0.00437,0.00481,0.00514,0.00544,0.00583]},"AdultARTMale":{"countryName":"Egypt","countryCode":818,"startYear":2000,"endYear":2020,"values":[0.0,0.0,0.0,0.0,0.0,0.0,31.08491,24.10946,28.80247,27.58518,20.66438,15.2047,16.55305,18.45091,18.94285,19.97136,24.6222,27.85311,34.45938,39.44754,44.92456]},"AdultARTFemale":{"countryName":"Egypt","countryCode":818,"startYear":2000,"endYear":2020,"values":[0.0,0.21327,0.60144,0.0,0.0,0.0,10.50301,8.62147,10.97757,11.2921,33.00498,22.43984,23.53044,23.86872,24.76302,25.87734,31.2784,36.0011,43.32368,41.20818,38.25447]},"MedianCD4AtInit":{"countryName":"Egypt","countryCode":818,"startYear":2000,"endYear":2020,"values":[0.0,0.0,0.0,0.0,0.0,0.0,0.0,0.0,0.0,0.0,0.0,0.0,0.0,0.0,0.0,0.0,0.0,0.0,0.0,0.0,0.0]},"PercLostToFollowup":{"countryName":"Egypt","countryCode":818,"startYear":2000,"endYear":2020,"values":[0.0,0.0,0.0,0.0,0.0,0.0,0.0,0.0,0.0,0.0,0.0,0.0,0.0,0.0,0.0,24.51,23.32536,19.0,14.0,22.0,20.0]},"ChildART":{"countryName":"Egypt","countryCode":818,"startYear":2000,"endYear":2020,"values":[48.97831,78.83653,92.35458,96.32322,95.97247,92.84469,70.90092,62.2696,62.84581,55.50974,50.21286,50.13642,44.19461,41.29232,38.34541,36.86992,41.46317,53.78832,57.66866,61.75191,64.68762]},"ChildCotrim":{"countryName":"Egypt","countryCode":818,"startYear":2000,"endYear":2020,"values":[0.0,0.0,0.0,0.0,0.0,0.0,0.0,0.0,0.0,0.0,0.0,0.0,0.0,0.0,0.0,0.0,0.0,0.0,0.0,0.0,0.0]},"PMTCTSingleDoseNevirapine":{"countryName":"Egypt","countryCode":818,"startYear":2000,"endYear":2020,"values":[0.0,0.0,0.0,0.0,0.0,0.0,0.0,0.0,0.0,0.0,0.0,0.0,0.0,0.0,0.0,0.0,0.0,0.0,0.0,0.0,0.0]},"PMTCTDualARV":{"countryName":"Egypt","countryCode":818,"startYear":2000,"endYear":2020,"values":[0.0,0.0,0.0,0.0,9.97111,16.72585,17.55805,7.3731,3.71924,0.0,0.0,0.0,0.0,0.0,0.0,0.0,0.0,0.0,0.0,0.0,0.0]},"PMTCTOptA":{"countryName":"Egypt","countryCode":818,"startYear":2000,"endYear":2020,"values":[0.0,0.0,0.0,0.0,0.0,0.0,0.0,0.0,0.0,12.33075,18.32166,9.29384,9.66671,0.0,0.0,0.0,0.0,0.0,0.0,0.0,0.0]},"PMTCTOptB":{"countryName":"Egypt","countryCode":818,"startYear":2000,"endYear":2020,"values":[0.0,0.0,0.0,0.0,0.0,0.0,0.0,0.0,0.0,0.0,0.0,0.0,0.0,8.98336,0.0,0.0,0.0,0.0,0.0,0.0,0.0]},"PMTCTOptBPlusStartBefPreg":{"countryName":"Egypt","countryCode":818,"startYear":2000,"endYear":2020,"values":[0.0,0.0,0.0,0.0,0.0,0.0,0.0,0.0,0.0,0.0,0.0,0.0,0.0,17.06839,17.58742,13.09405,22.54419,21.2821,20.16517,19.9105,19.2436]},"PMTCTOptBPlusStartDurPregGT4Wks":{"countryName":"Egypt","countryCode":818,"startYear":2000,"endYear":2020,"values":[0.0,0.0,0.0,0.0,0.0,0.0,0.0,0.0,0.0,0.0,0.0,0.0,0.0,8.08503,6.88204,7.85643,5.63605,3.86947,3.36086,5.53069,7.2993]},"PMTCTOptBPlusStartDurPregLT4Wks":{"countryName":"Egypt","countryCode":818,"startYear":2000,"endYear":2020,"values":[0.0,0.0,0.0,0.0,0.0,0.0,0.0,0.0,0.0,0.0,0.0,0.0,0.0,0.0,0.0,0.0,1.12721,0.96737,1.26032,0.0,0.0]},"PMTCTPostnatalOptA":{"countryName":"Egypt","countryCode":818,"startYear":2000,"endYear":2020,"values":[0.0,0.0,0.0,0.0,0.0,0.0,0.0,0.0,0.0,0.0,0.0,0.0,0.0,0.0,0.0,0.0,0.0,0.0,0.0,0.0,0.0]},"PMTCTPostnatalOptB":{"countryName":"Egypt","countryCode":818,"startYear":2000,"endYear":2020,"values":[0.0,0.0,0.0,0.0,0.0,0.0,0.0,0.0,0.0,0.0,0.0,0.0,0.0,0.0,0.0,0.0,0.0,0.0,0.0,0.0,0.0]},"PercentHIVPopEligible":{"countryName":"Egypt","countryCode":818,"TB\/HIV":2.27,"TB\/HIV Year":2009,"DC":40,"DC Year":2011,"FSW":2,"FSW Year":2015,"MSM":5,"MSM Year":2015,"IDU":0.5,"IDU Year":2015,"Other":10,"Other Year":2014},"AdultHIVPrev":{"countryName":"Egypt","countryCode":818,"startYear":1970,"endYear":2020,"values":[0.0,0.0,0.0,0.0,0.0,0.0,0.0,0.0,0.0,0.0,0.0,1e-5,2e-5,3e-5,5e-5,7e-5,0.00011,0.00016,0.00023,0.00031,0.00041,0.00053,0.00067,0.00083,0.00101,0.00121,0.00144,0.00169,0.00198,0.0023,0.00267,0.00308,0.00354,0.00407,0.00467,0.00536,0.00617,0.00715,0.00826,0.00953,0.01099,0.01265,0.01453,0.01666,0.01908,0.02182,0.0249,0.0283,0.03191,0.03567,0.03965]},"SexRatio":{"countryName":"Egypt","countryCode":818,"startYear":1970,"endYear":2020,"values":[0.08864,0.09248,0.09633,0.10017,0.10401,0.10786,0.1117,0.11554,0.11938,0.12323,0.12707,0.13091,0.13476,0.1386,0.14244,0.14628,0.15013,0.15397,0.15781,0.16165,0.1655,0.16934,0.17318,0.17703,0.18087,0.18471,0.18856,0.1924,0.19624,0.20008,0.20393,0.20777,0.21161,0.21546,0.2193,0.22314,0.22698,0.23083,0.23467,0.23851,0.24236,0.2462,0.25004,0.25389,0.25773,0.26157,0.26541,0.26926,0.2731,0.27694,0.28079]},"PercNotBFNotRecARVs":{"countryName":"Egypt","countryCode":818,"<2":3.4,"2-3":5.6,"4-5":10.4,"6-7":8.7,"8-9":9.2,"10-11":16.6,"12-13":17.1,"14-15":22.7,"16-17":42.4,"18-19":57.1,"20-21":73.5,"22-23":86.4,"24-25":94,"26-27":94.3,"28-29":95.3,"30-31":98.1,"32-33":97.6,"34-35":98.1},"PercNotBFRecARVs":{"countryName":"Egypt","countryCode":818,"<2":100,"2-3":100,"4-5":100,"6-7":100,"8-9":100,"10-11":100,"12-13":100,"14-15":100,"16-17":100,"18-19":100,"20-21":100,"22-23":100,"24-25":100,"26-27":100,"28-29":100,"30-31":100,"32-33":100,"34-35":100},"LocalAdjustmentFactor":{"countryName":"Egypt","countryCode":818,"value":1}}