{"countryCode":818,"subnatCode":0,"Incidence":{"countryName":"Egypt","countryCode":818,"startYear":1970,"endYear":2023,"values":[0.0,0.0,0.0,0.0,0.0,0.0,0.0,0.0,0.0,0.0,0.0,0.0,9.86730322082484e-6,9.86905285627094e-6,1.97386526922519e-5,2.96067271990407e-5,3.94432970647519e-5,5.91718717308548e-5,7.89078090121631e-5,9.86479593253673e-5,0.000118393554534798,0.000147979180868645,0.000177541416882093,0.000207112190275939,0.000246572035435767,0.000286038772274058,0.000325510219642448,0.00037480390246509,0.000433870826353052,0.00049281279641017,0.00056154965182376,0.00064017377700013,0.000728821243262598,0.000837443452021723,0.000956384082903063,0.00108573361282557,0.00123522224429125,0.00137500104826931,0.00158400927441239,0.00181265587591848,0.00207089165659662,0.00234887165617069,0.00267642057851189,0.00304371797118199,0.00345091188296626,0.0038583524317282,0.00433608955862293,0.00477185752054866,0.00509796341169281,0.00539416660813171,0.0057800242038976,0.00616871457579988,0.00644692654114935,0.00644757110136256]},"AdultARTMale":{"countryName":"Egypt","countryCode":818,"startYear":2000,"endYear":2023,"values":[0.0,0.0,0.0,0.0,0.0,0.0,28.3334052111686,22.108420648005,26.5643345728822,25.6831147871737,19.5744131101589,14.8477909979184,16.146406148634,17.96821737915,18.5275157452548,19.5566951270149,24.0554360142434,27.4784677507035,33.925390815312,38.7611172556388,44.0762410391789,50.8111861207699,58.9648770682705,69.1976992742647]},"AdultARTFemale":{"countryName":"Egypt","countryCode":818,"startYear":2000,"endYear":2023,"values":[0.0,0.202038162858626,0.570236566192077,0.0,0.0,0.0,9.83633889499061,8.11602041552337,10.3453114734933,10.7111284323279,31.1595640563193,22.0712061252011,23.1179665973248,23.505581135502,24.4805575212441,25.6099014727477,30.9261805158338,35.9532638484213,43.2581404703618,41.1213243461463,38.17517718182,35.403927216328,39.8284819321132,44.6478747209983]},"PercLostToFollowup":{"countryName":"Egypt","countryCode":818,"startYear":2000,"endYear":2023,"values":[0.0,0.0,0.0,0.0,0.0,0.0,0.0,0.0,0.0,0.0,0.0,0.0,0.0,0.0,0.0,24.51,23.32536,19.0,14.0,22.0,20.0,0.0,0.0,0.0]},"ChildART":{"countryName":"Egypt","countryCode":818,"startYear":2000,"endYear":2023,"values":[59.0629079032077,100.0,100.0,100.0,100.0,100.0,100.0,75.1330481060211,73.6977526991802,69.0767457996222,58.2315373271433,57.9075344072092,49.0291126699515,54.1253692652256,43.2217894206491,40.9048672141157,46.0594068411407,59.8979498104607,64.2439132050296,68.4736467809963,70.9313788182876,76.4105017050871,76.1604035864174,70.6494894612825]},"ChildCotrim":{"countryName":"Egypt","countryCode":818,"startYear":2000,"endYear":2023,"values":[0.0,0.0,0.0,0.0,0.0,0.0,0.0,0.0,0.0,0.0,0.0,0.0,0.0,0.0,0.0,0.0,0.0,0.0,0.0,0.0,0.0,0.0,0.0,0.0]},"PMTCTSingleDoseNevirapine":{"countryName":"Egypt","countryCode":818,"startYear":2000,"endYear":2023,"values":[0.0,0.0,0.0,0.0,0.0,0.0,0.0,0.0,0.0,0.0,0.0,0.0,0.0,0.0,0.0,0.0,0.0,0.0,0.0,0.0,0.0,0.0,0.0,0.0]},"PMTCTDualARV":{"countryName":"Egypt","countryCode":818,"startYear":2000,"endYear":2023,"values":[0.0,0.0,0.0,0.0,0.0,8.52337621159793,14.2602495543672,14.950025056242,6.28971641429809,3.12597686777118,0.0,0.0,0.0,0.0,0.0,0.0,0.0,0.0,0.0,0.0,0.0,0.0,0.0,0.0]},"PMTCTOptA":{"countryName":"Egypt","countryCode":818,"startYear":2000,"endYear":2023,"values":[0.0,0.0,0.0,0.0,0.0,0.0,0.0,0.0,0.0,0.0,10.0030109062828,14.5422086283419,7.53020553696013,8.10506615264938,0.0,0.0,0.0,0.0,0.0,0.0,0.0,0.0,0.0,0.0]},"PMTCTOptB":{"countryName":"Egypt","countryCode":818,"startYear":2000,"endYear":2023,"values":[0.0,0.0,0.0,0.0,0.0,0.0,0.0,0.0,0.0,0.0,0.0,0.0,0.0,0.0,7.64380013664057,0.0,0.0,0.0,0.0,0.0,0.0,0.0,0.0,0.0]},"PMTCTOptBPlusStartBefPreg":{"countryName":"Egypt","countryCode":818,"startYear":2000,"endYear":2023,"values":[0.0,0.0,0.0,0.0,0.0,0.0,0.0,0.0,0.0,0.0,0.0,0.0,0.0,0.0,14.5232202596171,15.0491905694705,11.2486312524884,19.1788314798271,18.2461063016494,17.5637652497392,17.9044439824656,17.6375429576803,26.3641845805925,31.6257805378731]},"PMTCTOptBPlusStartDurPregGT4Wks":{"countryName":"Egypt","countryCode":818,"startYear":2000,"endYear":2023,"values":[0.0,0.0,0.0,0.0,0.0,0.0,0.0,0.0,0.0,0.0,0.0,0.0,0.0,0.0,6.87942012297651,5.88881370109716,6.74917875149305,4.79470786995678,3.31747387302717,2.92729420828986,4.973456661796,6.69010250118909,8.13363141316152,9.8506529544195]},"PMTCTOptBPlusStartDurPregLT4Wks":{"countryName":"Egypt","countryCode":818,"startYear":2000,"endYear":2023,"values":[0.0,0.0,0.0,0.0,0.0,0.0,0.0,0.0,0.0,0.0,0.0,0.0,0.0,0.0,0.0,0.0,0.0,0.958941573991356,0.829368468256793,1.0977353281087,0.0,0.0,0.0,0.0]},"AdultHIVPrev":{"countryName":"Egypt","countryCode":818,"startYear":1970,"endYear":2023,"values":[0.0,0.0,0.0,0.0,0.0,0.0,0.0,0.0,0.0,0.0,0.0,0.0,9.65668995550552e-6,1.8804886797738e-5,3.71221154209348e-5,6.41486022454024e-5,9.92093492751691e-5,0.000151527027431093,0.000219935859153378,0.000303084561550362,0.000399497831083126,0.00051734678453623,0.000654684542853697,0.00080966393074317,0.000990149846179822,0.00119375948897579,0.00141813774738946,0.00167060166270252,0.00195799370766759,0.00227721971012403,0.00263539786410695,0.00303928589408191,0.00349584746717269,0.00402150170709548,0.00462314925631301,0.00530797909411046,0.00615970221797744,0.00713946045379299,0.00825339753074203,0.00952956110335421,0.0110012580673266,0.0126774285736857,0.01457781194272,0.0167355730480533,0.019210920605618,0.0219946894257291,0.0251451174838337,0.0286339541103993,0.032341208823159,0.036205904064699,0.0402950799682464,0.044620880907486,0.049025104910251,0.0532047167332193]},"SexRatio":{"countryName":"Egypt","countryCode":818,"startYear":1970,"endYear":2023,"values":[0.08864,0.09248,0.09633,0.10017,0.10401,0.10786,0.1117,0.11554,0.11938,0.12323,0.12707,0.13091,0.13476,0.1386,0.14244,0.14628,0.15013,0.15397,0.15781,0.16165,0.1655,0.16934,0.17318,0.17703,0.18087,0.18471,0.18856,0.1924,0.19624,0.20008,0.20393,0.20777,0.21161,0.21546,0.2193,0.22314,0.22698,0.23083,0.23467,0.23851,0.24236,0.2462,0.25004,0.25389,0.25773,0.26157,0.26541,0.26926,0.2731,0.27694,0.28079,0.28463,0.28847,0.29231]},"PercNotBFNotRecARVs":{"countryName":"Egypt","countryCode":818,"<2":3.4,"2-3":5.6,"4-5":10.4,"6-7":8.7,"8-9":9.2,"10-11":16.6,"12-13":17.1,"14-15":22.7,"16-17":42.4,"18-19":57.1,"20-21":73.5,"22-23":86.4,"24-25":94.0,"26-27":94.3,"28-29":95.3,"30-31":98.1,"32-33":97.6,"34-35":98.1},"PercNotBFRecARVs":{"countryName":"Egypt","countryCode":818,"<2":100.0,"2-3":100.0,"4-5":100.0,"6-7":100.0,"8-9":100.0,"10-11":100.0,"12-13":100.0,"14-15":100.0,"16-17":100.0,"18-19":100.0,"20-21":100.0,"22-23":100.0,"24-25":100.0,"26-27":100.0,"28-29":100.0,"30-31":100.0,"32-33":100.0,"34-35":100.0},"LocalAdjustmentFactor":{"countryName":"Egypt","countryCode":818,"value":1.0},"NewARTPatAllocation":{"countryName":"Egypt","countryCode":818,"NewARTPatAllocationMethod":3.0,"ExpectedMortality":0.5,"ProportionEligible":0.5}}