{"countryName":"Eritrea","subnatCode":0,"Incidence":{"countryName":"Eritrea","countryCode":232,"startYear":1970,"endYear":2020,"values":[0.0,0.0,0.0,0.0,0.0,0.00658,0.00353,0.00526,0.00761,0.01125,0.01657,0.02344,0.03102,0.04314,0.05845,0.07563,0.10446,0.12698,0.16539,0.19326,0.22338,0.26158,0.27254,0.28625,0.27451,0.25383,0.22531,0.19384,0.16737,0.12955,0.10348,0.09071,0.07993,0.07077,0.06345,0.05683,0.05084,0.04521,0.04069,0.03655,0.03303,0.02964,0.02625,0.02313,0.02029,0.01757,0.01532,0.01375,0.01237,0.01126,0.01015]},"AdultARTMale":{"countryName":"Eritrea","countryCode":232,"startYear":2000,"endYear":2020,"values":[0.0,0.0,0.14397,0.27353,0.14787,7.72357,20.88791,31.98235,42.78373,54.9895,48.16376,54.16327,64.9609,72.46871,67.32117,73.15396,70.0151,64.27159,64.48348,65.85036,72.50984]},"AdultARTFemale":{"countryName":"Eritrea","countryCode":232,"startYear":2000,"endYear":2020,"values":[0.0,0.0,0.1335,0.25426,0.13785,5.09153,13.21156,26.06207,36.52597,43.60013,42.95896,52.77857,54.92083,61.43635,60.9412,66.24243,61.48853,69.65722,72.26817,72.83725,75.47906]},"MedianCD4AtInit":{"countryName":"Eritrea","countryCode":232,"startYear":2000,"endYear":2020,"values":[0.0,0.0,0.0,0.0,0.0,0.0,0.0,0.0,0.0,0.0,0.0,0.0,0.0,0.0,0.0,0.0,0.0,0.0,0.0,0.0,0.0]},"PercLostToFollowup":{"countryName":"Eritrea","countryCode":232,"startYear":2000,"endYear":2020,"values":[0.0,0.0,0.0,0.0,0.0,8.0,10.0,10.0,13.0,13.0,9.0,9.0,8.0,7.0,7.0,4.0,3.2,3.0,2.5,2.2,2.54]},"ChildART":{"countryName":"Eritrea","countryCode":232,"startYear":2000,"endYear":2020,"values":[0.0,1.66601,1.82901,1.79611,1.98696,4.01736,10.90983,15.98679,22.52355,26.92536,31.95289,40.95983,50.8982,57.4331,63.11481,52.84599,52.13336,49.04798,59.68043,58.13228,45.87051]},"ChildCotrim":{"countryName":"Eritrea","countryCode":232,"startYear":2000,"endYear":2020,"values":[0.0,0.0,0.0,0.0,0.0,1.1654,4.18275,4.79498,3.48047,7.09549,13.18455,15.31419,17.85526,21.82926,26.48811,22.17259,19.27836,19.07911,15.72785,14.67278,19.51225]},"PMTCTSingleDoseNevirapine":{"countryName":"Eritrea","countryCode":232,"startYear":2000,"endYear":2020,"values":[0.0,0.0,2.44741,4.74742,3.90214,13.05316,10.32714,55.31042,67.363,78.97206,49.48802,51.75186,17.5373,17.08428,12.30068,0.0,0.0,0.0,0.0,0.0,0.0]},"PMTCTDualARV":{"countryName":"Eritrea","countryCode":232,"startYear":2000,"endYear":2020,"values":[0.0,0.0,0.0,0.0,0.0,0.0,0.0,0.0,0.0,0.0,0.0,0.0,0.0,0.0,0.0,0.0,0.0,0.0,0.0,0.0,0.0]},"PMTCTOptA":{"countryName":"Eritrea","countryCode":232,"startYear":2000,"endYear":2020,"values":[0.0,0.0,0.0,0.0,0.0,0.0,0.0,0.0,0.0,0.0,0.0,0.0,0.0,0.0,0.0,0.0,0.0,0.0,0.0,0.0,0.0]},"PMTCTOptB":{"countryName":"Eritrea","countryCode":232,"startYear":2000,"endYear":2020,"values":[0.0,0.0,0.0,0.0,0.0,0.0,0.0,0.0,0.0,0.0,0.0,0.0,0.0,0.0,0.0,0.0,0.0,0.0,0.0,0.0,0.0]},"PMTCTOptBPlusStartBefPreg":{"countryName":"Eritrea","countryCode":232,"startYear":2000,"endYear":2020,"values":[0.0,0.0,0.0,0.0,0.65036,2.1531,2.54642,2.84796,6.52927,7.65893,13.42983,25.3764,60.40626,61.73121,72.43736,59.69807,47.79133,48.95776,63.27759,46.72837,60.62059]},"PMTCTOptBPlusStartDurPregGT4Wks":{"countryName":"Eritrea","countryCode":232,"startYear":2000,"endYear":2020,"values":[0.0,0.0,0.0,0.0,3.25179,11.03463,7.78072,8.99356,8.75878,11.0629,13.24586,18.98234,16.88777,21.18451,15.26196,21.34004,12.37968,9.54522,7.21299,7.3231,8.23243]},"PMTCTOptBPlusStartDurPregLT4Wks":{"countryName":"Eritrea","countryCode":232,"startYear":2000,"endYear":2020,"values":[0.0,0.0,0.0,0.0,0.0,0.0,0.0,0.0,0.0,0.0,0.0,0.0,0.0,0.0,0.0,0.0,0.0,8.31358,4.91795,10.46158,3.74201]},"PMTCTPostnatalOptA":{"countryName":"Eritrea","countryCode":232,"startYear":2000,"endYear":2020,"values":[0.0,0.0,0.0,0.0,0.0,0.0,0.0,0.0,0.0,0.0,0.0,0.0,0.0,0.0,0.0,0.0,0.0,0.0,0.0,0.0,0.0]},"PMTCTPostnatalOptB":{"countryName":"Eritrea","countryCode":232,"startYear":2000,"endYear":2020,"values":[0.0,0.0,0.0,0.0,0.0,0.0,0.0,0.0,0.0,0.0,0.0,0.0,0.0,0.0,0.0,0.0,0.0,0.0,0.0,0.0,0.0]},"PercentHIVPopEligible":{"countryName":"Eritrea","countryCode":232,"TB\/HIV":4.6,"TB\/HIV Year":2017,"DC":0,"DC Year":2015,"FSW":14.5,"FSW Year":2017,"MSM":0,"MSM Year":2015,"IDU":0,"IDU Year":2015,"Other":0,"Other Year":2015},"AdultHIVPrev":{"countryName":"Eritrea","countryCode":232,"startYear":1970,"endYear":2020,"values":[0.0,0.0,0.0,0.0,0.0,0.0064,0.00952,0.0141,0.02067,0.03033,0.0445,0.06429,0.09018,0.12617,0.17473,0.23689,0.32237,0.42428,0.55705,0.70821,0.87751,1.06899,1.24908,1.41677,1.54374,1.62437,1.65824,1.65263,1.62292,1.56622,1.49754,1.42635,1.351,1.27196,1.19089,1.11038,1.039,0.97974,0.93244,0.89309,0.85772,0.82498,0.79429,0.76449,0.7341,0.70158,0.66578,0.62735,0.58759,0.54718,0.50658]},"SexRatio":{"countryName":"Eritrea","countryCode":232,"startYear":1970,"endYear":2020,"values":[0.25527,0.25527,0.25527,0.25527,0.25527,0.36164,0.468,0.56373,0.65946,0.74455,0.84028,0.91473,0.98919,1.06364,1.12746,1.18064,1.23383,1.28701,1.32955,1.36146,1.39337,1.41465,1.43592,1.44656,1.45719,1.46783,1.46783,1.46783,1.46783,1.46783,1.46783,1.46783,1.46783,1.46783,1.46783,1.46783,1.46783,1.46783,1.46783,1.46783,1.46783,1.52101,1.57419,1.62737,1.68056,1.73374,1.78692,1.8401,1.89329,1.94647,1.99965]},"PercNotBFNotRecARVs":{"countryName":"Eritrea","countryCode":232,"<2":10.72468,"2-3":10.72536,"4-5":10.73978,"6-7":10.84109,"8-9":11.25789,"10-11":12.50337,"12-13":15.465,"14-15":21.25567,"16-17":30.58069,"18-19":42.84891,"20-21":56.07217,"22-23":68.04564,"24-25":77.55026,"26-27":84.47532,"28-29":89.28566,"30-31":92.55678,"32-33":94.7708,"34-35":96.27664},"PercNotBFRecARVs":{"countryName":"Eritrea","countryCode":232,"<2":10.72468,"2-3":10.72536,"4-5":10.73978,"6-7":10.84109,"8-9":11.25789,"10-11":12.50337,"12-13":15.465,"14-15":21.25567,"16-17":30.58069,"18-19":42.84891,"20-21":56.07217,"22-23":68.04564,"24-25":77.55026,"26-27":84.47532,"28-29":89.28566,"30-31":92.55678,"32-33":94.7708,"34-35":96.27664},"LocalAdjustmentFactor":{"countryName":"Eritrea","countryCode":232,"value":0.6}}