{"countryCode":233,"subnatCode":0,"Incidence":{"countryName":"Estonia","countryCode":233,"startYear":1970,"endYear":2023,"values":[0.0,0.0,0.0,0.0,0.0,0.0,0.0,0.0,0.0,0.0,0.0,0.0,0.0,0.0,0.0,0.0,0.0,0.0,0.0,0.0,0.0,0.0,0.0,0.0,0.0,0.0,0.0,0.0,0.0,0.0,0.039815713567994,0.166733605036461,0.143851201568727,0.12346803704232,0.106261979246523,0.0918310592520186,0.0795814494387732,0.0690393790098528,0.0602104293546644,0.0527127030534853,0.0464170156102035,0.041052310739614,0.036494105073258,0.0326236232844732,0.0293382563740274,0.0264748422260165,0.0242420104416438,0.0222221353908487,0.0205368221286317,0.0191522403487821,0.0179769317035664,0.0169838659000128,0.0161657075269344,0.0154319819030132]},"AdultARTMale":{"countryName":"Estonia","countryCode":233,"startYear":2000,"endYear":2023,"values":[6.66658407509729,1.94497902853376,1.54842053266789,1.55170705159644,2.42323430002854,5.33029363507363,8.92510957051432,12.9761207538573,16.9924711033471,21.4451031267155,28.1205385841034,32.9086220493129,37.5103476724606,39.4785874485143,43.3120048232865,49.7745830010229,54.4211035404318,56.9054328364695,58.8221803625317,60.4572960248592,59.1938485461463,59.5235621774707,60.020325101699,62.0]},"AdultARTFemale":{"countryName":"Estonia","countryCode":233,"startYear":2000,"endYear":2023,"values":[7.74422452675286,2.24562685223279,1.7773361097545,1.82813822154226,2.75358171108476,6.03290329773033,10.0510010187946,14.5406086305974,18.984386035416,23.8724794001866,31.2137477569418,36.3945938001075,41.2928214835857,43.3045649088542,47.3231328498085,54.1368946178064,58.9072256682017,61.6805431255463,63.7281315079839,65.1001023666341,63.2180639392881,62.6244168235379,62.5012560520279,65.0]},"PercLostToFollowup":{"countryName":"Estonia","countryCode":233,"startYear":2000,"endYear":2023,"values":[6.8,6.8,6.8,6.8,6.8,6.8,6.8,6.8,6.8,6.8,6.8,6.8,6.8,6.8,6.8,6.8,6.8,6.8,6.8,6.8,6.8,6.8,6.8,6.8]},"ChildART":{"countryName":"Estonia","countryCode":233,"startYear":2000,"endYear":2023,"values":[0.0,100.0,100.0,100.0,100.0,100.0,100.0,100.0,100.0,100.0,100.0,100.0,100.0,100.0,100.0,100.0,95.0,95.0,95.0,95.0,95.0,95.0,95.0,95.0]},"ChildCotrim":{"countryName":"Estonia","countryCode":233,"startYear":2000,"endYear":2023,"values":[0.0,0.0,0.0,0.0,0.0,0.0,0.0,0.0,0.0,0.0,0.0,0.0,0.0,0.0,0.0,0.0,0.0,0.0,0.0,0.0,0.0,0.0,0.0,0.0]},"PMTCTSingleDoseNevirapine":{"countryName":"Estonia","countryCode":233,"startYear":2000,"endYear":2023,"values":[0.0,26.5749417787317,47.407238848336,38.3013252805709,100.0,100.0,100.0,100.0,100.0,0.0,0.0,0.0,0.0,0.0,0.0,0.0,0.0,0.0,0.0,0.0,0.0,0.0,0.0,0.0]},"PMTCTDualARV":{"countryName":"Estonia","countryCode":233,"startYear":2000,"endYear":2023,"values":[0.0,0.0,0.0,0.0,0.0,0.0,0.0,0.0,0.0,0.0,0.0,0.0,0.0,0.0,0.0,0.0,0.0,0.0,0.0,0.0,0.0,0.0,0.0,0.0]},"PMTCTOptA":{"countryName":"Estonia","countryCode":233,"startYear":2000,"endYear":2023,"values":[0.0,0.0,0.0,0.0,0.0,0.0,0.0,0.0,0.0,0.0,0.0,0.0,0.0,0.0,0.0,0.0,0.0,0.0,0.0,0.0,0.0,0.0,0.0,0.0]},"PMTCTOptB":{"countryName":"Estonia","countryCode":233,"startYear":2000,"endYear":2023,"values":[0.0,0.0,0.0,0.0,0.0,0.0,0.0,0.0,0.0,72.0896266859588,74.8801606971959,83.9823082035829,93.7699509667116,100.0,100.0,100.0,100.0,100.0,0.0,0.0,0.0,0.0,0.0,0.0]},"PMTCTOptBPlusStartBefPreg":{"countryName":"Estonia","countryCode":233,"startYear":2000,"endYear":2023,"values":[0.0,0.0,0.0,0.0,0.0,0.0,0.0,0.0,0.0,0.0,0.0,0.0,0.0,0.0,0.0,0.0,0.0,0.0,100.0,95.0,95.0,0.0,0.0,95.0]},"PMTCTOptBPlusStartDurPregGT4Wks":{"countryName":"Estonia","countryCode":233,"startYear":2000,"endYear":2023,"values":[0.0,0.0,0.0,0.0,0.0,0.0,0.0,0.0,0.0,0.0,0.0,0.0,0.0,0.0,0.0,0.0,0.0,0.0,0.0,0.0,0.0,100.0,100.0,0.0]},"PMTCTOptBPlusStartDurPregLT4Wks":{"countryName":"Estonia","countryCode":233,"startYear":2000,"endYear":2023,"values":[0.0,0.0,0.0,0.0,0.0,0.0,0.0,0.0,0.0,0.0,0.0,0.0,0.0,0.0,0.0,0.0,0.0,0.0,0.0,0.0,0.0,0.0,0.0,0.0]},"AdultHIVPrev":{"countryName":"Estonia","countryCode":233,"startYear":1970,"endYear":2023,"values":[0.0,0.0,0.0,0.0,0.0,0.0,0.0,0.0,0.0,0.0,0.0,0.0,0.0,0.0,0.0,0.0,0.0,0.0,0.0,0.0,0.0,0.0,0.0,0.0,0.0,0.0,0.0,0.0,0.0,0.0,0.0397250403379819,0.205091406998273,0.343637284274424,0.457028405197355,0.549057294628327,0.626087844102305,0.692371860774876,0.748441481219915,0.796671848452072,0.836580524558695,0.86921226626692,0.895720186506569,0.916270750420109,0.930891679100158,0.939648977466786,0.938562655382487,0.937690587309732,0.932699801183189,0.923031744566162,0.90873567445574,0.886188075681936,0.855948587797746,0.822048432888126,0.784883637763392]},"SexRatio":{"countryName":"Estonia","countryCode":233,"startYear":1970,"endYear":2023,"values":[0.44862,0.44862,0.44862,0.44862,0.44862,0.44862,0.44862,0.44862,0.44862,0.44862,0.44862,0.45503,0.4614,0.46772,0.474,0.48022,0.48639,0.4925,0.49855,0.50454,0.51046,0.51632,0.5221,0.52782,0.53345,0.53902,0.5445,0.54991,0.55523,0.56048,0.56563,0.57071,0.5757,0.5806,0.58542,0.59015,0.59479,0.59935,0.60381,0.60819,0.61248,0.61668,0.6208,0.62482,0.62876,0.63262,0.63638,0.64007,0.64366,0.64718,0.65061,0.65061,0.65061,0.65061]},"PercNotBFNotRecARVs":{"countryName":"Estonia","countryCode":233,"<2":90.0,"2-3":90.0,"4-5":90.0,"6-7":90.0,"8-9":90.0,"10-11":90.0,"12-13":90.0,"14-15":90.0,"16-17":90.0,"18-19":100.0,"20-21":100.0,"22-23":100.0,"24-25":100.0,"26-27":100.0,"28-29":100.0,"30-31":100.0,"32-33":100.0,"34-35":100.0},"PercNotBFRecARVs":{"countryName":"Estonia","countryCode":233,"<2":90.0,"2-3":90.0,"4-5":90.0,"6-7":90.0,"8-9":90.0,"10-11":90.0,"12-13":90.0,"14-15":90.0,"16-17":90.0,"18-19":100.0,"20-21":100.0,"22-23":100.0,"24-25":100.0,"26-27":100.0,"28-29":100.0,"30-31":100.0,"32-33":100.0,"34-35":100.0},"LocalAdjustmentFactor":{"countryName":"Estonia","countryCode":233,"value":1.0},"NewARTPatAllocation":{"countryName":"Estonia","countryCode":233,"NewARTPatAllocationMethod":3.0,"ExpectedMortality":0.9,"ProportionEligible":0.1}}