{"countryCode":233,"subnatCode":0,"Incidence":{"countryName":"Estonia","countryCode":233,"startYear":1970,"endYear":2023,"values":[0.0,0.0,0.0,0.0,0.0,0.0,0.0,0.0,0.0,0.0,0.0,0.0,0.0,0.0,0.0,0.0,0.0,0.0,0.0,0.0,0.0,0.0,0.0,0.0,0.0,0.0,0.0,0.0,0.0,0.0,0.039815713567994,0.166733605036461,0.143851201568727,0.12346803704232,0.106261979246523,0.0918310592520186,0.0795814494387732,0.0690393790098528,0.0602104293546644,0.0527127030534853,0.0464170156102035,0.041052310739614,0.036494105073258,0.0326236232844732,0.0293382563740274,0.0264748422260165,0.0242420104416438,0.0222221353908487,0.0205368221286317,0.0191522403487821,0.0179769317035664,0.0169838659000128,0.0161657075269344,0.0154319819030132]},"AdultARTMale":{"countryName":"Estonia","countryCode":233,"startYear":2000,"endYear":2023,"values":[58.7437358372524,15.8068945458837,10.4581009910053,8.83501663868313,11.7557394801953,22.0283576628711,31.5923448360298,39.8400576618435,45.9047426553732,36.1044635165147,44.5589722302439,40.736496463729,45.3373764926906,42.7584781510478,46.4804124798404,48.9738164130834,54.421102901593,56.9054328364695,58.8221806297169,60.4572964318842,59.1938489438799,59.5235623111709,60.0203249657579,62.0]},"AdultARTFemale":{"countryName":"Estonia","countryCode":233,"startYear":2000,"endYear":2023,"values":[68.8854082622881,18.4337771930857,12.1266112192527,10.5104701242514,13.4830650175305,25.1526533395668,35.8858230130712,45.0405984694454,51.7554544426494,40.5516458503727,49.8994463520717,45.2234499053969,50.0894163433035,46.7493772057527,50.6423635357885,52.4926272359048,58.9072258928012,61.680542662713,63.7281319785835,65.1001018925823,63.2180646228085,62.6244170476417,62.5012560520279,65.0]},"PercLostToFollowup":{"countryName":"Estonia","countryCode":233,"startYear":2000,"endYear":2023,"values":[6.8,6.8,6.8,6.8,6.8,6.8,6.8,6.8,6.8,6.8,6.8,6.8,6.8,6.8,6.8,6.8,6.8,6.8,6.8,6.8,6.8,6.8,6.8,6.8]},"ChildART":{"countryName":"Estonia","countryCode":233,"startYear":2000,"endYear":2023,"values":[0.0,100.0,100.0,100.0,100.0,100.0,100.0,100.0,100.0,100.0,100.0,100.0,100.0,100.0,100.0,100.0,95.0,95.0,95.0,95.0,95.0,95.0,95.0,95.0]},"ChildCotrim":{"countryName":"Estonia","countryCode":233,"startYear":2000,"endYear":2023,"values":[0.0,0.0,0.0,0.0,0.0,0.0,0.0,0.0,0.0,0.0,0.0,0.0,0.0,0.0,0.0,0.0,0.0,0.0,0.0,0.0,0.0,0.0,0.0,0.0]},"PMTCTSingleDoseNevirapine":{"countryName":"Estonia","countryCode":233,"startYear":2000,"endYear":2023,"values":[0.0,26.5749417787317,47.407238848336,38.3013252805709,100.0,100.0,100.0,100.0,100.0,0.0,0.0,0.0,0.0,0.0,0.0,0.0,0.0,0.0,0.0,0.0,0.0,0.0,0.0,0.0]},"PMTCTDualARV":{"countryName":"Estonia","countryCode":233,"startYear":2000,"endYear":2023,"values":[0.0,0.0,0.0,0.0,0.0,0.0,0.0,0.0,0.0,0.0,0.0,0.0,0.0,0.0,0.0,0.0,0.0,0.0,0.0,0.0,0.0,0.0,0.0,0.0]},"PMTCTOptA":{"countryName":"Estonia","countryCode":233,"startYear":2000,"endYear":2023,"values":[0.0,0.0,0.0,0.0,0.0,0.0,0.0,0.0,0.0,0.0,0.0,0.0,0.0,0.0,0.0,0.0,0.0,0.0,0.0,0.0,0.0,0.0,0.0,0.0]},"PMTCTOptB":{"countryName":"Estonia","countryCode":233,"startYear":2000,"endYear":2023,"values":[0.0,0.0,0.0,0.0,0.0,0.0,0.0,0.0,0.0,72.0896266859588,74.8801606971959,83.9823082035829,93.7699509667116,100.0,100.0,100.0,100.0,100.0,0.0,0.0,0.0,0.0,0.0,0.0]},"PMTCTOptBPlusStartBefPreg":{"countryName":"Estonia","countryCode":233,"startYear":2000,"endYear":2023,"values":[0.0,0.0,0.0,0.0,0.0,0.0,0.0,0.0,0.0,0.0,0.0,0.0,0.0,0.0,0.0,0.0,0.0,0.0,100.0,95.0,95.0,0.0,0.0,95.0]},"PMTCTOptBPlusStartDurPregGT4Wks":{"countryName":"Estonia","countryCode":233,"startYear":2000,"endYear":2023,"values":[0.0,0.0,0.0,0.0,0.0,0.0,0.0,0.0,0.0,0.0,0.0,0.0,0.0,0.0,0.0,0.0,0.0,0.0,0.0,0.0,0.0,100.0,100.0,0.0]},"PMTCTOptBPlusStartDurPregLT4Wks":{"countryName":"Estonia","countryCode":233,"startYear":2000,"endYear":2023,"values":[0.0,0.0,0.0,0.0,0.0,0.0,0.0,0.0,0.0,0.0,0.0,0.0,0.0,0.0,0.0,0.0,0.0,0.0,0.0,0.0,0.0,0.0,0.0,0.0]},"AdultHIVPrev":{"countryName":"Estonia","countryCode":233,"startYear":1970,"endYear":2023,"values":[0.0,0.0,0.0,0.0,0.0,0.0,0.0,0.0,0.0,0.0,0.0,0.0,0.0,0.0,0.0,0.0,0.0,0.0,0.0,0.0,0.0,0.0,0.0,0.0,0.0,0.0,0.0,0.0,0.0,0.0,0.0397250403379819,0.205091406998273,0.343637284274424,0.457028405197355,0.549057294628327,0.626087844102305,0.692371860774876,0.748441481219915,0.796671848452072,0.836580524558695,0.86921226626692,0.895720186506569,0.916270750420109,0.930891679100158,0.939648977466786,0.938562655382487,0.937690587309732,0.932699801183189,0.923031744566162,0.90873567445574,0.886188075681936,0.855948587797746,0.822048432888126,0.784883637763392]},"SexRatio":{"countryName":"Estonia","countryCode":233,"startYear":1970,"endYear":2023,"values":[0.44862,0.44862,0.44862,0.44862,0.44862,0.44862,0.44862,0.44862,0.44862,0.44862,0.44862,0.45503,0.4614,0.46772,0.474,0.48022,0.48639,0.4925,0.49855,0.50454,0.51046,0.51632,0.5221,0.52782,0.53345,0.53902,0.5445,0.54991,0.55523,0.56048,0.56563,0.57071,0.5757,0.5806,0.58542,0.59015,0.59479,0.59935,0.60381,0.60819,0.61248,0.61668,0.6208,0.62482,0.62876,0.63262,0.63638,0.64007,0.64366,0.64718,0.65061,0.65061,0.65061,0.65061]},"PercNotBFNotRecARVs":{"countryName":"Estonia","countryCode":233,"<2":90.0,"2-3":90.0,"4-5":90.0,"6-7":90.0,"8-9":90.0,"10-11":90.0,"12-13":90.0,"14-15":90.0,"16-17":90.0,"18-19":100.0,"20-21":100.0,"22-23":100.0,"24-25":100.0,"26-27":100.0,"28-29":100.0,"30-31":100.0,"32-33":100.0,"34-35":100.0},"PercNotBFRecARVs":{"countryName":"Estonia","countryCode":233,"<2":90.0,"2-3":90.0,"4-5":90.0,"6-7":90.0,"8-9":90.0,"10-11":90.0,"12-13":90.0,"14-15":90.0,"16-17":90.0,"18-19":100.0,"20-21":100.0,"22-23":100.0,"24-25":100.0,"26-27":100.0,"28-29":100.0,"30-31":100.0,"32-33":100.0,"34-35":100.0},"LocalAdjustmentFactor":{"countryName":"Estonia","countryCode":233,"value":1.0},"NewARTPatAllocation":{"countryName":"Estonia","countryCode":233,"NewARTPatAllocationMethod":3.0,"ExpectedMortality":0.9,"ProportionEligible":0.1}}