{"countryName":"Ethiopia","subnatCode":0,"Incidence":{"countryName":"Ethiopia","countryCode":231,"startYear":1970,"endYear":2022,"values":[0.0,0.0,0.0,0.0,0.0,0.0,0.00825,0.00505,0.00781,0.01189,0.01821,0.02711,0.04032,0.0608,0.09103,0.13191,0.19245,0.26376,0.35361,0.44619,0.5295,0.56922,0.56666,0.52532,0.44959,0.36429,0.30405,0.2502,0.21539,0.18407,0.16005,0.13996,0.12019,0.10894,0.0949,0.08479,0.07542,0.0683,0.06378,0.05554,0.04931,0.04321,0.03888,0.03387,0.02986,0.02647,0.02334,0.01933,0.01732,0.01567,0.0137,0.01267,0.01118]},"AdultARTMale":{"countryName":"Ethiopia","countryCode":231,"startYear":2000,"endYear":2022,"values":[0.0,0.0,0.0,0.16665,2.06136,5.81666,14.46109,26.50326,36.09891,35.32409,42.58808,49.00301,55.84824,48.38921,54.2662,55.44207,56.65216,58.83597,60.79026,65.23666,68.01227,67.30386,71.76827]},"AdultARTFemale":{"countryName":"Ethiopia","countryCode":231,"startYear":2000,"endYear":2022,"values":[0.0,0.0,0.0,0.17305,2.15097,6.12282,15.36495,28.42539,39.12118,38.71718,47.16562,54.7323,55.09173,50.7531,56.55544,61.98934,60.83751,63.8321,66.26421,69.3361,72.15536,73.33042,77.69431]},"MedianCD4AtInit":{"countryName":"Ethiopia","countryCode":231,"startYear":2000,"endYear":2022,"values":[0.0,0.0,0.0,130.63365,129.75394,129.21574,128.51696,128.24701,127.96881,164.29964,165.49476,164.01588,162.29417,207.86595,207.95988,204.44361,228.85215,224.48125,216.90763,211.81612,210.59825,209.88315,209.62753]},"PercLostToFollowup":{"countryName":"Ethiopia","countryCode":231,"startYear":2000,"endYear":2022,"values":[0.0,0.0,0.0,0.0,0.0,0.0,0.0,0.0,0.0,0.0,7.7,7.7,7.7,7.7,7.7,7.7,7.7,7.7,7.7,7.7,7.7,7.7,7.7]},"ChildART":{"countryName":"Ethiopia","countryCode":231,"startYear":2000,"endYear":2022,"values":[0.0,0.0,0.0,0.0,0.0,0.95173,4.84361,8.37283,14.45285,21.05436,18.19298,23.46059,27.45484,31.03014,38.60084,35.51614,39.53976,40.81992,41.57952,38.08032,36.8855,33.91909,35.23387]},"ChildCotrim":{"countryName":"Ethiopia","countryCode":231,"startYear":2000,"endYear":2022,"values":[0.0,0.0,0.0,0.0,0.0,0.0,0.74834,0.93082,3.05102,5.53091,7.81394,9.95874,15.62261,18.28022,35.42965,42.04191,48.1712,53.38672,57.66265,60.20823,57.4814,57.13885,57.03452]},"PMTCTSingleDoseNevirapine":{"countryName":"Ethiopia","countryCode":231,"startYear":2000,"endYear":2022,"values":[0.0,0.06044,0.20911,0.38117,0.53659,0.7118,4.64653,4.50415,6.14985,6.66581,2.15443,0.44293,0.22424,0.03942,0.0,0.0,0.0,0.0,0.0,0.0,0.0,0.0,0.0]},"PMTCTDualARV":{"countryName":"Ethiopia","countryCode":231,"startYear":2000,"endYear":2022,"values":[0.0,0.0,0.0,0.0,0.0,0.0,0.0,0.0,5.99692,6.5377,12.19354,11.74976,17.82342,14.68735,2.35378,0.0,0.0,0.0,0.0,0.0,0.0,0.0,0.0]},"PMTCTOptA":{"countryName":"Ethiopia","countryCode":231,"startYear":2000,"endYear":2022,"values":[0.0,0.0,0.0,0.0,0.0,0.0,0.0,0.0,0.0,0.0,0.0,0.0,0.0,0.0,0.0,0.0,0.0,0.0,0.0,0.0,0.0,0.0,0.0]},"PMTCTOptB":{"countryName":"Ethiopia","countryCode":231,"startYear":2000,"endYear":2022,"values":[0.0,0.0,0.0,0.0,0.0,0.0,0.0,0.0,0.0,0.0,0.0,0.0,0.0,0.0,0.0,0.0,0.0,0.0,0.0,0.0,0.0,0.0,0.0]},"PMTCTOptBPlusStartBefPreg":{"countryName":"Ethiopia","countryCode":231,"startYear":2000,"endYear":2022,"values":[0.0,0.0,0.0,0.0,0.0,0.0,0.21835,0.65424,0.98336,1.03912,1.18483,7.9771,14.39561,19.18938,26.76591,28.88879,26.56519,28.68829,26.58144,28.62505,28.47668,29.56015,31.96627]},"PMTCTOptBPlusStartDurPregGT4Wks":{"countryName":"Ethiopia","countryCode":231,"startYear":2000,"endYear":2022,"values":[0.0,0.0,0.0,0.0,0.0,0.0,0.21486,0.65424,0.98336,1.03912,1.1827,2.75771,4.39366,10.38855,16.63835,21.36692,18.75928,13.92072,21.57456,20.97478,20.59263,12.23407,13.12391]},"PMTCTOptBPlusStartDurPregLT4Wks":{"countryName":"Ethiopia","countryCode":231,"startYear":2000,"endYear":2022,"values":[0.0,0.0,0.0,0.0,0.0,0.0,0.0,0.0,0.0,0.0,0.0,0.0,0.0,0.0,0.0,0.0,0.0,0.0,0.0,0.0,5.12448,4.17281,4.17057]},"PMTCTPostnatalOptA":{"countryName":"Ethiopia","countryCode":231,"startYear":2000,"endYear":2022,"values":[0.0,0.0,0.0,0.0,0.0,0.0,0.0,0.0,0.0,0.0,0.0,0.0,0.0,0.0,0.0,0.0,0.0,0.0,0.0,0.0,0.0,0.0,0.0]},"PMTCTPostnatalOptB":{"countryName":"Ethiopia","countryCode":231,"startYear":2000,"endYear":2022,"values":[0.0,0.0,0.0,0.0,0.0,0.0,0.0,0.0,0.0,0.0,0.0,0.0,0.0,0.0,0.0,0.0,0.0,0.0,0.0,0.0,0.0,0.0,0.0]},"PercentHIVPopEligible":{"countryName":"Ethiopia","countryCode":231,"TB\/HIV":5,"TB\/HIV Year":2014,"DC":40,"DC Year":2015,"FSW":2,"FSW Year":2015,"MSM":5,"MSM Year":2015,"IDU":0.5,"IDU Year":2015,"Other":10,"Other Year":2015},"AdultHIVPrev":{"countryName":"Ethiopia","countryCode":231,"startYear":1970,"endYear":2022,"values":[0.0,0.0,0.0,0.0,0.0,0.0,0.00811,0.01259,0.01949,0.0298,0.04545,0.06901,0.10381,0.1565,0.23581,0.35024,0.51531,0.73904,1.03598,1.40034,1.81767,2.24607,2.62501,2.92742,3.12337,3.20662,3.21362,3.15705,3.05904,2.92252,2.76149,2.58348,2.39496,2.21229,2.03759,1.8794,1.74416,1.63842,1.55718,1.48631,1.42174,1.36098,1.30302,1.24404,1.18461,1.1263,1.06726,1.00794,0.95028,0.89451,0.84127,0.78966,0.74025]},"SexRatio":{"countryName":"Ethiopia","countryCode":231,"startYear":1970,"endYear":2022,"values":[0.0,0.0,0.0,0.0,0.0,0.33,0.32,0.48,0.58,0.67,0.75,0.84,0.9,0.96,1.04,1.09,1.13,1.17,1.22,1.24,1.25,1.27,1.28,1.3,1.32,1.36,1.36,1.4,1.4,1.41,1.41,1.41,1.41,1.41,1.42,1.42,1.43,1.43,1.41,1.42,1.41,1.46,1.52,1.55,1.62,1.68,1.73,1.76,1.82,1.88,1.96,1.96,1.96]},"PercNotBFNotRecARVs":{"countryName":"Ethiopia","countryCode":231,"<2":16.28,"2-3":16.3,"4-5":16.38,"6-7":16.64,"8-9":17.24,"10-11":18.38,"12-13":20.26,"14-15":23.06,"16-17":26.88,"18-19":31.7,"20-21":37.35,"22-23":43.54,"24-25":49.96,"26-27":56.26,"28-29":62.2,"30-31":67.61,"32-33":72.39,"34-35":76.54},"PercNotBFRecARVs":{"countryName":"Ethiopia","countryCode":231,"<2":16.28,"2-3":16.3,"4-5":16.38,"6-7":16.64,"8-9":17.24,"10-11":18.38,"12-13":20.26,"14-15":23.06,"16-17":26.88,"18-19":31.7,"20-21":37.35,"22-23":43.54,"24-25":49.96,"26-27":56.26,"28-29":62.2,"30-31":67.61,"32-33":72.39,"34-35":76.54},"LocalAdjustmentFactor":{"countryName":"Ethiopia","countryCode":231,"nan":1.14},"NewARTPatAllocation":{"countryName":"Ethiopia","countryCode":231,"NewARTPatAllocationMethod":3,"ExpectedMortality":0.2,"ProportionEligible":0.8,"NotDefault":0}}