{"countryName":"France","subnatCode":0,"Incidence":{"countryName":"France","countryCode":250,"startYear":1970,"endYear":2022,"values":[0.0,0.00041,0.00041,0.00041,0.00041,0.00044,0.00089,0.00313,0.00782,0.01003,0.01043,0.0105,0.0105,0.0105,0.01051,0.01294,0.01569,0.01929,0.01933,0.01937,0.01961,0.02039,0.02173,0.02197,0.02201,0.02226,0.0223,0.02106,0.02004,0.02001,0.02111,0.02198,0.02286,0.02313,0.02316,0.0229,0.02256,0.02237,0.02219,0.02202,0.02233,0.02263,0.02269,0.02195,0.02124,0.02059,0.02027,0.02023,0.02004,0.02003,0.02003,0.02004,0.02004]},"AdultARTMale":{"countryName":"France","countryCode":250,"startYear":2000,"endYear":2022,"values":[76.55243,75.80918,74.73508,73.59956,72.4684,71.44185,71.5882,71.81669,72.10917,72.46517,72.80768,73.13541,73.49333,73.97508,74.85527,79.41908,80.06525,80.19183,79.93735,80.16668,79.21725,81.0,82.0]},"AdultARTFemale":{"countryName":"France","countryCode":250,"startYear":2000,"endYear":2022,"values":[64.729,67.2802,69.54955,71.72202,73.86223,76.00125,75.86772,75.7298,75.67237,75.68102,75.67992,75.67093,75.70039,75.89601,76.44218,80.07847,79.87082,79.75596,78.93109,79.42506,78.81976,80.0,81.0]},"MedianCD4AtInit":{"countryName":"France","countryCode":250,"startYear":2000,"endYear":2022,"values":[318.85764,332.40872,339.31531,342.28814,342.87742,342.08084,338.34351,333.9424,329.26022,324.61548,320.41874,316.78431,313.51362,310.11701,307.01641,311.33282,314.50505,313.54919,310.34072,308.08255,304.70888,298.81789,298.49108]},"PercLostToFollowup":{"countryName":"France","countryCode":250,"startYear":2000,"endYear":2022,"values":[3.5,3.5,3.5,3.5,3.5,3.5,3.5,3.5,3.5,3.5,3.5,3.5,3.5,3.5,3.5,3.5,3.5,3.5,3.5,3.5,3.5,3.5,3.5]},"ChildART":{"countryName":"France","countryCode":250,"startYear":2000,"endYear":2022,"values":[100.0,100.0,100.0,100.0,100.0,100.0,100.0,100.0,100.0,100.0,100.0,100.0,100.0,100.0,100.0,458.36415,405.89868,382.09113,340.73926,331.02553,361.60688,100.0,100.0]},"ChildCotrim":{"countryName":"France","countryCode":250,"startYear":2000,"endYear":2022,"values":[100.0,100.0,100.0,100.0,100.0,100.0,100.0,100.0,100.0,100.0,100.0,100.0,100.0,100.0,100.0,100.0,100.0,100.0,100.0,100.0,100.0,100.0,100.0]},"PMTCTSingleDoseNevirapine":{"countryName":"France","countryCode":250,"startYear":2000,"endYear":2022,"values":[0.0,0.0,0.0,0.0,0.0,0.0,0.0,0.0,0.0,0.0,0.0,0.0,0.0,0.0,0.0,0.0,0.0,0.0,0.0,0.0,0.0,0.0,0.0]},"PMTCTDualARV":{"countryName":"France","countryCode":250,"startYear":2000,"endYear":2022,"values":[0.0,0.0,0.0,0.0,0.0,0.0,0.0,0.0,0.0,0.0,0.0,0.0,0.0,0.0,0.0,0.0,0.0,0.0,0.0,0.0,0.0,0.0,0.0]},"PMTCTOptA":{"countryName":"France","countryCode":250,"startYear":2000,"endYear":2022,"values":[0.0,0.0,0.0,0.0,0.0,0.0,0.0,0.0,0.0,0.0,0.0,0.0,0.0,0.0,0.0,0.0,0.0,0.0,0.0,0.0,0.0,0.0,0.0]},"PMTCTOptB":{"countryName":"France","countryCode":250,"startYear":2000,"endYear":2022,"values":[0.0,0.0,0.0,0.0,0.0,0.0,0.0,0.0,0.0,0.0,0.0,0.0,0.0,0.0,0.0,0.0,0.0,0.0,0.0,0.0,0.0,0.0,0.0]},"PMTCTOptBPlusStartBefPreg":{"countryName":"France","countryCode":250,"startYear":2000,"endYear":2022,"values":[0.0,0.0,0.0,0.0,0.0,0.0,0.0,0.0,0.0,0.0,0.0,0.0,0.0,0.0,0.0,0.0,0.0,0.0,0.0,0.0,0.0,0.0,0.0]},"PMTCTOptBPlusStartDurPregGT4Wks":{"countryName":"France","countryCode":250,"startYear":2000,"endYear":2022,"values":[99.0,99.0,99.0,99.0,99.0,99.0,99.0,99.0,99.0,99.0,99.0,99.0,99.0,99.0,99.0,99.0,99.0,99.0,99.0,99.0,99.0,99.0,99.0]},"PMTCTOptBPlusStartDurPregLT4Wks":{"countryName":"France","countryCode":250,"startYear":2000,"endYear":2022,"values":[0.0,0.0,0.0,0.0,0.0,0.0,0.0,0.0,0.0,0.0,0.0,0.0,0.0,0.0,0.0,0.0,0.0,0.0,0.0,0.0,0.0,0.0,0.0]},"PMTCTPostnatalOptA":{"countryName":"France","countryCode":250,"startYear":2000,"endYear":2022,"values":[0.0,0.0,0.0,0.0,0.0,0.0,0.0,0.0,0.0,0.0,0.0,0.0,0.0,0.0,0.0,0.0,0.0,0.0,0.0,0.0,0.0,0.0,0.0]},"PMTCTPostnatalOptB":{"countryName":"France","countryCode":250,"startYear":2000,"endYear":2022,"values":[0.0,0.0,0.0,0.0,0.0,0.0,0.0,0.0,0.0,0.0,0.0,0.0,0.0,0.0,0.0,0.0,0.0,0.0,0.0,0.0,0.0,0.0,0.0]},"PercentHIVPopEligible":{"countryName":"France","countryCode":250,"TB\/HIV":5,"TB\/HIV Year":2009,"DC":40,"DC Year":2011,"FSW":2,"FSW Year":2015,"MSM":5,"MSM Year":2015,"IDU":0.5,"IDU Year":2015,"Other":10,"Other Year":2015},"AdultHIVPrev":{"countryName":"France","countryCode":250,"startYear":1970,"endYear":2022,"values":[0.0,0.0004,0.0008,0.00117,0.00151,0.00187,0.00263,0.00558,0.01305,0.02236,0.03159,0.04035,0.04847,0.05591,0.06265,0.07108,0.08132,0.09424,0.10627,0.11748,0.12809,0.13852,0.14911,0.15888,0.16757,0.17532,0.18217,0.19104,0.20244,0.21458,0.22775,0.24126,0.25509,0.2684,0.28098,0.29245,0.30275,0.31215,0.32077,0.32841,0.33535,0.34172,0.34736,0.35122,0.35354,0.35453,0.35514,0.35535,0.35486,0.35385,0.35234,0.3495,0.34726]},"SexRatio":{"countryName":"France","countryCode":250,"startYear":1970,"endYear":2022,"values":[0.45,0.45,0.45,0.45,0.45,0.45,0.45,0.45,0.45,0.45,0.45,0.45,0.45,0.45,0.46,0.46,0.46,0.46,0.46,0.46,0.46,0.46,0.46,0.46,0.46,0.46,0.46,0.46,0.46,0.46,0.46,0.46,0.46,0.46,0.46,0.47,0.47,0.48,0.48,0.48,0.48,0.48,0.48,0.48,0.49,0.52,0.54,0.54,0.55,0.55,0.55,0.55,0.55]},"PercNotBFNotRecARVs":{"countryName":"France","countryCode":250,"<2":100,"2-3":100,"4-5":100,"6-7":100,"8-9":100,"10-11":100,"12-13":100,"14-15":100,"16-17":100,"18-19":100,"20-21":100,"22-23":100,"24-25":100,"26-27":100,"28-29":100,"30-31":100,"32-33":100,"34-35":100},"PercNotBFRecARVs":{"countryName":"France","countryCode":250,"<2":100,"2-3":100,"4-5":100,"6-7":100,"8-9":100,"10-11":100,"12-13":100,"14-15":100,"16-17":100,"18-19":100,"20-21":100,"22-23":100,"24-25":100,"26-27":100,"28-29":100,"30-31":100,"32-33":100,"34-35":100},"LocalAdjustmentFactor":{"countryName":"France","countryCode":250,"nan":1},"NewARTPatAllocation":{"countryName":"France","countryCode":250,"NewARTPatAllocationMethod":3,"ExpectedMortality":0.2,"ProportionEligible":0.8,"NotDefault":0}}