{"countryName":"Gabon","subnatCode":0,"Incidence":{"countryName":"Gabon","countryCode":266,"startYear":1970,"endYear":2020,"values":[0.0,0.0,0.0,0.0,0.0,0.0,0.01028,0.00558,0.00782,0.01101,0.01546,0.02158,0.03089,0.04383,0.05869,0.08277,0.11659,0.15323,0.20348,0.26593,0.34967,0.45398,0.5659,0.67949,0.79627,0.89558,0.93808,0.88845,0.8349,0.72907,0.6307,0.53483,0.47584,0.40181,0.35946,0.34172,0.29,0.2692,0.25172,0.25338,0.21567,0.19889,0.18101,0.16007,0.13765,0.1229,0.10212,0.08516,0.07111,0.0634,0.06673]},"AdultARTMale":{"countryName":"Gabon","countryCode":266,"startYear":2000,"endYear":2020,"values":[0.0,1.53408,5.64654,8.06717,24.29528,49.44452,50.68431,54.39346,43.86064,51.35861,53.12872,58.27298,51.64484,66.27904,55.6717,66.52691,68.28585,80.02655,84.89665,61.2185,56.25812]},"AdultARTFemale":{"countryName":"Gabon","countryCode":266,"startYear":2000,"endYear":2020,"values":[0.0,0.70857,2.60946,3.75587,11.4894,24.24917,26.12247,29.47937,25.02742,30.02835,31.863,35.74347,48.14107,61.17949,47.42532,58.85875,68.28256,72.16414,73.80139,57.20377,53.15332]},"MedianCD4AtInit":{"countryName":"Gabon","countryCode":266,"startYear":2000,"endYear":2020,"values":[0.0,0.0,0.0,0.0,0.0,0.0,0.0,0.0,0.0,0.0,0.0,0.0,0.0,0.0,0.0,0.0,0.0,0.0,0.0,0.0,0.0]},"PercLostToFollowup":{"countryName":"Gabon","countryCode":266,"startYear":2000,"endYear":2020,"values":[0.0,0.0,0.0,0.0,0.0,0.0,0.0,0.0,0.0,0.0,0.0,0.0,0.0,0.0,0.0,0.0,9.71,8.69167,16.16,14.5,0.0]},"ChildART":{"countryName":"Gabon","countryCode":266,"startYear":2000,"endYear":2020,"values":[0.0,0.0,0.0,0.0,0.0,0.0,4.12584,5.34872,15.72294,16.20077,18.59277,20.84068,25.24857,31.27791,39.90861,50.92587,53.31044,53.19164,57.19129,20.76678,21.43856]},"ChildCotrim":{"countryName":"Gabon","countryCode":266,"startYear":2000,"endYear":2020,"values":[0.0,0.0,0.0,0.0,0.0,0.0,0.0,0.0,3.61132,4.01984,4.41638,5.1931,6.05868,13.76045,23.33693,22.22132,31.71484,23.95755,31.46731,11.89664,12.30029]},"PMTCTSingleDoseNevirapine":{"countryName":"Gabon","countryCode":266,"startYear":2000,"endYear":2020,"values":[0.0,0.0,0.0,0.8269,2.4438,2.46332,3.34936,6.47713,7.17798,1.90839,2.43708,2.97977,2.44486,2.44319,0.0,0.0,0.0,0.0,0.0,0.0,0.0]},"PMTCTDualARV":{"countryName":"Gabon","countryCode":266,"startYear":2000,"endYear":2020,"values":[0.0,0.0,0.0,0.0,0.0,0.0,0.0,7.80415,8.81225,3.26691,7.27875,0.0,0.0,0.0,0.0,0.0,0.0,0.0,0.0,0.0,0.0]},"PMTCTOptA":{"countryName":"Gabon","countryCode":266,"startYear":2000,"endYear":2020,"values":[0.0,0.0,0.0,0.0,0.0,0.0,0.0,0.0,0.0,0.0,0.0,11.42791,6.97116,5.77781,0.0,0.0,0.0,0.0,0.0,0.0,0.0]},"PMTCTOptB":{"countryName":"Gabon","countryCode":266,"startYear":2000,"endYear":2020,"values":[0.0,0.0,0.0,0.0,0.0,0.0,0.0,0.0,0.0,0.0,4.61421,5.79582,12.71989,6.93338,0.0,0.0,0.0,0.0,0.0,0.0,0.0]},"PMTCTOptBPlusStartBefPreg":{"countryName":"Gabon","countryCode":266,"startYear":2000,"endYear":2020,"values":[0.0,0.0,0.0,0.0,0.0,0.0,0.0,0.0,0.19227,0.67926,2.46958,3.4382,5.18707,17.20137,7.10255,9.70779,20.11544,8.87341,12.27249,10.09658,17.49939]},"PMTCTOptBPlusStartDurPregGT4Wks":{"countryName":"Gabon","countryCode":266,"startYear":2000,"endYear":2020,"values":[0.0,0.0,0.0,0.0,0.0,0.0,0.0,0.0,4.13374,12.80888,6.56388,6.81091,10.27503,15.48454,39.03115,45.64658,48.67733,46.68937,34.62852,49.39038,62.4238]},"PMTCTOptBPlusStartDurPregLT4Wks":{"countryName":"Gabon","countryCode":266,"startYear":2000,"endYear":2020,"values":[0.0,0.0,0.0,0.0,0.0,0.0,0.0,0.0,0.0,0.0,0.0,0.0,0.0,0.0,0.0,0.0,0.0,7.83355,21.42304,13.63792,9.80604]},"PMTCTPostnatalOptA":{"countryName":"Gabon","countryCode":266,"startYear":2000,"endYear":2020,"values":[0.0,0.0,0.0,0.0,0.0,0.0,0.0,0.0,0.0,0.0,0.0,0.0,0.0,0.0,0.0,0.0,0.0,0.0,0.0,0.0,0.0]},"PMTCTPostnatalOptB":{"countryName":"Gabon","countryCode":266,"startYear":2000,"endYear":2020,"values":[0.0,0.0,0.0,0.0,0.0,0.0,0.0,0.0,0.0,0.0,0.0,0.0,0.0,0.0,0.0,0.0,0.0,0.0,0.0,0.0,0.0]},"PercentHIVPopEligible":{"countryName":"Gabon","countryCode":266,"TB\/HIV":5,"TB\/HIV Year":2009,"DC":40,"DC Year":2014,"FSW":2,"FSW Year":2015,"MSM":5,"MSM Year":2015,"IDU":0.5,"IDU Year":2015,"Other":10,"Other Year":2014},"AdultHIVPrev":{"countryName":"Gabon","countryCode":266,"startYear":1970,"endYear":2020,"values":[0.0,0.0,0.0,0.0,0.0,0.0,0.01014,0.01522,0.02217,0.0318,0.04517,0.06343,0.08965,0.12688,0.17633,0.2462,0.34331,0.46943,0.63559,0.85059,1.13095,1.49094,1.93071,2.44406,3.02587,3.65131,4.26041,4.76576,5.16922,5.42937,5.56262,5.57946,5.5253,5.39826,5.23535,5.09581,4.95909,4.81518,4.66274,4.52183,4.36535,4.20395,4.04765,3.91086,3.78648,3.6648,3.54188,3.41905,3.28958,3.15705,3.03705]},"SexRatio":{"countryName":"Gabon","countryCode":266,"startYear":1970,"endYear":2020,"values":[0.45447,0.45447,0.45447,0.45447,0.45447,0.45447,0.64383,0.8332,1.00362,1.17405,1.32554,1.49596,1.62852,1.76107,1.89363,2.00724,2.10193,2.19661,2.29129,2.36703,2.42384,2.48065,2.51852,2.5564,2.57533,2.59427,2.6132,2.6132,2.6132,2.6132,2.6132,2.6132,2.6132,2.6132,2.6132,2.6132,2.6132,2.6132,2.6132,2.6132,2.6132,2.70789,2.80257,2.89725,2.99193,3.08661,3.18129,3.27597,3.37066,3.46534,3.56002]},"PercNotBFNotRecARVs":{"countryName":"Gabon","countryCode":266,"<2":53.93059,"2-3":54.03388,"4-5":54.93523,"6-7":58.1446,"8-9":64.8421,"10-11":73.86108,"12-13":82.3582,"14-15":88.64981,"16-17":92.75465,"18-19":95.30799,"20-21":96.88862,"22-23":97.88204,"24-25":98.52093,"26-27":98.9423,"28-29":99.22715,"30-31":99.42423,"32-33":99.56352,"34-35":99.66391},"PercNotBFRecARVs":{"countryName":"Gabon","countryCode":266,"<2":53.93059,"2-3":54.03388,"4-5":54.93523,"6-7":58.1446,"8-9":64.8421,"10-11":73.86108,"12-13":82.3582,"14-15":88.64981,"16-17":92.75465,"18-19":95.30799,"20-21":96.88862,"22-23":97.88204,"24-25":98.52093,"26-27":98.9423,"28-29":99.22715,"30-31":99.42423,"32-33":99.56352,"34-35":99.66391},"LocalAdjustmentFactor":{"countryName":"Gabon","countryCode":266,"value":1.24716}}