{"countryName":"Georgia","subnatCode":0,"Incidence":{"countryName":"Georgia","countryCode":268,"startYear":1970,"endYear":2022,"values":[0.0,0.0,0.0,0.0,0.0,0.0,0.0,0.0,0.0,0.0,0.0,0.0,0.0,0.0,0.0,0.0,0.0,1e-5,1e-5,1e-5,3e-5,4e-5,7e-5,0.00012,0.0002,0.00033,0.00056,0.00091,0.00147,0.00232,0.00356,0.00526,0.00744,0.01005,0.01293,0.01583,0.01854,0.02088,0.02279,0.02427,0.02535,0.02613,0.02668,0.02707,0.02728,0.02745,0.02749,0.02757,0.02762,0.02766,0.02768,0.02769,0.02774]},"AdultARTMale":{"countryName":"Georgia","countryCode":268,"startYear":2000,"endYear":2022,"values":[0.0,0.0,0.0,0.0,26.66701,52.64772,69.44355,64.57045,69.7587,72.03018,68.98616,77.02429,69.22104,56.34825,57.65347,52.46105,58.68571,63.34082,66.61938,70.61143,72.30254,72.85526,73.51689]},"AdultARTFemale":{"countryName":"Georgia","countryCode":268,"startYear":2000,"endYear":2022,"values":[0.0,0.0,0.0,0.0,30.49258,50.92359,61.47131,55.51576,58.41031,58.46416,66.56449,72.11557,68.07161,52.88479,60.2946,52.7441,59.01157,61.82831,64.02689,66.03892,65.78269,66.48255,67.39137]},"MedianCD4AtInit":{"countryName":"Georgia","countryCode":268,"startYear":2000,"endYear":2022,"values":[0.0,0.0,0.0,0.0,164.74668,171.99001,184.40924,189.37195,186.5032,186.15517,181.91323,182.97662,245.0518,307.19183,312.99003,378.88314,368.50095,356.47701,349.46999,347.83153,348.92237,348.89443,349.02553]},"PercLostToFollowup":{"countryName":"Georgia","countryCode":268,"startYear":2000,"endYear":2022,"values":[0.0,0.0,0.0,0.0,0.0,0.0,0.0,0.0,0.0,0.0,0.0,0.0,7.0,6.69,6.38,6.08,5.77,5.46,5.15,4.97,4.79,4.62,4.44]},"ChildART":{"countryName":"Georgia","countryCode":268,"startYear":2000,"endYear":2022,"values":[0.0,0.0,0.0,0.0,97.74263,250.05269,187.05268,153.3272,154.32694,125.79136,134.48149,119.54695,114.54017,117.07725,111.35408,104.53397,82.55867,81.64597,74.61389,71.41743,65.78966,66.45601,69.58267]},"ChildCotrim":{"countryName":"Georgia","countryCode":268,"startYear":2000,"endYear":2022,"values":[0.0,0.0,0.0,0.0,10.02793,25.37892,21.53851,32.81409,44.16906,44.10648,48.62572,48.35498,48.97353,47.90683,46.06862,48.24008,45.66513,47.54393,50.92968,49.80676,44.92166,43.54162,46.82578]},"PMTCTSingleDoseNevirapine":{"countryName":"Georgia","countryCode":268,"startYear":2000,"endYear":2022,"values":[0.0,0.0,0.0,0.0,0.0,0.0,0.0,0.0,0.0,0.0,0.0,0.0,0.0,0.0,0.0,0.0,0.0,0.0,0.0,0.0,0.0,0.0,0.0]},"PMTCTDualARV":{"countryName":"Georgia","countryCode":268,"startYear":2000,"endYear":2022,"values":[0.0,0.0,0.0,0.0,0.0,0.0,0.0,0.0,0.0,0.0,0.0,0.0,0.0,0.0,0.0,0.0,0.0,0.0,0.0,0.0,0.0,0.0,0.0]},"PMTCTOptA":{"countryName":"Georgia","countryCode":268,"startYear":2000,"endYear":2022,"values":[0.0,0.0,0.0,0.0,0.0,0.0,0.0,0.0,0.0,0.0,0.0,0.0,0.0,0.0,0.0,0.0,0.0,0.0,0.0,0.0,0.0,0.0,0.0]},"PMTCTOptB":{"countryName":"Georgia","countryCode":268,"startYear":2000,"endYear":2022,"values":[0.0,0.0,0.0,0.0,0.0,0.0,0.0,0.0,0.0,0.0,80.5,57.6,38.9,35.1,23.8,23.7,0.0,0.0,0.0,0.0,0.0,0.0,0.0]},"PMTCTOptBPlusStartBefPreg":{"countryName":"Georgia","countryCode":268,"startYear":2000,"endYear":2022,"values":[0.0,0.0,0.0,0.0,0.0,0.0,0.0,8.0,3.5,6.1,11.1,13.1,14.6,31.2,47.6,47.4,54.6,73.4,47.7,58.5,59.0,87.54627766599597,49.9]},"PMTCTOptBPlusStartDurPregGT4Wks":{"countryName":"Georgia","countryCode":268,"startYear":2000,"endYear":2022,"values":[0.0,0.0,0.0,0.0,0.0,0.0,4.8,0.0,6.9,0.0,0.0,0.0,4.9,15.6,25.5,25.4,27.3,22.0,13.9,19.5,16.2,11.453722334004024,25.0]},"PMTCTOptBPlusStartDurPregLT4Wks":{"countryName":"Georgia","countryCode":268,"startYear":2000,"endYear":2022,"values":[0.0,0.0,0.0,0.0,0.0,0.0,0.0,0.0,0.0,0.0,0.0,0.0,0.0,0.0,0.0,0.0,0.0,0.0,0.0,0.0,0.0,0.0,0.0]},"PMTCTPostnatalOptA":{"countryName":"Georgia","countryCode":268,"startYear":2000,"endYear":2022,"values":[0.0,0.0,0.0,0.0,0.0,0.0,0.0,0.0,0.0,0.0,0.0,0.0,0.0,0.0,0.0,0.0,0.0,0.0,0.0,0.0,0.0,0.0,0.0]},"PMTCTPostnatalOptB":{"countryName":"Georgia","countryCode":268,"startYear":2000,"endYear":2022,"values":[0.0,0.0,0.0,0.0,0.0,0.0,0.0,0.0,0.0,0.0,0.0,0.0,0.0,0.0,0.0,0.0,0.0,0.0,0.0,0.0,0.0,0.0,0.0]},"PercentHIVPopEligible":{"countryName":"Georgia","countryCode":268,"TB\/HIV":10,"TB\/HIV Year":2014,"DC":43.9,"DC Year":2011,"FSW":6.03,"FSW Year":2015,"MSM":27.77,"MSM Year":2015,"IDU":25.25,"IDU Year":2015,"Other":10,"Other Year":2015},"AdultHIVPrev":{"countryName":"Georgia","countryCode":268,"startYear":1970,"endYear":2022,"values":[0.0,0.0,0.0,0.0,0.0,0.0,0.0,0.0,0.0,0.0,0.0,0.0,0.0,0.0,0.0,0.0,0.0,1e-5,2e-5,3e-5,6e-5,9e-5,0.00016,0.00027,0.00045,0.00075,0.00125,0.00208,0.0034,0.00548,0.00864,0.01329,0.01987,0.02866,0.03994,0.05376,0.06982,0.08762,0.10655,0.12606,0.1467,0.16727,0.18751,0.20711,0.22426,0.24026,0.25566,0.26977,0.28268,0.29427,0.30447,0.31353,0.32163]},"SexRatio":{"countryName":"Georgia","countryCode":268,"startYear":1970,"endYear":2022,"values":[0.24,0.24,0.24,0.24,0.24,0.24,0.24,0.24,0.24,0.24,0.24,0.24,0.24,0.24,0.24,0.24,0.24,0.24,0.24,0.26,0.27,0.29,0.3,0.31,0.33,0.34,0.35,0.36,0.37,0.38,0.39,0.39,0.4,0.4,0.41,0.41,0.41,0.42,0.42,0.42,0.42,0.42,0.42,0.42,0.42,0.42,0.42,0.42,0.42,0.42,0.42,0.42,0.42]},"PercNotBFNotRecARVs":{"countryName":"Georgia","countryCode":268,"<2":4.8,"2-3":25.8,"4-5":35.1,"6-7":53.7,"8-9":49,"10-11":66.5,"12-13":75.8,"14-15":61,"16-17":69.3,"18-19":82.1,"20-21":89.2,"22-23":90.9,"24-25":82.2,"26-27":98,"28-29":92.2,"30-31":96.4,"32-33":97.4,"34-35":93.5},"PercNotBFRecARVs":{"countryName":"Georgia","countryCode":268,"<2":100,"2-3":100,"4-5":100,"6-7":100,"8-9":100,"10-11":100,"12-13":100,"14-15":100,"16-17":100,"18-19":100,"20-21":100,"22-23":100,"24-25":100,"26-27":100,"28-29":100,"30-31":100,"32-33":100,"34-35":100},"LocalAdjustmentFactor":{"countryName":"Georgia","countryCode":268,"value":1.23},"NewARTPatAllocation":{"countryName":"Georgia","countryCode":268,"NewARTPatAllocationMethod":3,"ExpectedMortality":0.1,"ProportionEligible":0.9,"NotDefault":1}}