{"countryName":"Georgia","subnatCode":0,"Incidence":{"countryName":"Georgia","countryCode":268,"startYear":1970,"endYear":2020,"values":[0.0,0.0,0.0,0.0,0.0,0.0,0.0,0.0,0.0,0.0,0.0,0.0,0.0,0.0,0.0,0.0,0.0,0.0,0.0,0.0,0.0,0.0,0.0,1e-5,3e-5,6e-5,0.00014,0.00029,0.00061,0.00118,0.00215,0.00363,0.00565,0.00811,0.01077,0.01298,0.01476,0.01632,0.01821,0.01992,0.02179,0.02389,0.02556,0.02606,0.02709,0.02813,0.0289,0.02904,0.02959,0.03053,0.0315]},"AdultARTMale":{"countryName":"Georgia","countryCode":268,"startYear":2000,"endYear":2020,"values":[0.0,0.0,0.0,0.0,38.42187,73.3974,94.42175,86.14753,91.38518,92.77547,87.85428,96.73785,82.51419,63.32136,62.60965,52.82153,57.89285,61.40483,63.55977,66.31457,66.79619]},"AdultARTFemale":{"countryName":"Georgia","countryCode":268,"startYear":2000,"endYear":2020,"values":[0.0,0.0,0.0,0.0,41.14196,65.71112,77.03982,68.30321,71.07729,70.58115,80.29707,86.61917,79.42385,57.87218,64.65587,53.74085,59.11564,61.02708,62.32083,63.37643,62.20711]},"MedianCD4AtInit":{"countryName":"Georgia","countryCode":268,"startYear":2000,"endYear":2020,"values":[0.0,0.0,0.0,0.0,0.0,0.0,0.0,0.0,0.0,0.0,0.0,0.0,0.0,0.0,0.0,0.0,0.0,0.0,0.0,0.0,0.0]},"PercLostToFollowup":{"countryName":"Georgia","countryCode":268,"startYear":2000,"endYear":2020,"values":[0.0,0.0,0.0,0.0,0.0,0.0,0.0,0.0,0.0,0.0,0.0,0.0,7.0,6.69231,6.38462,6.07692,5.76923,5.46154,5.15385,4.84615,0.8]},"ChildART":{"countryName":"Georgia","countryCode":268,"startYear":2000,"endYear":2020,"values":[0.0,0.0,0.0,0.0,96.44271,100.0,100.0,100.0,100.0,88.69,86.61954,71.13999,67.07635,71.15958,68.2425,68.25301,57.09717,55.28165,50.85262,48.16595,43.12652]},"ChildCotrim":{"countryName":"Georgia","countryCode":268,"startYear":2000,"endYear":2020,"values":[0.0,0.0,0.0,0.0,9.61625,22.63401,18.68814,24.86483,28.89335,26.80801,29.11483,27.65215,26.36207,28.46047,33.37332,41.02074,35.01567,35.38673,33.51633,31.1928,25.21925]},"PMTCTSingleDoseNevirapine":{"countryName":"Georgia","countryCode":268,"startYear":2000,"endYear":2020,"values":[0.0,0.0,0.0,0.0,0.0,0.0,0.0,0.0,0.0,0.0,0.0,0.0,0.0,0.0,0.0,0.0,0.0,0.0,0.0,0.0,0.0]},"PMTCTDualARV":{"countryName":"Georgia","countryCode":268,"startYear":2000,"endYear":2020,"values":[0.0,0.0,0.0,0.0,0.0,0.0,0.0,0.0,0.0,0.0,0.0,0.0,0.0,0.0,0.0,0.0,0.0,0.0,0.0,0.0,0.0]},"PMTCTOptA":{"countryName":"Georgia","countryCode":268,"startYear":2000,"endYear":2020,"values":[0.0,0.0,0.0,0.0,0.0,0.0,0.0,0.0,0.0,0.0,0.0,0.0,0.0,0.0,0.0,0.0,0.0,0.0,0.0,0.0,0.0]},"PMTCTOptB":{"countryName":"Georgia","countryCode":268,"startYear":2000,"endYear":2020,"values":[0.0,0.0,0.0,0.0,0.0,0.0,0.0,0.0,0.0,0.0,46.83306,33.40084,21.31707,21.68584,15.60344,22.66897,0.0,0.0,0.0,0.0,0.0]},"PMTCTOptBPlusStartBefPreg":{"countryName":"Georgia","countryCode":268,"startYear":2000,"endYear":2020,"values":[0.0,0.0,0.0,0.0,0.0,0.0,0.0,7.22122,2.43984,3.80119,6.45973,7.5911,7.9939,19.2763,31.20689,45.33795,44.39078,61.76913,34.71112,42.74561,41.90402]},"PMTCTOptBPlusStartDurPregGT4Wks":{"countryName":"Georgia","countryCode":268,"startYear":2000,"endYear":2020,"values":[0.0,0.0,0.0,0.0,0.0,0.0,4.68733,0.0,4.87967,0.0,0.0,0.0,2.66463,9.63815,16.71797,24.28819,22.19539,18.53074,10.12408,14.24854,11.46847]},"PMTCTOptBPlusStartDurPregLT4Wks":{"countryName":"Georgia","countryCode":268,"startYear":2000,"endYear":2020,"values":[0.0,0.0,0.0,0.0,0.0,0.0,0.0,0.0,0.0,0.0,0.0,0.0,0.0,0.0,0.0,0.0,0.0,0.0,0.0,0.0,0.0]},"PMTCTPostnatalOptA":{"countryName":"Georgia","countryCode":268,"startYear":2000,"endYear":2020,"values":[0.0,0.0,0.0,0.0,0.0,0.0,0.0,0.0,0.0,0.0,0.0,0.0,0.0,0.0,0.0,0.0,0.0,0.0,0.0,0.0,0.0]},"PMTCTPostnatalOptB":{"countryName":"Georgia","countryCode":268,"startYear":2000,"endYear":2020,"values":[0.0,0.0,0.0,0.0,0.0,0.0,0.0,0.0,0.0,0.0,0.0,0.0,0.0,0.0,0.0,0.0,0.0,0.0,0.0,0.0,0.0]},"PercentHIVPopEligible":{"countryName":"Georgia","countryCode":268,"TB\/HIV":10,"TB\/HIV Year":2014,"DC":43.9,"DC Year":2011,"FSW":6.03,"FSW Year":2015,"MSM":27.77,"MSM Year":2015,"IDU":25.25,"IDU Year":2015,"Other":10,"Other Year":2015},"AdultHIVPrev":{"countryName":"Georgia","countryCode":268,"startYear":1970,"endYear":2020,"values":[0.0,0.0,0.0,0.0,0.0,0.0,0.0,0.0,0.0,0.0,0.0,0.0,0.0,0.0,0.0,0.0,0.0,0.0,0.0,0.0,0.0,0.0,0.0,1e-5,4e-5,0.0001,0.00024,0.00053,0.00113,0.00229,0.00436,0.00782,0.01313,0.02062,0.03045,0.04236,0.05594,0.07089,0.08748,0.1055,0.1251,0.14645,0.16893,0.19114,0.21351,0.23601,0.25826,0.28003,0.30177,0.32369,0.34591]},"SexRatio":{"countryName":"Georgia","countryCode":268,"startYear":1970,"endYear":2020,"values":[0.24,0.24,0.24,0.24,0.24,0.24,0.24,0.24,0.24,0.24,0.24,0.24,0.24,0.24,0.24,0.24,0.24,0.256,0.272,0.286,0.3,0.313,0.327,0.338,0.349,0.36,0.369,0.377,0.385,0.393,0.399,0.404,0.409,0.412,0.415,0.417,0.418,0.42,0.42,0.42,0.42,0.42,0.42,0.42,0.42,0.42,0.42,0.42,0.42,0.42,0.42]},"PercNotBFNotRecARVs":{"countryName":"Georgia","countryCode":268,"<2":4.8,"2-3":25.8,"4-5":35.1,"6-7":53.7,"8-9":49,"10-11":66.5,"12-13":75.8,"14-15":61,"16-17":69.3,"18-19":82.1,"20-21":89.2,"22-23":90.9,"24-25":82.2,"26-27":98,"28-29":92.2,"30-31":96.4,"32-33":97.4,"34-35":93.5},"PercNotBFRecARVs":{"countryName":"Georgia","countryCode":268,"<2":4.8,"2-3":25.8,"4-5":35.1,"6-7":53.7,"8-9":49,"10-11":66.5,"12-13":75.8,"14-15":61,"16-17":69.3,"18-19":82.1,"20-21":89.2,"22-23":90.9,"24-25":82.2,"26-27":98,"28-29":92.2,"30-31":96.4,"32-33":97.4,"34-35":93.5},"LocalAdjustmentFactor":{"countryName":"Georgia","countryCode":268,"value":1.3}}