{"countryCode":268,"subnatCode":0,"Incidence":{"countryName":"Georgia","countryCode":268,"startYear":1970,"endYear":2023,"values":[0.0,0.0,0.0,0.0,0.0,0.0,0.0,9.97308066465628e-6,9.98308941287789e-6,9.99351840933127e-6,9.97785715392326e-6,9.98986400179396e-6,9.98162840310313e-6,9.97451889883149e-6,9.97774052903026e-6,9.98365851448983e-6,9.9961774418832e-6,1.00040957770193e-5,1.0005527460989e-5,1.00764182353003e-5,1.00883269272942e-5,1.00752431116319e-5,0.0,0.0,2.01934988524402e-5,9.079645593855e-5,0.000252660002847885,0.000536158917686008,0.00101164825229659,0.0017308817259497,0.0027747238782202,0.00404972770903049,0.00550064289371147,0.00713218657955797,0.00891329895375504,0.0108445116532272,0.0128914742719763,0.0150455184934598,0.0172883011069523,0.0195898669889358,0.0219183183727706,0.0242721161537273,0.0265491577139899,0.0285543855626837,0.0301528121826468,0.0314140959763232,0.0322066255930639,0.0326630304790787,0.032710653563416,0.0323312433080184,0.0315208848031718,0.0303274449050508,0.0288002638904242,0.0268532130638418]},"AdultARTMale":{"countryName":"Georgia","countryCode":268,"startYear":2000,"endYear":2023,"values":[0.0,0.0,0.0,0.0,7.28138694799474,16.1053905202225,23.6770295987555,24.0576435395589,27.900834407934,30.5330277103935,30.6444301029479,35.6088615042668,45.1495174389873,49.3611425495948,51.2220274558568,55.9176078349834,60.6764199356381,63.7295075031044,65.5109800720512,68.2083573539556,68.9568625460214,68.9419626482112,69.3880079384857,71.5429970292539]},"AdultARTFemale":{"countryName":"Georgia","countryCode":268,"startYear":2000,"endYear":2023,"values":[0.0,0.0,0.0,0.0,8.46950309266552,15.7814552513877,21.2093916276896,21.0256784699728,23.9285578171366,25.6238957055879,31.0869249794449,35.7142962758383,49.2189658866891,53.2719092965707,62.3880642389305,64.7167152498454,70.4701085538524,72.0505194038464,73.0157970037262,73.9742107467479,72.6436239008042,72.658163881192,73.254885098348,74.6309003027957]},"PercLostToFollowup":{"countryName":"Georgia","countryCode":268,"startYear":2000,"endYear":2023,"values":[0.0,0.0,0.0,0.0,0.0,0.0,0.0,0.0,0.0,0.0,0.0,0.0,7.0,6.69,6.38,6.08,5.77,5.46,5.15,4.97,4.79,4.62,4.44,4.44]},"ChildART":{"countryName":"Georgia","countryCode":268,"startYear":2000,"endYear":2023,"values":[0.0,0.0,0.0,0.0,71.0434146306808,100.0,100.0,100.0,100.0,100.0,100.0,100.0,100.0,100.0,100.0,100.0,100.0,100.0,91.9435834172152,85.0468220554003,76.0606522128489,74.5726667894994,74.6177307007014,64.9133739796319]},"ChildCotrim":{"countryName":"Georgia","countryCode":268,"startYear":2000,"endYear":2023,"values":[0.0,0.0,0.0,0.0,26.7004159924812,63.7648207661981,47.5640658239107,67.3067689968868,82.9045326671494,75.4383710269237,76.5341321455819,70.2323571098967,65.890076092901,57.399811499019,49.1793352121889,52.89063802775,47.1220273043465,46.173870953069,51.3993414850454,51.7440028700674,45.1410739168964,45.1046890834771,47.0890502149783,41.0279474616064]},"PMTCTSingleDoseNevirapine":{"countryName":"Georgia","countryCode":268,"startYear":2000,"endYear":2023,"values":[0.0,0.0,0.0,0.0,0.0,0.0,0.0,0.0,0.0,0.0,0.0,0.0,0.0,0.0,0.0,0.0,0.0,0.0,0.0,0.0,0.0,0.0,0.0,0.0]},"PMTCTDualARV":{"countryName":"Georgia","countryCode":268,"startYear":2000,"endYear":2023,"values":[0.0,0.0,0.0,0.0,0.0,0.0,0.0,0.0,0.0,0.0,0.0,0.0,0.0,0.0,0.0,0.0,0.0,0.0,0.0,0.0,0.0,0.0,0.0,0.0]},"PMTCTOptA":{"countryName":"Georgia","countryCode":268,"startYear":2000,"endYear":2023,"values":[0.0,0.0,0.0,0.0,0.0,0.0,0.0,0.0,0.0,0.0,0.0,0.0,0.0,0.0,0.0,0.0,0.0,0.0,0.0,0.0,0.0,0.0,0.0,0.0]},"PMTCTOptB":{"countryName":"Georgia","countryCode":268,"startYear":2000,"endYear":2023,"values":[0.0,0.0,0.0,0.0,0.0,0.0,0.0,0.0,0.0,0.0,0.0,87.8787878787879,69.1888519147858,35.7977792400176,31.2159388583811,24.1867967040998,24.5614035087719,0.0,0.0,0.0,0.0,0.0,0.0,0.0]},"PMTCTOptBPlusStartBefPreg":{"countryName":"Georgia","countryCode":268,"startYear":2000,"endYear":2023,"values":[0.0,0.0,0.0,0.0,0.0,0.0,0.0,0.0,12.9766906194748,5.11746894080163,8.50034745170209,12.1212121212121,15.7247390715422,13.4241672150066,27.7475012074499,48.3735934081995,49.1228070175439,52.501853315422,76.9230769230769,52.1069329794115,60.1043652197676,63.2423342809697,88.4615384615385,46.7077824896416]},"PMTCTOptBPlusStartDurPregGT4Wks":{"countryName":"Georgia","countryCode":268,"startYear":2000,"endYear":2023,"values":[0.0,0.0,0.0,0.0,0.0,0.0,0.0,8.36130188814919,0.0,10.2349378816033,0.0,0.0,0.0,4.4747224050022,13.8737506037249,25.9144250401069,26.3157894736842,26.250926657711,23.0769230769231,15.1978554523283,20.0347884065892,17.308433164676,11.5384615384615,23.3538912448208]},"PMTCTOptBPlusStartDurPregLT4Wks":{"countryName":"Georgia","countryCode":268,"startYear":2000,"endYear":2023,"values":[0.0,0.0,0.0,0.0,0.0,0.0,0.0,0.0,0.0,0.0,0.0,0.0,0.0,0.0,0.0,0.0,0.0,0.0,0.0,0.0,0.0,0.0,0.0,0.0]},"AdultHIVPrev":{"countryName":"Georgia","countryCode":268,"startYear":1970,"endYear":2023,"values":[0.0,0.0,0.0,0.0,0.0,0.0,0.0,9.88469653636974e-6,1.92826363112624e-5,2.81079835900474e-5,3.61844242028098e-5,4.36877716184816e-5,5.04371169347463e-5,5.64898934566549e-5,6.18092788792385e-5,6.64167363266156e-5,7.03931458702818e-5,7.3753649924808e-5,7.66040466924134e-5,7.92694495862343e-5,8.11183651689314e-5,8.27232784207668e-5,7.42976293008491e-5,6.609741772174e-5,7.7862696982676e-5,0.000157919370067507,0.000391929106285442,0.000890576845578943,0.00182585101722042,0.00340400420647425,0.00589272196897162,0.00946610508082023,0.01426189239608,0.0203804875704154,0.0279882373962501,0.0372929922104832,0.0483206541842869,0.0611701829938577,0.0758091244135538,0.0922056038205428,0.11094572248302,0.131347943456186,0.153289440439999,0.176606571509798,0.199602594714963,0.222816217412706,0.246116699602724,0.268687848810373,0.290022330466878,0.309415233857959,0.326355260732069,0.340606566591601,0.351909030201788,0.359643542705271]},"SexRatio":{"countryName":"Georgia","countryCode":268,"startYear":1970,"endYear":2023,"values":[0.28375,0.28375,0.28375,0.28375,0.28375,0.28375,0.28375,0.28375,0.28375,0.28375,0.28375,0.29124,0.29834,0.30505,0.31137,0.3173,0.32284,0.32801,0.33281,0.33727,0.34139,0.3452,0.3487,0.35193,0.35489,0.3576,0.36008,0.36235,0.36442,0.36631,0.36803,0.36959,0.37102,0.37231,0.37348,0.37455,0.37551,0.37639,0.37718,0.3779,0.37855,0.37914,0.37967,0.38015,0.38058,0.38098,0.38133,0.38165,0.38194,0.3822,0.38244,0.38244,0.38244,0.38244]},"PercNotBFNotRecARVs":{"countryName":"Georgia","countryCode":268,"<2":4.8,"2-3":25.8,"4-5":35.1,"6-7":53.7,"8-9":49.0,"10-11":66.5,"12-13":75.8,"14-15":61.0,"16-17":69.3,"18-19":82.1,"20-21":89.2,"22-23":90.9,"24-25":82.2,"26-27":98.0,"28-29":92.2,"30-31":96.4,"32-33":97.4,"34-35":93.5},"PercNotBFRecARVs":{"countryName":"Georgia","countryCode":268,"<2":100.0,"2-3":100.0,"4-5":100.0,"6-7":100.0,"8-9":100.0,"10-11":100.0,"12-13":100.0,"14-15":100.0,"16-17":100.0,"18-19":100.0,"20-21":100.0,"22-23":100.0,"24-25":100.0,"26-27":100.0,"28-29":100.0,"30-31":100.0,"32-33":100.0,"34-35":100.0},"LocalAdjustmentFactor":{"countryName":"Georgia","countryCode":268,"value":1.0},"NewARTPatAllocation":{"countryName":"Georgia","countryCode":268,"NewARTPatAllocationMethod":3.0,"ExpectedMortality":0.1,"ProportionEligible":0.9}}