{"countryCode":268,"subnatCode":0,"Incidence":{"countryName":"Georgia","countryCode":268,"startYear":1970,"endYear":2022,"values":[0.0,0.0,0.0,0.0,0.0,0.0,0.0,0.0,0.0,0.0,0.0,0.0,0.0,0.0,0.0,0.0,0.0,1e-5,1e-5,1e-5,3e-5,4e-5,7e-5,0.00012,0.0002,0.00033,0.00056,0.00091,0.00147,0.00232,0.00356,0.00526,0.00744,0.01005,0.01293,0.01583,0.01854,0.02088,0.02279,0.02427,0.02535,0.02613,0.02668,0.02707,0.02728,0.02745,0.02749,0.02757,0.02762,0.02766,0.02768,0.02769,0.02774]},"AdultARTMale":{"countryName":"Georgia","countryCode":268,"startYear":2000,"endYear":2022,"values":[0.0,0.0,0.0,0.0,25.87493,51.05078,67.20649,62.353,67.24627,47.23155,46.71605,53.86641,68.05034,54.85616,56.01903,62.04924,56.76366,61.09359,64.12555,67.8816,69.46212,69.99018,70.65424]},"AdultARTFemale":{"countryName":"Georgia","countryCode":268,"startYear":2000,"endYear":2022,"values":[0.0,0.0,0.0,0.0,30.38647,50.73802,61.23151,55.28538,58.15581,38.64837,45.55891,51.21115,69.42143,53.30529,60.64954,63.67357,59.06667,61.77541,63.87148,65.79865,65.48511,66.14287,67.02403]},"MedianCD4AtInit":{"countryName":"Georgia","countryCode":268,"startYear":2000,"endYear":2022,"values":[0.0,0.0,0.0,0.0,164.43055,171.18479,182.28296,186.40223,183.31523,235.66861,231.92562,225.95582,228.11664,305.67781,314.84227,305.41617,380.41612,371.60727,359.13473,351.33841,347.68955,344.78057,342.78629]},"PercLostToFollowup":{"countryName":"Georgia","countryCode":268,"startYear":2000,"endYear":2022,"values":[0.0,0.0,0.0,0.0,0.0,0.0,0.0,0.0,0.0,0.0,0.0,0.0,7.0,6.69,6.38,6.08,5.77,5.46,5.15,4.97,4.79,4.62,4.44]},"ChildART":{"countryName":"Georgia","countryCode":268,"startYear":2000,"endYear":2022,"values":[0.0,0.0,0.0,0.0,96.17905,99.0,99.0,99.0,99.0,99.0,99.0,99.0,99.0,99.0,99.0,99.0,89.1531,86.7806,73.3511,70.23902,64.7136,65.12812,68.06023]},"ChildCotrim":{"countryName":"Georgia","countryCode":268,"startYear":2000,"endYear":2022,"values":[0.0,0.0,0.0,0.0,9.68573,24.59164,20.99961,32.0123,43.43178,43.79022,48.6854,48.5305,49.18982,48.09226,46.17257,49.74072,45.7038,47.27888,49.91607,46.8038,42.37665,43.09741,47.3195]},"PMTCTSingleDoseNevirapine":{"countryName":"Georgia","countryCode":268,"startYear":2000,"endYear":2022,"values":[0.0,0.0,0.0,0.0,0.0,0.0,0.0,0.0,0.0,0.0,0.0,0.0,0.0,0.0,0.0,0.0,0.0,0.0,0.0,0.0,0.0,0.0,0.0]},"PMTCTDualARV":{"countryName":"Georgia","countryCode":268,"startYear":2000,"endYear":2022,"values":[0.0,0.0,0.0,0.0,0.0,0.0,0.0,0.0,0.0,0.0,0.0,0.0,0.0,0.0,0.0,0.0,0.0,0.0,0.0,0.0,0.0,0.0,0.0]},"PMTCTOptA":{"countryName":"Georgia","countryCode":268,"startYear":2000,"endYear":2022,"values":[0.0,0.0,0.0,0.0,0.0,0.0,0.0,0.0,0.0,0.0,0.0,0.0,0.0,0.0,0.0,0.0,0.0,0.0,0.0,0.0,0.0,0.0,0.0]},"PMTCTOptB":{"countryName":"Georgia","countryCode":268,"startYear":2000,"endYear":2022,"values":[0.0,0.0,0.0,0.0,0.0,0.0,0.0,0.0,0.0,0.0,80.5,57.6,38.9,35.1,23.8,23.7,0.0,0.0,0.0,0.0,0.0,0.0,0.0]},"PMTCTOptBPlusStartBefPreg":{"countryName":"Georgia","countryCode":268,"startYear":2000,"endYear":2022,"values":[0.0,0.0,0.0,0.0,0.0,0.0,0.0,8.0,3.5,6.1,11.1,13.1,14.6,31.2,47.6,47.4,54.6,73.4,47.7,58.5,59.0,87.9,49.9]},"PMTCTOptBPlusStartDurPregGT4Wks":{"countryName":"Georgia","countryCode":268,"startYear":2000,"endYear":2022,"values":[0.0,0.0,0.0,0.0,0.0,0.0,4.8,0.0,6.9,0.0,0.0,0.0,4.9,15.6,25.5,25.4,27.3,22.0,13.9,19.5,16.2,11.5,25.0]},"PMTCTOptBPlusStartDurPregLT4Wks":{"countryName":"Georgia","countryCode":268,"startYear":2000,"endYear":2022,"values":[0.0,0.0,0.0,0.0,0.0,0.0,0.0,0.0,0.0,0.0,0.0,0.0,0.0,0.0,0.0,0.0,0.0,0.0,0.0,0.0,0.0,0.0,0.0]},"PMTCTPostnatalOptA":{"countryName":"Georgia","countryCode":268,"startYear":2000,"endYear":2022,"values":[0.0,0.0,0.0,0.0,0.0,0.0,0.0,0.0,0.0,0.0,0.0,0.0,0.0,0.0,0.0,0.0,0.0,0.0,0.0,0.0,0.0,0.0,0.0]},"PMTCTPostnatalOptB":{"countryName":"Georgia","countryCode":268,"startYear":2000,"endYear":2022,"values":[0.0,0.0,0.0,0.0,0.0,0.0,0.0,0.0,0.0,0.0,0.0,0.0,0.0,0.0,0.0,0.0,0.0,0.0,0.0,0.0,0.0,0.0,0.0]},"PercentHIVPopEligible":{"countryName":"Georgia","countryCode":268,"TB\/HIV":10,"TB\/HIV Year":2014,"DC":43.9,"DC Year":2011,"FSW":6.03,"FSW Year":2015,"MSM":27.77,"MSM Year":2015,"IDU":25.25,"IDU Year":2015,"Other":10,"Other Year":2015},"AdultHIVPrev":{"countryName":"Georgia","countryCode":268,"startYear":1970,"endYear":2022,"values":[0.0,0.0,0.0,0.0,0.0,0.0,0.0,0.0,0.0,0.0,0.0,0.0,0.0,0.0,0.0,0.0,0.0,1e-5,2e-5,3e-5,6e-5,0.0001,0.00016,0.00027,0.00046,0.00076,0.00127,0.00211,0.00345,0.00555,0.00877,0.01348,0.02017,0.02912,0.04061,0.05472,0.07117,0.08947,0.10896,0.12903,0.14998,0.17066,0.19137,0.21185,0.22992,0.24693,0.26345,0.27872,0.2926,0.30495,0.31568,0.32504,0.33326]},"SexRatio":{"countryName":"Georgia","countryCode":268,"startYear":1970,"endYear":2022,"values":[0.24,0.24,0.24,0.24,0.24,0.24,0.24,0.24,0.24,0.24,0.24,0.24,0.24,0.24,0.24,0.24,0.24,0.24,0.24,0.26,0.27,0.29,0.3,0.31,0.33,0.34,0.35,0.36,0.37,0.38,0.39,0.39,0.4,0.4,0.41,0.41,0.41,0.42,0.42,0.42,0.42,0.42,0.42,0.42,0.42,0.42,0.42,0.42,0.42,0.42,0.42,0.42,0.42]},"PercNotBFNotRecARVs":{"countryName":"Georgia","countryCode":268,"<2":4.8,"2-3":25.8,"4-5":35.1,"6-7":53.7,"8-9":49,"10-11":66.5,"12-13":75.8,"14-15":61,"16-17":69.3,"18-19":82.1,"20-21":89.2,"22-23":90.9,"24-25":82.2,"26-27":98,"28-29":92.2,"30-31":96.4,"32-33":97.4,"34-35":93.5},"PercNotBFRecARVs":{"countryName":"Georgia","countryCode":268,"<2":100,"2-3":100,"4-5":100,"6-7":100,"8-9":100,"10-11":100,"12-13":100,"14-15":100,"16-17":100,"18-19":100,"20-21":100,"22-23":100,"24-25":100,"26-27":100,"28-29":100,"30-31":100,"32-33":100,"34-35":100},"LocalAdjustmentFactor":{"countryName":"Georgia","countryCode":268,"value":1.23},"NewARTPatAllocation":{"countryName":"Georgia","countryCode":268,"NewARTPatAllocationMethod":3,"ExpectedMortality":0.1,"ProportionEligible":0.9,"NotDefault":1}}