{"countryCode":288,"subnatCode":0,"Incidence":{"countryName":"Ghana","countryCode":288,"startYear":1970,"endYear":2022,"values":[0.0,0.0,0.0,0.0,0.0,0.0,0.0122,0.00725,0.01037,0.0155,0.02221,0.03407,0.04764,0.06623,0.093,0.12935,0.17472,0.2204,0.27433,0.33256,0.37024,0.40051,0.41759,0.40634,0.39545,0.36421,0.33724,0.3072,0.28292,0.25675,0.23664,0.21942,0.20218,0.18851,0.17697,0.16668,0.15921,0.15096,0.13906,0.13609,0.13572,0.13032,0.12881,0.12581,0.12842,0.1268,0.12417,0.12534,0.12425,0.12115,0.11084,0.0931,0.08074]},"AdultARTMale":{"countryName":"Ghana","countryCode":288,"startYear":2000,"endYear":2022,"values":[0.0,0.0,0.0,0.2642,2.37311,4.70514,8.42293,14.21878,23.37296,22.39051,28.76922,28.42347,30.76808,28.12285,29.50393,19.84855,20.31231,22.82631,25.388,28.37897,39.13998,46.17277,66.48424]},"AdultARTFemale":{"countryName":"Ghana","countryCode":288,"startYear":2000,"endYear":2022,"values":[0.0,0.0,0.0,0.1814,1.62008,3.22994,5.82728,9.95734,17.05792,16.37209,21.29868,26.04859,30.82596,29.39573,31.37744,35.00734,34.9642,37.5718,39.99755,42.43137,55.28606,62.90632,63.09815]},"MedianCD4AtInit":{"countryName":"Ghana","countryCode":288,"startYear":2000,"endYear":2022,"values":[0.0,0.0,0.0,133.53167,132.92513,132.75177,131.93105,131.2986,130.84731,166.04814,168.58172,206.19992,208.73151,229.03549,232.51853,234.38204,257.41291,259.7383,255.31805,255.4828,261.0009,268.07748,261.12529]},"PercLostToFollowup":{"countryName":"Ghana","countryCode":288,"startYear":2000,"endYear":2022,"values":[0.0,0.0,0.0,0.0,0.0,0.0,0.0,0.0,0.0,0.0,0.0,0.0,0.0,0.0,0.0,0.0,0.0,0.0,0.0,0.0,0.0,0.0,0.0]},"ChildART":{"countryName":"Ghana","countryCode":288,"startYear":2000,"endYear":2022,"values":[0.0,0.0,0.0,0.0,0.23612,1.17892,2.22981,3.83328,7.03884,12.07608,12.43082,16.03448,19.41276,21.41324,25.29563,20.14251,24.24082,29.44755,16.7789,18.30408,27.7189,35.69704,43.46417]},"ChildCotrim":{"countryName":"Ghana","countryCode":288,"startYear":2000,"endYear":2022,"values":[0.0,0.0,0.0,0.0,0.14247,0.55613,0.51223,2.04085,2.47933,3.06857,4.47635,3.71064,3.34241,3.27386,4.06005,3.74375,3.868,4.6316,3.81755,3.18377,1.45133,1.99718,2.02546]},"PMTCTSingleDoseNevirapine":{"countryName":"Ghana","countryCode":288,"startYear":2000,"endYear":2022,"values":[0.0,0.0,0.0,0.0,0.6,3.1,6.9,8.3,0.0,0.0,0.0,0.0,0.0,0.0,0.0,0.0,0.0,0.0,0.0,0.0,0.0,0.0,0.0]},"PMTCTDualARV":{"countryName":"Ghana","countryCode":288,"startYear":2000,"endYear":2022,"values":[0.0,0.0,0.0,0.0,0.0,0.0,0.0,16.5,29.0,21.3,34.2,0.0,0.0,0.0,0.0,0.0,0.0,0.0,0.0,0.0,0.0,0.0,0.0]},"PMTCTOptA":{"countryName":"Ghana","countryCode":288,"startYear":2000,"endYear":2022,"values":[0.0,0.0,0.0,0.0,0.0,0.0,0.0,0.0,0.0,0.0,0.0,0.0,0.0,0.0,0.0,0.0,0.0,0.0,0.0,0.0,0.0,0.0,0.0]},"PMTCTOptB":{"countryName":"Ghana","countryCode":288,"startYear":2000,"endYear":2022,"values":[0.0,0.0,0.0,0.0,0.0,0.0,0.0,0.0,0.0,0.0,0.0,23.6,25.9,21.3,24.9,21.3,0.0,0.0,0.0,0.0,0.0,0.0,0.0]},"PMTCTOptBPlusStartBefPreg":{"countryName":"Ghana","countryCode":288,"startYear":2000,"endYear":2022,"values":[0.0,0.0,0.0,0.0,0.0,0.0,0.0,0.0,0.0,0.0,0.0,6.2,6.8,5.9,6.4,6.7,11.5,19.6,27.6,28.4,24.2,35.3,36.1]},"PMTCTOptBPlusStartDurPregGT4Wks":{"countryName":"Ghana","countryCode":288,"startYear":2000,"endYear":2022,"values":[0.0,0.0,0.0,0.0,0.0,0.0,0.0,0.0,0.0,0.0,0.0,17.1,18.8,14.5,17.1,17.2,46.0,45.7,41.3,42.5,52.4,58.0,48.7]},"PMTCTOptBPlusStartDurPregLT4Wks":{"countryName":"Ghana","countryCode":288,"startYear":2000,"endYear":2022,"values":[0.0,0.0,0.0,0.0,0.0,0.0,0.0,0.0,0.0,0.0,0.0,0.0,0.0,0.0,0.0,0.0,0.0,0.0,0.0,0.0,0.0,0.0,0.0]},"PMTCTPostnatalOptA":{"countryName":"Ghana","countryCode":288,"startYear":2000,"endYear":2022,"values":[0.0,0.0,0.0,0.0,0.0,0.0,0.0,0.0,0.0,0.0,0.0,0.0,0.0,0.0,0.0,0.0,0.0,0.0,0.0,0.0,0.0,0.0,0.0]},"PMTCTPostnatalOptB":{"countryName":"Ghana","countryCode":288,"startYear":2000,"endYear":2022,"values":[0.0,0.0,0.0,0.0,0.0,0.0,0.0,0.0,0.0,0.0,0.0,0.0,0.0,0.0,0.0,0.0,0.0,0.0,0.0,0.0,0.0,0.0,0.0]},"PercentHIVPopEligible":{"countryName":"Ghana","countryCode":288,"TB\/HIV":21,"TB\/HIV Year":2019,"DC":40,"DC Year":2011,"FSW":4.6,"FSW Year":2020,"MSM":18.1,"MSM Year":2017,"IDU":0.09,"IDU Year":2017,"Other":10,"Other Year":2017},"AdultHIVPrev":{"countryName":"Ghana","countryCode":288,"startYear":1970,"endYear":2022,"values":[0.0,0.0,0.0,0.0,0.0,0.0,0.01193,0.01832,0.02731,0.04072,0.05976,0.089,0.13001,0.1873,0.26491,0.37252,0.5152,0.6911,0.90455,1.15568,1.42034,1.68797,1.94454,2.16285,2.34605,2.47814,2.56689,2.61351,2.6263,2.60771,2.56702,2.51101,2.44106,2.36331,2.28412,2.2062,2.13389,2.06926,2.01208,1.96876,1.93447,1.90814,1.8893,1.86735,1.84621,1.82295,1.79804,1.77547,1.75402,1.73428,1.71479,1.69096,1.66156]},"SexRatio":{"countryName":"Ghana","countryCode":288,"startYear":1970,"endYear":2022,"values":[0.31,0.31,0.31,0.31,0.31,0.31,0.43,0.56,0.68,0.79,0.89,1.01,1.1,1.19,1.27,1.35,1.41,1.48,1.54,1.59,1.63,1.67,1.7,1.72,1.73,1.76,1.76,1.76,1.76,1.76,1.76,1.76,1.76,1.76,1.77,1.77,1.78,1.79,1.8,1.82,1.84,1.88,1.92,1.98,2.04,2.11,2.19,2.25,2.31,2.35,2.39,2.41,2.43]},"PercNotBFNotRecARVs":{"countryName":"Ghana","countryCode":288,"<2":0.69,"2-3":0.69,"4-5":0.69,"6-7":0.72,"8-9":0.91,"10-11":1.66,"12-13":3.96,"14-15":9.58,"16-17":20.48,"18-19":36.67,"20-21":54.73,"22-23":70.31,"24-25":81.45,"26-27":88.59,"28-29":92.95,"30-31":95.58,"32-33":97.17,"34-35":98.16},"PercNotBFRecARVs":{"countryName":"Ghana","countryCode":288,"<2":0.69,"2-3":0.69,"4-5":0.69,"6-7":0.72,"8-9":0.91,"10-11":1.66,"12-13":3.96,"14-15":9.58,"16-17":20.48,"18-19":36.67,"20-21":54.73,"22-23":70.31,"24-25":81.45,"26-27":88.59,"28-29":92.95,"30-31":95.58,"32-33":97.17,"34-35":98.16},"LocalAdjustmentFactor":{"countryName":"Ghana","countryCode":288,"value":1.11},"NewARTPatAllocation":{"countryName":"Ghana","countryCode":288,"NewARTPatAllocationMethod":3,"ExpectedMortality":0.2,"ProportionEligible":0.8,"NotDefault":0}}