{"countryCode":288,"subnatCode":0,"Incidence":{"countryName":"Ghana","countryCode":288,"startYear":1970,"endYear":2023,"values":[0.0,0.0,0.0,0.0,0.0,0.0,0.00983876585844507,0.00571044200638614,0.00844991013600165,0.0125477345859305,0.0188567881421205,0.0272081835504604,0.0394182054106991,0.0565221041595682,0.0799874369150175,0.108985403114419,0.149008817682873,0.199099957612426,0.248283042641772,0.308437485732972,0.358225225639666,0.398776832656524,0.414149095484514,0.424335378767053,0.410778546216337,0.374574910614963,0.349351012120973,0.321712583523728,0.288430263894479,0.26473629458548,0.243791904252029,0.225968328353691,0.206231171940208,0.189606790052252,0.183630678845282,0.166838960204727,0.159477304878008,0.152977153954237,0.145076434546315,0.140398861133428,0.138776696557626,0.132112938460787,0.125303865469953,0.12391218098311,0.120105197204192,0.120597313024091,0.116400745372674,0.115593094685635,0.112290777345403,0.112990220794737,0.107936332312838,0.101052462106163,0.0964519618634525,0.0917838840862678]},"AdultARTMale":{"countryName":"Ghana","countryCode":288,"startYear":2000,"endYear":2023,"values":[0.0,0.0,0.0,0.229254478833578,2.05333432268382,4.07047315963636,7.30055217276793,12.3732939118621,14.5401020563673,19.6879204687145,25.515878151913,25.1234457560138,27.3876710385405,28.2309499933081,29.6883842306567,20.1032275050043,23.0830653860826,20.8804064710178,22.114191024956,23.2487372446019,26.1320177444079,28.7283658569892,33.1255690207044,34.4863517952152]},"AdultARTFemale":{"countryName":"Ghana","countryCode":288,"startYear":2000,"endYear":2023,"values":[0.0,0.0,0.0,0.196205271745268,1.75145354994759,3.49214291668646,6.30046434178451,10.7591810836433,13.0468795025486,17.7473242593777,23.0936581436013,28.1758299152626,33.2895673427157,35.5374436355361,36.9593409538539,40.9836195545704,44.339960004998,40.7599385446633,41.1533872843682,41.6112800211419,45.0026733662909,47.7117713990598,52.1120520170645,52.1633949585152]},"PercLostToFollowup":{"countryName":"Ghana","countryCode":288,"startYear":2000,"endYear":2023,"values":[5.0,5.0,5.0,5.0,5.0,5.0,5.0,5.0,5.0,5.0,5.0,5.0,5.0,5.0,5.0,5.0,5.0,5.0,5.0,5.0,5.0,5.0,5.0,5.0]},"ChildART":{"countryName":"Ghana","countryCode":288,"startYear":2000,"endYear":2023,"values":[0.0,0.0,0.0,0.0,0.282928164239405,1.41331247278581,2.67654816310426,4.59639902295081,8.46972583034607,14.5307903074798,15.0327418060273,19.5385924457602,23.8360052634716,26.3258849521188,31.2618348709988,21.6683375139071,16.3450462598951,17.9174909566427,18.5092717854401,19.1096145389876,22.1704177952066,25.7537470150476,28.7809344720725,30.3007254681527]},"ChildCotrim":{"countryName":"Ghana","countryCode":288,"startYear":2000,"endYear":2023,"values":[0.0,0.0,0.0,0.0,0.165366904190473,0.647553205722863,0.599085667398626,2.39708465892388,2.92022363243306,3.62467358526321,4.83987484543045,4.43493516335819,4.01387995312991,3.95268100423124,4.92752697631716,4.56350057170461,3.55470671918874,4.32628608005716,3.64086077007026,3.93888549030322,1.81996933672025,2.53063163170628,2.53117154682606,2.15350417506631]},"PMTCTSingleDoseNevirapine":{"countryName":"Ghana","countryCode":288,"startYear":2000,"endYear":2023,"values":[0.0,0.0,0.0,0.0,0.0,0.70878693173948,3.70615604468838,8.1281035300229,9.66089033938054,0.0,0.0,0.0,0.0,0.0,0.0,0.0,0.0,0.0,0.0,0.0,0.0,0.0,0.0,0.0]},"PMTCTDualARV":{"countryName":"Ghana","countryCode":288,"startYear":2000,"endYear":2023,"values":[0.0,0.0,0.0,0.0,0.0,0.0,0.0,0.0,19.3217806787611,33.570513235645,24.4304974897902,39.0682441013301,0.0,0.0,0.0,0.0,0.0,0.0,0.0,0.0,0.0,0.0,0.0,0.0]},"PMTCTOptA":{"countryName":"Ghana","countryCode":288,"startYear":2000,"endYear":2023,"values":[0.0,0.0,0.0,0.0,0.0,0.0,0.0,0.0,0.0,0.0,0.0,0.0,0.0,0.0,0.0,0.0,0.0,0.0,0.0,0.0,0.0,0.0,0.0,0.0]},"PMTCTOptB":{"countryName":"Ghana","countryCode":288,"startYear":2000,"endYear":2023,"values":[0.0,0.0,0.0,0.0,0.0,0.0,0.0,0.0,0.0,0.0,0.0,0.0,26.8115869974755,29.880781353784,25.037207485801,28.6506347452805,25.3025080156291,0.0,0.0,0.0,0.0,0.0,0.0,0.0]},"PMTCTOptBPlusStartBefPreg":{"countryName":"Ghana","countryCode":288,"startYear":2000,"endYear":2023,"values":[0.0,0.0,0.0,0.0,0.0,0.0,0.0,0.0,0.0,0.0,0.0,0.0,6.9920283567486,7.79152968338136,6.91356079551348,7.37747131796233,8.00294175201977,13.8906958592306,22.4638312545795,32.4783321618226,33.7678234992711,32.3011350948372,38.0512426157575,40.3127938114891]},"PMTCTOptBPlusStartDurPregGT4Wks":{"countryName":"Ghana","countryCode":288,"startYear":2000,"endYear":2023,"values":[0.0,0.0,0.0,0.0,0.0,0.0,0.0,0.0,0.0,0.0,0.0,0.0,19.4428614608265,21.6718482945072,17.0579465871742,19.682207374218,20.4580789585166,55.5627834369225,52.4250547701512,48.7174982427339,50.6517352489067,50.0882643278326,49.4864835797659,48.9532418001423]},"PMTCTOptBPlusStartDurPregLT4Wks":{"countryName":"Ghana","countryCode":288,"startYear":2000,"endYear":2023,"values":[0.0,0.0,0.0,0.0,0.0,0.0,0.0,0.0,0.0,0.0,0.0,0.0,0.0,0.0,0.0,0.0,0.0,0.0,0.0,0.0,0.0,0.0,0.0,0.0]},"AdultHIVPrev":{"countryName":"Ghana","countryCode":288,"startYear":1970,"endYear":2023,"values":[0.0,0.0,0.0,0.0,0.0,0.0,0.00962968053282572,0.0146547858644616,0.0220024722639254,0.0328530980967663,0.0491285299911372,0.0723957163652271,0.106318366598839,0.155243774876118,0.222398749293174,0.313122684156525,0.435088870101158,0.59614043279588,0.79161770394263,1.02840436625733,1.29196423570008,1.56905071046885,1.83336289723252,2.07956260045951,2.28563291535053,2.43408771247419,2.53928123280738,2.60320421194876,2.62278230115379,2.61195799025634,2.57692265791331,2.52469694041645,2.45506254361871,2.37390365273339,2.29616362048792,2.21302041405635,2.1356841659744,2.06791552167978,2.00977258553778,1.96237611843682,1.924895667409,1.89576974456317,1.86985236218526,1.84380190219623,1.81395054882446,1.78451252286539,1.75156927657577,1.71966468828979,1.68781409052212,1.65803422145117,1.62574936090561,1.59241733002133,1.56006233961988,1.5273512717871]},"SexRatio":{"countryName":"Ghana","countryCode":288,"startYear":1970,"endYear":2023,"values":[0.24,0.24,0.24,0.24,0.24,0.24,0.34,0.44,0.53,0.62,0.7,0.79,0.86,0.93,1.0,1.06,1.11,1.16,1.21,1.25,1.28,1.31,1.33,1.35,1.36,1.37,1.38002,1.38006,1.38012,1.38025,1.38046,1.38082,1.38143,1.38243,1.38406,1.38669,1.39088,1.39749,1.40773,1.42334,1.44657,1.47383,1.50931,1.55321,1.60424,1.65942,1.71459,1.76562,1.80952,1.845,1.87226,1.89239,1.90683,1.91697]},"PercNotBFNotRecARVs":{"countryName":"Ghana","countryCode":288,"<2":1.38083,"2-3":1.38086,"4-5":1.38216,"6-7":1.40105,"8-9":1.53552,"10-11":2.1621,"12-13":4.33794,"14-15":10.22821,"16-17":22.4514,"18-19":40.91451,"20-21":60.63796,"22-23":76.21418,"24-25":86.27003,"26-27":92.13213,"28-29":95.43009,"30-31":97.28534,"32-33":98.34615,"34-35":98.96673},"PercNotBFRecARVs":{"countryName":"Ghana","countryCode":288,"<2":1.38083,"2-3":1.38086,"4-5":1.38216,"6-7":1.40105,"8-9":1.53552,"10-11":2.1621,"12-13":4.33794,"14-15":10.22821,"16-17":22.4514,"18-19":40.91451,"20-21":60.63796,"22-23":76.21418,"24-25":86.27003,"26-27":92.13213,"28-29":95.43009,"30-31":97.28534,"32-33":98.34615,"34-35":98.96673},"LocalAdjustmentFactor":{"countryName":"Ghana","countryCode":288,"value":1.11082},"NewARTPatAllocation":{"countryName":"Ghana","countryCode":288,"NewARTPatAllocationMethod":3.0,"ExpectedMortality":0.2,"ProportionEligible":0.8}}