{"countryCode":324,"subnatCode":0,"Incidence":{"countryName":"Guinea","countryCode":324,"startYear":1970,"endYear":2023,"values":[0.0,0.0,0.0,0.0,0.0,0.0,0.00543549315860662,0.00255028987257578,0.00392603642737983,0.00549854832722875,0.00684310909667923,0.00994511806307621,0.0131075749055375,0.0172372552085753,0.0224538802617887,0.0305636154908209,0.0399025173327836,0.0504795624846665,0.0634041145250557,0.0795662685711416,0.0983589379852701,0.11989460486443,0.145502982148944,0.166282979339045,0.190903470029738,0.213348831217304,0.228493837469064,0.2472679336657,0.247187011083888,0.248355513740703,0.234290473058508,0.224103765890218,0.215889082396819,0.199472533916492,0.189736304679,0.183079345226732,0.175689991853823,0.16715245949181,0.163419861065069,0.148090192400366,0.140596882785177,0.133489461186926,0.124280716911255,0.11752462104658,0.111854087420524,0.10744929266132,0.102584023020567,0.0956532993980399,0.090465575273054,0.0817751090196261,0.0749995577003823,0.0642742430771797,0.0556078465192631,0.0475069361533159]},"AdultARTMale":{"countryName":"Guinea","countryCode":324,"startYear":2000,"endYear":2023,"values":[0.0,0.403517154670033,1.01988203784308,1.55441173244011,1.95076254433225,5.90484774963894,16.7029007924298,17.2703435943343,28.4312188697142,42.9515737882773,37.1076624339515,40.8488732324769,36.1241470881777,35.1861100288032,29.3505740144075,30.1186863825284,30.7692242549694,35.5116332489985,30.6040022419334,35.8073118554904,39.9740933434725,46.0169449680089,51.5175555780331,57.3023162834167]},"AdultARTFemale":{"countryName":"Guinea","countryCode":324,"startYear":2000,"endYear":2023,"values":[0.0,0.375902235840814,0.943734500859519,1.43190034319894,1.78273684447095,5.34340732206664,15.0448421773674,15.5181798601938,25.4665857208821,38.4054455687084,34.3021456583596,37.5509797924751,49.9255911874453,46.8222071420386,42.2520146594614,42.2810454296564,47.6434632297039,37.3249796368566,41.7612246149554,54.6100216228154,59.8264583025569,67.7529908382927,77.4735661054758,79.288629350899]},"PercLostToFollowup":{"countryName":"Guinea","countryCode":324,"startYear":2000,"endYear":2023,"values":[5.0,5.0,5.0,5.0,5.0,5.0,5.0,5.0,5.0,5.0,5.0,5.0,5.0,5.0,5.0,5.0,5.0,5.0,5.0,5.0,5.0,5.0,5.0,5.0]},"ChildART":{"countryName":"Guinea","countryCode":324,"startYear":2000,"endYear":2023,"values":[1.98903642078005,3.67605139531955,5.14264587677788,6.44895837400172,7.64928292240097,8.74519228738939,9.77909850998045,8.39228716880225,13.6334127701515,17.4099181131476,15.3625088984017,15.4396364783892,20.2356552496173,20.1903152785446,21.1458055056943,12.8230017202707,12.4520634810709,15.3613527311782,15.7027402551747,17.8101323464489,20.2706369821791,21.7473682086755,32.8814647801155,59.5827262922078]},"ChildCotrim":{"countryName":"Guinea","countryCode":324,"startYear":2000,"endYear":2023,"values":[0.0,0.0,0.0,0.0,0.0,0.0,0.0,0.0,0.0,0.0,0.0,0.0,0.0,28.7874299582055,23.0509674519708,39.298343417937,40.680219034904,28.5170234448249,30.743137862424,31.8457979760637,30.0,43.0,56.0,69.0]},"PMTCTSingleDoseNevirapine":{"countryName":"Guinea","countryCode":324,"startYear":2000,"endYear":2023,"values":[0.0,0.0,0.0,0.0,0.0,0.490077468411496,0.966322969930168,6.65446372931126,6.08347585247282,10.5333251533242,0.0,0.0,0.0,0.0,0.0,0.0,0.0,0.0,0.0,0.0,0.0,0.0,0.0,0.0]},"PMTCTDualARV":{"countryName":"Guinea","countryCode":324,"startYear":2000,"endYear":2023,"values":[0.0,0.0,0.0,0.0,0.0,0.0,0.0,0.0,18.9840231749225,15.4069532093399,13.4590124571824,13.3040636673827,0.0,0.0,0.0,0.0,0.0,0.0,0.0,0.0,0.0,0.0,0.0,0.0]},"PMTCTOptA":{"countryName":"Guinea","countryCode":324,"startYear":2000,"endYear":2023,"values":[0.0,0.0,0.0,0.0,0.0,0.0,0.0,0.0,0.0,0.0,0.0,4.96775778884366,32.4098764133129,0.0,0.0,0.0,0.0,0.0,0.0,0.0,0.0,0.0,0.0,0.0]},"PMTCTOptB":{"countryName":"Guinea","countryCode":324,"startYear":2000,"endYear":2023,"values":[0.0,0.0,0.0,0.0,0.0,0.0,0.0,0.0,0.0,0.0,0.0,0.0,0.0,32.7870977764407,65.3213474441571,0.0,0.0,0.0,0.0,0.0,0.0,0.0,0.0,0.0]},"PMTCTOptBPlusStartBefPreg":{"countryName":"Guinea","countryCode":324,"startYear":2000,"endYear":2023,"values":[0.0,0.0,0.0,0.0,0.0,0.0,0.0,0.0,0.0,0.0,0.0,0.0,0.0,0.0,0.0,0.0,0.0,0.0,0.0,0.0,0.0,0.0,0.0,0.0]},"PMTCTOptBPlusStartDurPregGT4Wks":{"countryName":"Guinea","countryCode":324,"startYear":2000,"endYear":2023,"values":[0.0,0.0,0.0,0.0,0.0,0.0,0.0,0.0,0.0,0.0,0.0,0.0,0.0,0.0,0.0,0.0,0.0,0.0,0.0,0.0,53.093102542185,59.1959664072493,63.0286244016449,58.3143559997797]},"PMTCTOptBPlusStartDurPregLT4Wks":{"countryName":"Guinea","countryCode":324,"startYear":2000,"endYear":2023,"values":[0.0,0.0,0.0,0.0,0.0,0.0,0.0,0.0,0.0,0.0,0.0,0.0,0.0,0.0,0.0,0.0,0.0,0.0,0.0,0.0,0.0,0.0,0.0,0.0]},"AdultHIVPrev":{"countryName":"Guinea","countryCode":324,"startYear":1970,"endYear":2023,"values":[0.0,0.0,0.0,0.0,0.0,0.0,0.00531395644263842,0.00749551235971602,0.010847394878857,0.0154798698090341,0.0210742661914494,0.0292432204328951,0.0399302340247593,0.05391258458978,0.0720477267509632,0.0969094099006002,0.128975016936003,0.169077778555425,0.218855807161363,0.280651995082951,0.357082805010241,0.448555358459382,0.55721718642782,0.678135734718382,0.812086968270739,0.957141451638103,1.10377047530277,1.25007644862321,1.38461370607055,1.50513691792673,1.59642290114891,1.66083178883972,1.71149108726597,1.73732123557683,1.74605878963891,1.74551774116359,1.74524259749054,1.74144613159462,1.73866869272171,1.73593827640694,1.73660610362371,1.73192981565492,1.71971525468666,1.70241381106105,1.67826717519947,1.65125978884172,1.62067379487636,1.58842116393797,1.55324255918309,1.51370548237011,1.47628888860238,1.43390996679001,1.38807159897708,1.34015572193789]},"SexRatio":{"countryName":"Guinea","countryCode":324,"startYear":1970,"endYear":2023,"values":[0.22204,0.22204,0.22204,0.22204,0.22204,0.22204,0.31455,0.40707,0.49033,0.5736,0.64761,0.73087,0.79563,0.86039,0.92516,0.98067,1.02692,1.07318,1.11944,1.15644,1.1842,1.21195,1.23046,1.24896,1.25821,1.26746,1.27673,1.27677,1.27683,1.27694,1.27714,1.27748,1.27804,1.27896,1.28047,1.2829,1.28679,1.29289,1.30237,1.31681,1.3383,1.36352,1.39635,1.43697,1.48418,1.53522,1.58626,1.63347,1.67409,1.70692,1.73213,1.75076,1.76411,1.77349]},"PercNotBFNotRecARVs":{"countryName":"Guinea","countryCode":324,"<2":3.8104,"2-3":3.81061,"4-5":3.81687,"6-7":3.87097,"8-9":4.13125,"10-11":5.01646,"12-13":7.37911,"14-15":12.53221,"16-17":21.73729,"18-19":34.99151,"20-21":50.23029,"22-23":64.46784,"24-25":75.77614,"26-27":83.8451,"28-29":89.27059,"30-31":92.82507,"32-33":95.14093,"34-35":96.65873},"PercNotBFRecARVs":{"countryName":"Guinea","countryCode":324,"<2":3.8104,"2-3":3.81061,"4-5":3.81687,"6-7":3.87097,"8-9":4.13125,"10-11":5.01646,"12-13":7.37911,"14-15":12.53221,"16-17":21.73729,"18-19":34.99151,"20-21":50.23029,"22-23":64.46784,"24-25":75.77614,"26-27":83.8451,"28-29":89.27059,"30-31":92.82507,"32-33":95.14093,"34-35":96.65873},"LocalAdjustmentFactor":{"countryName":"Guinea","countryCode":324,"value":0.87526},"NewARTPatAllocation":{"countryName":"Guinea","countryCode":324,"NewARTPatAllocationMethod":3.0,"ExpectedMortality":0.2,"ProportionEligible":0.8}}