{"countryCode":270,"subnatCode":0,"Incidence":{"countryName":"Gambia","countryCode":270,"startYear":1970,"endYear":2023,"values":[0.0,0.0,0.0,0.0,0.0,0.0,0.000427205002074666,0.000288963387627553,0.000442466311721932,0.000681487236954763,0.00107848291124633,0.00160598697923865,0.00244360610623274,0.00363843270109216,0.00553429932711516,0.00828778533075997,0.0124241274208864,0.0179185359340871,0.0268146357394399,0.0397299429288788,0.0551372852996422,0.0786097882216753,0.107397090748999,0.14039833432511,0.176527048565182,0.216952074150124,0.250856476920133,0.284966764525176,0.290561189441364,0.302948553195822,0.297303353118402,0.287284697485344,0.271896346467194,0.266738225388595,0.246374196964263,0.233817779338608,0.223957613250786,0.223310999579233,0.2145388864977,0.208171302821685,0.195453386964271,0.188108847392418,0.176171362726903,0.171375979337908,0.165578348829144,0.153000547884895,0.144068273836906,0.132403727813579,0.124255195305912,0.114313109162807,0.107689084661383,0.103642898370534,0.0930162965354216,0.0842746790181133]},"AdultARTMale":{"countryName":"Gambia","countryCode":270,"startYear":2000,"endYear":2023,"values":[0.0,0.0,0.0,0.0,0.0,5.17876074631478,5.5008806608795,7.2986041146401,7.29293743347909,8.58221366267421,15.9853595420408,17.9599888146499,20.3518696046195,15.2486756656638,16.2915735727109,16.0433665172815,16.8334271510413,16.684867105346,16.5782839280621,18.0161947256456,18.8034876325334,19.7447739495865,22.7350045256064,24.4350626064576]},"AdultARTFemale":{"countryName":"Gambia","countryCode":270,"startYear":2000,"endYear":2023,"values":[0.0,0.0,0.0,0.0,0.0,5.3810011110422,5.66896502859827,7.57230020660912,7.8515871402625,9.27480761604858,17.3007215009851,29.0649922797721,34.1844797609633,23.7662360383138,26.2899372225886,28.4130856450905,30.98391229479,35.8772544599612,36.6249475859064,39.610659814186,39.1511248367309,41.2133957615343,44.7956571936209,48.2747975857388]},"PercLostToFollowup":{"countryName":"Gambia","countryCode":270,"startYear":2000,"endYear":2023,"values":[5.0,5.0,5.0,5.0,5.0,5.0,5.0,5.0,5.0,5.0,5.0,5.0,5.0,5.0,5.0,5.0,5.0,5.0,5.0,5.0,5.0,5.0,5.0,5.0]},"ChildART":{"countryName":"Gambia","countryCode":270,"startYear":2000,"endYear":2023,"values":[0.0,0.0,0.0,0.0,0.0,0.0,0.0,0.0,15.0486123399282,17.2014797169955,13.8979453329413,20.3541752152359,23.687399676542,20.6905081220088,27.3662143199478,32.055889545885,20.0856425015409,21.5536463724762,25.0932548614634,27.1489979611149,27.5601814748297,27.0937675639966,28.7923305920234,32.569712692966]},"ChildCotrim":{"countryName":"Gambia","countryCode":270,"startYear":2000,"endYear":2023,"values":[0.0,0.0,0.0,0.0,0.0,0.0,0.0,0.0,4.78640339129421,6.51111067115898,7.45242877690132,8.7923664928224,10.3055907926907,11.9360621198093,13.5754419770758,15.8211391306781,12.9727424010068,14.8837308298978,11.9059731275953,15.6723306410685,15.5450628177854,15.4583434506209,13.8936065346479,14.4758207591328]},"PMTCTSingleDoseNevirapine":{"countryName":"Gambia","countryCode":270,"startYear":2000,"endYear":2023,"values":[0.0,0.0,0.0,0.0,0.0,0.0,7.31362973670067,8.47596370987336,10.821135369997,24.6621665054557,40.3941467446517,17.4186998039197,7.53200711358905,0.0,0.0,0.0,0.0,0.0,0.0,0.0,0.0,0.0,0.0,0.0]},"PMTCTDualARV":{"countryName":"Gambia","countryCode":270,"startYear":2000,"endYear":2023,"values":[0.0,0.0,0.0,0.0,0.0,0.0,0.0,0.0,0.0,5.01198867691518,8.26598369678201,45.5330924698953,15.4406145828576,0.0,0.0,0.0,0.0,0.0,0.0,0.0,0.0,0.0,0.0,0.0]},"PMTCTOptA":{"countryName":"Gambia","countryCode":270,"startYear":2000,"endYear":2023,"values":[0.0,0.0,0.0,0.0,0.0,0.0,0.0,0.0,0.0,0.0,0.0,0.0,24.1777428346209,0.0,0.0,0.0,0.0,0.0,0.0,0.0,0.0,0.0,0.0,0.0]},"PMTCTOptB":{"countryName":"Gambia","countryCode":270,"startYear":2000,"endYear":2023,"values":[0.0,0.0,0.0,0.0,0.0,0.0,0.0,0.0,0.0,0.0,0.0,0.0,21.9181407005441,52.5559627716684,55.0591184255702,55.3775639630204,57.9335190179291,13.1744857543849,0.0,0.0,0.0,0.0,0.0,0.0]},"PMTCTOptBPlusStartBefPreg":{"countryName":"Gambia","countryCode":270,"startYear":2000,"endYear":2023,"values":[0.0,0.0,0.0,0.0,0.0,0.0,0.0,0.0,0.0,0.0,0.0,0.0,0.0,0.0,0.0,0.0,6.78360182309533,8.73008092158036,13.1928014407321,12.5894712740998,4.85989474526744,8.46165957683114,14.0764790769499,19.6404709734875]},"PMTCTOptBPlusStartDurPregGT4Wks":{"countryName":"Gambia","countryCode":270,"startYear":2000,"endYear":2023,"values":[0.0,0.0,0.0,0.0,0.0,0.0,0.0,0.0,0.0,0.0,0.0,0.0,0.0,0.0,0.0,0.0,3.43078712892178,33.3330362460341,42.6730120675532,42.8881321404334,47.2971899316207,41.138068368211,52.2041608151784,45.2501046938194]},"PMTCTOptBPlusStartDurPregLT4Wks":{"countryName":"Gambia","countryCode":270,"startYear":2000,"endYear":2023,"values":[0.0,0.0,0.0,0.0,0.0,0.0,0.0,0.0,0.0,0.0,0.0,0.0,0.0,0.0,0.0,0.0,0.0,4.36504046079018,3.74610411280047,2.85361348879596,1.99602819894913,2.34045903188947,2.61020804075892,1.92553636994976]},"AdultHIVPrev":{"countryName":"Gambia","countryCode":270,"startYear":1970,"endYear":2023,"values":[0.0,0.0,0.0,0.0,0.0,0.0,0.00042047380476132,0.000677796166235481,0.00106420970535206,0.00165189269639393,0.002577936304914,0.00393847727928653,0.00600794839645502,0.00907651453127499,0.0137856127439879,0.020829304068649,0.031312498322639,0.0463047556158859,0.0687513051377081,0.101976301009534,0.147531997286591,0.212234533182214,0.299901085212482,0.413252529143105,0.551440825554403,0.715249863648922,0.896355587527613,1.09241846933751,1.27376460577766,1.44681698654976,1.59394439406303,1.71191958835215,1.79777179855885,1.87545034939954,1.92119502457178,1.95001000043293,1.9659200394163,1.97568674070305,1.97581119419118,1.9688301934648,1.95580755442556,1.9487564353496,1.93708783115033,1.91864350805717,1.89153844380328,1.8523038308143,1.80708664884169,1.7566193534425,1.70285307742308,1.64453494391989,1.58305244031927,1.51946430864688,1.45409998752627,1.38974163440042]},"SexRatio":{"countryName":"Gambia","countryCode":270,"startYear":1970,"endYear":2023,"values":[0.37363,0.37363,0.37363,0.37363,0.37363,0.37363,0.45556,0.5375,0.61124,0.68498,0.75053,0.82427,0.88163,0.93898,0.99634,1.0455,1.08647,1.12743,1.1684,1.20118,1.22576,1.25034,1.26672,1.28311,1.2913,1.2995,1.30769,1.30769,1.30769,1.30769,1.30769,1.30769,1.30769,1.30769,1.30769,1.30769,1.30769,1.30769,1.30769,1.30769,1.30769,1.30769,1.30769,1.30769,1.30769,1.30769,1.30769,1.30769,1.30769,1.30769,1.30769,1.30769,1.30769,1.30769]},"PercNotBFNotRecARVs":{"countryName":"Gambia","countryCode":270,"<2":2.25183,"2-3":2.25183,"4-5":2.25201,"6-7":2.25665,"8-9":2.3079,"10-11":2.6485,"12-13":4.24641,"14-15":9.84942,"16-17":24.00076,"18-19":47.10783,"20-21":69.96121,"22-23":84.91755,"24-25":92.69171,"26-27":96.41189,"28-29":98.181,"30-31":99.04319,"32-33":99.47812,"34-35":99.70556},"PercNotBFRecARVs":{"countryName":"Gambia","countryCode":270,"<2":2.25183,"2-3":2.25183,"4-5":2.25201,"6-7":2.25665,"8-9":2.3079,"10-11":2.6485,"12-13":4.24641,"14-15":9.84942,"16-17":24.00076,"18-19":47.10783,"20-21":69.96121,"22-23":84.91755,"24-25":92.69171,"26-27":96.41189,"28-29":98.181,"30-31":99.04319,"32-33":99.47812,"34-35":99.70556},"LocalAdjustmentFactor":{"countryName":"Gambia","countryCode":270,"value":0.97443},"NewARTPatAllocation":{"countryName":"Gambia","countryCode":270,"NewARTPatAllocationMethod":3.0,"ExpectedMortality":0.2,"ProportionEligible":0.8}}