{"countryCode":624,"subnatCode":0,"Incidence":{"countryName":"Guinea-Bissau","countryCode":624,"startYear":1970,"endYear":2022,"values":[0.0,0.0,0.0,0.0,0.0,0.0,0.0014,0.00065,0.00096,0.00145,0.00217,0.00319,0.00453,0.00664,0.00958,0.0137,0.01982,0.0279,0.03955,0.05708,0.08215,0.11244,0.1512,0.21423,0.30845,0.42727,0.56234,0.70434,0.80844,0.83751,0.78312,0.70347,0.57821,0.49625,0.43373,0.38242,0.36251,0.34909,0.32422,0.29239,0.26817,0.25276,0.22254,0.20237,0.18528,0.17641,0.15613,0.14368,0.13076,0.11355,0.10622,0.09455,0.08351]},"AdultARTMale":{"countryName":"Guinea-Bissau","countryCode":624,"startYear":2000,"endYear":2022,"values":[0.0,0.03618,0.13933,0.23217,0.29642,0.36553,3.35128,8.48782,18.14903,16.66965,20.99998,26.35383,21.84334,16.22596,20.3453,23.21791,25.13589,23.19877,21.50496,33.44348,35.56412,43.33246,48.2891]},"AdultARTFemale":{"countryName":"Guinea-Bissau","countryCode":624,"startYear":2000,"endYear":2022,"values":[0.0,0.02699,0.10558,0.17846,0.23061,0.28763,2.67209,6.87057,14.96857,13.98153,17.89422,23.64175,35.55657,28.41972,32.82876,36.93702,39.81185,41.18695,56.08322,57.05148,59.67822,66.75078,73.99348]},"MedianCD4AtInit":{"countryName":"Guinea-Bissau","countryCode":624,"startYear":2000,"endYear":2022,"values":[0.0,146.14732,144.53738,143.13602,141.5864,139.68132,137.42962,136.65249,135.85273,172.126,174.40366,171.38982,169.77737,209.12616,214.81891,218.36109,249.95948,257.76779,249.86573,238.32732,239.95136,248.22054,261.33722]},"PercLostToFollowup":{"countryName":"Guinea-Bissau","countryCode":624,"startYear":2000,"endYear":2022,"values":[0.0,0.0,0.0,0.0,0.0,0.0,0.0,0.0,0.0,0.0,0.0,0.0,0.0,0.0,0.0,0.0,0.0,0.0,0.0,0.0,0.0,65.9,26.1]},"ChildART":{"countryName":"Guinea-Bissau","countryCode":624,"startYear":2000,"endYear":2022,"values":[0.74977,1.29673,1.74289,2.13934,2.5132,2.87317,3.24862,2.73063,6.35656,7.93284,8.33326,12.07722,17.72858,21.81119,22.57493,28.42393,36.64942,41.7549,23.082,31.55392,44.54016,38.61625,49.24646]},"ChildCotrim":{"countryName":"Guinea-Bissau","countryCode":624,"startYear":2000,"endYear":2022,"values":[0.0,0.0,0.0,0.0,0.0,0.0,0.0,0.0,0.0,0.0,0.0,0.0,0.0,0.0,4.7788,12.0,12.0,12.0,12.0,12.0,12.0,12.0,12.0]},"PMTCTSingleDoseNevirapine":{"countryName":"Guinea-Bissau","countryCode":624,"startYear":2000,"endYear":2022,"values":[0.0,0.0,0.0,0.0,0.0,0.0,0.0,0.0,0.0,0.0,0.0,0.0,0.0,0.0,0.0,0.0,0.0,0.0,0.0,0.0,0.0,0.0,0.0]},"PMTCTDualARV":{"countryName":"Guinea-Bissau","countryCode":624,"startYear":2000,"endYear":2022,"values":[0.0,0.0,0.0,0.0,0.0,0.0,7.8,7.8,3.8,11.2,16.8,0.0,0.0,0.0,0.0,0.0,0.0,0.0,0.0,0.0,0.0,0.0,0.0]},"PMTCTOptA":{"countryName":"Guinea-Bissau","countryCode":624,"startYear":2000,"endYear":2022,"values":[0.0,0.0,0.0,0.0,0.0,0.0,0.0,0.0,0.0,0.0,0.0,6.1,9.3,24.0,0.0,0.0,0.0,0.0,0.0,0.0,0.0,0.0,0.0]},"PMTCTOptB":{"countryName":"Guinea-Bissau","countryCode":624,"startYear":2000,"endYear":2022,"values":[0.0,0.0,0.0,0.0,0.0,0.0,0.0,0.0,0.0,0.0,0.0,18.3,27.9,21.2,96.20253164556961,84.4,0.0,0.0,0.0,0.0,0.0,0.0,0.0]},"PMTCTOptBPlusStartBefPreg":{"countryName":"Guinea-Bissau","countryCode":624,"startYear":2000,"endYear":2022,"values":[0.0,0.0,0.0,0.0,0.0,0.0,0.0,0.0,0.0,0.0,0.0,0.0,0.0,11.0,3.79746835443038,4.1,2.8,7.3,2.3,2.4,2.4,2.1,1.5]},"PMTCTOptBPlusStartDurPregGT4Wks":{"countryName":"Guinea-Bissau","countryCode":624,"startYear":2000,"endYear":2022,"values":[0.0,0.0,0.0,0.0,0.0,0.0,0.0,0.0,0.0,0.0,0.0,0.0,0.0,4.7,0.0,0.0,83.7,79.4,62.4,76.3,78.1,57.5,58.8]},"PMTCTOptBPlusStartDurPregLT4Wks":{"countryName":"Guinea-Bissau","countryCode":624,"startYear":2000,"endYear":2022,"values":[0.0,0.0,0.0,0.0,0.0,0.0,0.0,0.0,0.0,0.0,0.0,0.0,0.0,0.0,0.0,0.0,0.0,0.0,0.0,0.0,0.0,0.0,0.0]},"PMTCTPostnatalOptA":{"countryName":"Guinea-Bissau","countryCode":624,"startYear":2000,"endYear":2022,"values":[0.0,0.0,0.0,0.0,0.0,0.0,0.0,0.0,0.0,0.0,0.0,0.0,0.0,0.0,0.0,0.0,0.0,0.0,0.0,0.0,0.0,0.0,0.0]},"PMTCTPostnatalOptB":{"countryName":"Guinea-Bissau","countryCode":624,"startYear":2000,"endYear":2022,"values":[0.0,0.0,0.0,0.0,0.0,0.0,0.0,0.0,0.0,0.0,0.0,0.0,0.0,0.0,0.0,0.0,0.0,0.0,0.0,0.0,0.0,0.0,0.0]},"PercentHIVPopEligible":{"countryName":"Guinea-Bissau","countryCode":624,"TB\/HIV":0,"TB\/HIV Year":2015,"DC":0,"DC Year":2015,"FSW":1.6,"FSW Year":2015,"MSM":0.8,"MSM Year":2015,"IDU":0.09,"IDU Year":2013,"Other":10,"Other Year":2013},"AdultHIVPrev":{"countryName":"Guinea-Bissau","countryCode":624,"startYear":1970,"endYear":2022,"values":[0.0,0.0,0.0,0.0,0.0,0.0,0.00141,0.002,0.00285,0.00412,0.00597,0.0087,0.01254,0.01814,0.02618,0.03758,0.05391,0.07678,0.10907,0.15586,0.22318,0.3156,0.43924,0.61497,0.8674,1.21162,1.65664,2.20009,2.79685,3.36893,3.83706,4.18372,4.37415,4.45818,4.46123,4.40379,4.3226,4.23384,4.14219,4.03932,3.92389,3.81054,3.6915,3.56636,3.43086,3.3036,3.17813,3.05059,2.92019,2.79335,2.67226,2.54443,2.42472]},"SexRatio":{"countryName":"Guinea-Bissau","countryCode":624,"startYear":1970,"endYear":2022,"values":[0.24,0.24,0.24,0.24,0.24,0.24,0.34,0.44,0.53,0.62,0.7,0.79,0.86,0.93,1.0,1.06,1.11,1.16,1.21,1.25,1.28,1.31,1.33,1.35,1.36,1.38,1.38,1.38,1.38,1.38,1.38,1.38,1.38,1.38,1.39,1.39,1.39,1.4,1.41,1.43,1.45,1.47,1.51,1.55,1.6,1.66,1.71,1.77,1.81,1.84,1.87,1.89,1.91]},"PercNotBFNotRecARVs":{"countryName":"Guinea-Bissau","countryCode":624,"<2":3.42,"2-3":3.42,"4-5":3.42,"6-7":3.48,"8-9":3.75,"10-11":4.78,"12-13":7.67,"14-15":14.21,"16-17":25.84,"18-19":41.8,"20-21":58.55,"22-23":72.54,"24-25":82.49,"26-27":88.96,"28-29":92.99,"30-31":95.49,"32-33":97.04,"34-35":98.02},"PercNotBFRecARVs":{"countryName":"Guinea-Bissau","countryCode":624,"<2":3.42,"2-3":3.42,"4-5":3.42,"6-7":3.48,"8-9":3.75,"10-11":4.78,"12-13":7.67,"14-15":14.21,"16-17":25.84,"18-19":41.8,"20-21":58.55,"22-23":72.54,"24-25":82.49,"26-27":88.96,"28-29":92.99,"30-31":95.49,"32-33":97.04,"34-35":98.02},"LocalAdjustmentFactor":{"countryName":"Guinea-Bissau","countryCode":624,"value":1},"NewARTPatAllocation":{"countryName":"Guinea-Bissau","countryCode":624,"NewARTPatAllocationMethod":3,"ExpectedMortality":0.2,"ProportionEligible":0.8,"NotDefault":0}}