{"countryCode":226,"subnatCode":0,"Incidence":{"countryName":"Equatorial Guinea","countryCode":226,"startYear":1970,"endYear":2023,"values":[0.0,0.0,0.0,0.0,0.0,0.0,0.0109392652337335,0.0057280651556324,0.00838500051173662,0.0119417899115361,0.0166698749719089,0.0229480890307594,0.0313974850989372,0.0429648496914408,0.0539413116286346,0.0738163398787943,0.0972472403150092,0.130916133662499,0.1597916135697,0.207193506360342,0.250946979931839,0.291754479729502,0.346074999396292,0.398010642943064,0.442281610982344,0.480439591963406,0.519314567069588,0.560823557982086,0.600049568093117,0.626071644244488,0.599629885092437,0.627951735686889,0.646675717925531,0.648622386603449,0.664365379016902,0.65272939405447,0.678174045554338,0.665408331990059,0.680331596619134,0.680503441455734,0.666392476560275,0.657726270394047,0.643234647011998,0.619964968105694,0.581312758967704,0.58123009364184,0.56758818320757,0.534231379303307,0.540366767762565,0.513851308051847,0.545984322273819,0.477258884613078,0.470616696809456,0.471170807428624]},"AdultARTMale":{"countryName":"Equatorial Guinea","countryCode":226,"startYear":2000,"endYear":2023,"values":[0.0,0.0,0.00687537773262417,0.0179670533518614,0.346893684730879,1.28351925926478,1.88085529005562,3.55126456144016,4.20369396367125,5.19512491088851,5.47045911081147,8.48202091156335,11.8585196618366,14.8058008970212,16.0085487336736,15.4337839623492,15.1656548832673,19.8327196024423,18.9476278852481,21.0644064087769,22.8838993004533,25.9817310323804,26.3292192497737,27.9228317646751]},"AdultARTFemale":{"countryName":"Equatorial Guinea","countryCode":226,"startYear":2000,"endYear":2023,"values":[0.0,0.0,0.0109522312897653,0.0532497530340636,0.673526995137637,2.47274555516868,3.66705784055534,7.00266244062704,6.47101786900932,6.51568027724984,6.74705820080011,10.7053150563955,15.1543328148273,20.3396562976078,29.0750214065632,29.2184479732057,36.1960291505519,40.7153793246765,46.4737108846994,45.9950127663409,49.6331665411809,49.081144734158,53.2858741025309,53.1522182449571]},"PercLostToFollowup":{"countryName":"Equatorial Guinea","countryCode":226,"startYear":2000,"endYear":2023,"values":[0.0,0.0,0.0,0.0,0.0,0.0,0.0,0.0,0.0,0.0,0.0,0.0,0.0,0.0,0.0,0.0,0.0,0.4,1.0,1.0,1.0,1.0,1.0,1.0]},"ChildART":{"countryName":"Equatorial Guinea","countryCode":226,"startYear":2000,"endYear":2023,"values":[0.0,0.0,0.0,0.0,0.0,0.0,0.0,0.0,1.07024,2.97846,3.19969,6.42538,5.14383936633249,6.19010060604595,6.37102704172966,7.4055103429166,11.1886600287102,16.5044748415837,21.8090603096849,24.6292874903115,26.2712401667115,26.8540935079638,27.1590389185633,27.4212488468835]},"ChildCotrim":{"countryName":"Equatorial Guinea","countryCode":226,"startYear":2000,"endYear":2023,"values":[0.0,0.0,0.0,0.0,0.0,0.0,0.0,0.0,0.0,1.34913,7.66609,9.24096,4.13126102079373,7.43633535687291,3.72017034883238,3.97733555831901,4.93675503658719,5.19904212154747,8.32589002234456,12.3621067090183,16.3501258013423,26.0977897975339,34.3022145682608,36.4299996481209]},"PMTCTSingleDoseNevirapine":{"countryName":"Equatorial Guinea","countryCode":226,"startYear":2000,"endYear":2023,"values":[0.0,0.0,0.0,0.0,0.0,0.0,0.0,9.50049185386935,8.62802322978145,6.54793610712464,5.37827973714563,5.69166810275355,0.0,7.44637961465578,2.88844559539908,23.1502270793489,12.0631641037802,6.12916848377695,0.0,0.0,0.0,0.0,0.0,0.0]},"PMTCTDualARV":{"countryName":"Equatorial Guinea","countryCode":226,"startYear":2000,"endYear":2023,"values":[0.0,0.0,0.0,0.0,0.0,0.0,0.0,0.0,0.0,0.0,0.0,0.0,0.0,0.0,0.0,0.0,0.0,0.0,0.0,0.0,0.0,0.0,0.0,0.0]},"PMTCTOptA":{"countryName":"Equatorial Guinea","countryCode":226,"startYear":2000,"endYear":2023,"values":[0.0,0.0,0.0,0.0,0.0,0.0,0.0,0.0,0.0,0.0,0.0,1.94815495590044,0.0,5.11938598507585,33.2171243470894,11.1336083797864,0.296028566963932,0.0,0.0,0.0,0.0,0.0,0.0,0.0]},"PMTCTOptB":{"countryName":"Equatorial Guinea","countryCode":226,"startYear":2000,"endYear":2023,"values":[0.0,0.0,0.0,0.0,0.0,0.0,0.0,0.0,0.0,0.0,0.0,1.03137484086182,0.0,0.0,0.0,0.0,0.0,0.0,0.0,0.0,0.0,0.0,0.0,0.0]},"PMTCTOptBPlusStartBefPreg":{"countryName":"Equatorial Guinea","countryCode":226,"startYear":2000,"endYear":2023,"values":[0.0,0.0,0.0,0.0,0.0,0.0,0.0,0.0,0.0,0.0,0.0,0.0,0.0,0.0,0.0,17.7369899015907,15.9855426160523,15.0182549397809,12.7083540743537,6.54897642124948,6.71529133012173,9.53104593394972,11.9685104545772,13.5592368093968]},"PMTCTOptBPlusStartDurPregGT4Wks":{"countryName":"Equatorial Guinea","countryCode":226,"startYear":2000,"endYear":2023,"values":[0.0,0.0,0.0,0.0,0.0,0.0,5.54598744189238,4.9173416344414,6.069969295807,9.27285142896321,2.15916336884738,9.35878286713279,6.55492428183111,5.54247573590856,13.5596473784012,17.1995053591182,20.3519639787703,42.1873175754706,40.0748370947427,37.0085386304984,36.9341023156695,22.7330600898094,30.8733167407843,32.4048596153685]},"PMTCTOptBPlusStartDurPregLT4Wks":{"countryName":"Equatorial Guinea","countryCode":226,"startYear":2000,"endYear":2023,"values":[0.0,0.0,0.0,0.0,0.0,0.0,0.0,0.0,0.0,0.0,0.0,0.0,0.0,0.0,0.0,0.0,0.0,0.0,0.0,0.0,0.0,0.0,0.0,1.750686271593]},"AdultHIVPrev":{"countryName":"Equatorial Guinea","countryCode":226,"startYear":1970,"endYear":2023,"values":[0.0,0.0,0.0,0.0,0.0,0.0,0.0107004461277014,0.0157311258915512,0.0230305149117006,0.0333497891912283,0.0477308261715007,0.0673359907095196,0.0941347640308245,0.132433001538196,0.179198872081393,0.242514128406484,0.3240179687357,0.432901135768823,0.562766101553246,0.730226158290399,0.928959411202182,1.15351945531041,1.4143829342511,1.70600183009876,2.01628084397509,2.33725415253484,2.66777639727489,3.00830440954184,3.35490122440269,3.68654273587298,3.92402032093543,4.14993421100569,4.36011739223162,4.54485706848008,4.72703702543292,4.89454365733598,5.08759394840505,5.27691136660728,5.48245603990652,5.67298334730536,5.83880481890093,6.00059243186614,6.17027926113616,6.33116421871444,6.46246598603438,6.58480630983701,6.67220639152346,6.7272837325783,6.7797403701103,6.78479676653327,6.80821999406306,6.74939010003935,6.68010570160554,6.61082300288525]},"SexRatio":{"countryName":"Equatorial Guinea","countryCode":226,"startYear":1970,"endYear":2023,"values":[0.24,0.24,0.24,0.24,0.24,0.24,0.34,0.44,0.53,0.62,0.7,0.79,0.86,0.93,1.0,1.06,1.11,1.16,1.21,1.25,1.28,1.31,1.33,1.35,1.36,1.38019,1.38028,1.38042,1.38062,1.38092,1.38138,1.38205,1.38306,1.38455,1.38677,1.39004,1.39484,1.40186,1.412,1.42644,1.44657,1.47383,1.50931,1.55321,1.60424,1.65942,1.71459,1.76562,1.80952,1.845,1.87226,1.89239,1.90683,1.91697]},"PercNotBFNotRecARVs":{"countryName":"Equatorial Guinea","countryCode":226,"<2":26.04078,"2-3":26.04493,"4-5":26.1142,"6-7":26.5252,"8-9":27.99183,"10-11":31.75634,"12-13":39.09262,"14-15":50.00007,"16-17":62.4328,"18-19":73.68666,"20-21":82.30211,"22-23":88.26494,"24-25":92.19398,"26-27":94.74136,"28-29":96.39682,"30-31":97.48539,"32-33":98.2128,"34-35":98.7075},"PercNotBFRecARVs":{"countryName":"Equatorial Guinea","countryCode":226,"<2":26.04078,"2-3":26.04493,"4-5":26.1142,"6-7":26.5252,"8-9":27.99183,"10-11":31.75634,"12-13":39.09262,"14-15":50.00007,"16-17":62.4328,"18-19":73.68666,"20-21":82.30211,"22-23":88.26494,"24-25":92.19398,"26-27":94.74136,"28-29":96.39682,"30-31":97.48539,"32-33":98.2128,"34-35":98.7075},"LocalAdjustmentFactor":{"countryName":"Equatorial Guinea","countryCode":226,"value":1.0},"NewARTPatAllocation":{"countryName":"Equatorial Guinea","countryCode":226,"NewARTPatAllocationMethod":3.0,"ExpectedMortality":0.2,"ProportionEligible":0.8}}