{"countryCode":226,"subnatCode":0,"Incidence":{"countryName":"Equatorial Guinea","countryCode":226,"startYear":1970,"endYear":2022,"values":[0.0,0.0,0.0,0.0,0.0,0.0,0.01094,0.00573,0.00838,0.01194,0.01667,0.02295,0.0314,0.04296,0.05394,0.07382,0.09725,0.13092,0.15979,0.20719,0.25095,0.29175,0.34607,0.39801,0.44228,0.48044,0.51931,0.56082,0.60004,0.62606,0.59961,0.62792,0.64663,0.64856,0.66428,0.65263,0.67805,0.66526,0.68017,0.68032,0.66619,0.6575,0.64298,0.6197,0.58103,0.58092,0.56885,0.54032,0.54973,0.52294,0.55413,0.48386,0.47546]},"AdultARTMale":{"countryName":"Equatorial Guinea","countryCode":226,"startYear":2000,"endYear":2022,"values":[0.0,0.0,0.02342,0.05596,1.06505,3.86266,5.55397,10.21546,11.79037,9.85965,10.23238,15.57947,21.29778,19.27329,20.59214,19.67014,15.16318,19.82473,18.94057,21.0569,22.87596,25.97297,26.32255]},"AdultARTFemale":{"countryName":"Equatorial Guinea","countryCode":226,"startYear":2000,"endYear":2022,"values":[0.0,0.0,0.03756,0.1662,2.0621,7.36002,10.61008,19.48622,17.47774,12.1655,12.46005,19.47642,27.01194,26.52339,37.41338,35.84269,36.207,40.74809,46.53263,46.07568,49.74467,49.21086,53.44285]},"MedianCD4AtInit":{"countryName":"Equatorial Guinea","countryCode":226,"startYear":2000,"endYear":2022,"values":[0.0,0.0,139.8041,145.1007,144.54809,144.55718,144.66428,144.20328,145.77515,182.1754,183.61997,181.58066,182.22804,229.46157,235.02424,242.53466,297.00857,288.09099,294.78584,281.14363,279.72719,271.29664,276.92495]},"PercLostToFollowup":{"countryName":"Equatorial Guinea","countryCode":226,"startYear":2000,"endYear":2022,"values":[0.0,0.0,0.0,0.0,0.0,0.0,0.0,0.0,0.0,0.0,0.0,0.0,0.0,0.0,0.0,0.0,0.0,0.4,1.0,1.0,1.0,1.0,1.0]},"ChildART":{"countryName":"Equatorial Guinea","countryCode":226,"startYear":2000,"endYear":2022,"values":[0.0,0.0,0.0,0.0,0.0,0.0,0.0,0.0,1.07024,2.97846,3.19969,6.42538,9.22778,11.56431,12.15241,13.74988,20.73966,30.27774,21.24507,23.98408,25.59288,26.17656,26.49269]},"ChildCotrim":{"countryName":"Equatorial Guinea","countryCode":226,"startYear":2000,"endYear":2022,"values":[0.0,0.0,0.0,0.0,0.0,0.0,0.0,0.0,0.0,1.34913,7.66609,9.24096,4.10407,7.38704,3.69641,3.95017,4.90404,5.16442,10.09559,12.33843,16.27359,25.79558,33.93155]},"PMTCTSingleDoseNevirapine":{"countryName":"Equatorial Guinea","countryCode":226,"startYear":2000,"endYear":2022,"values":[0.0,0.0,0.0,0.0,0.0,0.0,10.3,9.3,7.0,5.7,6.0,0.0,7.9,3.0,24.2,12.5,6.3,0.0,0.0,0.0,0.0,0.0,0.0]},"PMTCTDualARV":{"countryName":"Equatorial Guinea","countryCode":226,"startYear":2000,"endYear":2022,"values":[0.0,0.0,0.0,0.0,0.0,0.0,0.0,0.0,0.0,0.0,0.0,0.0,0.0,0.0,0.0,0.0,0.0,0.0,0.0,0.0,0.0,0.0,0.0]},"PMTCTOptA":{"countryName":"Equatorial Guinea","countryCode":226,"startYear":2000,"endYear":2022,"values":[0.0,0.0,0.0,0.0,0.0,0.0,0.0,0.0,0.0,0.0,2.1,0.0,5.4,35.0,11.6,0.3,0.0,0.0,0.0,0.0,0.0,0.0,0.0]},"PMTCTOptB":{"countryName":"Equatorial Guinea","countryCode":226,"startYear":2000,"endYear":2022,"values":[0.0,0.0,0.0,0.0,0.0,0.0,0.0,0.0,0.0,0.0,1.1,0.0,0.0,0.0,0.0,0.0,0.0,0.0,0.0,0.0,0.0,0.0,0.0]},"PMTCTOptBPlusStartBefPreg":{"countryName":"Equatorial Guinea","countryCode":226,"startYear":2000,"endYear":2022,"values":[0.0,0.0,0.0,0.0,0.0,0.0,0.0,0.0,0.0,0.0,0.0,0.0,0.0,0.0,18.5,16.6,15.5,13.1,6.7,6.8,9.5,11.9,13.4]},"PMTCTOptBPlusStartDurPregGT4Wks":{"countryName":"Equatorial Guinea","countryCode":226,"startYear":2000,"endYear":2022,"values":[0.0,0.0,0.0,0.0,0.0,6.0,5.3,6.5,9.9,2.3,9.9,6.9,5.9,14.3,18.0,21.1,43.6,41.3,37.8,37.5,22.7,30.6,32.1]},"PMTCTOptBPlusStartDurPregLT4Wks":{"countryName":"Equatorial Guinea","countryCode":226,"startYear":2000,"endYear":2022,"values":[0.0,0.0,0.0,0.0,0.0,0.0,0.0,0.0,0.0,0.0,0.0,0.0,0.0,0.0,0.0,0.0,0.0,0.0,0.0,0.0,0.0,0.0,1.7]},"PMTCTPostnatalOptA":{"countryName":"Equatorial Guinea","countryCode":226,"startYear":2000,"endYear":2022,"values":[0.0,0.0,0.0,0.0,0.0,0.0,0.0,0.0,0.0,0.0,0.0,0.0,0.0,0.0,0.0,0.0,0.0,0.0,0.0,0.0,0.0,0.0,0.0]},"PMTCTPostnatalOptB":{"countryName":"Equatorial Guinea","countryCode":226,"startYear":2000,"endYear":2022,"values":[0.0,0.0,0.0,0.0,0.0,0.0,0.0,0.0,0.0,0.0,0.0,0.0,0.0,0.0,0.0,0.0,0.0,0.0,0.0,0.0,0.0,0.0,0.0]},"PercentHIVPopEligible":{"countryName":"Equatorial Guinea","countryCode":226,"TB\/HIV":3.2,"TB\/HIV Year":2003,"DC":35.5,"DC Year":2011,"FSW":1.6,"FSW Year":2015,"MSM":0.8,"MSM Year":2015,"IDU":0.09,"IDU Year":2015,"Other":10,"Other Year":2015},"AdultHIVPrev":{"countryName":"Equatorial Guinea","countryCode":226,"startYear":1970,"endYear":2022,"values":[0.0,0.0,0.0,0.0,0.0,0.0,0.0107,0.01573,0.02303,0.03335,0.04773,0.06734,0.09413,0.13243,0.1792,0.24251,0.32402,0.4329,0.56277,0.73023,0.92896,1.15352,1.41438,1.706,2.01628,2.33725,2.66778,3.00831,3.3549,3.68654,3.92402,4.14994,4.36012,4.54486,4.72704,4.89454,5.08759,5.27691,5.48245,5.67298,5.8388,6.00058,6.17027,6.33115,6.46246,6.5848,6.67221,6.72732,6.77981,6.7849,6.80822,6.74946,6.68015]},"SexRatio":{"countryName":"Equatorial Guinea","countryCode":226,"startYear":1970,"endYear":2022,"values":[0.24,0.24,0.24,0.24,0.24,0.24,0.34,0.44,0.53,0.62,0.7,0.79,0.86,0.93,1.0,1.06,1.11,1.16,1.21,1.25,1.28,1.31,1.33,1.35,1.36,1.38,1.38,1.38,1.38,1.38,1.38,1.38,1.38,1.38,1.39,1.39,1.39,1.4,1.41,1.43,1.45,1.47,1.51,1.55,1.6,1.66,1.71,1.77,1.81,1.84,1.87,1.89,1.91]},"PercNotBFNotRecARVs":{"countryName":"Equatorial Guinea","countryCode":226,"<2":26.04,"2-3":26.04,"4-5":26.11,"6-7":26.53,"8-9":27.99,"10-11":31.76,"12-13":39.09,"14-15":50,"16-17":62.43,"18-19":73.69,"20-21":82.3,"22-23":88.26,"24-25":92.19,"26-27":94.74,"28-29":96.4,"30-31":97.49,"32-33":98.21,"34-35":98.71},"PercNotBFRecARVs":{"countryName":"Equatorial Guinea","countryCode":226,"<2":26.04,"2-3":26.04,"4-5":26.11,"6-7":26.53,"8-9":27.99,"10-11":31.76,"12-13":39.09,"14-15":50,"16-17":62.43,"18-19":73.69,"20-21":82.3,"22-23":88.26,"24-25":92.19,"26-27":94.74,"28-29":96.4,"30-31":97.49,"32-33":98.21,"34-35":98.71},"LocalAdjustmentFactor":{"countryName":"Equatorial Guinea","countryCode":226,"value":1},"NewARTPatAllocation":{"countryName":"Equatorial Guinea","countryCode":226,"NewARTPatAllocationMethod":3,"ExpectedMortality":0.2,"ProportionEligible":0.8,"NotDefault":0}}