{"countryCode":320,"subnatCode":0,"Incidence":{"countryName":"Guatemala","countryCode":320,"startYear":1970,"endYear":2022,"values":[0.0,0.0,0.0,0.0,0.0,0.0,0.0,0.0,0.0,0.0,0.00403,0.00217,0.00344,0.00521,0.00775,0.01089,0.01681,0.02334,0.03242,0.04182,0.05382,0.06783,0.07615,0.07561,0.07334,0.07054,0.0656,0.05952,0.05173,0.04746,0.04253,0.03653,0.03291,0.02725,0.02238,0.02108,0.01776,0.01534,0.01359,0.01154,0.00949,0.00866,0.00733,0.00601,0.0066,0.00721,0.00892,0.00867,0.00869,0.00902,0.00881,0.01055,0.01037]},"AdultARTMale":{"countryName":"Guatemala","countryCode":320,"startYear":2000,"endYear":2022,"values":[0.0,0.72503,1.08138,39.45426,34.43595,32.94253,47.26904,65.07688,76.4514,58.04473,62.56683,60.2382,68.01948,61.1475,60.92817,59.87621,57.23902,62.72989,70.77392,74.97287,75.8929,80.46283,83.23444]},"AdultARTFemale":{"countryName":"Guatemala","countryCode":320,"startYear":2000,"endYear":2022,"values":[0.0,0.46004,0.9084,7.68207,8.47942,13.93724,23.33656,38.38052,57.16475,48.20946,51.10046,65.82169,67.54708,67.38196,70.92844,66.25831,60.39634,63.07555,66.4757,69.34966,67.82126,70.14996,73.3127]},"MedianCD4AtInit":{"countryName":"Guatemala","countryCode":320,"startYear":2000,"endYear":2022,"values":[0.0,136.72948,136.17947,138.33792,140.47533,134.35622,133.99493,137.41616,144.03165,191.5334,192.0381,184.19407,175.66926,216.3117,211.28062,201.15531,220.0306,218.39513,221.09368,226.3333,231.69367,241.97302,257.81416]},"PercLostToFollowup":{"countryName":"Guatemala","countryCode":320,"startYear":2000,"endYear":2022,"values":[0.0,15.0,13.75,12.5,11.25,10.0,9.96,9.92,9.89,9.85,9.81,9.77,9.73,9.7,9.66,9.62,9.58,9.55,9.51,9.47,10.16,9.43,9.25]},"ChildART":{"countryName":"Guatemala","countryCode":320,"startYear":2000,"endYear":2022,"values":[0.0,0.0,0.0,15.45912,14.41214,14.52581,9.84511,19.61778,13.28304,26.47652,22.55242,33.26472,37.81516,36.50028,39.78335,35.87305,33.46428,34.13094,33.80914,33.67173,31.3172,28.72284,28.29023]},"ChildCotrim":{"countryName":"Guatemala","countryCode":320,"startYear":2000,"endYear":2022,"values":[0.0,0.0,0.0,0.0,0.0,0.0,0.0,0.0,0.0,0.0,0.0,0.0,0.0,0.0,0.0,4.77666,5.15213,3.02478,6.13133,5.89079,3.31576,6.63461,1.68887]},"PMTCTSingleDoseNevirapine":{"countryName":"Guatemala","countryCode":320,"startYear":2000,"endYear":2022,"values":[0.0,0.0,0.0,0.0,0.0,0.0,0.0,0.0,0.0,0.0,0.0,0.0,0.0,0.0,0.0,0.0,0.0,0.0,0.0,0.0,0.0,0.0,0.0]},"PMTCTDualARV":{"countryName":"Guatemala","countryCode":320,"startYear":2000,"endYear":2022,"values":[0.0,0.0,0.0,0.0,0.0,0.0,0.0,0.0,0.0,0.0,0.0,0.0,0.0,0.0,0.0,0.0,0.0,0.0,0.0,0.0,0.0,0.0,0.0]},"PMTCTOptA":{"countryName":"Guatemala","countryCode":320,"startYear":2000,"endYear":2022,"values":[1.2,1.9,2.0,1.7,2.1,3.4,5.6,5.0,3.9,0.0,0.0,0.0,0.0,0.0,0.0,0.0,0.0,0.0,0.0,0.0,0.0,0.0,0.0]},"PMTCTOptB":{"countryName":"Guatemala","countryCode":320,"startYear":2000,"endYear":2022,"values":[0.0,0.0,0.0,0.0,0.0,0.0,0.0,0.0,0.0,0.0,0.0,0.0,0.0,0.0,0.0,0.0,0.0,0.0,0.0,0.0,0.0,0.0,0.0]},"PMTCTOptBPlusStartBefPreg":{"countryName":"Guatemala","countryCode":320,"startYear":2000,"endYear":2022,"values":[0.0,0.0,0.0,0.0,0.0,0.0,16.1,15.4,14.3,23.8,16.6,21.3,15.4,25.0,22.1,14.8,17.5,18.5,21.2,24.0,23.4,25.8,28.1]},"PMTCTOptBPlusStartDurPregGT4Wks":{"countryName":"Guatemala","countryCode":320,"startYear":2000,"endYear":2022,"values":[0.0,0.0,0.0,0.0,0.0,0.0,4.6,4.5,4.1,6.7,4.3,6.1,4.6,6.7,6.2,3.2,4.9,5.3,7.5,6.2,8.3,9.5,11.2]},"PMTCTOptBPlusStartDurPregLT4Wks":{"countryName":"Guatemala","countryCode":320,"startYear":2000,"endYear":2022,"values":[0.0,0.0,0.0,0.0,0.0,0.0,3.0,2.9,2.6,4.4,2.8,4.0,3.1,4.8,4.2,2.1,3.2,3.5,4.9,3.7,2.9,3.4,5.1]},"PMTCTPostnatalOptA":{"countryName":"Guatemala","countryCode":320,"startYear":2000,"endYear":2022,"values":[0.0,0.0,0.0,0.0,0.0,0.0,0.0,0.0,0.0,0.0,0.0,0.0,0.0,0.0,0.0,0.0,0.0,0.0,0.0,0.0,0.0,0.0,0.0]},"PMTCTPostnatalOptB":{"countryName":"Guatemala","countryCode":320,"startYear":2000,"endYear":2022,"values":[0.0,0.0,0.0,0.0,0.0,0.0,0.0,0.0,0.0,0.0,0.0,0.0,0.0,0.0,0.0,0.0,0.0,0.0,0.0,0.0,0.0,0.0,0.0]},"PercentHIVPopEligible":{"countryName":"Guatemala","countryCode":320,"TB\/HIV":10.8,"TB\/HIV Year":2015,"DC":42.7,"DC Year":2017,"FSW":1,"FSW Year":2017,"MSM":9,"MSM Year":2017,"IDU":5.35,"IDU Year":2017,"Other":22.2,"Other Year":2017},"AdultHIVPrev":{"countryName":"Guatemala","countryCode":320,"startYear":1970,"endYear":2022,"values":[0.0,0.0,0.0,0.0,0.0,0.0,0.0,0.0,0.0,0.0,0.00394,0.00583,0.00883,0.01336,0.02009,0.02945,0.04382,0.06354,0.09067,0.12493,0.16829,0.22187,0.27929,0.33146,0.37628,0.41355,0.44158,0.45984,0.46728,0.46845,0.46306,0.45094,0.43505,0.41943,0.40424,0.38793,0.37155,0.35831,0.34811,0.33822,0.32657,0.31466,0.30219,0.28928,0.27744,0.26599,0.25562,0.24583,0.23742,0.23043,0.22379,0.2186,0.21373]},"SexRatio":{"countryName":"Guatemala","countryCode":320,"startYear":1970,"endYear":2022,"values":[0.0,0.0,0.0,0.0,0.0,0.0,1.74,1.3,1.25,1.16,0.93,0.9,0.87,0.84,0.79,0.73,0.67,0.61,0.56,0.53,0.53,0.55,0.55,0.57,0.58,0.6,0.62,0.63,0.65,0.67,0.68,0.69,0.69,0.69,0.69,0.67,0.66,0.65,0.63,0.61,0.61,0.58,0.55,0.53,0.5,0.47,0.44,0.42,0.4,0.39,0.39,0.39,0.39]},"PercNotBFNotRecARVs":{"countryName":"Guatemala","countryCode":320,"<2":3.6,"2-3":5.1,"4-5":6,"6-7":6,"8-9":10.2,"10-11":11.7,"12-13":12.9,"14-15":16.5,"16-17":23.4,"18-19":31,"20-21":37.6,"22-23":50,"24-25":55,"26-27":67.9,"28-29":64,"30-31":69.2,"32-33":78.2,"34-35":78.6},"PercNotBFRecARVs":{"countryName":"Guatemala","countryCode":320,"<2":95,"2-3":96,"4-5":97,"6-7":98,"8-9":99,"10-11":100,"12-13":100,"14-15":100,"16-17":100,"18-19":100,"20-21":100,"22-23":100,"24-25":100,"26-27":100,"28-29":100,"30-31":100,"32-33":100,"34-35":100},"LocalAdjustmentFactor":{"countryName":"Guatemala","countryCode":320,"value":2},"NewARTPatAllocation":{"countryName":"Guatemala","countryCode":320,"NewARTPatAllocationMethod":3,"ExpectedMortality":0.2,"ProportionEligible":0.8,"NotDefault":0}}