{"countryName":"Guyana","subnatCode":0,"Incidence":{"countryName":"Guyana","countryCode":328,"startYear":1970,"endYear":2020,"values":[0.0,0.0,0.0,0.0,0.0,0.0,0.0,9e-5,0.00026,0.00035,0.00046,0.00058,0.00082,0.00115,0.00157,0.00208,0.00272,0.0036,0.00476,0.00638,0.00872,0.01224,0.01742,0.02471,0.0343,0.04649,0.06071,0.07792,0.09924,0.1244,0.14919,0.1702,0.18241,0.1852,0.17703,0.16006,0.1392,0.12541,0.11566,0.10745,0.10108,0.0965,0.09248,0.08952,0.08678,0.08451,0.08202,0.07901,0.07665,0.0734,0.07175]},"AdultARTMale":{"countryName":"Guyana","countryCode":328,"startYear":2000,"endYear":2020,"values":[0.0,0.0,0.0,7.57239,26.46967,54.50965,61.54609,61.95328,63.98385,65.30252,65.33064,67.43755,68.14562,56.09196,57.39064,58.31117,51.97772,56.12676,59.12893,61.69995,59.82882]},"AdultARTFemale":{"countryName":"Guyana","countryCode":328,"startYear":2000,"endYear":2020,"values":[0.0,0.0,0.0,8.47344,28.238,57.14055,64.28084,65.003,68.01214,70.66576,70.90764,75.17655,77.31526,65.90872,67.91829,70.80377,65.21328,67.37072,70.13262,74.6702,72.92555]},"MedianCD4AtInit":{"countryName":"Guyana","countryCode":328,"startYear":2000,"endYear":2020,"values":[0.0,0.0,0.0,0.0,0.0,0.0,0.0,0.0,0.0,0.0,0.0,0.0,0.0,0.0,0.0,0.0,0.0,0.0,0.0,0.0,0.0]},"PercLostToFollowup":{"countryName":"Guyana","countryCode":328,"startYear":2000,"endYear":2020,"values":[0.0,0.0,0.0,0.0,0.0,0.0,0.0,0.0,0.0,0.0,7.6,9.6,7.7,7.7,12.21,11.89,13.68,3.0,12.8,10.2,10.8]},"ChildART":{"countryName":"Guyana","countryCode":328,"startYear":2000,"endYear":2020,"values":[0.0,0.0,0.0,0.0,0.0,0.0,0.0,0.0,100.0,100.0,95.32599,97.39069,87.3689,73.63348,69.68536,65.7717,66.24373,56.76061,51.99127,60.74369,55.61523]},"ChildCotrim":{"countryName":"Guyana","countryCode":328,"startYear":2000,"endYear":2020,"values":[0.0,0.0,0.4161,1.50269,3.20141,18.13041,18.93487,54.65043,43.20403,36.42169,40.58668,37.96321,37.92535,69.87188,59.00587,51.78128,37.58331,33.99199,29.5768,0.0,32.00121]},"PMTCTSingleDoseNevirapine":{"countryName":"Guyana","countryCode":328,"startYear":2000,"endYear":2020,"values":[0.0,0.74502,28.28242,29.52071,35.74771,51.38688,6.11737,8.11026,8.98108,31.72184,21.47116,19.53849,16.47833,16.59574,17.41892,13.4715,2.83487,5.81257,8.91976,0.0,6.75403]},"PMTCTDualARV":{"countryName":"Guyana","countryCode":328,"startYear":2000,"endYear":2020,"values":[0.0,0.0,0.0,0.0,0.0,0.0,0.0,0.0,0.0,0.0,0.0,0.0,0.0,0.0,0.0,0.0,0.0,0.0,0.0,0.0,0.0]},"PMTCTOptA":{"countryName":"Guyana","countryCode":328,"startYear":2000,"endYear":2020,"values":[0.0,0.0,0.0,0.0,0.0,0.0,0.0,0.0,0.0,0.0,0.0,0.0,0.0,0.0,0.0,0.0,0.0,0.0,0.0,0.0,0.0]},"PMTCTOptB":{"countryName":"Guyana","countryCode":328,"startYear":2000,"endYear":2020,"values":[0.0,0.0,0.0,0.0,0.0,0.0,17.91516,24.75765,24.8049,23.46547,29.52285,31.16854,29.0794,10.6383,0.0,0.0,0.0,0.0,0.0,0.0,0.0]},"PMTCTOptBPlusStartBefPreg":{"countryName":"Guyana","countryCode":328,"startYear":2000,"endYear":2020,"values":[0.0,0.0,0.0,0.0,0.0,0.0,0.0,0.0,0.0,0.0,0.0,0.0,0.0,40.0,41.17199,52.33161,51.59465,32.55041,57.68112,70.0,48.50618]},"PMTCTOptBPlusStartDurPregGT4Wks":{"countryName":"Guyana","countryCode":328,"startYear":2000,"endYear":2020,"values":[0.0,0.0,0.0,0.0,0.0,0.0,13.54561,19.63537,30.79229,21.72729,22.36579,35.82056,44.58842,32.76596,40.64414,34.19689,34.01845,39.5255,31.51649,27.77778,28.85811]},"PMTCTOptBPlusStartDurPregLT4Wks":{"countryName":"Guyana","countryCode":328,"startYear":2000,"endYear":2020,"values":[0.0,0.0,0.0,0.0,0.0,0.0,0.0,0.0,0.0,0.0,0.0,0.0,0.0,0.0,0.0,0.0,3.40184,1.74377,0.0,2.22222,6.75403]},"PMTCTPostnatalOptA":{"countryName":"Guyana","countryCode":328,"startYear":2000,"endYear":2020,"values":[0.0,0.0,0.0,0.0,0.0,0.0,0.0,0.0,0.0,0.0,0.0,0.0,0.0,0.0,0.0,0.0,0.0,0.0,0.0,0.0,0.0]},"PMTCTPostnatalOptB":{"countryName":"Guyana","countryCode":328,"startYear":2000,"endYear":2020,"values":[0.0,0.0,0.0,0.0,0.0,0.0,0.0,0.0,0.0,0.0,0.0,0.0,0.0,0.0,0.0,0.0,0.0,0.0,0.0,0.0,0.0]},"PercentHIVPopEligible":{"countryName":"Guyana","countryCode":328,"TB\/HIV":3.86,"TB\/HIV Year":2007,"DC":42.1,"DC Year":2011,"FSW":3.94,"FSW Year":2015,"MSM":14.88,"MSM Year":2015,"IDU":5.35,"IDU Year":2015,"Other":10,"Other Year":2015},"AdultHIVPrev":{"countryName":"Guyana","countryCode":328,"startYear":1970,"endYear":2020,"values":[0.0,0.0,0.0,0.0,0.0,0.0,0.0,9e-5,0.00034,0.00066,0.00106,0.00154,0.00223,0.00319,0.0045,0.00624,0.00851,0.0115,0.01543,0.02066,0.02779,0.03786,0.05238,0.07321,0.10241,0.14231,0.19431,0.26039,0.34318,0.44457,0.56185,0.68946,0.81743,0.93669,1.04314,1.13643,1.21396,1.27772,1.32839,1.36597,1.39176,1.40846,1.41819,1.42263,1.42181,1.41698,1.40868,1.39658,1.38179,1.36395,1.34361]},"SexRatio":{"countryName":"Guyana","countryCode":328,"startYear":1970,"endYear":2020,"values":[0.0,0.02661,0.0,0.8977,0.91797,0.78316,1.3654,1.37369,1.07548,1.05692,1.05679,1.1599,1.07779,1.07898,1.07052,1.09881,1.10724,1.08544,1.05787,1.00023,0.90484,0.78148,0.66237,0.57213,0.53166,0.53743,0.61317,0.77802,1.03093,1.3167,1.55522,1.65703,1.61982,1.47522,1.30112,1.12207,0.95337,0.82132,0.73798,0.68982,0.67854,0.691,0.71632,0.75406,0.79158,0.82994,0.86249,0.88563,0.90793,0.92575,0.93568]},"PercNotBFNotRecARVs":{"countryName":"Guyana","countryCode":328,"<2":3.2,"2-3":6.7,"4-5":14.3,"6-7":18.7,"8-9":33.5,"10-11":29.6,"12-13":40.4,"14-15":36.7,"16-17":42.4,"18-19":33.6,"20-21":51.6,"22-23":49.9,"24-25":58.6,"26-27":41.5,"28-29":62.4,"30-31":72.5,"32-33":59.1,"34-35":49.2},"PercNotBFRecARVs":{"countryName":"Guyana","countryCode":328,"<2":100,"2-3":100,"4-5":100,"6-7":100,"8-9":100,"10-11":100,"12-13":100,"14-15":100,"16-17":100,"18-19":100,"20-21":100,"22-23":100,"24-25":100,"26-27":100,"28-29":100,"30-31":100,"32-33":100,"34-35":100},"LocalAdjustmentFactor":{"countryName":"Guyana","countryCode":328,"value":1.5}}