{"countryCode":328,"subnatCode":0,"Incidence":{"countryName":"Guyana","countryCode":328,"startYear":1970,"endYear":2022,"values":[0.0,0.0,0.0,0.0,0.0,0.0,0.0,0.0,0.00045,0.00023,0.0003,0.00043,0.00066,0.00081,0.00112,0.00153,0.00224,0.00344,0.00533,0.00844,0.01508,0.0265,0.04761,0.05729,0.06202,0.07112,0.07043,0.08129,0.09839,0.11506,0.12962,0.13975,0.15743,0.16959,0.16545,0.15704,0.15002,0.14232,0.13366,0.12051,0.11312,0.10397,0.09767,0.09337,0.08808,0.08984,0.08814,0.09063,0.09134,0.10904,0.09052,0.10199,0.10571]},"AdultARTMale":{"countryName":"Guyana","countryCode":328,"startYear":2000,"endYear":2022,"values":[0.0,0.0,0.0,12.82606,41.03244,78.24961,83.98722,76.64258,76.56295,59.72955,60.29207,63.08687,64.40911,55.31014,57.42718,59.05154,54.05343,58.5608,57.46849,61.56412,59.0297,61.09311,62.71591]},"AdultARTFemale":{"countryName":"Guyana","countryCode":328,"startYear":2000,"endYear":2022,"values":[0.0,0.0,0.0,11.43882,39.28322,79.52404,89.50599,84.96132,86.81881,72.50524,73.44369,78.45089,80.74787,70.66957,72.48836,75.18932,69.4367,71.23952,70.99885,75.63926,72.81993,73.61669,74.89945]},"MedianCD4AtInit":{"countryName":"Guyana","countryCode":328,"startYear":2000,"endYear":2022,"values":[0.0,0.0,0.0,144.04289,148.10152,167.94516,201.0404,216.48522,215.00401,245.82992,235.43624,228.21772,226.70165,276.62576,267.38988,258.29393,308.06867,298.48606,294.58776,296.95751,294.72695,296.48416,302.18474]},"PercLostToFollowup":{"countryName":"Guyana","countryCode":328,"startYear":2000,"endYear":2022,"values":[0.0,0.0,0.0,7.6,7.6,7.6,7.6,7.6,7.6,7.6,7.6,9.6,7.7,7.7,12.21,11.89,13.68,3.0,12.8,10.2,10.8,17.0,9.6]},"ChildART":{"countryName":"Guyana","countryCode":328,"startYear":2000,"endYear":2022,"values":[0.0,0.0,0.0,0.0,0.0,0.0,0.0,0.0,99.0,99.0,78.54451,79.74557,74.21441,65.16282,60.79702,54.89671,53.96457,43.21234,24.59588,27.18353,23.28714,19.98423,19.46674]},"ChildCotrim":{"countryName":"Guyana","countryCode":328,"startYear":2000,"endYear":2022,"values":[0.0,0.0,0.4161,1.50269,3.20141,18.13041,18.93487,54.65043,43.20403,36.42169,40.58668,37.96321,37.92535,69.87188,59.00587,51.78128,37.58331,33.99199,29.5768,0.0,14.89325,19.74414,14.86543]},"PMTCTSingleDoseNevirapine":{"countryName":"Guyana","countryCode":328,"startYear":2000,"endYear":2022,"values":[0.0,0.5,20.3,23.4,29.3,42.2,5.0,6.5,7.1,24.6,16.3,14.5,12.0,13.9,12.0,9.7,1.9,3.8,5.7,0.0,4.0,0.7,0.0]},"PMTCTDualARV":{"countryName":"Guyana","countryCode":328,"startYear":2000,"endYear":2022,"values":[0.0,0.0,0.0,0.0,0.0,0.0,0.0,0.0,0.0,0.0,0.0,0.0,0.0,0.0,0.0,0.0,0.0,0.0,0.0,0.0,0.0,0.0,0.0]},"PMTCTOptA":{"countryName":"Guyana","countryCode":328,"startYear":2000,"endYear":2022,"values":[0.0,0.0,0.0,0.0,0.0,0.0,0.0,0.0,0.0,0.0,0.0,0.0,0.0,0.0,0.0,0.0,0.0,0.0,0.0,0.0,0.0,0.0,0.0]},"PMTCTOptB":{"countryName":"Guyana","countryCode":328,"startYear":2000,"endYear":2022,"values":[0.0,0.0,0.0,0.0,0.0,0.0,14.6,20.0,19.6,18.2,22.4,23.1,21.1,8.9,0.0,0.0,0.0,0.0,0.0,0.0,0.0,0.0,0.0]},"PMTCTOptBPlusStartBefPreg":{"countryName":"Guyana","countryCode":328,"startYear":2000,"endYear":2022,"values":[0.0,0.0,0.0,0.0,0.0,0.0,0.0,0.0,0.0,0.0,0.0,0.0,0.0,33.5,28.5,37.6,34.2,21.2,36.8,44.9,28.8,50.8,38.2]},"PMTCTOptBPlusStartDurPregGT4Wks":{"countryName":"Guyana","countryCode":328,"startYear":2000,"endYear":2022,"values":[0.0,0.0,0.0,0.0,0.0,0.0,11.0,15.8,24.4,16.8,17.0,26.6,32.4,27.4,28.1,24.6,22.6,25.7,20.1,17.8,17.1,19.4,48.9]},"PMTCTOptBPlusStartDurPregLT4Wks":{"countryName":"Guyana","countryCode":328,"startYear":2000,"endYear":2022,"values":[0.0,0.0,0.0,0.0,0.0,0.0,0.0,0.0,0.0,0.0,0.0,0.0,0.0,0.0,0.0,0.0,2.3,1.1,0.0,1.4,4.0,0.0,0.0]},"PMTCTPostnatalOptA":{"countryName":"Guyana","countryCode":328,"startYear":2000,"endYear":2022,"values":[0.0,0.0,0.0,0.0,0.0,0.0,0.0,0.0,0.0,0.0,0.0,0.0,0.0,0.0,0.0,0.0,0.0,0.0,0.0,0.0,0.0,0.0,0.0]},"PMTCTPostnatalOptB":{"countryName":"Guyana","countryCode":328,"startYear":2000,"endYear":2022,"values":[0.0,0.0,0.0,0.0,0.0,0.0,0.0,0.0,0.0,0.0,0.0,0.0,0.0,0.0,0.0,0.0,0.0,0.0,0.0,0.0,0.0,0.0,0.0]},"PercentHIVPopEligible":{"countryName":"Guyana","countryCode":328,"TB\/HIV":3.86,"TB\/HIV Year":2007,"DC":42.1,"DC Year":2011,"FSW":3.94,"FSW Year":2015,"MSM":14.88,"MSM Year":2015,"IDU":5.35,"IDU Year":2015,"Other":10,"Other Year":2015},"AdultHIVPrev":{"countryName":"Guyana","countryCode":328,"startYear":1970,"endYear":2022,"values":[0.0,0.0,0.0,0.0,0.0,0.0,0.0,0.0,0.00043,0.00063,0.00088,0.00123,0.00179,0.00244,0.00335,0.00459,0.00644,0.0093,0.01379,0.02097,0.03408,0.05761,0.10016,0.14972,0.20099,0.25807,0.31062,0.36955,0.44013,0.5209,0.60875,0.69839,0.79623,0.90051,1.00346,1.10338,1.19637,1.27813,1.34669,1.39759,1.43629,1.46136,1.47643,1.48539,1.48623,1.4859,1.4822,1.47887,1.46318,1.48231,1.47134,1.47275,1.47697]},"SexRatio":{"countryName":"Guyana","countryCode":328,"startYear":1970,"endYear":2022,"values":[0.0,0.03,0.0,0.9,0.92,0.98,1.08,1.04,1.11,0.99,0.97,0.93,1.01,0.97,0.97,0.9,0.82,0.83,0.82,1.13,1.54,2.22,2.63,2.6,2.51,2.31,2.14,2.0,1.75,1.46,1.21,0.98,0.81,0.8,0.8,0.79,0.78,0.77,0.76,0.76,0.76,0.75,0.75,0.76,0.77,0.78,0.78,0.79,0.8,0.82,0.82,0.84,0.85]},"PercNotBFNotRecARVs":{"countryName":"Guyana","countryCode":328,"<2":3.2,"2-3":6.7,"4-5":14.3,"6-7":18.7,"8-9":33.5,"10-11":29.6,"12-13":40.4,"14-15":36.7,"16-17":42.4,"18-19":33.6,"20-21":51.6,"22-23":49.9,"24-25":58.6,"26-27":41.5,"28-29":62.4,"30-31":72.5,"32-33":59.1,"34-35":49.2},"PercNotBFRecARVs":{"countryName":"Guyana","countryCode":328,"<2":100,"2-3":100,"4-5":100,"6-7":100,"8-9":100,"10-11":100,"12-13":100,"14-15":100,"16-17":100,"18-19":100,"20-21":100,"22-23":100,"24-25":100,"26-27":100,"28-29":100,"30-31":100,"32-33":100,"34-35":100},"LocalAdjustmentFactor":{"countryName":"Guyana","countryCode":328,"value":2.31},"NewARTPatAllocation":{"countryName":"Guyana","countryCode":328,"NewARTPatAllocationMethod":3,"ExpectedMortality":0.2,"ProportionEligible":0.8,"NotDefault":0}}