{"countryCode":340,"subnatCode":0,"Incidence":{"countryName":"Honduras","countryCode":340,"startYear":1970,"endYear":2022,"values":[0.0,0.0,0.0,0.0,0.0,0.0,0.0,0.0,0.00921,0.0057,0.00901,0.0129,0.01822,0.02418,0.03248,0.04181,0.05176,0.0639,0.07591,0.09168,0.10531,0.12015,0.13286,0.14139,0.1425,0.13836,0.13096,0.11882,0.10572,0.09158,0.07702,0.06039,0.04928,0.03872,0.02854,0.02297,0.01762,0.01281,0.01099,0.00949,0.01014,0.00913,0.00802,0.00732,0.00695,0.00695,0.00797,0.00735,0.0078,0.00762,0.00752,0.00814,0.00755]},"AdultARTMale":{"countryName":"Honduras","countryCode":340,"startYear":2000,"endYear":2022,"values":[0.0,0.0,1.54763,12.01708,17.00468,23.91196,27.65603,33.32599,36.01364,31.6222,36.6779,40.4328,44.26304,40.93193,44.1036,48.56663,47.5084,52.36064,55.16096,57.46868,59.3357,62.42043,66.31614]},"AdultARTFemale":{"countryName":"Honduras","countryCode":340,"startYear":2000,"endYear":2022,"values":[0.0,0.0,2.17979,17.00313,20.79726,26.7045,36.03183,41.05816,45.25802,40.65147,43.21907,48.8736,52.88699,51.83174,53.52298,58.09392,57.83639,61.5182,63.53264,64.59914,65.33993,68.26031,72.09864]},"MedianCD4AtInit":{"countryName":"Honduras","countryCode":340,"startYear":2000,"endYear":2022,"values":[0.0,0.0,134.66212,134.33818,133.9457,131.64834,130.04487,128.59934,126.75817,157.92977,154.84619,149.72184,146.17398,172.72946,172.97441,167.46446,182.80552,182.46789,181.96916,182.89212,184.75893,187.12893,192.70009]},"PercLostToFollowup":{"countryName":"Honduras","countryCode":340,"startYear":2000,"endYear":2022,"values":[0.0,0.0,8.0,8.0,8.0,9.0,10.0,11.0,11.0,12.0,14.0,14.0,15.0,15.0,17.0,9.0,9.0,9.0,9.0,9.0,9.0,9.0,9.0]},"ChildART":{"countryName":"Honduras","countryCode":340,"startYear":2000,"endYear":2022,"values":[0.0,0.0,0.0,40.86282,46.41884,57.5306,67.66459,67.65024,70.87791,60.89099,60.3057,55.18072,61.34696,59.81427,39.34248,35.5511,37.21878,41.45552,29.36544,30.20273,30.80624,32.68661,25.57088]},"ChildCotrim":{"countryName":"Honduras","countryCode":340,"startYear":2000,"endYear":2022,"values":[0.0,0.0,0.0,0.0,0.0,0.0,0.0,0.0,0.0,0.0,0.0,0.0,0.0,0.0,0.0,0.0,0.0,0.0,0.0,0.0,0.0,0.0,0.0]},"PMTCTSingleDoseNevirapine":{"countryName":"Honduras","countryCode":340,"startYear":2000,"endYear":2022,"values":[0.0,0.0,0.0,0.2,0.3,0.6,0.9,1.2,0.9,4.4,2.3,1.8,1.0,1.6,0.8,0.0,0.0,0.0,0.0,0.0,0.0,0.0,0.0]},"PMTCTDualARV":{"countryName":"Honduras","countryCode":340,"startYear":2000,"endYear":2022,"values":[0.0,0.0,0.0,0.0,0.0,0.0,0.0,0.0,0.0,0.0,0.0,0.0,0.0,0.0,0.0,0.0,0.0,0.0,0.0,0.0,0.0,0.0,0.0]},"PMTCTOptA":{"countryName":"Honduras","countryCode":340,"startYear":2000,"endYear":2022,"values":[0.0,0.0,0.0,1.7,3.8,6.4,9.5,13.3,12.5,0.0,0.0,0.0,0.0,0.0,0.0,0.0,0.0,0.0,0.0,0.0,0.0,0.0,0.0]},"PMTCTOptB":{"countryName":"Honduras","countryCode":340,"startYear":2000,"endYear":2022,"values":[0.0,0.0,0.0,0.0,0.0,0.0,0.0,0.0,0.0,19.3,17.8,19.1,21.1,21.5,0.0,0.0,0.0,0.0,0.0,0.0,0.0,0.0,0.0]},"PMTCTOptBPlusStartBefPreg":{"countryName":"Honduras","countryCode":340,"startYear":2000,"endYear":2022,"values":[0.0,0.0,0.0,0.6,1.4,2.3,3.4,4.8,6.8,12.2,15.4,15.5,17.8,15.6,20.3,18.8,17.3,21.2,25.4,23.8,18.6,23.5,21.8]},"PMTCTOptBPlusStartDurPregGT4Wks":{"countryName":"Honduras","countryCode":340,"startYear":2000,"endYear":2022,"values":[0.0,0.0,0.0,0.0,0.0,0.0,0.0,0.0,0.0,0.0,0.0,0.0,0.0,0.0,17.5,17.3,20.9,19.6,21.7,17.0,14.1,13.5,17.5]},"PMTCTOptBPlusStartDurPregLT4Wks":{"countryName":"Honduras","countryCode":340,"startYear":2000,"endYear":2022,"values":[0.0,0.0,0.0,0.0,0.0,0.0,0.0,0.0,0.0,0.0,0.0,0.0,0.0,0.0,0.8,0.0,0.0,1.2,2.7,0.0,3.3,3.5,2.1]},"PMTCTPostnatalOptA":{"countryName":"Honduras","countryCode":340,"startYear":2000,"endYear":2022,"values":[0.0,0.0,0.0,0.0,0.0,0.0,0.0,0.0,0.0,0.0,0.0,0.0,0.0,0.0,0.0,0.0,0.0,0.0,0.0,0.0,0.0,0.0,0.0]},"PMTCTPostnatalOptB":{"countryName":"Honduras","countryCode":340,"startYear":2000,"endYear":2022,"values":[0.0,0.0,0.0,0.0,0.0,0.0,0.0,0.0,0.0,0.0,0.0,0.0,0.0,0.0,0.0,0.0,0.0,0.0,0.0,0.0,0.0,0.0,0.0]},"PercentHIVPopEligible":{"countryName":"Honduras","countryCode":340,"TB\/HIV":8.13,"TB\/HIV Year":2014,"DC":44.3,"DC Year":2018,"FSW":3.25,"FSW Year":2018,"MSM":34.36,"MSM Year":2018,"IDU":5.35,"IDU Year":2018,"Other":10,"Other Year":2018},"AdultHIVPrev":{"countryName":"Honduras","countryCode":340,"startYear":1970,"endYear":2022,"values":[0.0,0.0,0.0,0.0,0.0,0.0,0.0,0.0,0.00898,0.014,0.02187,0.03287,0.04825,0.06833,0.09505,0.12891,0.16926,0.21797,0.2734,0.33893,0.41129,0.49093,0.57506,0.65908,0.73536,0.7993,0.84844,0.87921,0.89198,0.88748,0.86671,0.82904,0.7825,0.73465,0.68613,0.63796,0.59126,0.54594,0.50373,0.46385,0.42811,0.39512,0.36494,0.33734,0.31206,0.2893,0.26921,0.25111,0.23582,0.22208,0.20975,0.1989,0.18934]},"SexRatio":{"countryName":"Honduras","countryCode":340,"startYear":1970,"endYear":2022,"values":[0.0,0.0,0.0,0.0,0.0,0.0,0.0,0.0,1.21,1.11,1.08,1.05,1.02,1.0,0.98,0.98,0.97,0.96,0.97,0.98,0.98,0.98,0.97,0.95,0.92,0.89,0.84,0.8,0.77,0.74,0.7,0.66,0.63,0.6,0.56,0.52,0.48,0.44,0.41,0.43,0.42,0.4,0.37,0.33,0.29,0.24,0.21,0.17,0.15,0.12,0.11,0.09,0.09]},"PercNotBFNotRecARVs":{"countryName":"Honduras","countryCode":340,"<2":3,"2-3":8.4,"4-5":12.5,"6-7":12.8,"8-9":27.6,"10-11":21.5,"12-13":35.5,"14-15":43.8,"16-17":50.5,"18-19":43.4,"20-21":59.8,"22-23":65.9,"24-25":79.2,"26-27":91.2,"28-29":87.5,"30-31":95.1,"32-33":91.8,"34-35":94.6},"PercNotBFRecARVs":{"countryName":"Honduras","countryCode":340,"<2":95,"2-3":96,"4-5":97,"6-7":98,"8-9":99,"10-11":100,"12-13":100,"14-15":100,"16-17":100,"18-19":100,"20-21":100,"22-23":100,"24-25":100,"26-27":100,"28-29":100,"30-31":100,"32-33":100,"34-35":100},"LocalAdjustmentFactor":{"countryName":"Honduras","countryCode":340,"value":2.06},"NewARTPatAllocation":{"countryName":"Honduras","countryCode":340,"NewARTPatAllocationMethod":3,"ExpectedMortality":0.2,"ProportionEligible":0.8,"NotDefault":0}}