{"countryName":"Croatia","subnatCode":0,"Incidence":{"countryName":"Croatia","countryCode":191,"startYear":1970,"endYear":2020,"values":[0.0,9e-5,0.0001,0.00012,0.00013,0.00015,0.00017,0.0002,0.00022,0.00026,0.00029,0.00033,0.00037,0.00042,0.00048,0.00054,0.00061,0.00069,0.00077,0.00086,0.00097,0.00108,0.0012,0.00133,0.00147,0.00162,0.00177,0.00193,0.00209,0.00225,0.00241,0.00256,0.00271,0.00285,0.00299,0.00311,0.00322,0.00332,0.00342,0.0035,0.00357,0.00363,0.00368,0.00373,0.00377,0.0038,0.00383,0.00386,0.00388,0.0039,0.00391]},"AdultARTMale":{"countryName":"Croatia","countryCode":191,"startYear":2000,"endYear":2020,"values":[66.22067,67.82091,68.02147,67.59376,66.82963,66.23165,67.03633,70.24803,75.71851,74.3058,64.93932,67.97049,72.10214,62.33544,66.44486,61.98747,67.2511,69.56077,72.43916,73.46162,74.54046]},"AdultARTFemale":{"countryName":"Croatia","countryCode":191,"startYear":2000,"endYear":2020,"values":[100.0,100.0,100.0,100.0,100.0,100.0,100.0,100.0,100.0,100.0,98.29485,100.0,99.08417,86.99114,86.71558,73.83828,72.75665,70.78979,72.77579,70.38583,73.61484]},"MedianCD4AtInit":{"countryName":"Croatia","countryCode":191,"startYear":2000,"endYear":2020,"values":[0.0,0.0,0.0,0.0,0.0,0.0,0.0,0.0,0.0,0.0,0.0,0.0,0.0,0.0,0.0,0.0,0.0,0.0,0.0,0.0,0.0]},"PercLostToFollowup":{"countryName":"Croatia","countryCode":191,"startYear":2000,"endYear":2020,"values":[0.0,0.0,0.0,0.0,0.0,0.0,0.0,0.0,0.0,0.0,0.0,0.0,0.0,0.0,0.0,0.0,0.0,0.0,0.0,0.0,0.0]},"ChildART":{"countryName":"Croatia","countryCode":191,"startYear":2000,"endYear":2020,"values":[0.0,0.0,0.0,0.0,0.0,100.0,100.0,100.0,100.0,100.0,100.0,100.0,100.0,100.0,100.0,100.0,100.0,100.0,100.0,100.0,100.0]},"ChildCotrim":{"countryName":"Croatia","countryCode":191,"startYear":2000,"endYear":2020,"values":[0.0,0.0,0.0,0.0,0.0,0.0,0.0,0.0,0.0,0.0,0.0,0.0,0.0,0.0,0.0,0.0,0.0,0.0,0.0,0.0,0.0]},"PMTCTSingleDoseNevirapine":{"countryName":"Croatia","countryCode":191,"startYear":2000,"endYear":2020,"values":[0.0,0.0,0.0,0.0,0.0,0.0,0.0,0.0,0.0,0.0,0.0,0.0,0.0,0.0,0.0,0.0,0.0,0.0,0.0,0.0,0.0]},"PMTCTDualARV":{"countryName":"Croatia","countryCode":191,"startYear":2000,"endYear":2020,"values":[0.0,0.0,0.0,0.0,0.0,0.0,0.0,0.0,0.0,0.0,0.0,0.0,0.0,0.0,0.0,0.0,0.0,0.0,0.0,0.0,0.0]},"PMTCTOptA":{"countryName":"Croatia","countryCode":191,"startYear":2000,"endYear":2020,"values":[0.0,0.0,0.0,0.0,0.0,0.0,0.0,0.0,0.0,0.0,0.0,0.0,0.0,0.0,0.0,0.0,0.0,0.0,0.0,0.0,0.0]},"PMTCTOptB":{"countryName":"Croatia","countryCode":191,"startYear":2000,"endYear":2020,"values":[0.0,0.0,0.0,0.0,0.0,0.0,0.0,0.0,0.0,0.0,0.0,0.0,0.0,0.0,0.0,0.0,0.0,0.0,0.0,0.0,0.0]},"PMTCTOptBPlusStartBefPreg":{"countryName":"Croatia","countryCode":191,"startYear":2000,"endYear":2020,"values":[0.0,0.0,0.0,0.0,0.0,0.0,100.0,100.0,0.0,0.0,0.0,100.0,0.0,0.0,0.0,0.0,0.0,100.0,100.0,100.0,100.0]},"PMTCTOptBPlusStartDurPregGT4Wks":{"countryName":"Croatia","countryCode":191,"startYear":2000,"endYear":2020,"values":[100.0,100.0,100.0,100.0,100.0,100.0,0.0,0.0,100.0,100.0,100.0,0.0,100.0,100.0,100.0,100.0,100.0,0.0,0.0,0.0,0.0]},"PMTCTOptBPlusStartDurPregLT4Wks":{"countryName":"Croatia","countryCode":191,"startYear":2000,"endYear":2020,"values":[0.0,0.0,0.0,0.0,0.0,0.0,0.0,0.0,0.0,0.0,0.0,0.0,0.0,0.0,0.0,0.0,0.0,0.0,0.0,0.0,0.0]},"PMTCTPostnatalOptA":{"countryName":"Croatia","countryCode":191,"startYear":2000,"endYear":2020,"values":[0.0,0.0,0.0,0.0,0.0,0.0,0.0,0.0,0.0,0.0,0.0,0.0,0.0,0.0,0.0,0.0,0.0,0.0,0.0,0.0,0.0]},"PMTCTPostnatalOptB":{"countryName":"Croatia","countryCode":191,"startYear":2000,"endYear":2020,"values":[0.0,0.0,0.0,0.0,0.0,0.0,0.0,0.0,0.0,0.0,0.0,0.0,0.0,0.0,0.0,0.0,0.0,0.0,0.0,0.0,0.0]},"PercentHIVPopEligible":{"countryName":"Croatia","countryCode":191,"TB\/HIV":5,"TB\/HIV Year":2009,"DC":40,"DC Year":2011,"FSW":2,"FSW Year":2015,"MSM":5,"MSM Year":2015,"IDU":0.5,"IDU Year":2015,"Other":10,"Other Year":2015},"AdultHIVPrev":{"countryName":"Croatia","countryCode":191,"startYear":1970,"endYear":2020,"values":[0.0,9e-5,0.00019,0.0003,0.00042,0.00055,0.00069,0.00085,0.00102,0.00122,0.00143,0.00167,0.00193,0.00222,0.00254,0.0029,0.0033,0.00375,0.00424,0.00478,0.0054,0.00608,0.00683,0.00766,0.00856,0.00954,0.01066,0.01214,0.01377,0.01552,0.01736,0.01925,0.02121,0.02321,0.02525,0.0273,0.02937,0.03144,0.03355,0.03567,0.03769,0.03965,0.04152,0.04332,0.04507,0.04677,0.04848,0.05014,0.05172,0.05319,0.05453]},"SexRatio":{"countryName":"Croatia","countryCode":191,"startYear":1970,"endYear":2020,"values":[0.10286,0.11143,0.11143,0.11143,0.11143,0.11143,0.11143,0.11143,0.11143,0.11143,0.11143,0.11143,0.11143,0.11143,0.11143,0.11143,0.11143,0.11143,0.11143,0.11143,0.11143,0.11143,0.11143,0.11143,0.11143,0.11143,0.11143,0.11143,0.11143,0.11143,0.11143,0.11143,0.11143,0.11143,0.11143,0.11143,0.11143,0.11143,0.11143,0.11143,0.11143,0.11143,0.11143,0.1,0.09,0.09,0.08,0.07,0.07,0.07,0.07]},"PercNotBFNotRecARVs":{"countryName":"Croatia","countryCode":191,"<2":100,"2-3":100,"4-5":100,"6-7":100,"8-9":100,"10-11":100,"12-13":100,"14-15":100,"16-17":100,"18-19":100,"20-21":100,"22-23":100,"24-25":100,"26-27":100,"28-29":100,"30-31":100,"32-33":100,"34-35":100},"PercNotBFRecARVs":{"countryName":"Croatia","countryCode":191,"<2":100,"2-3":100,"4-5":100,"6-7":100,"8-9":100,"10-11":100,"12-13":100,"14-15":100,"16-17":100,"18-19":100,"20-21":100,"22-23":100,"24-25":100,"26-27":100,"28-29":100,"30-31":100,"32-33":100,"34-35":100},"LocalAdjustmentFactor":{"countryName":"Croatia","countryCode":191,"value":1}}