{"countryName":"Haiti","subnatCode":0,"Incidence":{"countryName":"Haiti","countryCode":332,"startYear":1970,"endYear":2020,"values":[0.0,0.0,0.0,0.0,0.0,0.0,0.0,0.0,0.0,0.02385,0.02097,0.0347,0.05783,0.09662,0.15062,0.22914,0.31033,0.40504,0.47086,0.51301,0.51816,0.50851,0.46835,0.41342,0.37846,0.33968,0.30738,0.28668,0.27522,0.24944,0.23183,0.23666,0.21587,0.20581,0.18769,0.1765,0.16801,0.1601,0.15123,0.14541,0.1377,0.13472,0.12983,0.12212,0.11257,0.1056,0.0992,0.08807,0.07876,0.07736,0.06365]},"AdultARTMale":{"countryName":"Haiti","countryCode":332,"startYear":2000,"endYear":2020,"values":[0.0,0.12124,1.01019,1.5526,2.92373,6.986,17.47795,25.30409,34.39517,42.4716,32.28751,30.30535,33.29877,39.49806,41.12461,44.6708,49.34902,56.02322,55.61402,67.44421,74.70038]},"AdultARTFemale":{"countryName":"Haiti","countryCode":332,"startYear":2000,"endYear":2020,"values":[0.0,0.13308,1.11889,1.72295,3.22123,7.71039,19.20236,27.69265,37.52574,46.16239,36.18612,33.51854,42.81771,52.00655,53.31172,58.04367,64.17549,71.24931,66.91993,78.69888,86.67294]},"MedianCD4AtInit":{"countryName":"Haiti","countryCode":332,"startYear":2000,"endYear":2020,"values":[0.0,0.0,0.0,0.0,0.0,0.0,0.0,0.0,0.0,0.0,0.0,0.0,0.0,0.0,0.0,0.0,0.0,0.0,0.0,0.0,0.0]},"PercLostToFollowup":{"countryName":"Haiti","countryCode":332,"startYear":2000,"endYear":2020,"values":[0.0,0.0,0.0,0.0,0.0,0.0,0.0,0.0,0.0,0.0,0.0,0.0,14.4,17.3,20.2,23.1,26.0,23.0,20.0,17.0,14.0]},"ChildART":{"countryName":"Haiti","countryCode":332,"startYear":2000,"endYear":2020,"values":[2.91066,5.69168,8.7924,11.10685,11.75176,13.85955,15.97512,17.24426,23.39234,21.25383,26.17421,33.8113,40.55004,46.5463,49.07084,37.1794,37.19722,42.05486,39.74002,44.96858,46.3613]},"ChildCotrim":{"countryName":"Haiti","countryCode":332,"startYear":2000,"endYear":2020,"values":[0.61536,1.25942,1.94176,2.67159,3.45634,5.50787,8.524,10.40056,26.58532,34.66998,30.27888,41.87092,45.26559,51.58342,51.63588,45.04754,47.77582,50.92185,49.2628,53.02959,58.72115]},"PMTCTSingleDoseNevirapine":{"countryName":"Haiti","countryCode":332,"startYear":2000,"endYear":2020,"values":[0.0,0.0,0.0,0.0,0.35592,0.51958,3.52425,2.67571,1.46708,0.57922,0.68107,0.11512,0.06688,0.0,0.0,0.0,0.0,0.0,0.0,0.0,0.0]},"PMTCTDualARV":{"countryName":"Haiti","countryCode":332,"startYear":2000,"endYear":2020,"values":[0.0,0.0,0.0,0.0,0.541,0.60865,0.0,1.58968,7.95733,11.60048,10.08629,9.60405,2.75886,0.0,0.01666,0.0,0.0,0.0,0.0,0.0,0.0]},"PMTCTOptA":{"countryName":"Haiti","countryCode":332,"startYear":2000,"endYear":2020,"values":[0.0,0.0,0.0,0.0,0.0,0.0,7.78721,10.92317,13.44294,13.54731,11.6268,2.6148,0.25081,0.03359,0.0,0.0,0.0,0.0,0.0,0.0,0.0]},"PMTCTOptB":{"countryName":"Haiti","countryCode":332,"startYear":2000,"endYear":2020,"values":[0.0,0.0,0.0,0.0,0.07118,4.0527,4.81699,15.03117,7.94138,15.76765,7.50796,35.45605,35.17958,4.29895,1.1665,0.54829,0.0,0.0,0.0,0.0,0.0]},"PMTCTOptBPlusStartBefPreg":{"countryName":"Haiti","countryCode":332,"startYear":2000,"endYear":2020,"values":[0.0,0.0,0.0,0.0,0.0,3.25107,3.33957,7.96416,4.57666,4.7142,3.06481,1.9241,17.55635,22.5695,25.94626,29.12567,29.44924,36.87474,43.78239,47.51574,43.42486]},"PMTCTOptBPlusStartDurPregGT4Wks":{"countryName":"Haiti","countryCode":332,"startYear":2000,"endYear":2020,"values":[0.0,0.0,0.0,0.0,0.0,0.0,0.0,0.0,4.48098,1.41587,6.25934,13.69893,26.00012,60.85705,47.92642,46.35517,41.91558,37.15737,37.75318,34.92912,27.42532]},"PMTCTOptBPlusStartDurPregLT4Wks":{"countryName":"Haiti","countryCode":332,"startYear":2000,"endYear":2020,"values":[0.0,0.0,0.0,0.0,0.0,0.0,0.0,0.0,0.0,0.0,0.0,0.0,0.0,0.0,0.0,0.0,0.0,0.0,0.0,0.0,0.0]},"PMTCTPostnatalOptA":{"countryName":"Haiti","countryCode":332,"startYear":2000,"endYear":2020,"values":[0.0,0.0,0.0,0.0,0.0,0.0,0.0,0.0,0.0,0.0,0.0,0.0,0.0,0.0,0.0,0.0,0.0,0.0,0.0,0.0,0.0]},"PMTCTPostnatalOptB":{"countryName":"Haiti","countryCode":332,"startYear":2000,"endYear":2020,"values":[0.0,0.0,0.0,0.0,0.0,0.0,0.0,0.0,0.0,0.0,27.14542,42.16573,44.62657,48.58153,47.65979,43.87957,44.33219,48.29626,58.14953,63.13527,55.51872]},"PercentHIVPopEligible":{"countryName":"Haiti","countryCode":332,"TB\/HIV":4,"TB\/HIV Year":2010,"DC":40.7,"DC Year":2011,"FSW":2.72,"FSW Year":2015,"MSM":9.28,"MSM Year":2015,"IDU":5.35,"IDU Year":2015,"Other":10,"Other Year":2015},"AdultHIVPrev":{"countryName":"Haiti","countryCode":332,"startYear":1970,"endYear":2020,"values":[0.0,0.0,0.0,0.0,0.0,0.0,0.0,0.0,0.0,0.02335,0.04259,0.07404,0.12623,0.2133,0.3481,0.55168,0.82143,1.16565,1.54943,1.94405,2.30973,2.63097,2.87911,3.0431,3.14601,3.18764,3.17905,3.13698,3.07617,2.98877,2.88776,2.79801,2.69752,2.59979,2.49673,2.3984,2.31552,2.25803,2.21404,2.18415,2.15833,2.12884,2.09931,2.07256,2.04764,2.02224,1.9958,1.96697,1.93512,1.90352,1.86303]},"SexRatio":{"countryName":"Haiti","countryCode":332,"startYear":1970,"endYear":2020,"values":[0.20333,0.20333,0.20333,0.20333,0.20333,0.20333,0.20333,0.20333,0.20333,0.28805,0.37277,0.44901,0.52526,0.59304,0.66928,0.72859,0.78789,0.84719,0.89803,0.94038,0.98274,1.0251,1.05899,1.08441,1.10982,1.12677,1.14371,1.15218,1.16066,1.16913,1.16913,1.16913,1.16913,1.16913,1.16913,1.16913,1.16913,1.16913,1.16913,1.16913,1.16913,1.21149,1.25385,1.29621,1.33857,1.38093,1.42329,1.46564,1.508,1.55036,1.59272]},"PercNotBFNotRecARVs":{"countryName":"Haiti","countryCode":332,"<2":2.6,"2-3":5.7,"4-5":2.8,"6-7":6,"8-9":9.3,"10-11":9.3,"12-13":17,"14-15":29.5,"16-17":41,"18-19":66.2,"20-21":69.8,"22-23":79,"24-25":95.5,"26-27":96.9,"28-29":98.9,"30-31":95.9,"32-33":97.9,"34-35":98.3},"PercNotBFRecARVs":{"countryName":"Haiti","countryCode":332,"<2":2.6,"2-3":5.7,"4-5":2.8,"6-7":6,"8-9":9.3,"10-11":9.3,"12-13":17,"14-15":29.5,"16-17":41,"18-19":66.2,"20-21":69.8,"22-23":79,"24-25":95.5,"26-27":96.9,"28-29":98.9,"30-31":95.9,"32-33":97.9,"34-35":98.3},"LocalAdjustmentFactor":{"countryName":"Haiti","countryCode":332,"value":1.28}}