{"countryName":"Haiti","subnatCode":0,"Incidence":{"countryName":"Haiti","countryCode":332,"startYear":1970,"endYear":2022,"values":[0.0,0.0,0.0,0.0,0.0,0.0,0.0,0.0,0.0,0.01995,0.0184,0.03335,0.05723,0.09572,0.15393,0.22795,0.31298,0.3889,0.43312,0.44641,0.42574,0.40615,0.36526,0.32561,0.28886,0.27025,0.2523,0.23282,0.22067,0.20618,0.20173,0.1879,0.18017,0.16439,0.15782,0.15065,0.14122,0.1342,0.12862,0.1267,0.12751,0.12852,0.12785,0.12504,0.12361,0.12349,0.12309,0.1189,0.11084,0.10432,0.09097,0.08153,0.08066]},"AdultARTMale":{"countryName":"Haiti","countryCode":332,"startYear":2000,"endYear":2022,"values":[0.0,0.0784,0.66284,1.02643,1.94349,4.64755,11.62055,16.99748,23.43889,29.43558,19.30682,19.44431,22.90537,27.66353,27.86754,30.91358,26.61489,42.06462,42.71637,55.79685,68.07763,68.99275,70.86102]},"AdultARTFemale":{"countryName":"Haiti","countryCode":332,"startYear":2000,"endYear":2022,"values":[0.0,0.09408,0.80124,1.24435,2.33443,5.58662,13.86529,20.12044,27.51702,34.23403,23.5399,23.98563,29.45071,34.46501,35.38718,38.56285,33.00589,53.31914,53.3441,66.57283,81.62684,81.08885,83.27513]},"MedianCD4AtInit":{"countryName":"Haiti","countryCode":332,"startYear":2000,"endYear":2022,"values":[0.0,132.7582,132.13992,132.39699,131.04407,130.45638,130.25062,130.02602,129.03074,128.2566,138.88873,204.94206,205.57764,208.85049,224.51219,223.53797,242.26494,252.70201,257.97969,269.28334,298.85381,312.95182,324.21535]},"PercLostToFollowup":{"countryName":"Haiti","countryCode":332,"startYear":2000,"endYear":2022,"values":[0.0,0.0,0.0,0.0,0.0,0.0,0.0,0.0,0.0,0.0,0.0,0.0,14.4,17.3,20.2,23.1,26.0,23.0,20.0,17.0,14.0,11.0,8.0]},"ChildART":{"countryName":"Haiti","countryCode":332,"startYear":2000,"endYear":2022,"values":[2.27798,4.47642,6.95379,8.83218,9.36616,11.07824,14.13106,14.17986,19.41093,22.57696,12.0242,16.95739,23.22318,29.13647,38.67648,40.79977,19.67921,35.76141,36.27644,45.40465,53.86766,51.0918,49.74787]},"ChildCotrim":{"countryName":"Haiti","countryCode":332,"startYear":2000,"endYear":2022,"values":[0.72831,1.49827,2.31928,3.18725,4.12931,6.58403,10.18268,12.45155,16.07654,18.41267,19.22052,29.09945,32.47681,37.53345,41.62458,41.02418,31.2944,41.2117,46.07007,52.72409,48.84135,52.21059,49.56036]},"PMTCTSingleDoseNevirapine":{"countryName":"Haiti","countryCode":332,"startYear":2000,"endYear":2022,"values":[0.0,0.0,0.0,0.0,0.4,0.6,4.3,3.3,1.8,0.7,0.8,0.1,0.09890109890109892,0.0,0.0,0.0,0.0,0.0,0.0,0.0,0.0,0.0,0.0]},"PMTCTDualARV":{"countryName":"Haiti","countryCode":332,"startYear":2000,"endYear":2022,"values":[0.0,0.0,0.0,0.0,0.7,0.7,0.0,2.0,9.8,14.2,12.3,11.7,3.3626373626373627,0.0,0.0,0.0,0.0,0.0,0.0,0.0,0.0,0.0,0.0]},"PMTCTOptA":{"countryName":"Haiti","countryCode":332,"startYear":2000,"endYear":2022,"values":[0.0,0.0,0.0,0.0,0.0,0.0,9.5,13.4,16.5,16.6,14.2,3.2,0.2967032967032967,0.0,0.0,0.0,0.0,0.0,0.0,0.0,0.0,0.0,0.0]},"PMTCTOptB":{"countryName":"Haiti","countryCode":332,"startYear":2000,"endYear":2022,"values":[0.0,0.0,0.0,0.0,0.1,5.0,5.9,18.4,9.8,19.3,9.2,43.3,42.527472527472526,4.8157156220767074,1.4,0.7,0.0,0.0,0.0,0.0,0.0,0.0,0.0]},"PMTCTOptBPlusStartBefPreg":{"countryName":"Haiti","countryCode":332,"startYear":2000,"endYear":2022,"values":[0.0,0.0,0.0,0.0,0.0,4.0,4.1,9.8,5.6,5.8,3.7,2.3,21.263736263736263,25.46772684752105,31.5,34.9,35.5,42.9,49.0,50.6,43.9,41.7,37.5]},"PMTCTOptBPlusStartDurPregGT4Wks":{"countryName":"Haiti","countryCode":332,"startYear":2000,"endYear":2022,"values":[0.0,0.0,0.0,0.0,0.0,0.0,0.0,0.0,5.5,1.7,7.6,16.7,31.450549450549453,68.71655753040224,58.2,51.8,45.1,43.1,42.2,37.2,27.7,26.5,24.8]},"PMTCTOptBPlusStartDurPregLT4Wks":{"countryName":"Haiti","countryCode":332,"startYear":2000,"endYear":2022,"values":[0.0,0.0,0.0,0.0,0.0,0.0,0.0,0.0,0.0,0.0,0.0,0.0,0.0,0.0,0.0,0.0,0.0,0.0,0.0,0.0,0.0,0.0,0.0]},"PMTCTPostnatalOptA":{"countryName":"Haiti","countryCode":332,"startYear":2000,"endYear":2022,"values":[0.0,0.0,0.0,0.0,0.0,0.0,0.0,0.0,0.0,0.0,0.0,0.0,0.0,0.0,0.0,0.0,0.0,0.0,0.0,0.0,0.0,0.0,0.0]},"PMTCTPostnatalOptB":{"countryName":"Haiti","countryCode":332,"startYear":2000,"endYear":2022,"values":[0.0,0.0,0.0,0.0,0.0,0.0,0.0,0.0,0.0,0.0,27.14542,42.16573,44.62657,48.58153,47.65979,43.87957,44.33219,48.29626,58.14953,63.13527,55.51872,0.0,0.0]},"PercentHIVPopEligible":{"countryName":"Haiti","countryCode":332,"TB\/HIV":4,"TB\/HIV Year":2010,"DC":40.7,"DC Year":2011,"FSW":2.72,"FSW Year":2015,"MSM":9.28,"MSM Year":2015,"IDU":5.35,"IDU Year":2015,"Other":10,"Other Year":2015},"AdultHIVPrev":{"countryName":"Haiti","countryCode":332,"startYear":1970,"endYear":2022,"values":[0.0,0.0,0.0,0.0,0.0,0.0,0.0,0.0,0.0,0.01954,0.03638,0.06665,0.11824,0.20404,0.34102,0.54107,0.80904,1.13098,1.47094,1.79457,2.0678,2.29286,2.45129,2.54846,2.59118,2.60131,2.58279,2.53783,2.47872,2.40584,2.33119,2.24809,2.16542,2.07725,1.99337,1.91666,1.85326,1.80345,1.76388,1.73633,1.71214,1.68842,1.6729,1.66342,1.65844,1.6563,1.65298,1.65823,1.66866,1.67722,1.67919,1.67376,1.66758]},"SexRatio":{"countryName":"Haiti","countryCode":332,"startYear":1970,"endYear":2022,"values":[0.2,0.2,0.2,0.2,0.2,0.2,0.2,0.2,0.2,0.29,0.37,0.44,0.52,0.59,0.66,0.72,0.78,0.84,0.89,0.93,0.97,1.01,1.05,1.07,1.1,1.16,1.16,1.16,1.16,1.16,1.16,1.16,1.16,1.16,1.16,1.17,1.17,1.18,1.18,1.2,1.21,1.24,1.27,1.3,1.34,1.39,1.44,1.48,1.52,1.55,1.57,1.59,1.6]},"PercNotBFNotRecARVs":{"countryName":"Haiti","countryCode":332,"<2":2.6,"2-3":5.7,"4-5":2.8,"6-7":6,"8-9":9.3,"10-11":9.3,"12-13":17,"14-15":29.5,"16-17":41,"18-19":66.2,"20-21":69.8,"22-23":79,"24-25":95.5,"26-27":96.9,"28-29":98.9,"30-31":95.9,"32-33":97.9,"34-35":98.3},"PercNotBFRecARVs":{"countryName":"Haiti","countryCode":332,"<2":2.6,"2-3":5.7,"4-5":2.8,"6-7":6,"8-9":9.3,"10-11":9.3,"12-13":17,"14-15":29.5,"16-17":41,"18-19":66.2,"20-21":69.8,"22-23":79,"24-25":95.5,"26-27":96.9,"28-29":98.9,"30-31":95.9,"32-33":97.9,"34-35":98.3},"LocalAdjustmentFactor":{"countryName":"Haiti","countryCode":332,"nan":1.4},"NewARTPatAllocation":{"countryName":"Haiti","countryCode":332,"NewARTPatAllocationMethod":3,"ExpectedMortality":0.2,"ProportionEligible":0.8,"NotDefault":0}}