{"countryName":"Hungary","subnatCode":0,"Incidence":{"countryName":"Hungary","countryCode":348,"startYear":1970,"endYear":2020,"values":[0.0,0.00024,0.0003,0.00038,0.00047,0.00059,0.00072,0.00089,0.00108,0.00129,0.00153,0.00179,0.00206,0.00232,0.00256,0.00275,0.00286,0.00288,0.00279,0.00258,0.00228,0.0019,0.0015,0.00114,0.00084,0.00065,0.00056,0.00057,0.00066,0.00082,0.00104,0.00132,0.00166,0.00208,0.00255,0.00307,0.0036,0.00409,0.00453,0.00488,0.00514,0.00532,0.00545,0.00554,0.00559,0.00563,0.00565,0.00567,0.00567,0.00568,0.00568]},"AdultARTMale":{"countryName":"Hungary","countryCode":348,"startYear":2000,"endYear":2020,"values":[48.8685,53.94302,52.63409,50.8002,51.97329,53.19191,59.72484,59.52095,59.94623,59.619,47.81307,51.42505,50.20782,39.92396,45.09192,51.47542,40.68403,44.15935,49.5,54.57143,59.64286]},"AdultARTFemale":{"countryName":"Hungary","countryCode":348,"startYear":2000,"endYear":2020,"values":[53.63608,49.90948,51.91179,52.10662,51.69479,47.08048,50.74558,56.39403,52.44614,57.17857,48.32533,49.70296,50.87032,40.34964,47.4244,55.85193,48.21642,51.63349,54.0,58.42857,62.85714]},"MedianCD4AtInit":{"countryName":"Hungary","countryCode":348,"startYear":2000,"endYear":2020,"values":[0.0,0.0,0.0,0.0,0.0,0.0,0.0,0.0,0.0,0.0,0.0,0.0,0.0,0.0,0.0,0.0,0.0,0.0,0.0,0.0,0.0]},"PercLostToFollowup":{"countryName":"Hungary","countryCode":348,"startYear":2000,"endYear":2020,"values":[0.0,0.0,0.0,0.0,0.0,0.0,0.0,0.0,0.0,0.0,0.0,0.0,0.0,0.0,0.0,0.0,0.0,0.0,0.0,0.0,0.0]},"ChildART":{"countryName":"Hungary","countryCode":348,"startYear":2000,"endYear":2020,"values":[100.0,100.0,100.0,100.0,100.0,100.0,100.0,100.0,100.0,100.0,100.0,100.0,100.0,100.0,100.0,100.0,100.0,100.0,100.0,100.0,100.0]},"ChildCotrim":{"countryName":"Hungary","countryCode":348,"startYear":2000,"endYear":2020,"values":[0.0,0.0,0.0,0.0,0.0,0.0,0.0,0.0,0.0,0.0,0.0,0.0,0.0,0.0,0.0,0.0,0.0,0.0,0.0,0.0,0.0]},"PMTCTSingleDoseNevirapine":{"countryName":"Hungary","countryCode":348,"startYear":2000,"endYear":2020,"values":[0.0,0.0,0.0,0.0,0.0,0.0,0.0,0.0,0.0,0.0,0.0,0.0,0.0,0.0,0.0,0.0,0.0,0.0,0.0,0.0,0.0]},"PMTCTDualARV":{"countryName":"Hungary","countryCode":348,"startYear":2000,"endYear":2020,"values":[0.0,0.0,0.0,0.0,0.0,0.0,0.0,0.0,0.0,0.0,0.0,0.0,0.0,0.0,0.0,0.0,0.0,0.0,0.0,0.0,0.0]},"PMTCTOptA":{"countryName":"Hungary","countryCode":348,"startYear":2000,"endYear":2020,"values":[0.0,0.0,0.0,0.0,0.0,0.0,0.0,0.0,0.0,0.0,0.0,0.0,0.0,0.0,0.0,0.0,20.0,10.58444,0.0,0.0,0.0]},"PMTCTOptB":{"countryName":"Hungary","countryCode":348,"startYear":2000,"endYear":2020,"values":[0.0,0.0,0.0,0.0,0.0,0.0,0.0,0.0,0.0,0.0,0.0,0.0,0.0,0.0,0.0,0.0,0.0,0.0,0.0,0.0,0.0]},"PMTCTOptBPlusStartBefPreg":{"countryName":"Hungary","countryCode":348,"startYear":2000,"endYear":2020,"values":[58.25367,0.0,0.0,36.62762,0.0,25.51535,42.91597,57.78777,56.37847,73.16159,70.66426,84.77364,81.93699,85.71429,77.85518,85.71429,70.0,78.83112,100.0,100.0,100.0]},"PMTCTOptBPlusStartDurPregGT4Wks":{"countryName":"Hungary","countryCode":348,"startYear":2000,"endYear":2020,"values":[0.0,0.0,0.0,0.0,0.0,0.0,0.0,0.0,0.0,0.0,0.0,0.0,0.0,0.0,0.0,14.28571,10.0,10.58444,0.0,0.0,0.0]},"PMTCTOptBPlusStartDurPregLT4Wks":{"countryName":"Hungary","countryCode":348,"startYear":2000,"endYear":2020,"values":[0.0,0.0,0.0,0.0,0.0,0.0,0.0,19.26259,0.0,0.0,17.66607,0.0,0.0,14.28571,15.57104,0.0,0.0,0.0,0.0,0.0,0.0]},"PMTCTPostnatalOptA":{"countryName":"Hungary","countryCode":348,"startYear":2000,"endYear":2020,"values":[0.0,0.0,0.0,0.0,0.0,0.0,0.0,0.0,0.0,0.0,0.0,0.0,0.0,0.0,0.0,0.0,28.24033,13.42673,0.0,0.0,0.0]},"PMTCTPostnatalOptB":{"countryName":"Hungary","countryCode":348,"startYear":2000,"endYear":2020,"values":[0.0,0.0,0.0,0.0,0.0,0.0,0.0,0.0,0.0,0.0,0.0,0.0,0.0,0.0,0.0,0.0,0.0,0.0,0.0,0.0,0.0]},"PercentHIVPopEligible":{"countryName":"Hungary","countryCode":348,"TB\/HIV":5,"TB\/HIV Year":2009,"DC":40,"DC Year":2011,"FSW":2,"FSW Year":2015,"MSM":5,"MSM Year":2015,"IDU":0.5,"IDU Year":2015,"Other":10,"Other Year":2015},"AdultHIVPrev":{"countryName":"Hungary","countryCode":348,"startYear":1970,"endYear":2020,"values":[0.0,0.00024,0.00053,0.00089,0.00133,0.00187,0.00251,0.00329,0.00421,0.00529,0.00655,0.00796,0.00954,0.01126,0.01309,0.01496,0.01674,0.01835,0.01968,0.02061,0.02107,0.02101,0.02044,0.01947,0.01821,0.0168,0.01539,0.01463,0.01413,0.01377,0.0136,0.01382,0.01438,0.01527,0.01657,0.01837,0.02068,0.02354,0.02677,0.03024,0.03388,0.03764,0.04147,0.04519,0.04881,0.05249,0.05616,0.05961,0.06301,0.06632,0.06949]},"SexRatio":{"countryName":"Hungary","countryCode":348,"startYear":1970,"endYear":2020,"values":[0.1,0.10267,0.10533,0.108,0.11067,0.11333,0.116,0.11867,0.12133,0.124,0.12667,0.12933,0.132,0.13467,0.13733,0.14,0.14,0.14,0.14,0.14,0.14,0.14,0.14,0.14,0.14,0.14,0.14,0.14,0.14,0.14,0.26,0.26,0.26,0.26,0.26,0.18,0.27,0.08,0.08667,0.09333,0.1,0.1,0.1,0.1,0.1,0.1,0.1,0.1,0.1,0.1,0.1]},"PercNotBFNotRecARVs":{"countryName":"Hungary","countryCode":348,"<2":100,"2-3":100,"4-5":100,"6-7":100,"8-9":100,"10-11":100,"12-13":100,"14-15":100,"16-17":100,"18-19":100,"20-21":100,"22-23":100,"24-25":100,"26-27":100,"28-29":100,"30-31":100,"32-33":100,"34-35":100},"PercNotBFRecARVs":{"countryName":"Hungary","countryCode":348,"<2":100,"2-3":100,"4-5":100,"6-7":100,"8-9":100,"10-11":100,"12-13":100,"14-15":100,"16-17":100,"18-19":100,"20-21":100,"22-23":100,"24-25":100,"26-27":100,"28-29":100,"30-31":100,"32-33":100,"34-35":100},"LocalAdjustmentFactor":{"countryName":"Hungary","countryCode":348,"value":1}}