{"countryCode":360,"subnatCode":0,"Incidence":{"countryName":"Indonesia","countryCode":360,"startYear":1970,"endYear":2023,"values":[0.0,0.0,0.0,0.0,0.0,0.0,0.0,0.0,0.0,0.0,0.0,0.0,0.0,0.0,0.0,0.0,1.24098271737884e-5,2.48578106560094e-5,4.9789075297028e-5,7.47929259615955e-5,0.000137278608356405,0.000237382069490433,0.000400134026252223,0.000663119298357186,0.00106400701701958,0.00166538624787708,0.00254284656381913,0.00380828381952447,0.00557568133044997,0.00818432133010695,0.0145390519440801,0.0275322946571019,0.0342982297507531,0.0335820535811523,0.0358253643379177,0.0380655850098363,0.0382111347536946,0.0363939983284807,0.035162936485474,0.0351000975705441,0.0346588453275402,0.0338037077851882,0.0323702274017566,0.0304198489054442,0.0287071597784077,0.0270828353963381,0.0254825139538949,0.0242570254354745,0.022889153414884,0.0214199283070079,0.0202866490720145,0.0192862892988436,0.018207121061541,0.0170851263816505]},"AdultARTMale":{"countryName":"Indonesia","countryCode":360,"startYear":2000,"endYear":2023,"values":[0.0,0.0,0.0,0.0,0.0,0.228052312581258,1.66245633475435,2.23506400551016,2.77426822392442,3.82771901828454,4.41309244542494,5.08836389894278,5.98273602219388,6.91285289373445,8.64591499405854,10.6271453931559,13.3041429352902,15.6032708969479,18.5317066587324,22.0545994382292,24.7585833193882,27.140134273085,29.9412793107991,32.7396906162933]},"AdultARTFemale":{"countryName":"Indonesia","countryCode":360,"startYear":2000,"endYear":2023,"values":[0.0,0.0,0.0,0.0,0.0,0.318297063696929,2.11861484242949,2.76938749475412,3.3677449799672,4.59125282944589,5.29262869260433,6.17709135321101,7.42720372383203,8.42613114424459,11.3920078519122,13.7121044732576,15.6611450760536,17.6969290173207,20.4346480668885,23.0897671423832,25.3939725968282,25.9870490434378,27.2378083964944,28.6194733166808]},"PercLostToFollowup":{"countryName":"Indonesia","countryCode":360,"startYear":2000,"endYear":2023,"values":[5.0,5.0,5.0,5.0,5.0,5.0,5.0,5.0,5.0,5.0,5.0,5.0,5.0,5.0,5.0,5.0,5.0,5.0,5.0,5.0,5.0,5.0,5.0,5.0]},"ChildART":{"countryName":"Indonesia","countryCode":360,"startYear":2000,"endYear":2023,"values":[0.850823716472866,1.10032845767249,1.08051893866964,0.991848124247823,0.894778195692385,0.802433687757705,0.725412097998604,0.786030469573423,8.51444358024356,8.7628064374227,8.82788313637348,8.7997782987017,9.88109499891218,13.769993161531,15.911034972533,19.4101397720079,20.3460921714357,20.0283980096941,19.955385116692,20.1173109095272,20.4378967936481,20.8813117888607,21.5798592586145,22.4961891154587]},"ChildCotrim":{"countryName":"Indonesia","countryCode":360,"startYear":2000,"endYear":2023,"values":[0.0,0.0,0.0,0.0,0.0,0.0,0.0,0.0,2.11993,1.83015,1.6162,1.46605,1.35769,1.27097,1.20698,1.16192,1.12901,1.10552,1.09192,1.08938,1.09347,1.09347,1.09347,1.09347]},"PMTCTSingleDoseNevirapine":{"countryName":"Indonesia","countryCode":360,"startYear":2000,"endYear":2023,"values":[0.0,0.0,0.337538473141476,0.602487819584856,0.674503154484314,0.638435434801026,0.604391815545227,0.987563117298547,0.634997630231177,0.897823009269667,1.77258495052513,1.57866871704295,0.479815061311095,0.0,0.0,0.0,0.0,0.0,0.0,0.0,0.0,0.0,0.0,0.0]},"PMTCTDualARV":{"countryName":"Indonesia","countryCode":360,"startYear":2000,"endYear":2023,"values":[0.0,0.0,0.0,0.0,0.0,0.0,0.0,0.0,0.634997630231177,0.885353245252033,1.79502273470899,2.58697970405749,0.566181772347092,0.0,0.0,0.0,0.0,0.0,0.0,0.0,0.0,0.0,0.0,0.0]},"PMTCTOptA":{"countryName":"Indonesia","countryCode":360,"startYear":2000,"endYear":2023,"values":[0.0,0.0,0.0,0.0,0.0,0.0,0.0,0.0,0.0,0.0,0.0,0.0,0.0,0.0,0.0,0.0,0.0,0.0,0.0,0.0,0.0,0.0,0.0,0.0]},"PMTCTOptB":{"countryName":"Indonesia","countryCode":360,"startYear":2000,"endYear":2023,"values":[0.0,0.0,0.0,0.0,0.0,0.0,0.0,0.0,0.0,0.0,0.0,0.0,0.0,0.0,0.0,0.0,0.0,0.0,0.0,0.0,0.0,0.0,0.0,0.0]},"PMTCTOptBPlusStartBefPreg":{"countryName":"Indonesia","countryCode":360,"startYear":2000,"endYear":2023,"values":[0.0,0.0,0.0,0.0,0.0,0.0,0.0,0.0,0.0,0.0,0.0,0.0,0.0,0.0,0.0,0.0,0.0,0.0,0.0,0.0,0.0,0.0,0.0,0.0]},"PMTCTOptBPlusStartDurPregGT4Wks":{"countryName":"Indonesia","countryCode":360,"startYear":2000,"endYear":2023,"values":[0.0,0.0,0.0,0.0,0.0,0.0,0.0,0.0,0.0,0.0,0.0,0.0,1.07478573733685,3.26004054289466,4.69239748939871,6.79035447944741,8.95104736650064,11.4551976983229,14.4625041680212,17.5056972932176,19.4033466342149,18.7488663633718,16.4866685636242,19.6013201235924]},"PMTCTOptBPlusStartDurPregLT4Wks":{"countryName":"Indonesia","countryCode":360,"startYear":2000,"endYear":2023,"values":[0.0,0.0,0.0,0.0,0.0,0.0,0.0,0.0,0.0,0.0,0.0,0.0,0.0,0.0,0.0,0.0,0.0,0.0,0.0,0.0,0.0,0.0,0.0,0.0]},"AdultHIVPrev":{"countryName":"Indonesia","countryCode":360,"startYear":1970,"endYear":2023,"values":[0.0,0.0,0.0,0.0,0.0,0.0,0.0,0.0,0.0,0.0,0.0,0.0,0.0,0.0,0.0,0.0,1.22162545287788e-5,3.62184771705382e-5,8.37723547964293e-5,0.000153944205807532,0.000282444983210617,0.000503746898165524,0.000875268420962151,0.00148858124635469,0.00246846984581869,0.00399551799334903,0.0063174523288585,0.0097761394447113,0.0148185760649921,0.0222016199628226,0.0355276883966324,0.0610888875534596,0.0922354237837646,0.121327575976135,0.151306067818011,0.182009365545372,0.211496475957416,0.238116214016718,0.262063988022597,0.284561292804538,0.305173458032898,0.323137546802813,0.338091803009682,0.349788669610052,0.358830270794191,0.365651488422782,0.370488277110258,0.373845594981466,0.375635801082134,0.37602897814542,0.375210440397886,0.372939022412263,0.369157100857999,0.364482197450925]},"SexRatio":{"countryName":"Indonesia","countryCode":360,"startYear":1970,"endYear":2023,"values":[0.0,0.0,0.0,0.0,0.0,0.0,0.0,0.0,0.0,0.0,0.0,1.01783,0.34374,0.50637,0.25901,0.24595,0.23664,0.18412,0.20119,0.21161,0.21794,0.22329,0.22823,0.23436,0.24163,0.2493,0.25743,0.26607,0.27529,0.2769,0.23506,0.1834,0.22856,0.31856,0.36625,0.39928,0.44319,0.50229,0.54166,0.55062,0.55174,0.54603,0.54609,0.5522,0.5443,0.52867,0.51366,0.49518,0.48251,0.47094,0.44857,0.42373,0.40309,0.38697]},"PercNotBFNotRecARVs":{"countryName":"Indonesia","countryCode":360,"<2":3.9,"2-3":11.90833,"4-5":19.91667,"6-7":27.925,"8-9":35.93333,"10-11":43.94167,"12-13":51.95,"14-15":59.95833,"16-17":67.96667,"18-19":75.975,"20-21":83.98333,"22-23":91.99167,"24-25":100.0,"26-27":100.0,"28-29":100.0,"30-31":100.0,"32-33":100.0,"34-35":100.0},"PercNotBFRecARVs":{"countryName":"Indonesia","countryCode":360,"<2":99.0,"2-3":99.0,"4-5":99.0,"6-7":99.0,"8-9":99.0,"10-11":99.0,"12-13":99.0,"14-15":99.0,"16-17":99.0,"18-19":99.0,"20-21":99.0,"22-23":99.0,"24-25":99.0,"26-27":99.0,"28-29":99.0,"30-31":99.0,"32-33":99.0,"34-35":99.0},"LocalAdjustmentFactor":{"countryName":"Indonesia","countryCode":360,"value":1.0},"NewARTPatAllocation":{"countryName":"Indonesia","countryCode":360,"NewARTPatAllocationMethod":3.0,"ExpectedMortality":0.2,"ProportionEligible":0.8}}