{"countryCode":372,"subnatCode":0,"Incidence":{"countryName":"Ireland","countryCode":372,"startYear":1970,"endYear":2023,"values":[0.0,0.0,0.0,0.0,0.0,0.0,0.0,9.87417829309436e-6,9.87097756897167e-6,2.96877229877501e-5,7.92355063693413e-5,0.00018856861619836,0.000446992722440453,0.000973579131236061,0.00194725112268882,0.00339779281633442,0.00500329947249857,0.00615303339119547,0.0065668021786485,0.0064951662360844,0.00635716600441194,0.00639449559928347,0.00664185618361162,0.0070394412045535,0.00754585546660558,0.00812386182096453,0.00873916902915906,0.00897040357063509,0.0092515537258869,0.00916622883845211,0.00907539944351775,0.00910191313829735,0.00917798850796458,0.00926761230007774,0.00936834490077491,0.00961775360098144,0.0100135449155595,0.0106661533389201,0.0113562652808227,0.0118799018646481,0.012265075211052,0.012647396071192,0.0124570865796257,0.0120554474142688,0.0115713617913204,0.0111005228368031,0.0107013029769291,0.0102516570945093,0.00969993559219114,0.00943454754678974,0.0087414799012951,0.00786669727251514,0.00745938113814548,0.00748906040767241]},"AdultARTMale":{"countryName":"Ireland","countryCode":372,"startYear":2000,"endYear":2023,"values":[100.0,100.0,87.1958070923695,90.0463989491135,90.9294199110709,90.537739353264,89.0097602745725,88.0835890273584,87.9874744657498,88.1734047096428,87.789071130359,93.649708786465,97.8876054310685,84.0203571355722,88.1315283156712,78.5135837681463,81.3445686648179,84.5795945927053,84.3785893067031,87.0710752234219,88.8781838216877,88.4012886328172,88.3074927978571,89.4721177058841]},"AdultARTFemale":{"countryName":"Ireland","countryCode":372,"startYear":2000,"endYear":2023,"values":[100.0,100.0,85.9405808185846,89.1538899775561,91.2467811626315,92.2756236983273,92.2635697588681,92.4042726065969,93.6873889449201,95.5662387341268,97.2761491120895,98.9217988824357,100.0,87.741055821347,87.4709620689453,76.1595003465829,76.6197403715851,77.0951450058841,80.0158695126523,84.9564147756141,89.779735805376,91.2324985860854,92.5208985803448,92.3698722835331]},"PercLostToFollowup":{"countryName":"Ireland","countryCode":372,"startYear":2000,"endYear":2023,"values":[1.6,1.6,1.6,1.6,1.6,1.6,1.6,1.6,1.6,1.6,1.6,1.6,1.6,1.6,1.6,1.6,1.6,1.6,1.6,1.6,1.6,1.6,1.6,1.6]},"ChildART":{"countryName":"Ireland","countryCode":372,"startYear":2000,"endYear":2023,"values":[95.0,95.0,95.0,95.0,95.0,95.0,95.0,95.0,95.0,95.0,95.0,95.0,95.0,95.0,95.0,95.0,99.4614164300314,91.8892780144565,93.9432441890232,95.0,95.0,95.0,91.9630713090851,97.2504641499425]},"ChildCotrim":{"countryName":"Ireland","countryCode":372,"startYear":2000,"endYear":2023,"values":[0.0,0.0,0.0,0.0,0.0,0.0,0.0,0.0,0.0,0.0,0.0,0.0,0.0,0.0,0.0,0.0,0.0,0.0,0.0,0.0,0.0,0.0,0.0,0.0]},"PMTCTSingleDoseNevirapine":{"countryName":"Ireland","countryCode":372,"startYear":2000,"endYear":2023,"values":[0.0,0.0,0.0,0.0,0.0,0.0,0.0,0.0,0.0,0.0,0.0,0.0,0.0,0.0,0.0,0.0,0.0,0.0,0.0,0.0,0.0,0.0,0.0,0.0]},"PMTCTDualARV":{"countryName":"Ireland","countryCode":372,"startYear":2000,"endYear":2023,"values":[0.0,0.0,0.0,0.0,0.0,0.0,0.0,0.0,0.0,0.0,0.0,0.0,0.0,0.0,0.0,0.0,0.0,0.0,0.0,0.0,0.0,0.0,0.0,0.0]},"PMTCTOptA":{"countryName":"Ireland","countryCode":372,"startYear":2000,"endYear":2023,"values":[0.0,0.0,0.0,0.0,0.0,0.0,0.0,0.0,0.0,0.0,0.0,0.0,0.0,0.0,0.0,0.0,0.0,0.0,0.0,0.0,0.0,0.0,0.0,0.0]},"PMTCTOptB":{"countryName":"Ireland","countryCode":372,"startYear":2000,"endYear":2023,"values":[0.0,0.0,0.0,0.0,0.0,0.0,0.0,0.0,0.0,0.0,0.0,0.0,0.0,0.0,0.0,0.0,0.0,0.0,0.0,0.0,0.0,0.0,0.0,0.0]},"PMTCTOptBPlusStartBefPreg":{"countryName":"Ireland","countryCode":372,"startYear":2000,"endYear":2023,"values":[0.0,0.0,0.0,0.0,0.0,0.0,0.0,0.0,0.0,0.0,0.0,0.0,0.0,0.0,0.0,0.0,64.4444444444444,72.8062317474777,61.2918393418307,77.9220779220779,74.6987951807229,77.0038523927297,95.0,73.5014595919846]},"PMTCTOptBPlusStartDurPregGT4Wks":{"countryName":"Ireland","countryCode":372,"startYear":2000,"endYear":2023,"values":[90.0,90.0,90.0,90.0,90.0,90.0,90.0,90.0,90.0,90.0,90.0,90.0,90.0,90.0,90.0,90.0,34.4444444444444,26.210243429092,30.6459196709154,14.2857142857143,25.3012048192771,15.7150719168836,4.0,8.82017515103815]},"PMTCTOptBPlusStartDurPregLT4Wks":{"countryName":"Ireland","countryCode":372,"startYear":2000,"endYear":2023,"values":[0.0,0.0,0.0,0.0,0.0,0.0,0.0,0.0,0.0,0.0,0.0,0.0,0.0,0.0,0.0,0.0,1.11111111111111,0.0,1.45932950813883,7.79220779220779,0.0,0.0,0.0,0.0]},"AdultHIVPrev":{"countryName":"Ireland","countryCode":372,"startYear":1970,"endYear":2023,"values":[0.0,0.0,0.0,0.0,0.0,0.0,0.0,9.74131983764715e-6,1.90812282638245e-5,4.74385459271403e-5,0.000123128246147266,0.000302751380376917,0.00072746661408291,0.00164798023703313,0.00347728143221137,0.00663569816644771,0.0111874454490142,0.0165828489316633,0.0220456136051974,0.0271785809904617,0.0319118468839425,0.0364539287092846,0.0408891826545206,0.0453369391661001,0.0499080752105291,0.0547201165928986,0.0605837882641578,0.0674844716073623,0.0752628170847412,0.0832508037812641,0.0912821841754465,0.0993149316860626,0.107042426163096,0.114737350243853,0.122647995016972,0.130573894874211,0.138257383375363,0.145813129949833,0.153879222452546,0.162596469435377,0.172121908631018,0.181214830570574,0.190733622238565,0.19878072302386,0.205026793405659,0.210789318313678,0.215468099956588,0.218644180085748,0.221184935559989,0.220830091064368,0.221716503296524,0.221147586155202,0.239039750814657,0.249816123943794]},"SexRatio":{"countryName":"Ireland","countryCode":372,"startYear":1970,"endYear":2023,"values":[0.24,0.24,0.24,0.24,0.24,0.24,0.24,0.24,0.256,0.272,0.286,0.3,0.313,0.327,0.338,0.349,0.36,0.36047,0.45238,0.54428,0.63619,0.72809,0.82,0.82,0.82,0.82,0.82,0.82,0.82,0.82,0.7375,0.655,0.5725,0.49,0.425,0.4,0.385,0.36,0.345,0.3225,0.3,0.2875,0.29156,0.29563,0.29969,0.30375,0.30781,0.31188,0.31594,0.32,0.32,0.33,0.33,0.33]},"PercNotBFNotRecARVs":{"countryName":"Ireland","countryCode":372,"<2":100.0,"2-3":100.0,"4-5":100.0,"6-7":100.0,"8-9":100.0,"10-11":100.0,"12-13":100.0,"14-15":100.0,"16-17":100.0,"18-19":100.0,"20-21":100.0,"22-23":100.0,"24-25":100.0,"26-27":100.0,"28-29":100.0,"30-31":100.0,"32-33":100.0,"34-35":100.0},"PercNotBFRecARVs":{"countryName":"Ireland","countryCode":372,"<2":100.0,"2-3":100.0,"4-5":100.0,"6-7":100.0,"8-9":100.0,"10-11":100.0,"12-13":100.0,"14-15":100.0,"16-17":100.0,"18-19":100.0,"20-21":100.0,"22-23":100.0,"24-25":100.0,"26-27":100.0,"28-29":100.0,"30-31":100.0,"32-33":100.0,"34-35":100.0},"LocalAdjustmentFactor":{"countryName":"Ireland","countryCode":372,"value":1.0},"NewARTPatAllocation":{"countryName":"Ireland","countryCode":372,"NewARTPatAllocationMethod":3.0,"ExpectedMortality":0.2,"ProportionEligible":0.8}}