{"countryName":"Iran (Islamic Republic of)","subnatCode":0,"Incidence":{"countryName":"Iran (Islamic Republic of)","countryCode":364,"startYear":1970,"endYear":2020,"values":[0.0,0.0,0.0,0.0,0.0,0.0,0.0,0.0,0.0,0.0,0.0,0.00016,0.00021,0.00025,0.00027,0.0003,0.00032,0.00041,0.00047,0.00053,0.00061,0.00074,0.00094,0.00127,0.00188,0.00313,0.0045,0.0059,0.00776,0.01019,0.01337,0.01706,0.02106,0.02421,0.02554,0.02504,0.02273,0.01928,0.01556,0.0125,0.01016,0.00838,0.00716,0.00631,0.00571,0.00529,0.00497,0.00473,0.00459,0.00451,0.00453]},"AdultARTMale":{"countryName":"Iran (Islamic Republic of)","countryCode":364,"startYear":2000,"endYear":2020,"values":[0.10181,0.20813,0.41068,0.39949,1.20898,1.89574,2.42178,3.03343,3.76986,4.77392,3.92531,5.16769,6.91174,8.96132,11.36088,11.02005,14.24745,18.63425,19.99755,23.36361,24.80935]},"AdultARTFemale":{"countryName":"Iran (Islamic Republic of)","countryCode":364,"startYear":2000,"endYear":2020,"values":[0.0,0.42907,0.42813,0.7849,1.40194,1.95001,2.85533,4.37327,5.68249,8.35961,7.58523,10.57105,13.87804,18.19143,22.46313,21.41185,25.62988,31.08439,29.65749,32.78534,32.95978]},"MedianCD4AtInit":{"countryName":"Iran (Islamic Republic of)","countryCode":364,"startYear":2000,"endYear":2020,"values":[0.0,0.0,0.0,0.0,0.0,0.0,0.0,0.0,0.0,0.0,0.0,0.0,0.0,0.0,0.0,0.0,0.0,0.0,0.0,0.0,0.0]},"PercLostToFollowup":{"countryName":"Iran (Islamic Republic of)","countryCode":364,"startYear":2000,"endYear":2020,"values":[0.0,5.9,16.7,2.1,3.1,5.4,4.6,6.1,4.4,4.2,3.4,2.5,2.0,2.1,1.6,1.8,2.2,2.0,1.7,2.0,0.4]},"ChildART":{"countryName":"Iran (Islamic Republic of)","countryCode":364,"startYear":2000,"endYear":2020,"values":[0.0,0.0,0.0,1.79156,1.64521,5.32516,5.89879,5.88142,12.36583,13.98718,15.68414,22.18896,31.48081,39.72765,45.94389,47.17863,56.08172,57.80277,58.81306,62.66349,62.38128]},"ChildCotrim":{"countryName":"Iran (Islamic Republic of)","countryCode":364,"startYear":2000,"endYear":2020,"values":[0.0,0.0,0.0,0.0,0.0,0.0,0.0,2.06437,3.09491,5.746,6.75741,6.01968,10.34506,13.98015,21.38799,32.03753,48.08565,44.42177,49.71146,55.06002,58.63945]},"PMTCTSingleDoseNevirapine":{"countryName":"Iran (Islamic Republic of)","countryCode":364,"startYear":2000,"endYear":2020,"values":[0.0,0.0,0.0,0.0,0.0,0.0,0.0,0.0,0.0,0.0,0.0,0.0,0.0,0.0,0.0,0.0,0.0,0.0,0.0,0.0,0.0]},"PMTCTDualARV":{"countryName":"Iran (Islamic Republic of)","countryCode":364,"startYear":2000,"endYear":2020,"values":[0.0,0.0,0.0,0.0,0.0,0.0,0.78498,1.5024,0.0,0.0,0.0,0.0,0.0,0.0,0.0,0.0,0.0,0.0,0.0,0.0,0.0]},"PMTCTOptA":{"countryName":"Iran (Islamic Republic of)","countryCode":364,"startYear":2000,"endYear":2020,"values":[0.0,0.0,0.0,0.0,0.0,0.0,0.0,0.0,0.0,0.0,2.41053,0.67382,0.0,0.0,2.57299,0.0,0.0,0.0,0.0,0.0,0.0]},"PMTCTOptB":{"countryName":"Iran (Islamic Republic of)","countryCode":364,"startYear":2000,"endYear":2020,"values":[0.0,0.0,0.0,0.0,0.0,0.0,5.88732,4.5072,13.42111,14.46153,12.74136,18.19321,26.93651,24.98812,14.79467,0.0,0.0,0.0,0.0,0.0,0.0]},"PMTCTOptBPlusStartBefPreg":{"countryName":"Iran (Islamic Republic of)","countryCode":364,"startYear":2000,"endYear":2020,"values":[0.0,0.0,0.0,0.0,0.0,0.0,0.39249,1.5024,5.07826,2.82176,3.09925,3.36911,8.08095,7.2334,9.97032,12.54951,19.58363,26.72614,33.45926,29.28584,38.68016]},"PMTCTOptBPlusStartDurPregGT4Wks":{"countryName":"Iran (Islamic Republic of)","countryCode":364,"startYear":2000,"endYear":2020,"values":[0.0,0.0,0.0,0.0,0.0,0.0,0.39249,0.7512,5.44099,1.41088,1.7218,2.69529,5.72401,11.1789,26.69472,17.25557,20.78878,21.32085,17.76598,19.52389,11.30651]},"PMTCTOptBPlusStartDurPregLT4Wks":{"countryName":"Iran (Islamic Republic of)","countryCode":364,"startYear":2000,"endYear":2020,"values":[0.0,0.0,0.0,0.0,0.0,0.0,0.0,0.0,0.0,0.0,0.0,0.0,0.0,0.0,0.0,10.98082,12.05146,7.80764,10.06739,5.3247,2.67786]},"PMTCTPostnatalOptA":{"countryName":"Iran (Islamic Republic of)","countryCode":364,"startYear":2000,"endYear":2020,"values":[0.0,0.0,0.0,0.0,0.0,0.0,0.0,0.0,0.0,0.0,0.0,0.0,0.0,0.0,0.0,0.0,0.0,0.0,0.0,0.0,0.0]},"PMTCTPostnatalOptB":{"countryName":"Iran (Islamic Republic of)","countryCode":364,"startYear":2000,"endYear":2020,"values":[0.0,0.0,0.0,0.0,0.0,0.0,0.0,0.0,0.0,0.0,0.0,0.0,0.0,0.0,0.0,0.0,0.0,0.0,0.0,0.0,0.0]},"PercentHIVPopEligible":{"countryName":"Iran (Islamic Republic of)","countryCode":364,"TB\/HIV":0.79,"TB\/HIV Year":2009,"DC":12.5,"DC Year":2016,"FSW":1,"FSW Year":2015,"MSM":9.75,"MSM Year":2015,"IDU":12.45,"IDU Year":2015,"Other":1,"Other Year":2016},"AdultHIVPrev":{"countryName":"Iran (Islamic Republic of)","countryCode":364,"startYear":1970,"endYear":2020,"values":[0.0,0.0,0.0,0.0,0.0,0.0,0.0,0.0,0.0,0.0,0.0,0.00015,0.00035,0.00057,0.0008,0.00104,0.00129,0.0016,0.00193,0.0023,0.00271,0.00321,0.00385,0.00476,0.00619,0.00871,0.01236,0.01708,0.02322,0.03122,0.04168,0.05495,0.07113,0.08918,0.1072,0.12345,0.13628,0.14481,0.149,0.14976,0.14808,0.14462,0.14004,0.13476,0.12908,0.12322,0.11742,0.11197,0.10701,0.10247,0.09848]},"SexRatio":{"countryName":"Iran (Islamic Republic of)","countryCode":364,"startYear":1970,"endYear":2020,"values":[0.4122,0.38296,0.35402,0.32565,0.29812,0.2723,0.24984,0.23061,0.21437,0.0,0.0,9.68309,8.73972,8.34682,6.86356,6.13076,4.86672,2.2916,1.81735,1.45216,1.12709,0.82158,0.62395,0.51334,0.54248,0.74148,0.70669,0.53681,0.4014,0.2903,0.21778,0.17138,0.14094,0.12447,0.11798,0.11802,0.12536,0.14251,0.17014,0.20803,0.25575,0.3146,0.37634,0.43837,0.49844,0.55115,0.59987,0.63793,0.65917,0.67589,0.6748]},"PercNotBFNotRecARVs":{"countryName":"Iran (Islamic Republic of)","countryCode":364,"<2":2.56,"2-3":4.75658,"4-5":6.95315,"6-7":9.14973,"8-9":11.3463,"10-11":13.54288,"12-13":15.73946,"14-15":17.93603,"16-17":26.02842,"18-19":34.12082,"20-21":42.21321,"22-23":50.3056,"24-25":58.588,"26-27":66.8704,"28-29":75.1528,"30-31":83.4352,"32-33":91.7176,"34-35":100},"PercNotBFRecARVs":{"countryName":"Iran (Islamic Republic of)","countryCode":364,"<2":100,"2-3":100,"4-5":100,"6-7":100,"8-9":100,"10-11":100,"12-13":100,"14-15":100,"16-17":100,"18-19":100,"20-21":100,"22-23":100,"24-25":100,"26-27":100,"28-29":100,"30-31":100,"32-33":100,"34-35":100},"LocalAdjustmentFactor":{"countryName":"Iran (Islamic Republic of)","countryCode":364,"value":0.71889}}