{"countryName":"Italy","subnatCode":0,"Incidence":{"countryName":"Italy","countryCode":380,"startYear":1970,"endYear":2020,"values":[0.0,0.0,0.0,0.0,0.0,1e-5,3e-5,8e-5,0.00019,0.00048,0.00117,0.00277,0.00621,0.01236,0.02033,0.02585,0.02552,0.02181,0.01845,0.01657,0.0158,0.01564,0.01578,0.01603,0.01631,0.01657,0.01679,0.01683,0.01664,0.01643,0.01633,0.01634,0.01635,0.01635,0.01632,0.01627,0.01617,0.01605,0.01591,0.01573,0.01551,0.01523,0.01491,0.0145,0.01416,0.01381,0.01352,0.01305,0.01156,0.00989,0.00903]},"AdultARTMale":{"countryName":"Italy","countryCode":380,"startYear":2000,"endYear":2020,"values":[64.57307,71.24447,76.14375,79.87787,82.84885,85.32204,87.49785,89.41917,91.14371,79.5779,81.45868,83.26568,83.02374,77.51336,80.62036,81.80204,76.00218,80.64685,85.48976,85.50627,89.16667]},"AdultARTFemale":{"countryName":"Italy","countryCode":380,"startYear":2000,"endYear":2020,"values":[72.86508,79.93183,85.07642,88.95001,91.98375,94.43445,96.50591,98.26522,99.80873,87.21981,88.97422,90.70785,97.40181,85.28326,83.43955,84.4401,78.7485,85.00509,91.26048,90.99109,94.33333]},"MedianCD4AtInit":{"countryName":"Italy","countryCode":380,"startYear":2000,"endYear":2020,"values":[0.0,0.0,0.0,0.0,0.0,0.0,0.0,0.0,0.0,0.0,0.0,0.0,0.0,0.0,0.0,0.0,0.0,0.0,0.0,0.0,0.0]},"PercLostToFollowup":{"countryName":"Italy","countryCode":380,"startYear":2000,"endYear":2020,"values":[0.0,0.0,0.0,0.0,0.0,0.0,0.0,0.0,0.0,0.0,0.0,0.0,0.0,0.0,0.0,0.0,0.0,0.0,0.0,0.0,0.0]},"ChildART":{"countryName":"Italy","countryCode":380,"startYear":2000,"endYear":2020,"values":[97.0,97.0,98.0,98.0,99.0,99.0,99.0,99.0,99.0,99.0,99.0,99.0,99.0,100.0,100.0,100.0,100.0,100.0,100.0,100.0,100.0]},"ChildCotrim":{"countryName":"Italy","countryCode":380,"startYear":2000,"endYear":2020,"values":[0.0,0.0,0.0,0.0,0.0,0.0,0.0,0.0,0.0,0.0,0.0,0.0,0.0,0.0,0.0,0.0,0.0,0.0,0.0,0.0,0.0]},"PMTCTSingleDoseNevirapine":{"countryName":"Italy","countryCode":380,"startYear":2000,"endYear":2020,"values":[0.0,0.0,0.0,0.0,0.0,0.0,0.0,0.0,0.0,0.0,0.0,0.0,0.0,0.0,0.0,0.0,0.0,0.0,0.0,0.0,0.0]},"PMTCTDualARV":{"countryName":"Italy","countryCode":380,"startYear":2000,"endYear":2020,"values":[35.14344,35.14344,26.94672,21.17528,16.48129,13.6,8.8,4.29631,2.14369,0.86562,0.0,0.0,0.0,0.0,0.0,0.0,0.0,0.0,0.0,0.0,0.0]},"PMTCTOptA":{"countryName":"Italy","countryCode":380,"startYear":2000,"endYear":2020,"values":[0.0,0.0,0.0,0.0,0.0,0.0,0.0,0.0,0.0,0.0,0.0,0.0,0.0,0.0,0.0,0.0,0.0,0.0,0.0,0.0,0.0]},"PMTCTOptB":{"countryName":"Italy","countryCode":380,"startYear":2000,"endYear":2020,"values":[0.0,0.0,0.0,0.0,0.0,0.0,0.0,0.0,0.0,0.0,0.0,0.0,0.0,0.0,0.0,0.0,0.0,0.0,0.0,0.0,0.0]},"PMTCTOptBPlusStartBefPreg":{"countryName":"Italy","countryCode":380,"startYear":2000,"endYear":2020,"values":[32.42828,32.42828,40.98361,39.41236,44.08493,44.6,48.3,45.36103,46.8688,49.82142,50.60963,57.00956,54.89123,52.23112,49.8761,48.03883,45.87811,43.25484,40.22093,90.47349,100.0]},"PMTCTOptBPlusStartDurPregGT4Wks":{"countryName":"Italy","countryCode":380,"startYear":2000,"endYear":2020,"values":[32.42828,32.42828,32.06967,39.41236,39.43377,41.8,42.9,49.15777,46.8688,44.62768,43.39325,35.68891,34.3628,32.69753,31.22325,30.07309,28.72044,27.07823,25.17896,0.0,0.0]},"PMTCTOptBPlusStartDurPregLT4Wks":{"countryName":"Italy","countryCode":380,"startYear":2000,"endYear":2020,"values":[0.0,0.0,0.0,0.0,0.0,0.0,0.0,0.0,0.0,0.0,0.0,0.0,0.0,0.0,0.0,0.0,0.0,0.0,0.0,0.0,0.0]},"PMTCTPostnatalOptA":{"countryName":"Italy","countryCode":380,"startYear":2000,"endYear":2020,"values":[0.0,0.0,0.0,0.0,0.0,0.0,0.0,0.0,0.0,0.0,0.0,0.0,0.0,0.0,0.0,0.0,0.0,0.0,0.0,0.0,0.0]},"PMTCTPostnatalOptB":{"countryName":"Italy","countryCode":380,"startYear":2000,"endYear":2020,"values":[0.0,0.0,0.0,0.0,0.0,0.0,0.0,0.0,0.0,0.0,0.0,0.0,0.0,0.0,0.0,0.0,0.0,0.0,0.0,0.0,0.0]},"PercentHIVPopEligible":{"countryName":"Italy","countryCode":380,"TB\/HIV":5,"TB\/HIV Year":2009,"DC":40,"DC Year":2011,"FSW":2,"FSW Year":2015,"MSM":5,"MSM Year":2015,"IDU":0.5,"IDU Year":2015,"Other":10,"Other Year":2015},"AdultHIVPrev":{"countryName":"Italy","countryCode":380,"startYear":1970,"endYear":2020,"values":[0.0,0.0,0.0,0.0,0.0,1e-5,4e-5,0.00012,0.0003,0.00077,0.0019,0.00457,0.01055,0.02239,0.04166,0.06558,0.08808,0.10559,0.1184,0.12796,0.13545,0.14154,0.14664,0.15097,0.15471,0.15799,0.16121,0.1661,0.17354,0.18232,0.19142,0.2004,0.20911,0.21741,0.22521,0.2324,0.23896,0.24485,0.25006,0.25454,0.25822,0.26103,0.26293,0.26378,0.26372,0.2628,0.26127,0.25883,0.25451,0.24818,0.24069]},"SexRatio":{"countryName":"Italy","countryCode":380,"startYear":1970,"endYear":2020,"values":[0.36,0.36,0.36,0.36,0.36,0.36,0.36,0.36,0.36,0.36,0.36,0.36,0.36,0.36,0.36,0.36,0.36,0.36,0.36,0.36,0.36,0.36,0.36,0.36,0.36,0.36,0.36,0.36,0.36,0.36,0.36,0.36,0.36,0.36,0.36,0.36,0.36,0.36,0.36,0.36,0.36,0.36,0.36,0.36,0.36,0.36,0.36,0.38,0.4,0.42,0.42]},"PercNotBFNotRecARVs":{"countryName":"Italy","countryCode":380,"<2":100,"2-3":100,"4-5":100,"6-7":100,"8-9":100,"10-11":100,"12-13":100,"14-15":100,"16-17":100,"18-19":100,"20-21":100,"22-23":100,"24-25":100,"26-27":100,"28-29":100,"30-31":100,"32-33":100,"34-35":100},"PercNotBFRecARVs":{"countryName":"Italy","countryCode":380,"<2":100,"2-3":100,"4-5":100,"6-7":100,"8-9":100,"10-11":100,"12-13":100,"14-15":100,"16-17":100,"18-19":100,"20-21":100,"22-23":100,"24-25":100,"26-27":100,"28-29":100,"30-31":100,"32-33":100,"34-35":100},"LocalAdjustmentFactor":{"countryName":"Italy","countryCode":380,"value":1}}