{"countryCode":388,"subnatCode":0,"Incidence":{"countryName":"Jamaica","countryCode":388,"startYear":1970,"endYear":2023,"values":[0.0,0.0,0.0,0.0,0.0,0.0,0.0,0.0,0.0,0.000527053867083531,0.000613032797500148,0.00163710356618984,0.00349876703802754,0.00713734945480909,0.0141134064021203,0.0277693339340566,0.0523316662809158,0.114885298910562,0.238782700772779,0.410699846844145,0.435616648784804,0.249736045971438,0.165796006854523,0.15392792131075,0.153663479748324,0.147647948711625,0.144368441339355,0.141794699713882,0.145435364441434,0.146437102197128,0.138254361535258,0.135195342678734,0.132490587912848,0.132067949714387,0.130475291558081,0.114094963617636,0.110414720645451,0.106449241630697,0.099778513716893,0.0929766143316266,0.0908720174733647,0.0879549217070443,0.0856074129439827,0.0807354298516555,0.0764441257615804,0.0737463859326944,0.0709923118794938,0.0704872700440998,0.076844750923714,0.0740483953931127,0.0788607620918866,0.0812294414952395,0.0758953343559303,0.0726016990780766]},"AdultARTMale":{"countryName":"Jamaica","countryCode":388,"startYear":2000,"endYear":2023,"values":[0.050215495922849,0.113972512618277,0.294596585529615,0.612705692342118,1.16241329805004,15.4650281112413,17.1515106432377,24.8840439741756,29.8000161132005,39.6712067729278,34.5906215693589,38.1322639141785,42.2160534458458,42.0951519377112,45.2727397334871,47.5568131818668,42.3619121126394,37.7518120245907,39.541539473306,43.4019166848096,39.6826925982576,42.3143534051438,44.1088,48.04466]},"AdultARTFemale":{"countryName":"Jamaica","countryCode":388,"startYear":2000,"endYear":2023,"values":[0.053569468880521,0.101187775158114,0.315497882766613,0.651989682584511,1.28957113972349,16.9727334800054,19.4564363178813,27.8664712453131,32.9942821963133,43.6514310814204,33.0863458834578,36.650509607132,40.5347288914884,52.246529206621,53.3209310124156,54.4310319206167,48.2856706851323,45.9168991535831,48.4286146850999,53.6213708500695,48.6005340996394,51.3191684428317,71.37831,74.36801]},"PercLostToFollowup":{"countryName":"Jamaica","countryCode":388,"startYear":2000,"endYear":2023,"values":[0.0,0.0,0.0,0.0,0.0,0.0,0.0,0.0,0.0,0.0,0.0,0.0,0.0,0.0,0.0,0.0,0.0,0.0,0.0,27.0,0.0,0.0,0.0,0.0]},"ChildART":{"countryName":"Jamaica","countryCode":388,"startYear":2000,"endYear":2023,"values":[0.423430044190853,2.05818742842653,10.4690589379027,21.3870296695134,30.9220949132175,50.3640794936883,94.9024132571554,100.0,100.0,100.0,100.0,96.015246722399,67.3857699993063,63.3363431785754,60.0801890096705,55.9190518111921,46.3382036567615,38.4118115222951,39.0947338726881,42.1583423821585,34.5201609345774,33.2633511723142,79.1211833834393,91.7260172727184]},"ChildCotrim":{"countryName":"Jamaica","countryCode":388,"startYear":2000,"endYear":2023,"values":[0.0,0.0,0.0,0.0,0.0,0.0,0.0,0.0,0.0,0.0,11.0697799239193,11.1485918947038,31.5319540029008,29.1606032520748,21.1195302783423,23.069129477232,26.3658216052947,26.9485315948815,52.3193152448021,19.8851417379235,26.5210313442835,35.2109878704529,0.0,0.0]},"PMTCTSingleDoseNevirapine":{"countryName":"Jamaica","countryCode":388,"startYear":2000,"endYear":2023,"values":[0.0,0.0,0.0,0.0,0.0,0.0,31.2968596142682,22.6775538103688,2.28478316937326,4.17917284139454,1.1619398807077,0.918108950795649,1.56323244767826,0.0,0.0,0.0,0.0,0.0,0.0,0.0,0.0,0.0,0.0,0.0]},"PMTCTDualARV":{"countryName":"Jamaica","countryCode":388,"startYear":2000,"endYear":2023,"values":[0.0,0.0,0.0,0.0,0.0,0.0,0.0,6.47930108867679,6.98874851808292,12.6768242855634,3.92154709738849,1.8362179015913,0.0,0.0,0.0,0.0,0.0,0.0,0.0,0.0,0.0,0.0,0.0,0.0]},"PMTCTOptA":{"countryName":"Jamaica","countryCode":388,"startYear":2000,"endYear":2023,"values":[0.0,0.0,0.0,0.0,0.0,0.0,0.0,0.0,0.0,0.0,0.0,0.0,0.0,0.0,0.0,0.0,0.0,0.0,0.0,0.0,0.0,0.0,0.0,0.0]},"PMTCTOptB":{"countryName":"Jamaica","countryCode":388,"startYear":2000,"endYear":2023,"values":[0.0,0.0,0.0,0.0,0.0,0.0,6.25937192285364,28.8976828554985,52.9532099254744,58.6477255409034,48.0752625642811,57.0757731077962,46.8969734303477,48.8919185304846,47.5528716857679,70.8542618957229,77.288778356394,0.0,0.0,0.0,0.0,0.0,0.0,0.0]},"PMTCTOptBPlusStartBefPreg":{"countryName":"Jamaica","countryCode":388,"startYear":2000,"endYear":2023,"values":[0.0,0.0,0.0,0.0,0.0,0.0,0.0,0.0,0.0,0.0,0.0,0.0,0.0,0.0,0.0,0.0,0.0,34.6817180698861,35.4026789207139,36.2517540500341,44.2272342221654,45.5244782441608,45.5573505654281,0.0]},"PMTCTOptBPlusStartDurPregGT4Wks":{"countryName":"Jamaica","countryCode":388,"startYear":2000,"endYear":2023,"values":[0.0,0.0,0.0,0.0,0.0,0.0,0.0,0.0,0.0,0.0,0.0,0.0,0.0,0.0,0.0,0.0,0.0,31.9842511088949,32.6491372268806,38.4308212333695,36.3869517918724,19.1573596231084,50.2423263327948,85.0]},"PMTCTOptBPlusStartDurPregLT4Wks":{"countryName":"Jamaica","countryCode":388,"startYear":2000,"endYear":2023,"values":[0.0,0.0,0.0,0.0,0.0,0.0,0.0,0.0,0.0,0.0,0.0,0.0,0.0,0.0,0.0,0.0,0.0,11.7532489014614,11.9975745231308,4.16003735000391,2.01032882828024,2.47191737072367,4.20032310177706,0.0]},"AdultHIVPrev":{"countryName":"Jamaica","countryCode":388,"startYear":1970,"endYear":2023,"values":[0.0,0.0,0.0,0.0,0.0,0.0,0.0,0.0,0.0,0.000509534450765034,0.00106954830078576,0.00258759462404038,0.00581811498663277,0.0123775175889511,0.0252817586896212,0.0505701923614411,0.0980670381978521,0.203160074869698,0.421653197888959,0.792995829377245,1.1662425455239,1.33728138850207,1.41263678850474,1.46492993554518,1.50580800579492,1.53044869444584,1.54282959716853,1.54501628825519,1.54428668597551,1.53896772266942,1.52131857571664,1.498082152114,1.47155121715189,1.44611691373805,1.42258060845645,1.40440252033991,1.39795354156965,1.39164779545902,1.3863887712681,1.38299169725458,1.38357299420429,1.37977941000786,1.37516873391738,1.36968409215011,1.3630183855723,1.35418265500814,1.34388626924458,1.33502046052825,1.33287375933277,1.33166513360894,1.33470563096832,1.33216603400978,1.32971191959125,1.33039819734231]},"SexRatio":{"countryName":"Jamaica","countryCode":388,"startYear":1970,"endYear":2023,"values":[0.62776,0.62776,0.62776,0.62776,0.62776,0.62776,0.62776,0.62776,0.62776,0.62776,0.62776,0.64104,0.65405,0.6668,0.67926,0.69141,0.70326,0.71479,0.726,0.73686,0.7474,0.75759,0.76744,0.77695,0.78611,0.79494,0.80343,0.81159,0.95,0.95,0.95,0.95,0.95,0.95,0.95,0.95,0.95,0.95,0.95,0.95,0.95,0.95,0.95,0.95,0.95,0.95,0.95,0.95,0.95,0.95,0.95,0.95,0.95,0.95]},"PercNotBFNotRecARVs":{"countryName":"Jamaica","countryCode":388,"<2":1.0,"2-3":30.0,"4-5":45.0,"6-7":85.0,"8-9":98.0,"10-11":98.15385,"12-13":98.30769,"14-15":98.46154,"16-17":98.61538,"18-19":98.76923,"20-21":98.92308,"22-23":99.07692,"24-25":99.23077,"26-27":99.38462,"28-29":99.53846,"30-31":99.69231,"32-33":99.84615,"34-35":100.0},"PercNotBFRecARVs":{"countryName":"Jamaica","countryCode":388,"<2":98.5,"2-3":98.5,"4-5":98.5,"6-7":98.5,"8-9":100.0,"10-11":100.0,"12-13":100.0,"14-15":100.0,"16-17":100.0,"18-19":100.0,"20-21":100.0,"22-23":100.0,"24-25":100.0,"26-27":100.0,"28-29":100.0,"30-31":100.0,"32-33":100.0,"34-35":100.0},"LocalAdjustmentFactor":{"countryName":"Jamaica","countryCode":388,"value":1.70837},"NewARTPatAllocation":{"countryName":"Jamaica","countryCode":388,"NewARTPatAllocationMethod":3.0,"ExpectedMortality":0.5,"ProportionEligible":0.5}}