{"countryName":"Jordan","subnatCode":0,"Incidence":{"countryName":"Jordan","countryCode":400,"startYear":1970,"endYear":2022,"values":[0.0,8e-5,0.00012,0.00016,0.0002,0.00023,0.00027,0.0003,0.00033,0.00036,0.00039,0.00041,0.00044,0.00046,0.00048,0.0005,0.00051,0.00053,0.00054,0.00056,0.00056,0.00057,0.00058,0.00059,0.0006,0.00061,0.00062,0.00063,0.00064,0.00064,0.00065,0.00065,0.00065,0.00065,0.00066,0.00066,0.00063,0.00066,0.00066,0.00067,0.00067,0.00067,0.00068,0.00063,0.00064,0.00066,0.00067,0.00067,0.00067,0.00067,0.00068,0.00068,0.00068]},"AdultARTMale":{"countryName":"Jordan","countryCode":400,"startYear":2000,"endYear":2022,"values":[42.3165,46.36195,44.66599,43.45775,42.49052,52.61579,52.84253,60.85397,63.48374,54.18901,57.17161,47.35923,49.82156,49.82906,48.10357,46.49544,52.80635,55.2646,60.40918,57.7576,58.63968,43.61061,49.24444]},"AdultARTFemale":{"countryName":"Jordan","countryCode":400,"startYear":2000,"endYear":2022,"values":[23.16747,21.06725,19.65531,18.64527,26.37947,36.63939,44.49582,40.96169,41.42223,33.97491,40.49272,38.34462,44.96743,40.92088,39.69809,37.70764,42.1285,46.10492,52.54236,50.91099,52.95628,46.58629,52.95386]},"MedianCD4AtInit":{"countryName":"Jordan","countryCode":400,"startYear":2000,"endYear":2022,"values":[140.5307,145.82665,145.21184,142.09091,136.57744,137.43962,138.93273,141.56739,142.20516,201.25551,197.28481,231.21828,230.86217,234.92805,228.27324,239.27474,241.45526,243.41308,247.40556,289.47533,290.37539,320.28105,256.2544]},"PercLostToFollowup":{"countryName":"Jordan","countryCode":400,"startYear":2000,"endYear":2022,"values":[5.02,5.02,5.02,5.02,5.02,5.02,5.02,5.02,5.02,5.02,5.02,5.02,5.02,5.02,5.02,5.02,5.02,5.02,5.02,5.02,5.02,5.02,5.02]},"ChildART":{"countryName":"Jordan","countryCode":400,"startYear":2000,"endYear":2022,"values":[0.0,0.0,0.0,0.0,0.0,0.0,87.92909,63.39265,0.0,0.0,43.88563,50.25302,197.82492,49.62139,114.20175,29.23224,63.18936,35.36856,107.63297,0.0,95.57549,57.42984,59.90302]},"ChildCotrim":{"countryName":"Jordan","countryCode":400,"startYear":2000,"endYear":2022,"values":[0.0,0.0,0.0,0.0,57.13393,0.0,0.0,18.35071,0.0,0.0,0.0,0.0,0.0,0.0,0.0,0.0,0.0,0.0,0.0,0.0,0.0,0.0,0.0]},"PMTCTSingleDoseNevirapine":{"countryName":"Jordan","countryCode":400,"startYear":2000,"endYear":2022,"values":[0.0,0.0,0.0,0.0,0.0,0.0,0.0,0.0,0.0,0.0,0.0,0.0,0.0,0.0,0.0,0.0,0.0,26.774193600000004,42.33990420000001,66.00000329999999,0.0,0.0,0.0]},"PMTCTDualARV":{"countryName":"Jordan","countryCode":400,"startYear":2000,"endYear":2022,"values":[0.0,0.0,0.0,0.0,43.29623,99.0,41.03574,0.0,99.0,37.09694,0.0,76.55971,0.0,82.11664,38.44483,0.0,99.0,72.2258064,56.66009579999999,32.9999967,37.88912,0.0,0.0]},"PMTCTOptA":{"countryName":"Jordan","countryCode":400,"startYear":2000,"endYear":2022,"values":[0.0,0.0,0.0,0.0,0.0,0.0,0.0,0.0,0.0,0.0,0.0,0.0,0.0,0.0,0.0,0.0,0.0,0.0,0.0,0.0,0.0,0.0,0.0]},"PMTCTOptB":{"countryName":"Jordan","countryCode":400,"startYear":2000,"endYear":2022,"values":[0.0,0.0,0.0,0.0,0.0,0.0,0.0,0.0,0.0,0.0,0.0,0.0,0.0,0.0,0.0,0.0,0.0,0.0,0.0,0.0,0.0,0.0,0.0]},"PMTCTOptBPlusStartBefPreg":{"countryName":"Jordan","countryCode":400,"startYear":2000,"endYear":2022,"values":[0.0,0.0,0.0,0.0,0.0,0.0,0.0,0.0,0.0,0.0,0.0,0.0,0.0,0.0,0.0,0.0,0.0,0.0,0.0,0.0,0.0,0.0,39.37504]},"PMTCTOptBPlusStartDurPregGT4Wks":{"countryName":"Jordan","countryCode":400,"startYear":2000,"endYear":2022,"values":[0.0,0.0,0.0,0.0,0.0,0.0,0.0,0.0,0.0,0.0,0.0,0.0,0.0,0.0,0.0,0.0,0.0,0.0,0.0,0.0,0.0,0.0,0.0]},"PMTCTOptBPlusStartDurPregLT4Wks":{"countryName":"Jordan","countryCode":400,"startYear":2000,"endYear":2022,"values":[0.0,0.0,0.0,0.0,0.0,0.0,0.0,0.0,0.0,0.0,0.0,0.0,0.0,0.0,0.0,0.0,0.0,0.0,0.0,0.0,0.0,0.0,0.0]},"PMTCTPostnatalOptA":{"countryName":"Jordan","countryCode":400,"startYear":2000,"endYear":2022,"values":[0.0,0.0,0.0,0.0,0.0,0.0,0.0,0.0,0.0,0.0,0.0,0.0,0.0,0.0,0.0,0.0,0.0,0.0,0.0,0.0,0.0,0.0,0.0]},"PMTCTPostnatalOptB":{"countryName":"Jordan","countryCode":400,"startYear":2000,"endYear":2022,"values":[0.0,0.0,0.0,0.0,0.0,0.0,0.0,0.0,0.0,0.0,0.0,0.0,0.0,0.0,0.0,0.0,0.0,0.0,0.0,0.0,0.0,0.0,0.0]},"PercentHIVPopEligible":{"countryName":"Jordan","countryCode":400,"TB\/HIV":5,"TB\/HIV Year":2009,"DC":40,"DC Year":2011,"FSW":2,"FSW Year":2015,"MSM":5,"MSM Year":2015,"IDU":0.5,"IDU Year":2015,"Other":10,"Other Year":2015},"AdultHIVPrev":{"countryName":"Jordan","countryCode":400,"startYear":1970,"endYear":2022,"values":[0.0,8e-5,0.00019,0.00033,0.00049,0.00068,0.00087,0.00108,0.00129,0.00151,0.00172,0.00193,0.00213,0.00233,0.00252,0.0027,0.00287,0.00303,0.00319,0.00333,0.00348,0.00363,0.00377,0.00391,0.00405,0.00417,0.00429,0.00439,0.00448,0.00457,0.00472,0.00491,0.00508,0.00522,0.00533,0.00545,0.00558,0.00571,0.00581,0.0059,0.00598,0.00605,0.00611,0.00612,0.00617,0.00622,0.00627,0.00633,0.00639,0.00646,0.00652,0.00655,0.00653]},"SexRatio":{"countryName":"Jordan","countryCode":400,"startYear":1970,"endYear":2022,"values":[0.95,0.95,0.95,0.95,0.95,0.95,0.95,0.95,0.95,0.95,0.95,0.92,0.89,0.86,0.83,0.8,0.77,0.74,0.72,0.69,0.67,0.64,0.62,0.59,0.57,0.55,0.53,0.51,0.48,0.47,0.45,0.43,0.41,0.39,0.38,0.36,0.35,0.33,0.32,0.3,0.29,0.28,0.27,0.26,0.25,0.24,0.23,0.22,0.21,0.2,0.2,0.2,0.2]},"PercNotBFNotRecARVs":{"countryName":"Jordan","countryCode":400,"<2":0.8,"2-3":10.4,"4-5":23.9,"6-7":25.8,"8-9":29.9,"10-11":38.4,"12-13":52,"14-15":61.8,"16-17":71.8,"18-19":76.1,"20-21":85,"22-23":89.4,"24-25":90.7,"26-27":94.8,"28-29":96.4,"30-31":98.3,"32-33":96.8,"34-35":94.8},"PercNotBFRecARVs":{"countryName":"Jordan","countryCode":400,"<2":100,"2-3":100,"4-5":100,"6-7":100,"8-9":100,"10-11":100,"12-13":100,"14-15":100,"16-17":100,"18-19":100,"20-21":100,"22-23":100,"24-25":100,"26-27":100,"28-29":100,"30-31":100,"32-33":100,"34-35":100},"LocalAdjustmentFactor":{"countryName":"Jordan","countryCode":400,"value":1},"NewARTPatAllocation":{"countryName":"Jordan","countryCode":400,"NewARTPatAllocationMethod":3,"ExpectedMortality":0.2,"ProportionEligible":0.8,"NotDefault":0}}