{"countryCode":400,"subnatCode":0,"Incidence":{"countryName":"Jordan","countryCode":400,"startYear":1970,"endYear":2023,"values":[0.0,7.82395612991495e-5,0.000117721288684754,0.000157125245353751,0.000196522234790914,0.000235848905051279,0.000265329754476779,0.000304316176292901,0.000333543429855034,0.000362419084724616,0.000390924593366912,0.000409862611910534,0.000438609441794817,0.000457871780796286,0.000477453634279281,0.000496871421763201,0.000516260055222042,0.0005258499820457,0.000545075825564489,0.000554059532026471,0.000558140720638619,0.000567541182140965,0.000577121285300483,0.00058866123322395,0.00060186698186964,0.000616246493217496,0.000620132478945644,0.000632443054477016,0.000632907654009097,0.000642834777603284,0.000642625810016778,0.000652115534983735,0.000651767851972323,0.000651214944580543,0.000659664557830932,0.000660351918833221,0.000633376642493275,0.000661421239484515,0.000660453378080409,0.000662973159145195,0.00067040549110159,0.000670733963749251,0.000678459514101371,0.000633302658787907,0.000637794736401677,0.000655771994949749,0.000671716133225623,0.000672114096468795,0.000672439951342069,0.000672657683891187,0.000673026874529931,0.000673127206241599,0.000677565528397281,0.000677854698872064]},"AdultARTMale":{"countryName":"Jordan","countryCode":400,"startYear":2000,"endYear":2023,"values":[42.4531234127459,46.4879754977377,44.7710442375972,43.551394505754,42.5616509948165,52.6834809987447,52.8963950048876,60.9057327341802,63.5345155563184,54.2407942041111,57.2099328702734,47.3726626731686,49.8221054861241,49.8201092960313,48.0905447307778,46.4823035007414,52.7963360626219,55.2616006205276,60.4173889232705,57.7839070549357,58.6822869652582,43.6543296107318,49.3076816283122,60.0]},"AdultARTFemale":{"countryName":"Jordan","countryCode":400,"startYear":2000,"endYear":2023,"values":[23.2424900609302,21.1268089169922,19.7056080682642,18.690584384484,26.4332551496387,36.700285487443,44.5572008206751,41.0096707112717,41.4657674913714,34.0131282171636,40.5276292046149,38.3648700557873,44.9799645278693,40.9254610935283,39.6993124451266,37.7086870833329,42.1317089074859,46.1105683221863,52.5560694932736,50.9356066698836,52.9932222537479,46.629303312427,53.0150812759064,60.0]},"PercLostToFollowup":{"countryName":"Jordan","countryCode":400,"startYear":2000,"endYear":2023,"values":[5.016,5.016,5.016,5.016,5.016,5.016,5.016,5.016,5.016,5.016,5.016,5.016,5.016,5.016,5.016,5.016,5.016,5.016,5.016,5.016,5.016,5.016,5.016,5.016]},"ChildART":{"countryName":"Jordan","countryCode":400,"startYear":2000,"endYear":2023,"values":[0.0,0.0,0.0,0.0,0.0,0.0,89.4494387047721,63.484405055898,0.0,0.0,44.6197504863553,51.0318642960665,100.0,50.3725046720498,100.0,29.5244787453277,63.4950870676381,35.6065758224229,100.0,0.0,95.9364516943976,57.6201163350149,60.1209031362069,25.0]},"ChildCotrim":{"countryName":"Jordan","countryCode":400,"startYear":2000,"endYear":2023,"values":[0.0,0.0,0.0,0.0,55.3875466640081,0.0,0.0,18.1240190374696,0.0,0.0,0.0,0.0,0.0,0.0,0.0,0.0,0.0,0.0,0.0,0.0,0.0,0.0,0.0,0.0]},"PMTCTSingleDoseNevirapine":{"countryName":"Jordan","countryCode":400,"startYear":2000,"endYear":2023,"values":[0.0,0.0,0.0,0.0,0.0,0.0,0.0,0.0,0.0,0.0,0.0,0.0,0.0,0.0,0.0,0.0,0.0,0.0,20.0,40.0,66.6666666666667,0.0,0.0,0.0]},"PMTCTDualARV":{"countryName":"Jordan","countryCode":400,"startYear":2000,"endYear":2023,"values":[0.0,0.0,0.0,0.0,0.0,42.7018302004424,100.0,36.8230541777596,0.0,100.0,37.9722802354281,0.0,78.3293907539987,0.0,76.9497133623177,36.8919287838207,0.0,100.0,80.0,60.0,33.3333333333333,38.6227140181141,0.0,0.0]},"PMTCTOptA":{"countryName":"Jordan","countryCode":400,"startYear":2000,"endYear":2023,"values":[0.0,0.0,0.0,0.0,0.0,0.0,0.0,0.0,0.0,0.0,0.0,0.0,0.0,0.0,0.0,0.0,0.0,0.0,0.0,0.0,0.0,0.0,0.0,0.0]},"PMTCTOptB":{"countryName":"Jordan","countryCode":400,"startYear":2000,"endYear":2023,"values":[0.0,0.0,0.0,0.0,0.0,0.0,0.0,0.0,0.0,0.0,0.0,0.0,0.0,0.0,0.0,0.0,0.0,0.0,0.0,0.0,0.0,0.0,0.0,0.0]},"PMTCTOptBPlusStartBefPreg":{"countryName":"Jordan","countryCode":400,"startYear":2000,"endYear":2023,"values":[0.0,0.0,0.0,0.0,0.0,0.0,0.0,0.0,0.0,0.0,0.0,0.0,0.0,0.0,0.0,0.0,0.0,0.0,0.0,0.0,0.0,0.0,0.0,39.9571659181358]},"PMTCTOptBPlusStartDurPregGT4Wks":{"countryName":"Jordan","countryCode":400,"startYear":2000,"endYear":2023,"values":[0.0,0.0,0.0,0.0,0.0,0.0,0.0,0.0,0.0,0.0,0.0,0.0,0.0,0.0,0.0,0.0,0.0,0.0,0.0,0.0,0.0,0.0,0.0,0.0]},"PMTCTOptBPlusStartDurPregLT4Wks":{"countryName":"Jordan","countryCode":400,"startYear":2000,"endYear":2023,"values":[0.0,0.0,0.0,0.0,0.0,0.0,0.0,0.0,0.0,0.0,0.0,0.0,0.0,0.0,0.0,0.0,0.0,0.0,0.0,0.0,0.0,0.0,0.0,0.0]},"AdultHIVPrev":{"countryName":"Jordan","countryCode":400,"startYear":1970,"endYear":2023,"values":[0.0,7.66144575123924e-5,0.000185920194036527,0.000324460512032574,0.000488644885127545,0.000674653598672559,0.000869300311608698,0.00107970631042974,0.00129352143042744,0.00150909478376607,0.00172474437750615,0.00193081540797348,0.0021369409791906,0.00233338888405116,0.00252226975033666,0.00270241015954371,0.00287409512127786,0.00303021958862614,0.003183260240166,0.00332524278827597,0.00347086812125036,0.00361504424734498,0.0037574027003802,0.00389743698439787,0.00403172306855024,0.00415901579013062,0.00427056226611914,0.00437637643923177,0.00446595697531343,0.0045520762501676,0.00470103607331096,0.00490323333340916,0.00507505282809224,0.0052094112511119,0.00532787829634498,0.00545187707079412,0.0055816368891556,0.00570363081555932,0.00580475971831065,0.00589099513739102,0.00597594642373345,0.00605108933615758,0.00611493548043172,0.00612056282680757,0.00616991955740042,0.0062223412611805,0.00627180674072952,0.00632887781428482,0.00638900430221333,0.00645421168374248,0.00651051179752272,0.00653805472492068,0.00651530861219439,0.0065145115393774]},"SexRatio":{"countryName":"Jordan","countryCode":400,"startYear":1970,"endYear":2023,"values":[0.9491,0.9491,0.9491,0.9491,0.9491,0.9491,0.9491,0.9491,0.9491,0.9491,0.9491,0.91835,0.88806,0.85827,0.82901,0.8003,0.77216,0.74462,0.7177,0.69141,0.66577,0.64079,0.61648,0.59284,0.56988,0.5476,0.52601,0.50509,0.48485,0.46529,0.44639,0.42815,0.41056,0.3936,0.37728,0.36156,0.34645,0.33193,0.31798,0.3046,0.29175,0.27944,0.26764,0.25633,0.24551,0.23516,0.22525,0.21578,0.20673,0.19809,0.19809,0.19809,0.19809,0.19809]},"PercNotBFNotRecARVs":{"countryName":"Jordan","countryCode":400,"<2":0.8,"2-3":10.4,"4-5":23.9,"6-7":25.8,"8-9":29.9,"10-11":38.4,"12-13":52.0,"14-15":61.8,"16-17":71.8,"18-19":76.1,"20-21":85.0,"22-23":89.4,"24-25":90.7,"26-27":94.8,"28-29":96.4,"30-31":98.3,"32-33":96.8,"34-35":94.8},"PercNotBFRecARVs":{"countryName":"Jordan","countryCode":400,"<2":100.0,"2-3":100.0,"4-5":100.0,"6-7":100.0,"8-9":100.0,"10-11":100.0,"12-13":100.0,"14-15":100.0,"16-17":100.0,"18-19":100.0,"20-21":100.0,"22-23":100.0,"24-25":100.0,"26-27":100.0,"28-29":100.0,"30-31":100.0,"32-33":100.0,"34-35":100.0},"LocalAdjustmentFactor":{"countryName":"Jordan","countryCode":400,"value":1.0},"NewARTPatAllocation":{"countryName":"Jordan","countryCode":400,"NewARTPatAllocationMethod":3.0,"ExpectedMortality":0.2,"ProportionEligible":0.8}}