{"countryCode":398,"subnatCode":0,"Incidence":{"countryName":"Kazakhstan","countryCode":398,"startYear":1970,"endYear":2023,"values":[0.0,0.0,0.0,0.0,0.0,0.0,0.0,0.0,0.0,0.0,0.0,0.0,0.0,0.0,0.0,0.0,0.0,0.000541398540550424,0.000184893060626673,0.00037023838086716,0.000582932391266005,0.000904685347476288,0.00133791879463748,0.00186229218589509,0.00251902271303259,0.00323812532004089,0.00438368867815186,0.00565110634498478,0.00699815802070234,0.00833552551414212,0.00999680445493059,0.0108263619010927,0.0112595642238347,0.0127856357989789,0.01426831614922,0.0152505140088036,0.017536797725999,0.0199371314828956,0.022773820851697,0.0240172662343843,0.0256399303006287,0.0275472110125813,0.0287313154599223,0.0298317318809663,0.0287663501741092,0.0284180777739217,0.0278697716201494,0.0267430865848032,0.0234024061509447,0.0220160619715839,0.020869072127092,0.0225006833005233,0.0225514134569408,0.0224235048659267]},"AdultARTMale":{"countryName":"Kazakhstan","countryCode":398,"startYear":2000,"endYear":2023,"values":[0.0,0.45805390454691,0.739251677950378,0.914606884735844,0.757758314182949,8.55012008611758,8.90454457733743,9.61728028504109,10.5636520472503,14.2901718927278,12.6918428420507,16.5209226839546,21.1978172948559,24.9237272002736,29.1089235806191,35.0862073804994,39.5380853727036,39.0030866137003,39.3003544730906,44.9725029089277,50.8859849822834,55.4776761464919,60.9465430811018,66.4561224771793]},"AdultARTFemale":{"countryName":"Kazakhstan","countryCode":398,"startYear":2000,"endYear":2023,"values":[0.389192800898382,0.306419300493764,0.245386500670224,1.00663906650252,0.887139108853388,7.6949214288062,8.3840028457932,10.1854445367822,11.5635560007681,16.7985919041706,13.1060843877292,16.6230113685532,22.8218109698378,29.7279727946232,35.629069709556,42.791883039102,50.8437035459617,55.0897160488732,57.1025082706474,63.7140393581251,69.8174632573695,74.8537541861469,80.0430075802764,85.7718948515553]},"PercLostToFollowup":{"countryName":"Kazakhstan","countryCode":398,"startYear":2000,"endYear":2023,"values":[19.0,19.0,19.0,19.0,19.0,19.0,19.0,12.0,11.0,10.6,9.2,11.1,13.3,14.5,14.4,11.3,10.8,11.8,17.0,14.1,10.1,8.2,5.7,7.6]},"ChildART":{"countryName":"Kazakhstan","countryCode":398,"startYear":2000,"endYear":2023,"values":[0.0,0.0,0.0,0.0,0.0,0.0,39.4194927815025,52.7783646170275,85.0161649864918,96.7829750921806,75.9654552312711,76.8437051430825,95.7093876207505,100.0,100.0,100.0,100.0,94.0832055619254,70.9151820284701,69.2235498240298,54.8165821982417,55.1186094903713,59.0822869765886,60.195286978378]},"ChildCotrim":{"countryName":"Kazakhstan","countryCode":398,"startYear":2000,"endYear":2023,"values":[0.0,0.0,0.0,0.0,0.0,0.0,15.5206594434793,19.7887179060261,22.9032380726018,25.5593967278441,26.8246679443006,30.182583219904,33.1731177244788,35.6425880083153,32.2640971338687,33.0941548562152,36.2462400006782,36.1343821915854,29.2332547767538,38.1887538713182,35.3259058044923,37.2781160278171,29.0146665443246,30.4156992651487]},"PMTCTSingleDoseNevirapine":{"countryName":"Kazakhstan","countryCode":398,"startYear":2000,"endYear":2023,"values":[0.0,0.0,0.0,0.0,0.0,0.0,0.823091469002622,0.742406398236518,1.24343323480058,2.68719283892966,1.87164584353715,3.27733844535705,0.464258351230106,0.413482028086346,0.714958669133036,1.07049366725385,0.514265555075955,0.852512796813839,0.0,0.337037056010975,0.921285589550226,0.315457413249211,0.16025641025641,0.0]},"PMTCTDualARV":{"countryName":"Kazakhstan","countryCode":398,"startYear":2000,"endYear":2023,"values":[0.0,0.0,0.0,0.0,0.0,0.518945022134043,0.0,0.0,0.621716617400288,0.298576982103296,0.802133932944491,1.17047801619895,2.32129175615053,2.89437419660442,1.78739667283259,0.0,0.0,0.0,0.0,0.0,0.0,0.0,0.0,0.0]},"PMTCTOptA":{"countryName":"Kazakhstan","countryCode":398,"startYear":2000,"endYear":2023,"values":[0.0,0.0,1.1835898113275,9.51233213328057,10.2568663234076,10.8978454648149,11.1117348315354,14.8481279647304,15.8537737437073,46.2794322260108,43.5826103566507,35.3484360892082,18.8024632248193,9.51008664598595,3.57479334566518,5.7092995586872,2.22848407199581,0.511507678088303,1.55532326322581,0.0,0.0,0.0,0.961538461538462,0.0]},"PMTCTOptB":{"countryName":"Kazakhstan","countryCode":398,"startYear":2000,"endYear":2023,"values":[0.0,0.0,0.0,0.0,0.0,0.0,0.0,1.48481279647304,1.86514985220086,2.38861585682637,4.27804764237062,12.8752581781884,35.7478930447182,45.0695410614117,41.4676028097161,39.9650969108104,44.9125251433001,31.5429734821121,11.9241450180646,2.19074086407134,0.614190393033484,0.0,1.44230769230769,2.29768512675245]},"PMTCTOptBPlusStartBefPreg":{"countryName":"Kazakhstan","countryCode":398,"startYear":2000,"endYear":2023,"values":[0.0,0.0,0.0,0.0,0.0,0.0,0.0,0.0,0.310858308700144,0.0,0.534755955296327,0.23409560323979,0.928516702460212,17.1595041655833,17.3377477264761,11.4185991173744,22.627684423342,20.9718148016204,17.6269969832259,42.9722246413993,50.5171598270041,60.7255520504732,59.4551282051282,50.4054674681318]},"PMTCTOptBPlusStartDurPregGT4Wks":{"countryName":"Kazakhstan","countryCode":398,"startYear":2000,"endYear":2023,"values":[0.0,0.0,0.0,0.0,0.0,0.0,0.411545734501311,0.371203199118259,0.310858308700144,0.0,1.33688988824082,3.51143404859684,3.48193763422579,7.23593549151105,6.25588835491406,13.5595864518821,15.9422322073546,22.1653327171598,43.0306102825808,38.7592614412621,29.6346864638656,28.2334384858044,29.4871794871795,30.4443279294699]},"PMTCTOptBPlusStartDurPregLT4Wks":{"countryName":"Kazakhstan","countryCode":398,"startYear":2000,"endYear":2023,"values":[0.0,0.0,0.0,0.0,0.0,0.0,0.0,0.0,0.310858308700144,0.298576982103296,0.267377977648164,0.468191206479579,0.696387526845159,4.34156129490663,8.57950402959643,6.60137761473208,10.970998508287,18.5847789705417,10.5416354507527,11.1222228483622,12.2838078606697,10.7255520504732,8.49358974358974,4.02094897181678]},"AdultHIVPrev":{"countryName":"Kazakhstan","countryCode":398,"startYear":1970,"endYear":2023,"values":[0.0,0.0,0.0,0.0,0.0,0.0,0.0,0.0,0.0,0.0,0.0,0.0,0.0,0.0,0.0,0.0,0.0,0.000618147804774071,0.000829941496660145,0.00121626043477256,0.00176609620017219,0.00256025848536953,0.00372138956257463,0.00542723369808723,0.00782114467226242,0.0107679330464271,0.0147847009057712,0.019989486120835,0.0263754051411986,0.0335062788822851,0.0417119998544562,0.0507961459209475,0.0594848308460221,0.068509521765971,0.0787138623063382,0.0888717081516167,0.101075591415254,0.115131055507953,0.131933583194688,0.149002898816992,0.166421725907105,0.185004588274861,0.204101485605288,0.223276567664348,0.240702877011911,0.257304568141441,0.272798784393345,0.287052972343204,0.297334349379757,0.305235104052577,0.309968472881723,0.314813629680001,0.317819980063911,0.319858381824683]},"SexRatio":{"countryName":"Kazakhstan","countryCode":398,"startYear":1970,"endYear":2023,"values":[0.0,0.25,0.25,0.25,0.25,0.25,0.25,0.26567,0.28181,0.30185,0.33964,0.4331,1.0,1.0,1.0,1.0,1.0,0.60726,0.54132,0.5186,0.50201,0.49089,0.47941,0.47109,0.46828,0.46552,0.46251,0.46076,0.46101,0.46178,0.46424,0.47026,0.48187,0.49749,0.51525,0.53698,0.55808,0.57616,0.58705,0.57015,0.54347,0.509,0.47097,0.43345,0.41048,0.39094,0.37131,0.35788,0.35284,0.34947,0.34418,0.33241,0.31128,0.29202]},"PercNotBFNotRecARVs":{"countryName":"Kazakhstan","countryCode":398,"<2":0.0,"2-3":1.4,"4-5":14.5,"6-7":16.8,"8-9":16.5,"10-11":23.5,"12-13":35.1,"14-15":41.3,"16-17":50.0,"18-19":71.0,"20-21":82.3,"22-23":78.6,"24-25":88.4,"26-27":87.4,"28-29":84.7,"30-31":87.0,"32-33":97.3,"34-35":93.8},"PercNotBFRecARVs":{"countryName":"Kazakhstan","countryCode":398,"<2":0.0,"2-3":1.4,"4-5":14.5,"6-7":16.8,"8-9":16.5,"10-11":23.5,"12-13":35.1,"14-15":41.3,"16-17":50.0,"18-19":71.0,"20-21":82.3,"22-23":78.6,"24-25":88.4,"26-27":87.4,"28-29":84.7,"30-31":87.0,"32-33":97.3,"34-35":93.8},"LocalAdjustmentFactor":{"countryName":"Kazakhstan","countryCode":398,"value":1.52333},"NewARTPatAllocation":{"countryName":"Kazakhstan","countryCode":398,"NewARTPatAllocationMethod":3.0,"ExpectedMortality":0.2,