{"countryName":"Kyrgyzstan","subnatCode":0,"Incidence":{"countryName":"Kyrgyzstan","countryCode":417,"startYear":1970,"endYear":2020,"values":[0.0,0.0,0.0,0.0,0.0,0.0,0.0,0.0,0.0,0.0,0.0,0.0,0.0,0.0,0.0,0.0,0.0,0.0,0.0,0.0,0.0,0.0,0.0,0.0,0.0,0.0,0.0,0.0,0.0,0.0,9e-5,0.00755,0.00642,0.00428,0.01023,0.01494,0.01743,0.01853,0.01899,0.01917,0.01924,0.01927,0.01928,0.01928,0.01928,0.01929,0.01929,0.01929,0.01929,0.01929,0.01929]},"AdultARTMale":{"countryName":"Kyrgyzstan","countryCode":417,"startYear":2000,"endYear":2020,"values":[0.0,0.0,0.0,0.0,1.14633,24.28078,18.97834,14.36765,12.05659,17.04623,18.17646,20.23358,15.03169,25.05963,36.15164,24.80941,29.81188,33.84538,33.26625,33.96575,36.4086]},"AdultARTFemale":{"countryName":"Kyrgyzstan","countryCode":417,"startYear":2000,"endYear":2020,"values":[0.0,0.0,0.0,0.0,0.0,4.08019,2.67259,5.63136,15.1147,26.72023,33.11183,43.23221,34.0883,51.55707,67.87073,46.17283,54.93801,62.74939,59.88882,63.29395,66.68915]},"MedianCD4AtInit":{"countryName":"Kyrgyzstan","countryCode":417,"startYear":2000,"endYear":2020,"values":[0.0,0.0,0.0,0.0,0.0,0.0,0.0,0.0,0.0,0.0,0.0,0.0,0.0,0.0,0.0,0.0,0.0,0.0,0.0,0.0,0.0]},"PercLostToFollowup":{"countryName":"Kyrgyzstan","countryCode":417,"startYear":2000,"endYear":2020,"values":[0.0,0.0,0.0,0.0,0.0,0.0,0.0,0.0,0.0,0.0,0.0,0.0,0.0,0.0,0.0,0.0,0.0,0.0,0.0,0.0,0.0]},"ChildART":{"countryName":"Kyrgyzstan","countryCode":417,"startYear":2000,"endYear":2020,"values":[0.0,0.0,0.0,0.0,0.0,0.0,5.44053,17.48198,37.62553,68.07258,67.85578,51.31555,53.39728,72.44419,86.97229,85.74143,85.78596,84.46105,81.88313,78.16343,59.64021]},"ChildCotrim":{"countryName":"Kyrgyzstan","countryCode":417,"startYear":2000,"endYear":2020,"values":[0.0,0.0,0.0,0.0,0.0,0.0,0.0,0.0,0.0,0.0,0.0,0.0,0.0,0.0,0.0,0.0,0.0,0.0,0.0,0.0,0.0]},"PMTCTSingleDoseNevirapine":{"countryName":"Kyrgyzstan","countryCode":417,"startYear":2000,"endYear":2020,"values":[0.0,0.0,0.0,0.0,72.94821,24.64833,0.0,0.0,0.0,0.0,0.0,0.0,0.0,0.0,0.0,0.0,0.0,0.0,0.0,0.0,0.0]},"PMTCTDualARV":{"countryName":"Kyrgyzstan","countryCode":417,"startYear":2000,"endYear":2020,"values":[0.0,0.0,0.0,0.0,0.0,0.0,0.0,0.0,0.0,0.0,0.0,0.0,0.0,0.0,0.0,0.0,0.0,0.0,0.0,0.0,0.0]},"PMTCTOptA":{"countryName":"Kyrgyzstan","countryCode":417,"startYear":2000,"endYear":2020,"values":[0.0,0.0,0.0,0.0,0.0,14.789,28.9772,11.53192,39.01413,53.82064,24.30628,0.0,0.0,0.0,0.0,0.0,0.0,0.0,0.0,0.0,0.0]},"PMTCTOptB":{"countryName":"Kyrgyzstan","countryCode":417,"startYear":2000,"endYear":2020,"values":[0.0,0.0,0.0,0.0,0.0,0.0,0.0,0.0,0.0,28.32665,35.8807,42.39531,72.02141,74.48727,72.64918,9.56618,0.0,0.0,0.0,0.0,0.0]},"PMTCTOptBPlusStartBefPreg":{"countryName":"Kyrgyzstan","countryCode":417,"startYear":2000,"endYear":2020,"values":[0.0,0.0,0.0,0.0,0.0,0.0,0.0,0.0,0.0,0.0,0.0,0.0,0.0,0.0,0.0,17.33871,30.82074,31.9943,37.68506,37.56356,37.8623]},"PMTCTOptBPlusStartDurPregGT4Wks":{"countryName":"Kyrgyzstan","countryCode":417,"startYear":2000,"endYear":2020,"values":[0.0,0.0,0.0,0.0,0.0,0.0,0.0,0.0,0.0,0.0,0.0,0.0,0.0,0.0,0.0,25.11123,38.21771,32.58678,34.83013,28.72508,29.68749]},"PMTCTOptBPlusStartDurPregLT4Wks":{"countryName":"Kyrgyzstan","countryCode":417,"startYear":2000,"endYear":2020,"values":[0.0,0.0,0.0,0.0,0.0,0.0,0.0,0.0,0.0,0.0,0.0,0.0,0.0,0.0,0.0,0.0,0.0,6.51736,3.42591,5.52405,4.73279]},"PMTCTPostnatalOptA":{"countryName":"Kyrgyzstan","countryCode":417,"startYear":2000,"endYear":2020,"values":[0.0,0.0,0.0,0.0,0.0,0.0,0.0,0.0,0.0,0.0,59.02954,60.70237,52.75987,0.0,0.0,53.80978,70.27128,72.87589,73.65717,74.02232,51.63041]},"PMTCTPostnatalOptB":{"countryName":"Kyrgyzstan","countryCode":417,"startYear":2000,"endYear":2020,"values":[0.0,0.0,0.0,0.0,0.0,0.0,0.0,0.0,0.0,0.0,13.8893,9.6353,17.58662,47.40099,48.06863,0.0,0.0,0.0,0.0,0.0,23.23368]},"PercentHIVPopEligible":{"countryName":"Kyrgyzstan","countryCode":417,"TB\/HIV":1.6,"TB\/HIV Year":2010,"DC":43.5,"DC Year":2015,"FSW":2.72,"FSW Year":2015,"MSM":9.28,"MSM Year":2015,"IDU":5.35,"IDU Year":2015,"Other":10,"Other Year":2015},"AdultHIVPrev":{"countryName":"Kyrgyzstan","countryCode":417,"startYear":1970,"endYear":2020,"values":[0.0,0.0,0.0,0.0,0.0,0.0,0.0,0.0,0.0,0.0,0.0,0.0,0.0,0.0,0.0,0.0,0.0,0.0,0.0,0.0,0.0,0.0,0.0,0.0,0.0,0.0,0.0,0.0,0.0,0.0,9e-5,0.00745,0.01336,0.0168,0.02578,0.03882,0.05368,0.06862,0.08296,0.09655,0.10977,0.12251,0.1347,0.14643,0.15843,0.17044,0.18193,0.1931,0.20387,0.21444,0.22427]},"SexRatio":{"countryName":"Kyrgyzstan","countryCode":417,"startYear":1970,"endYear":2020,"values":[0.24,0.24,0.24,0.24,0.24,0.24,0.24,0.24,0.24,0.24,0.24,0.24,0.24,0.24,0.24,0.24,0.24,0.24,0.24,0.24,0.24,0.24,0.24,0.24,0.24,0.24,0.256,0.272,0.286,0.3,0.313,0.327,0.338,0.349,0.36,0.369,0.377,0.385,0.393,0.399,0.404,0.409,0.412,0.415,0.417,0.418,0.42,0.42,0.42,0.42,0.42]},"PercNotBFNotRecARVs":{"countryName":"Kyrgyzstan","countryCode":417,"<2":100,"2-3":100,"4-5":100,"6-7":100,"8-9":100,"10-11":100,"12-13":100,"14-15":100,"16-17":100,"18-19":100,"20-21":100,"22-23":100,"24-25":100,"26-27":100,"28-29":100,"30-31":100,"32-33":100,"34-35":100},"PercNotBFRecARVs":{"countryName":"Kyrgyzstan","countryCode":417,"<2":100,"2-3":100,"4-5":100,"6-7":100,"8-9":100,"10-11":100,"12-13":100,"14-15":100,"16-17":100,"18-19":100,"20-21":100,"22-23":100,"24-25":100,"26-27":100,"28-29":100,"30-31":100,"32-33":100,"34-35":100},"LocalAdjustmentFactor":{"countryName":"Kyrgyzstan","countryCode":417,"value":1}}