{"countryName":"Cambodia","subnatCode":0,"Incidence":{"countryName":"Cambodia","countryCode":116,"startYear":1970,"endYear":2020,"values":[0.0,0.0,0.0,0.0,0.0,0.0,0.0,0.0,0.0,0.0,0.0,0.0,0.0,0.0,0.0,2e-5,5e-5,0.00018,0.00054,0.00171,0.00533,0.01638,0.04928,0.10912,0.18407,0.24383,0.26483,0.24987,0.21347,0.16932,0.12614,0.089,0.07348,0.0642,0.05521,0.04702,0.03909,0.0325,0.02747,0.02379,0.02095,0.01757,0.01631,0.01542,0.01439,0.01369,0.01342,0.01263,0.01165,0.01151,0.01141]},"AdultARTMale":{"countryName":"Cambodia","countryCode":116,"startYear":2000,"endYear":2020,"values":[0.08641,0.3165,1.59153,7.98305,19.28537,31.71004,51.34569,61.16032,69.4423,75.72795,66.37064,60.61014,63.18493,65.55124,68.04265,70.24721,73.83846,72.08109,77.53329,82.6393,86.29953]},"AdultARTFemale":{"countryName":"Cambodia","countryCode":116,"startYear":2000,"endYear":2020,"values":[0.102,0.37151,1.83853,9.24185,22.17583,31.79682,54.23351,66.10296,74.75637,82.55661,71.25825,63.82072,66.07037,67.40885,70.62748,73.17173,76.31992,75.64186,78.46537,81.31098,82.0529]},"MedianCD4AtInit":{"countryName":"Cambodia","countryCode":116,"startYear":2000,"endYear":2020,"values":[0.0,0.0,0.0,0.0,0.0,0.0,0.0,0.0,0.0,0.0,0.0,0.0,0.0,0.0,0.0,0.0,0.0,0.0,0.0,0.0,0.0]},"PercLostToFollowup":{"countryName":"Cambodia","countryCode":116,"startYear":2000,"endYear":2020,"values":[0.0,0.0,0.0,0.0,0.0,0.0,0.0,0.0,0.0,0.0,0.0,0.0,0.0,0.0,0.0,0.0,0.0,0.0,0.0,0.0,0.0]},"ChildART":{"countryName":"Cambodia","countryCode":116,"startYear":2000,"endYear":2020,"values":[0.0,0.0,0.0,6.58539,28.92644,34.26668,59.63185,81.2324,96.74077,90.43175,85.84576,87.78915,84.89944,68.81697,61.21196,62.97667,64.73804,67.48519,73.29224,69.06913,63.76367]},"ChildCotrim":{"countryName":"Cambodia","countryCode":116,"startYear":2000,"endYear":2020,"values":[80.0,80.0,80.0,80.0,80.0,80.0,80.0,80.0,80.0,80.0,80.0,80.0,80.0,80.0,80.0,80.0,80.0,80.0,80.0,80.0,80.0]},"PMTCTSingleDoseNevirapine":{"countryName":"Cambodia","countryCode":116,"startYear":2000,"endYear":2020,"values":[0.0,0.0,1.84938,3.07737,3.89451,8.30583,13.55762,13.4471,9.49551,8.86806,8.26237,7.622,6.86422,5.87058,4.55868,2.87664,0.0,0.0,0.0,0.0,0.0]},"PMTCTDualARV":{"countryName":"Cambodia","countryCode":116,"startYear":2000,"endYear":2020,"values":[0.0,0.0,0.0,0.0,0.0,0.0,0.0,4.71917,7.38539,8.90005,7.90876,0.0,0.0,0.0,0.0,0.0,0.0,0.0,0.0,0.0,0.0]},"PMTCTOptA":{"countryName":"Cambodia","countryCode":116,"startYear":2000,"endYear":2020,"values":[0.0,0.0,0.0,0.0,0.0,0.0,0.0,0.0,0.0,0.0,0.0,0.0,1.83116,1.30199,0.36057,0.0,0.0,0.0,0.0,0.0,0.0]},"PMTCTOptB":{"countryName":"Cambodia","countryCode":116,"startYear":2000,"endYear":2020,"values":[0.0,0.0,0.0,0.0,0.0,0.0,0.0,0.0,0.0,0.0,0.0,12.09886,7.47112,5.45208,1.89301,0.0,0.0,0.0,0.0,0.0,0.0]},"PMTCTOptBPlusStartBefPreg":{"countryName":"Cambodia","countryCode":116,"startYear":2000,"endYear":2020,"values":[0.0,0.0,0.0,0.0,0.0,0.0,1.76839,12.22925,15.872,20.19303,25.39406,31.76776,39.58045,48.84497,59.5059,71.42001,63.62947,71.2214,64.12976,65.41602,67.84471]},"PMTCTOptBPlusStartDurPregGT4Wks":{"countryName":"Cambodia","countryCode":116,"startYear":2000,"endYear":2020,"values":[0.0,0.0,0.0,0.0,0.0,0.0,0.0,0.0,0.0,0.0,0.0,0.0,0.0,0.0,0.0,0.0,9.08992,9.50401,13.02833,8.39709,10.51521]},"PMTCTOptBPlusStartDurPregLT4Wks":{"countryName":"Cambodia","countryCode":116,"startYear":2000,"endYear":2020,"values":[0.0,0.0,0.0,0.0,0.0,0.0,0.0,0.0,0.0,0.0,0.0,0.0,0.0,0.97649,3.33531,4.76133,5.19424,7.86134,6.45092,5.55291,7.63433]},"PMTCTPostnatalOptA":{"countryName":"Cambodia","countryCode":116,"startYear":2000,"endYear":2020,"values":[0.0,0.0,0.0,0.0,0.0,0.0,0.0,0.0,0.0,0.0,0.0,0.0,0.0,0.0,0.0,0.0,0.0,0.0,0.0,0.0,0.0]},"PMTCTPostnatalOptB":{"countryName":"Cambodia","countryCode":116,"startYear":2000,"endYear":2020,"values":[0.0,0.0,0.0,0.0,0.0,0.0,0.0,0.0,0.0,0.0,0.0,0.0,0.0,0.0,0.0,0.0,0.0,0.0,0.0,0.0,0.0]},"PercentHIVPopEligible":{"countryName":"Cambodia","countryCode":116,"TB\/HIV":5,"TB\/HIV Year":2015,"DC":43.1,"DC Year":2011,"FSW":4,"FSW Year":2015,"MSM":0.1,"MSM Year":2015,"IDU":0.03,"IDU Year":2015,"Other":10,"Other Year":2015},"AdultHIVPrev":{"countryName":"Cambodia","countryCode":116,"startYear":1970,"endYear":2020,"values":[0.0,0.0,0.0,0.0,0.0,0.0,0.0,0.0,0.0,0.0,0.0,0.0,0.0,0.0,0.0,2e-5,7e-5,0.00024,0.00075,0.00238,0.00748,0.02314,0.07023,0.17315,0.34207,0.55537,0.77003,0.95043,1.07919,1.15322,1.17675,1.15836,1.12191,1.07696,1.03012,0.987,0.94739,0.9148,0.88631,0.8597,0.83389,0.80678,0.77913,0.75053,0.72069,0.69034,0.65988,0.62883,0.59694,0.56562,0.5363]},"SexRatio":{"countryName":"Cambodia","countryCode":116,"startYear":1970,"endYear":2020,"values":[0.0,0.0,0.0,0.0,0.0,0.0,0.0,0.0,0.0,0.0,0.0,0.0,0.0,0.0,0.96319,0.0,0.99043,0.6245,0.60599,0.60356,0.59942,0.59999,0.59517,0.59596,0.59531,0.59781,0.62044,0.67456,0.76801,0.91017,1.11842,1.41964,1.54214,1.58313,1.57465,1.54801,1.50129,1.42922,1.35713,1.26795,1.18202,1.07735,0.96033,0.85004,0.77803,0.72347,0.65135,0.57238,0.54798,0.45773,0.37808]},"PercNotBFNotRecARVs":{"countryName":"Cambodia","countryCode":116,"<2":3.6,"2-3":6.6,"4-5":9.4,"6-7":10.1,"8-9":10.7,"10-11":11.4,"12-13":15,"14-15":18.6,"16-17":22.2,"18-19":34.9,"20-21":47.6,"22-23":60.3,"24-25":66.9,"26-27":73.5,"28-29":80.2,"30-31":86.8,"32-33":93.4,"34-35":100},"PercNotBFRecARVs":{"countryName":"Cambodia","countryCode":116,"<2":63.7,"2-3":63.7,"4-5":63.7,"6-7":63.7,"8-9":67.6,"10-11":67.8,"12-13":69.1,"14-15":70.4,"16-17":71.7,"18-19":76.4,"20-21":81,"22-23":85.6,"24-25":88,"26-27":90.4,"28-29":92.8,"30-31":95.2,"32-33":97.6,"34-35":100},"LocalAdjustmentFactor":{"countryName":"Cambodia","countryCode":116,"value":0.95}}