{"countryName":"Lao People's Democratic Republic","subnatCode":0,"Incidence":{"countryName":"Lao People's Democratic Republic","countryCode":418,"startYear":1970,"endYear":2020,"values":[0.0,0.0,0.0,0.0,0.0,0.0,0.0,0.0,0.0,0.0,0.0,0.0,0.0,0.0,0.0,0.00012,5e-5,6e-5,9e-5,0.00011,0.00016,0.00075,0.00135,0.00195,0.00304,0.00443,0.00656,0.01077,0.01773,0.0201,0.02068,0.02712,0.02922,0.02991,0.02846,0.02957,0.02938,0.03092,0.03083,0.02991,0.02966,0.02886,0.02786,0.02752,0.02641,0.02557,0.02479,0.02392,0.02316,0.0222,0.02116]},"AdultARTMale":{"countryName":"Lao People's Democratic Republic","countryCode":418,"startYear":2000,"endYear":2020,"values":[0.0,0.0,5.31623,4.03963,15.52707,25.10185,29.9587,42.49763,46.07657,50.32314,33.25177,34.21982,36.61652,39.70329,42.95462,45.60088,31.01254,37.37239,42.71591,47.50673,53.05427]},"AdultARTFemale":{"countryName":"Lao People's Democratic Republic","countryCode":418,"startYear":2000,"endYear":2020,"values":[0.0,0.0,7.9225,6.52446,20.59725,29.43762,40.21906,38.94478,53.69395,62.08297,43.65405,46.35683,49.76391,47.76528,53.68879,54.84531,41.23859,46.23545,50.06027,53.06967,55.92155]},"MedianCD4AtInit":{"countryName":"Lao People's Democratic Republic","countryCode":418,"startYear":2000,"endYear":2020,"values":[0.0,0.0,0.0,0.0,0.0,0.0,0.0,0.0,0.0,0.0,0.0,0.0,0.0,0.0,0.0,0.0,0.0,0.0,0.0,0.0,0.0]},"PercLostToFollowup":{"countryName":"Lao People's Democratic Republic","countryCode":418,"startYear":2000,"endYear":2020,"values":[0.0,0.0,0.0,0.0,0.0,0.0,0.0,0.0,0.0,0.0,0.0,0.0,0.0,0.0,0.0,0.0,0.0,0.0,0.0,0.0,0.0]},"ChildART":{"countryName":"Lao People's Democratic Republic","countryCode":418,"startYear":2000,"endYear":2020,"values":[0.0,0.0,0.0,2.07479,23.09488,29.07657,31.21792,28.98511,50.34073,51.2331,50.63589,51.73705,57.86292,61.08358,63.95385,51.57988,44.88148,51.6562,50.94972,53.80153,55.67057]},"ChildCotrim":{"countryName":"Lao People's Democratic Republic","countryCode":418,"startYear":2000,"endYear":2020,"values":[0.0,0.0,0.0,0.0,0.0,0.0,16.31885,15.22273,13.31874,16.00822,18.02915,20.22497,22.96945,25.69474,32.32417,38.95361,45.58304,50.27125,55.39033,61.15385,66.14481]},"PMTCTSingleDoseNevirapine":{"countryName":"Lao People's Democratic Republic","countryCode":418,"startYear":2000,"endYear":2020,"values":[0.0,0.0,0.0,0.0,0.0,0.0,0.0,0.0,0.0,0.0,0.56684,0.0,0.0,0.0,0.0,0.0,0.0,0.0,0.0,0.0,0.0]},"PMTCTDualARV":{"countryName":"Lao People's Democratic Republic","countryCode":418,"startYear":2000,"endYear":2020,"values":[0.0,0.0,0.0,0.0,0.0,0.0,18.05442,15.78258,6.35298,6.56111,0.0,0.0,0.0,0.0,0.0,0.0,0.0,0.0,0.0,0.0,0.0]},"PMTCTOptA":{"countryName":"Lao People's Democratic Republic","countryCode":418,"startYear":2000,"endYear":2020,"values":[0.0,0.0,0.0,0.0,0.0,0.0,0.0,0.0,0.0,0.0,0.0,0.0,0.0,0.0,0.0,0.0,0.0,0.0,0.0,0.0,0.0]},"PMTCTOptB":{"countryName":"Lao People's Democratic Republic","countryCode":418,"startYear":2000,"endYear":2020,"values":[0.0,0.0,0.0,0.0,0.0,0.0,0.0,0.0,0.0,0.0,0.0,0.0,0.0,0.0,0.0,0.0,0.0,0.0,0.0,0.0,0.0]},"PMTCTOptBPlusStartBefPreg":{"countryName":"Lao People's Democratic Republic","countryCode":418,"startYear":2000,"endYear":2020,"values":[0.0,0.0,0.0,0.0,0.0,0.0,0.0,0.0,0.0,0.0,13.03738,25.79438,13.45238,15.35674,7.8477,7.78246,13.97364,12.99808,19.41388,18.15011,24.65331]},"PMTCTOptBPlusStartDurPregGT4Wks":{"countryName":"Lao People's Democratic Republic","countryCode":418,"startYear":2000,"endYear":2020,"values":[0.0,0.0,0.0,0.0,0.0,0.0,0.0,0.0,3.17649,4.17525,1.13369,0.54882,6.45714,6.88406,4.18544,5.18831,13.4561,14.03792,14.69158,9.07505,19.72265]},"PMTCTOptBPlusStartDurPregLT4Wks":{"countryName":"Lao People's Democratic Republic","countryCode":418,"startYear":2000,"endYear":2020,"values":[0.0,0.0,0.0,0.0,0.0,0.0,0.0,0.0,3.17649,3.57879,0.56684,0.54882,6.45714,6.88406,4.18544,5.18831,13.4561,14.03792,14.16688,8.54123,9.86132]},"PMTCTPostnatalOptA":{"countryName":"Lao People's Democratic Republic","countryCode":418,"startYear":2000,"endYear":2020,"values":[0.0,0.0,0.0,0.0,0.0,0.0,0.0,0.0,0.0,0.0,0.0,0.0,0.0,0.0,0.0,0.0,0.0,0.0,0.0,0.0,0.0]},"PMTCTPostnatalOptB":{"countryName":"Lao People's Democratic Republic","countryCode":418,"startYear":2000,"endYear":2020,"values":[0.0,0.0,0.0,0.0,0.0,0.0,0.0,0.0,0.0,0.0,0.0,0.0,0.0,0.0,0.0,0.0,0.0,0.0,0.0,0.0,0.0]},"PercentHIVPopEligible":{"countryName":"Lao People's Democratic Republic","countryCode":418,"TB\/HIV":5,"TB\/HIV Year":2015,"DC":44.3,"DC Year":2011,"FSW":1.2,"FSW Year":2012,"MSM":9.77,"MSM Year":2015,"IDU":0.72,"IDU Year":2015,"Other":10,"Other Year":2015},"AdultHIVPrev":{"countryName":"Lao People's Democratic Republic","countryCode":418,"startYear":1970,"endYear":2020,"values":[0.0,0.0,0.0,0.0,0.0,0.0,0.0,0.0,0.0,0.0,0.0,0.0,0.0,0.0,0.0,0.00012,0.00016,0.00021,0.00028,0.00037,0.0005,0.0012,0.00244,0.0042,0.00693,0.01086,0.01664,0.02614,0.04182,0.05877,0.07499,0.09613,0.11769,0.13827,0.15585,0.17359,0.19053,0.20843,0.22579,0.24211,0.25816,0.27291,0.28592,0.29792,0.30815,0.31702,0.3247,0.33112,0.33672,0.34134,0.34484]},"SexRatio":{"countryName":"Lao People's Democratic Republic","countryCode":418,"startYear":1970,"endYear":2020,"values":[0.0,0.0,0.0,0.0,0.0,0.0,0.0,0.0,0.0,0.0,0.0,0.0,0.0,0.0,0.0,0.0,0.82461,0.50487,0.41571,0.38487,0.40762,0.89723,0.93854,0.9277,0.73129,0.68894,0.60911,0.58659,0.50949,0.56918,0.6171,0.59914,0.62195,0.65287,0.68657,0.68318,0.68818,0.6831,0.68103,0.693,0.69825,0.70506,0.71624,0.71305,0.69613,0.67827,0.65492,0.63742,0.61002,0.58848,0.57115]},"PercNotBFNotRecARVs":{"countryName":"Lao People's Democratic Republic","countryCode":418,"<2":0,"2-3":0,"4-5":0,"6-7":0,"8-9":0,"10-11":15,"12-13":21.25,"14-15":27.5,"16-17":33.75,"18-19":40,"20-21":46.25,"22-23":52.5,"24-25":58.75,"26-27":65,"28-29":71.25,"30-31":77.5,"32-33":83.75,"34-35":90},"PercNotBFRecARVs":{"countryName":"Lao People's Democratic Republic","countryCode":418,"<2":100,"2-3":100,"4-5":100,"6-7":100,"8-9":100,"10-11":100,"12-13":100,"14-15":100,"16-17":100,"18-19":100,"20-21":100,"22-23":100,"24-25":100,"26-27":100,"28-29":100,"30-31":100,"32-33":100,"34-35":100},"LocalAdjustmentFactor":{"countryName":"Lao People's Democratic Republic","countryCode":418,"value":0.6}}