{"countryCode":430,"subnatCode":0,"Incidence":{"countryName":"Liberia","countryCode":430,"startYear":1970,"endYear":2022,"values":[0.0,0.0,0.0,0.0,0.0,0.00801,0.00386,0.00574,0.00875,0.01179,0.01657,0.02352,0.03327,0.04655,0.06569,0.08967,0.12203,0.166,0.21007,0.27883,0.37581,0.38704,0.33914,0.32022,0.30101,0.27286,0.24294,0.24296,0.23614,0.21986,0.20448,0.18275,0.17244,0.16336,0.15004,0.13727,0.12517,0.11827,0.11144,0.10049,0.09003,0.08997,0.07709,0.07212,0.06726,0.06296,0.05874,0.05215,0.04604,0.05317,0.05021,0.04402,0.03649]},"AdultARTMale":{"countryName":"Liberia","countryCode":430,"startYear":2000,"endYear":2022,"values":[0.0,0.0,0.0,0.0,0.0,0.0,7.65655,10.48448,13.90703,13.74232,19.7545,23.8959,18.20308,15.05833,16.84726,20.93104,15.8913,19.38029,30.12402,33.06514,40.61551,52.68335,66.10807]},"AdultARTFemale":{"countryName":"Liberia","countryCode":430,"startYear":2000,"endYear":2022,"values":[0.0,0.0,0.0,0.0,0.0,0.0,6.75272,9.40267,12.69696,12.71961,19.49661,23.83925,25.88703,26.11046,28.09971,28.28138,29.51695,45.52716,50.91133,56.33493,66.50404,71.7966,81.48905]},"MedianCD4AtInit":{"countryName":"Liberia","countryCode":430,"startYear":2000,"endYear":2022,"values":[0.0,0.0,0.0,0.0,0.0,0.0,131.76302,132.31641,130.66363,169.41477,171.09763,170.19951,170.85813,206.15171,208.18557,201.62209,238.3567,240.92345,237.85386,239.98527,242.12772,244.20493,261.05143]},"PercLostToFollowup":{"countryName":"Liberia","countryCode":430,"startYear":2000,"endYear":2022,"values":[0.0,0.0,0.0,0.0,0.0,0.0,0.0,0.0,0.0,0.0,0.0,0.0,0.0,0.0,0.0,0.0,0.0,5.0,0.0,0.0,0.0,0.0,8.36]},"ChildART":{"countryName":"Liberia","countryCode":430,"startYear":2000,"endYear":2022,"values":[0.0,0.0,0.0,0.0,0.0,0.0,0.0,4.29639,9.11891,13.10687,10.82308,20.23561,15.50086,13.56081,14.8714,15.44847,19.12417,27.23715,16.94634,20.53576,23.88225,24.89927,31.16575]},"ChildCotrim":{"countryName":"Liberia","countryCode":430,"startYear":2000,"endYear":2022,"values":[0.0,0.0,0.0,0.0,0.0,0.0,0.0,1.82038,5.19381,6.17293,8.81652,13.23178,17.65104,20.859,23.24411,19.55255,21.61097,29.21078,37.92117,31.33165,35.09796,31.14441,26.88441]},"PMTCTSingleDoseNevirapine":{"countryName":"Liberia","countryCode":430,"startYear":2000,"endYear":2022,"values":[0.0,0.0,0.0,0.0,0.0,0.0,0.0,0.4,2.5,1.0,1.1,0.0,0.0,0.0,0.0,0.0,0.0,0.0,0.0,0.0,0.0,0.0,0.0]},"PMTCTDualARV":{"countryName":"Liberia","countryCode":430,"startYear":2000,"endYear":2022,"values":[0.0,0.0,0.0,0.0,0.0,0.0,0.0,1.1,8.8,9.8,17.2,0.0,0.0,0.0,0.0,0.0,0.0,0.0,0.0,0.0,0.0,0.0,0.0]},"PMTCTOptA":{"countryName":"Liberia","countryCode":430,"startYear":2000,"endYear":2022,"values":[0.0,0.0,0.0,0.0,0.0,0.0,0.0,0.0,0.0,0.0,0.0,31.6,32.9,26.4,28.2,43.2,43.7,0.0,0.0,0.0,0.0,0.0,0.0]},"PMTCTOptB":{"countryName":"Liberia","countryCode":430,"startYear":2000,"endYear":2022,"values":[0.0,0.0,0.0,0.0,0.0,0.0,0.0,0.0,0.0,0.0,0.0,0.0,0.0,0.0,0.0,0.0,0.0,0.0,0.0,0.0,0.0,0.0,0.0]},"PMTCTOptBPlusStartBefPreg":{"countryName":"Liberia","countryCode":430,"startYear":2000,"endYear":2022,"values":[0.0,0.0,0.0,0.0,0.0,0.0,0.0,0.0,0.0,0.0,0.0,0.0,0.0,0.0,0.0,0.0,0.0,13.3,39.9,36.2,21.0,17.1,22.8]},"PMTCTOptBPlusStartDurPregGT4Wks":{"countryName":"Liberia","countryCode":430,"startYear":2000,"endYear":2022,"values":[0.0,0.0,0.0,0.0,0.0,0.0,0.0,0.1,2.1,2.9,4.1,0.0,0.0,0.0,0.0,11.2,22.9,63.6,51.6,42.1,40.9,65.4,57.1]},"PMTCTOptBPlusStartDurPregLT4Wks":{"countryName":"Liberia","countryCode":430,"startYear":2000,"endYear":2022,"values":[0.0,0.0,0.0,0.0,0.0,0.0,0.0,0.0,0.0,0.0,0.0,0.0,0.0,0.0,0.0,0.0,0.0,0.0,0.0,15.3,7.7,13.5,6.5]},"PMTCTPostnatalOptA":{"countryName":"Liberia","countryCode":430,"startYear":2000,"endYear":2022,"values":[0.0,0.0,0.0,0.0,0.0,0.0,0.0,0.0,0.0,0.0,0.0,0.0,0.0,0.0,0.0,0.0,0.0,0.0,0.0,0.0,0.0,0.0,0.0]},"PMTCTPostnatalOptB":{"countryName":"Liberia","countryCode":430,"startYear":2000,"endYear":2022,"values":[0.0,0.0,0.0,0.0,0.0,0.0,0.0,0.0,0.0,0.0,0.0,0.0,0.0,0.0,0.0,0.0,0.0,0.0,0.0,0.0,0.0,0.0,0.0]},"PercentHIVPopEligible":{"countryName":"Liberia","countryCode":430,"TB\/HIV":5,"TB\/HIV Year":2009,"DC":2.8,"DC Year":2013,"FSW":2,"FSW Year":2019,"MSM":5,"MSM Year":2019,"IDU":0.5,"IDU Year":2019,"Other":10,"Other Year":2019},"AdultHIVPrev":{"countryName":"Liberia","countryCode":430,"startYear":1970,"endYear":2022,"values":[0.0,0.0,0.0,0.0,0.0,0.00789,0.01129,0.0163,0.02393,0.03402,0.04809,0.06787,0.09591,0.13502,0.19101,0.26706,0.36906,0.5069,0.67791,0.90335,1.15245,1.451,1.67573,1.85678,1.99047,2.09174,2.14439,2.20189,2.23221,2.23861,2.22243,2.18241,2.13144,2.07164,2.00387,1.92952,1.85731,1.79265,1.72884,1.66254,1.59793,1.54831,1.4869,1.42329,1.35907,1.2936,1.22983,1.17137,1.12171,1.08635,1.05304,1.0201,0.98465]},"SexRatio":{"countryName":"Liberia","countryCode":430,"startYear":1970,"endYear":2022,"values":[0.24,0.24,0.24,0.24,0.24,0.24,0.34,0.44,0.53,0.62,0.7,0.78,0.85,0.92,0.99,1.05,1.1,1.15,1.2,1.24,1.27,1.3,1.32,1.34,1.35,1.37,1.37,1.37,1.37,1.37,1.37,1.37,1.37,1.38,1.38,1.38,1.39,1.39,1.4,1.42,1.44,1.46,1.5,1.54,1.59,1.65,1.7,1.75,1.8,1.83,1.86,1.88,1.89]},"PercNotBFNotRecARVs":{"countryName":"Liberia","countryCode":430,"<2":3.52,"2-3":3.52,"4-5":3.58,"6-7":3.91,"8-9":5.13,"10-11":8.4,"12-13":15.26,"14-15":26.56,"16-17":41.22,"18-19":56.36,"20-21":69.33,"22-23":79.06,"24-25":85.83,"26-27":90.37,"28-29":93.38,"30-31":95.37,"32-33":96.72,"34-35":97.63},"PercNotBFRecARVs":{"countryName":"Liberia","countryCode":430,"<2":3.52,"2-3":3.52,"4-5":3.58,"6-7":3.91,"8-9":5.13,"10-11":8.4,"12-13":15.26,"14-15":26.56,"16-17":41.22,"18-19":56.36,"20-21":69.33,"22-23":79.06,"24-25":85.83,"26-27":90.37,"28-29":93.38,"30-31":95.37,"32-33":96.72,"34-35":97.63},"LocalAdjustmentFactor":{"countryName":"Liberia","countryCode":430,"value":1.35},"NewARTPatAllocation":{"countryName":"Liberia","countryCode":430,"NewARTPatAllocationMethod":3,"ExpectedMortality":0.2,"ProportionEligible":0.8,"NotDefault":0}}