{"countryCode":430,"subnatCode":0,"Incidence":{"countryName":"Liberia","countryCode":430,"startYear":1970,"endYear":2023,"values":[0.0,0.0,0.0,0.0,0.0,0.0,0.00958479039873791,0.00577927203701368,0.00898875967291675,0.0145584998304125,0.0215988647577381,0.0338160762577025,0.0500115672104846,0.0773199069620452,0.11693058452427,0.173582952394886,0.236690148622268,0.329099916539853,0.426903480471144,0.509184861072938,0.668735579631398,0.554884117924716,0.436889226119932,0.377275564807725,0.325158460084126,0.250844230913771,0.273485176983402,0.282110694135249,0.248022981979856,0.208741627576196,0.203559319115041,0.184971265076743,0.169792697130043,0.15635636505826,0.134508367359021,0.126591571663038,0.11842119357974,0.108804263817193,0.108752189329294,0.0985164327710223,0.0896981187504174,0.0834554102939747,0.0793214812599528,0.0766786058437331,0.0730359954178506,0.0663833605799568,0.0630550704748942,0.0564957948792235,0.0485547892732964,0.0452160024263473,0.0380003273661238,0.0327820341948997,0.0264220695083294,0.0210228996044165]},"AdultARTMale":{"countryName":"Liberia","countryCode":430,"startYear":2000,"endYear":2023,"values":[0.0,0.0,0.0,0.0,0.0,0.0,6.53462096510444,9.15056469344318,12.3823417171482,16.8158236587694,18.2622802557546,22.3451473873683,17.1908305856364,14.4004985481933,16.2083775984527,20.1605024291648,18.0918032457124,21.9662725489326,28.9912042160392,32.0911336006711,39.8837250086942,52.3095684695349,66.2896472815046,78.3366276256994]},"AdultARTFemale":{"countryName":"Liberia","countryCode":430,"startYear":2000,"endYear":2023,"values":[0.0,0.0,0.0,0.0,0.0,0.0,5.97436761197171,8.49379860762964,11.684007035091,16.1117326658743,18.6101871042214,22.997062740939,25.1591452921371,25.6443916981482,27.6492703951713,27.8779328654028,33.5157466278145,50.9691915608277,49.9087660943353,55.6102450859676,66.3785241365995,72.4370841488954,82.9825314686474,85.6989618752438]},"PercLostToFollowup":{"countryName":"Liberia","countryCode":430,"startYear":2000,"endYear":2023,"values":[5.0,5.0,5.0,5.0,5.0,5.0,5.0,5.0,5.0,5.0,5.0,5.0,5.0,5.0,5.0,5.0,5.0,5.0,5.0,5.0,5.0,5.0,5.0,5.0]},"ChildART":{"countryName":"Liberia","countryCode":430,"startYear":2000,"endYear":2023,"values":[0.0,0.0,0.0,0.0,0.0,0.0,0.0,3.99029515111564,8.57693630712808,12.4987972257068,10.2821242993236,19.4880027137146,15.1230386509135,13.3489654663005,14.7627793171935,12.9838490597173,9.39453631154389,13.4864853109907,16.9140530155769,20.5174737051365,23.9276069286177,24.9890480394006,31.3146721242301,31.6625543902288]},"ChildCotrim":{"countryName":"Liberia","countryCode":430,"startYear":2000,"endYear":2023,"values":[0.0,0.0,0.0,0.0,0.0,0.0,0.0,1.72276941689594,4.99129941224689,5.99589645818609,7.85901990809939,13.0209734502307,17.520032706192,20.7895281786262,23.1632034838748,19.4890990259766,15.4014616826975,20.8219026969421,27.0368794608167,30.751710596184,34.9699305144582,31.3389648508972,27.2138628511273,19.8903707570612]},"PMTCTSingleDoseNevirapine":{"countryName":"Liberia","countryCode":430,"startYear":2000,"endYear":2023,"values":[0.0,0.0,0.0,0.0,0.0,0.0,0.0,0.0,0.406914231001567,2.51948814320186,1.03781676799366,1.07081147807107,0.0,0.0,0.0,0.0,0.0,0.0,0.0,0.0,0.0,0.0,0.0,0.0]},"PMTCTDualARV":{"countryName":"Liberia","countryCode":430,"startYear":2000,"endYear":2023,"values":[0.0,0.0,0.0,0.0,0.0,0.0,0.0,0.0,1.08510461600418,8.87143712395021,9.97045394965337,17.2859567174329,0.0,0.0,0.0,0.0,0.0,0.0,0.0,0.0,0.0,0.0,0.0,0.0]},"PMTCTOptA":{"countryName":"Liberia","countryCode":430,"startYear":2000,"endYear":2023,"values":[0.0,0.0,0.0,0.0,0.0,0.0,0.0,0.0,0.0,0.0,0.0,0.0,30.7491556667644,34.2625738385675,27.217182603959,28.9101161031603,43.4477180370521,42.9842799853254,0.0,0.0,0.0,0.0,0.0,0.0]},"PMTCTOptB":{"countryName":"Liberia","countryCode":430,"startYear":2000,"endYear":2023,"values":[0.0,0.0,0.0,0.0,0.0,0.0,0.0,0.0,0.0,0.0,0.0,0.0,0.0,0.0,0.0,0.0,0.0,0.0,0.0,0.0,0.0,0.0,0.0,0.0]},"PMTCTOptBPlusStartBefPreg":{"countryName":"Liberia","countryCode":430,"startYear":2000,"endYear":2023,"values":[0.0,0.0,0.0,0.0,0.0,0.0,0.0,0.0,0.0,0.0,0.0,0.0,0.0,0.0,0.0,0.0,0.0,0.0,12.7823914049521,38.7215587175441,35.2853363363024,20.588923239029,17.0136670890528,22.9732627495168]},"PMTCTOptBPlusStartDurPregGT4Wks":{"countryName":"Liberia","countryCode":430,"startYear":2000,"endYear":2023,"values":[0.0,0.0,0.0,0.0,0.0,0.0,0.0,0.0,0.135638077000522,2.12914490974805,2.96519076569617,4.09202957691443,0.0,0.0,0.0,0.0,11.2676579327681,22.5110617343215,61.2887050573264,50.0416630854083,41.0421563292856,40.0171963935049,64.9706199412771,57.5645828620616]},"PMTCTOptBPlusStartDurPregLT4Wks":{"countryName":"Liberia","countryCode":430,"startYear":2000,"endYear":2023,"values":[0.0,0.0,0.0,0.0,0.0,0.0,0.0,0.0,0.0,0.0,0.0,0.0,0.0,0.0,0.0,0.0,0.0,0.0,0.0,0.0,14.8883275680601,7.56945707317243,13.4156106049631,6.57129941347736]},"AdultHIVPrev":{"countryName":"Liberia","countryCode":430,"startYear":1970,"endYear":2023,"values":[0.0,0.0,0.0,0.0,0.0,0.0,0.00943903342851059,0.0146437265107895,0.0226651387775153,0.0356316419439453,0.0546512167003024,0.0842627166052269,0.127897350856545,0.195338322513267,0.298504952332998,0.451124177122243,0.654449540819944,0.93379824403453,1.28828633331357,1.69594947449157,2.12976059651306,2.51888795020879,2.75369398825068,2.89799236165529,2.95887857402531,2.94398928026131,2.93400860999064,2.94201926222565,2.89707956244966,2.8114367888278,2.71979764146737,2.6142839904319,2.50039156788097,2.38116646026804,2.25294557164208,2.12996844125119,2.01894359768412,1.91808415780408,1.82926606553678,1.74411353377098,1.66631311888516,1.59917767844473,1.53129407943111,1.46364123888094,1.39702696865494,1.32979720808898,1.26581479428043,1.20826261217443,1.1584759976441,1.11286129864549,1.0654919291565,1.01980574905293,0.973735550988931,0.927747553401625]},"SexRatio":{"countryName":"Liberia","countryCode":430,"startYear":1970,"endYear":2023,"values":[0.23122,0.23122,0.23122,0.23122,0.23122,0.23122,0.32756,0.4239,0.51061,0.59732,0.67439,0.7611,0.82854,0.89598,0.96342,1.02122,1.0694,1.11757,1.16574,1.20427,1.23318,1.26208,1.28135,1.30062,1.31025,1.31988,1.32954,1.32957,1.32964,1.32976,1.32996,1.33031,1.33089,1.33186,1.33343,1.33596,1.34001,1.34637,1.35624,1.37128,1.39365,1.41991,1.4541,1.4964,1.54556,1.59871,1.65186,1.70103,1.74333,1.77751,1.80377,1.82317,1.83708,1.84685]},"PercNotBFNotRecARVs":{"countryName":"Liberia","countryCode":430,"<2":3.50268,"2-3":3.50495,"4-5":3.5493,"6-7":3.84215,"8-9":4.98365,"10-11":8.18673,"12-13":15.12269,"14-15":26.83457,"16-17":42.15132,"18-19":57.844,"20-21":71.01023,"22-23":80.64721,"24-25":87.17534,"26-27":91.44606,"28-29":94.21567,"30-31":96.02195,"32-33":97.2152,"34-35":98.01622},"PercNotBFRecARVs":{"countryName":"Liberia","countryCode":430,"<2":3.50268,"2-3":3.50495,"4-5":3.5493,"6-7":3.84215,"8-9":4.98365,"10-11":8.18673,"12-13":15.12269,"14-15":26.83457,"16-17":42.15132,"18-19":57.844,"20-21":71.01023,"22-23":80.64721,"24-25":87.17534,"26-27":91.44606,"28-29":94.21567,"30-31":96.02195,"32-33":97.2152,"34-35":98.01622},"LocalAdjustmentFactor":{"countryName":"Liberia","countryCode":430,"value":1.377},"NewARTPatAllocation":{"countryName":"Liberia","countryCode":430,"NewARTPatAllocationMethod":3.0,"ExpectedMortality":0.2,"ProportionEligible":0.8}}