{"countryCode":440,"subnatCode":0,"Incidence":{"countryName":"Lithuania","countryCode":440,"startYear":1970,"endYear":2023,"values":[0.0,0.0,0.0,0.0,1.98719054585315e-5,5.96555706762412e-5,0.000149226249124958,0.000298661787948175,0.00053776051822103,0.000826645429523294,0.0011554587514197,0.00150503546356537,0.00187357851677423,0.00223269958952916,0.0025826048900664,0.00291263787708867,0.00321229594128473,0.00349500041601065,0.00379898763068359,0.00411088398580128,0.00443338726989374,0.00477422126894653,0.00512545528129434,0.00548870677557643,0.00587186947954748,0.00627553475722076,0.00668870826233381,0.00711246074627088,0.0075602246537082,0.0080150866072258,0.0085006567537698,0.00900695894753342,0.00954800023853252,0.0101263742670581,0.010732367271329,0.0113639304584366,0.0120405404720298,0.0127579540044249,0.0135220855411648,0.0143189651124196,0.0151075685125403,0.0157929617333933,0.0163443866925466,0.0167612199178155,0.0170479896482688,0.0171948006710797,0.017192286184624,0.017055324132853,0.0167652981337914,0.0163372942828424,0.0157827023078073,0.0150944328160154,0.0143057262692745,0.0133590546811012]},"AdultARTMale":{"countryName":"Lithuania","countryCode":440,"startYear":2000,"endYear":2023,"values":[0.0,0.0,0.0,7.24123851915558,9.68198846436936,11.0558524966738,12.2472134144953,15.051893742824,19.1563189052321,19.4718642774898,19.5169502761453,23.933559227758,28.2078899143807,27.8944280231316,21.4960738677907,33.7938845348794,35.3786029451816,40.8352956686306,33.7975743105389,36.9702179741694,35.7051111550097,36.5727103923576,39.9843254012396,44.4679890615367]},"AdultARTFemale":{"countryName":"Lithuania","countryCode":440,"startYear":2000,"endYear":2023,"values":[0.0,0.0,0.0,2.45171921293439,8.93718444058532,9.14741330970997,13.8838405701927,15.1530036662692,18.4185453263133,22.9622866707892,22.226279400208,26.1835167779612,34.6821738723525,41.9414068399332,30.7045405536821,42.2240034391309,46.8338337918756,47.6611781289593,38.0607545646845,39.6846791302744,41.8116251023942,42.9010013564736,48.6942491020537,55.8593975412492]},"PercLostToFollowup":{"countryName":"Lithuania","countryCode":440,"startYear":2000,"endYear":2023,"values":[0.0,0.0,0.0,8.4,8.4,8.4,8.4,8.4,8.4,8.4,8.4,8.4,8.4,8.4,8.4,8.4,8.4,8.4,8.4,8.4,8.4,11.4,9.8,8.4]},"ChildART":{"countryName":"Lithuania","countryCode":440,"startYear":2000,"endYear":2023,"values":[0.0,0.0,0.0,0.0,0.0,0.0,0.0,86.2760661564875,84.7084335716464,66.6289102841723,34.6374326734902,24.9046773474526,54.3940906259944,69.244884534155,100.0,83.7795993324441,65.950966775222,71.3387186139363,72.7449078564501,53.8094392518336,39.1682236035549,46.6266547799781,86.7646631004689,84.3295542761409]},"ChildCotrim":{"countryName":"Lithuania","countryCode":440,"startYear":2000,"endYear":2023,"values":[0.0,0.0,0.0,0.0,0.0,0.0,0.0,0.0,0.0,0.0,0.0,0.0,0.0,0.0,0.0,0.0,0.0,0.0,0.0,0.0,0.0,0.0,0.0,0.0]},"PMTCTSingleDoseNevirapine":{"countryName":"Lithuania","countryCode":440,"startYear":2000,"endYear":2023,"values":[0.0,0.0,0.0,0.0,0.0,0.0,0.0,0.0,0.0,0.0,0.0,0.0,0.0,0.0,0.0,0.0,0.0,0.0,0.0,0.0,0.0,0.0,0.0,0.0]},"PMTCTDualARV":{"countryName":"Lithuania","countryCode":440,"startYear":2000,"endYear":2023,"values":[0.0,0.0,0.0,16.5287343782799,15.2048935429379,27.8643507675932,25.4153503633124,23.0744381374314,0.0,0.0,0.0,0.0,0.0,0.0,0.0,0.0,0.0,0.0,0.0,0.0,0.0,0.0,0.0,0.0]},"PMTCTOptA":{"countryName":"Lithuania","countryCode":440,"startYear":2000,"endYear":2023,"values":[0.0,0.0,0.0,0.0,0.0,0.0,0.0,0.0,0.0,0.0,0.0,0.0,0.0,0.0,0.0,0.0,0.0,0.0,0.0,0.0,0.0,0.0,0.0,0.0]},"PMTCTOptB":{"countryName":"Lithuania","countryCode":440,"startYear":2000,"endYear":2023,"values":[0.0,0.0,0.0,0.0,15.2048935429379,0.0,50.8307007266249,0.0,100.0,92.0,92.0,46.7087460570034,21.2890218900819,72.3482397015569,29.9532130811672,54.7837439101021,52.2283486075139,60.0,24.5499382569053,65.0,23.5769873514178,23.5669969659848,18.6817503118685,13.4907918600159]},"PMTCTOptBPlusStartBefPreg":{"countryName":"Lithuania","countryCode":440,"startYear":2000,"endYear":2023,"values":[0.0,0.0,0.0,0.0,0.0,0.0,0.0,0.0,0.0,8.0,8.0,0.0,0.0,0.0,0.0,0.0,0.0,40.0,39.2799012110485,35.0,37.7231797622685,32.9937957523787,32.6930630457698,22.4846531000266]},"PMTCTOptBPlusStartDurPregGT4Wks":{"countryName":"Lithuania","countryCode":440,"startYear":2000,"endYear":2023,"values":[0.0,0.0,0.0,0.0,0.0,0.0,0.0,0.0,0.0,0.0,0.0,0.0,0.0,0.0,0.0,0.0,0.0,0.0,0.0,0.0,0.0,0.0,0.0,0.0]},"PMTCTOptBPlusStartDurPregLT4Wks":{"countryName":"Lithuania","countryCode":440,"startYear":2000,"endYear":2023,"values":[0.0,0.0,0.0,0.0,0.0,0.0,0.0,0.0,0.0,0.0,0.0,0.0,0.0,0.0,0.0,0.0,0.0,0.0,0.0,0.0,0.0,0.0,0.0,0.0]},"AdultHIVPrev":{"countryName":"Lithuania","countryCode":440,"startYear":1970,"endYear":2023,"values":[0.0,0.0,0.0,0.0,1.97477935183247e-5,7.84663165202105e-5,0.000224426307340948,0.000514266850300721,0.00103186100791905,0.00181704678862876,0.00289606185942928,0.00427803546848333,0.00595882416441158,0.00790807871979035,0.0100946901230249,0.012476776813519,0.0150012833821079,0.0176439113250519,0.0204172230464219,0.0232843749139153,0.0262372438974481,0.0292668654054058,0.0323695512009676,0.0355546378334336,0.0388319666766325,0.0422215591289077,0.0457157235159398,0.0493101078348081,0.0529368012304847,0.0566775495783736,0.060540163507567,0.0645156552516657,0.0687003549126973,0.0736138632429559,0.0792397802666303,0.0850650281127219,0.0911945330401162,0.0978292267321532,0.105487984102094,0.113928533953257,0.122550179857092,0.131756185255505,0.141824360663291,0.152979961314537,0.16366178115098,0.174122577006093,0.185727617005353,0.197111344227965,0.208766531999169,0.220102054427848,0.229571527737682,0.236704937550312,0.244123050654138,0.248076849774067]},"SexRatio":{"countryName":"Lithuania","countryCode":440,"startYear":1970,"endYear":2023,"values":[0.2,0.2,0.2,0.2,0.2,0.2,0.2,0.2,0.2,0.2,0.2,0.2,0.2,0.2,0.2,0.2,0.2,0.2,0.2,0.2,0.2,0.2,0.2,0.2,0.2,0.2,0.2,0.2,0.2,0.20303,0.20606,0.2153,0.22454,0.23273,0.23818,0.24364,0.24909,0.25455,0.2596,0.26465,0.2697,0.27475,0.2798,0.28485,0.2899,0.29495,0.3,0.3,0.3,0.3,0.3,0.3,0.4,0.34]},"PercNotBFNotRecARVs":{"countryName":"Lithuania","countryCode":440,"<2":100.0,"2-3":100.0,"4-5":100.0,"6-7":100.0,"8-9":100.0,"10-11":100.0,"12-13":100.0,"14-15":100.0,"16-17":100.0,"18-19":100.0,"20-21":100.0,"22-23":100.0,"24-25":100.0,"26-27":100.0,"28-29":100.0,"30-31":100.0,"32-33":100.0,"34-35":100.0},"PercNotBFRecARVs":{"countryName":"Lithuania","countryCode":440,"<2":100.0,"2-3":100.0,"4-5":100.0,"6-7":100.0,"8-9":100.0,"10-11":100.0,"12-13":100.0,"14-15":100.0,"16-17":100.0,"18-19":100.0,"20-21":100.0,"22-23":100.0,"24-25":100.0,"26-27":100.0,"28-29":100.0,"30-31":100.0,"32-33":100.0,"34-35":100.0},"LocalAdjustmentFactor":{"countryName":"Lithuania","countryCode":440,"value":1.0},"NewARTPatAllocation":{"countryName":"Lithuania","countryCode":440,"NewARTPatAllocationMethod":3.0,"ExpectedMortality":0.5,"ProportionEligible":0.5}}