{"countryName":"Lithuania","subnatCode":0,"Incidence":{"countryName":"Lithuania","countryCode":440,"startYear":1970,"endYear":2022,"values":[0.0,0.0,0.0,0.0,1e-5,4e-5,0.00012,0.00025,0.00046,0.00072,0.00101,0.00132,0.00164,0.00196,0.00227,0.00257,0.00285,0.00315,0.00345,0.00375,0.00406,0.00438,0.00472,0.00505,0.00538,0.00572,0.00608,0.00642,0.00678,0.00716,0.00759,0.02119,0.00856,0.00913,0.00973,0.0104,0.01111,0.01188,0.01273,0.01364,0.01453,0.01527,0.01584,0.01624,0.01646,0.01652,0.01637,0.01605,0.01555,0.01489,0.01407,0.01311,0.01204]},"AdultARTMale":{"countryName":"Lithuania","countryCode":440,"startYear":2000,"endYear":2022,"values":[0.0,0.0,0.0,6.46566,8.57984,9.79224,10.89537,13.48107,17.27581,17.70388,17.91546,22.13041,26.1975,26.19195,20.10955,31.61845,33.05727,38.12194,32.15795,35.18571,34.02546,34.99049,38.50852]},"AdultARTFemale":{"countryName":"Lithuania","countryCode":440,"startYear":2000,"endYear":2022,"values":[0.0,0.0,0.0,2.73058,9.41926,9.26017,13.66411,14.63029,17.56984,21.71638,20.94616,24.66218,32.61175,39.86045,29.02524,39.90108,44.34111,45.24592,38.04088,39.80926,42.09756,43.38937,49.35608]},"MedianCD4AtInit":{"countryName":"Lithuania","countryCode":440,"startYear":2000,"endYear":2022,"values":[0.0,0.0,0.0,69.45544,68.04283,63.375,61.14325,58.4392,57.60982,56.2031,51.94828,51.48652,53.74963,69.48905,70.10288,55.92601,60.60711,57.88942,78.53361,82.14226,78.47826,56.85966,61.5084]},"PercLostToFollowup":{"countryName":"Lithuania","countryCode":440,"startYear":2000,"endYear":2022,"values":[0.0,0.0,0.0,0.0,0.0,0.0,0.0,0.0,0.0,0.0,0.0,0.0,0.0,0.0,0.0,0.0,0.0,0.0,0.0,0.0,0.0,0.0,0.0]},"ChildART":{"countryName":"Lithuania","countryCode":440,"startYear":2000,"endYear":2022,"values":[0.0,0.0,0.0,0.0,0.0,0.0,0.0,100.59451,93.91523,69.79,37.09075,26.25278,57.92367,72.44399,104.77128,85.83794,69.95893,77.55946,79.09807,60.37138,44.83169,54.34452,81.39755]},"ChildCotrim":{"countryName":"Lithuania","countryCode":440,"startYear":2000,"endYear":2022,"values":[0.0,0.0,0.0,0.0,0.0,0.0,0.0,0.0,0.0,0.0,0.0,0.0,0.0,0.0,0.0,0.0,0.0,0.0,0.0,0.0,0.0,0.0,0.0]},"PMTCTSingleDoseNevirapine":{"countryName":"Lithuania","countryCode":440,"startYear":2000,"endYear":2022,"values":[0.0,0.0,0.0,0.0,0.0,0.0,0.0,0.0,0.0,0.0,0.0,0.0,0.0,0.0,0.0,0.0,0.0,0.0,0.0,0.0,0.0,0.0,0.0]},"PMTCTDualARV":{"countryName":"Lithuania","countryCode":440,"startYear":2000,"endYear":2022,"values":[0.0,0.0,17.63323,16.35799,30.38022,28.09849,25.8681,0.0,0.0,0.0,0.0,0.0,0.0,0.0,0.0,0.0,0.0,0.0,0.0,0.0,0.0,0.0,0.0]},"PMTCTOptA":{"countryName":"Lithuania","countryCode":440,"startYear":2000,"endYear":2022,"values":[0.0,0.0,0.0,0.0,0.0,0.0,0.0,0.0,0.0,0.0,0.0,0.0,0.0,0.0,0.0,0.0,0.0,0.0,0.0,0.0,0.0,0.0,0.0]},"PMTCTOptB":{"countryName":"Lithuania","countryCode":440,"startYear":2000,"endYear":2022,"values":[0.0,0.0,0.0,16.35799,0.0,56.19698,0.0,99.0,91.08,91.08,52.1917,24.09159,81.24593,34.55337,63.20961,58.454,59.4,28.25844,64.35000000000001,27.09399,27.10327,22.14074,16.64652]},"PMTCTOptBPlusStartBefPreg":{"countryName":"Lithuania","countryCode":440,"startYear":2000,"endYear":2022,"values":[0.0,0.0,0.0,0.0,0.0,0.0,0.0,0.0,7.92,7.92,0.0,0.0,0.0,0.0,0.0,0.0,39.6,45.2135,34.65,43.35038,37.94457,38.7463,27.74419]},"PMTCTOptBPlusStartDurPregGT4Wks":{"countryName":"Lithuania","countryCode":440,"startYear":2000,"endYear":2022,"values":[0.0,0.0,0.0,0.0,0.0,0.0,0.0,0.0,0.0,0.0,0.0,0.0,0.0,0.0,0.0,0.0,0.0,0.0,0.0,0.0,0.0,0.0,0.0]},"PMTCTOptBPlusStartDurPregLT4Wks":{"countryName":"Lithuania","countryCode":440,"startYear":2000,"endYear":2022,"values":[0.0,0.0,0.0,0.0,0.0,0.0,0.0,0.0,0.0,0.0,0.0,0.0,0.0,0.0,0.0,0.0,0.0,0.0,0.0,0.0,0.0,0.0,0.0]},"PMTCTPostnatalOptA":{"countryName":"Lithuania","countryCode":440,"startYear":2000,"endYear":2022,"values":[0.0,0.0,0.0,0.0,0.0,0.0,0.0,0.0,0.0,0.0,0.0,0.0,0.0,0.0,0.0,0.0,0.0,0.0,0.0,0.0,0.0,0.0,0.0]},"PMTCTPostnatalOptB":{"countryName":"Lithuania","countryCode":440,"startYear":2000,"endYear":2022,"values":[0.0,0.0,0.0,0.0,0.0,0.0,0.0,0.0,0.0,0.0,0.0,0.0,0.0,0.0,0.0,0.0,0.0,0.0,0.0,0.0,0.0,0.0,0.0]},"PercentHIVPopEligible":{"countryName":"Lithuania","countryCode":440,"TB\/HIV":5,"TB\/HIV Year":2009,"DC":40,"DC Year":2011,"FSW":2,"FSW Year":2015,"MSM":5,"MSM Year":2015,"IDU":0.5,"IDU Year":2015,"Other":10,"Other Year":2015},"AdultHIVPrev":{"countryName":"Lithuania","countryCode":440,"startYear":1970,"endYear":2022,"values":[0.0,0.0,0.0,0.0,1e-5,5e-5,0.00017,0.00041,0.00085,0.00152,0.00245,0.00364,0.0051,0.00678,0.00866,0.01072,0.01291,0.01524,0.0177,0.02027,0.02293,0.02567,0.02848,0.03136,0.03431,0.03733,0.04041,0.04355,0.04667,0.04987,0.05317,0.06948,0.07262,0.07647,0.08098,0.08558,0.09042,0.09574,0.10214,0.10935,0.11675,0.1248,0.13376,0.14391,0.15375,0.16293,0.17309,0.18273,0.19254,0.20195,0.20924,0.21364,0.21773]},"SexRatio":{"countryName":"Lithuania","countryCode":440,"startYear":1970,"endYear":2022,"values":[0.1,0.1,0.1,0.1,0.1,0.1,0.1,0.1,0.1,0.1,0.1,0.1,0.1,0.1,0.1,0.1,0.1,0.1,0.1,0.1,0.1,0.1,0.1,0.1,0.12,0.13,0.15,0.17,0.18,0.2,0.21,0.22,0.22,0.23,0.24,0.24,0.25,0.25,0.26,0.26,0.26,0.26,0.26,0.26,0.26,0.26,0.26,0.26,0.26,0.26,0.26,0.26,0.4]},"PercNotBFNotRecARVs":{"countryName":"Lithuania","countryCode":440,"<2":100,"2-3":100,"4-5":100,"6-7":100,"8-9":100,"10-11":100,"12-13":100,"14-15":100,"16-17":100,"18-19":100,"20-21":100,"22-23":100,"24-25":100,"26-27":100,"28-29":100,"30-31":100,"32-33":100,"34-35":100},"PercNotBFRecARVs":{"countryName":"Lithuania","countryCode":440,"<2":100,"2-3":100,"4-5":100,"6-7":100,"8-9":100,"10-11":100,"12-13":100,"14-15":100,"16-17":100,"18-19":100,"20-21":100,"22-23":100,"24-25":100,"26-27":100,"28-29":100,"30-31":100,"32-33":100,"34-35":100},"LocalAdjustmentFactor":{"countryName":"Lithuania","countryCode":440,"value":1.2},"NewARTPatAllocation":{"countryName":"Lithuania","countryCode":440,"NewARTPatAllocationMethod":3,"ExpectedMortality":0.8,"ProportionEligible":0.2,"NotDefault":1}}