{"countryCode":442,"subnatCode":0,"Incidence":{"countryName":"Luxembourg","countryCode":442,"startYear":1970,"endYear":2023,"values":[0.0,4.93222827358463e-5,0.000128308750011292,0.000208595962369691,0.000238454610008228,0.000208690655473105,0.0001391513570662,4.97046396521541e-5,0.0,6.98738586219628e-5,0.00034927049424181,0.000969009577325983,0.00205640252359551,0.00378134084979795,0.00622479916700814,0.00879983422310447,0.0111802513532081,0.0131991494590739,0.014634440411272,0.0154178203234422,0.0154647366764958,0.01480598173935,0.0134811111066589,0.0117466000028718,0.0104063023195279,0.00948979069989377,0.0089681840953463,0.00879251700702809,0.00894346613970818,0.0094378806279772,0.0102316598205019,0.0114278747506563,0.0124734325347407,0.0133319161056212,0.0141797738419757,0.0148423593949897,0.0154373174416904,0.0158536025585228,0.0161168697976189,0.0163042569264597,0.0162949298339005,0.0161435516667844,0.0161724125743522,0.016140645610278,0.016077549118446,0.0160086773992496,0.0159246815566652,0.0159044438354217,0.015824631995986,0.0157444253246826,0.0157288299536653,0.0156255663026862,0.0155524647411883,0.0154430620124593]},"AdultARTMale":{"countryName":"Luxembourg","countryCode":442,"startYear":2000,"endYear":2023,"values":[45.0162212110286,45.4912525109974,46.0180442503761,44.2706617938038,43.5523807257025,45.5194894927181,48.9421822373969,48.0713925772514,51.2807310464281,52.150429890414,54.4114708676651,57.695330408745,60.3691414470442,61.0445853452799,65.8686492842465,66.8234257662283,69.1096599952638,71.9025697626802,71.8972272643887,73.1444994630333,73.3706648124495,77.1856140917302,79.4745292252199,79.4085806301046]},"AdultARTFemale":{"countryName":"Luxembourg","countryCode":442,"startYear":2000,"endYear":2023,"values":[37.7334630548604,37.975431035383,41.5929718850979,40.1843955299207,42.6972134731057,50.5388529715968,51.8441817931788,48.4577426050344,49.6855402159731,52.1116337502663,54.301471686243,56.5972671874783,61.8912183219417,61.2565792297278,66.3313060175798,70.5474270794552,71.6044226422601,72.6210846882986,73.7456134528855,74.1116922602745,73.6794716319164,75.4062511782227,79.9715469653955,83.8230812674111]},"PercLostToFollowup":{"countryName":"Luxembourg","countryCode":442,"startYear":2000,"endYear":2023,"values":[1.6,1.6,1.6,1.6,1.6,1.6,1.6,1.6,1.6,1.6,1.6,1.6,1.6,1.6,1.6,1.6,1.6,1.6,1.6,1.6,1.6,1.6,1.6,1.6]},"ChildART":{"countryName":"Luxembourg","countryCode":442,"startYear":2000,"endYear":2023,"values":[79.4502045842768,100.0,75.8233467667029,78.5034109732068,78.7014264633547,0.0,0.0,0.0,43.0735567127984,60.4143822478379,56.8579177493362,56.4214683687143,56.3672438672439,0.0,66.9554679182876,23.8354022462483,24.8870748976519,24.9100746305836,24.3136263287397,24.0495613360012,60.4296548459547,63.971340839304,94.5157888625295,100.0]},"ChildCotrim":{"countryName":"Luxembourg","countryCode":442,"startYear":2000,"endYear":2023,"values":[0.0,0.0,0.0,0.0,0.0,0.0,0.0,0.0,0.0,0.0,0.0,0.0,0.0,0.0,0.0,0.0,0.0,0.0,0.0,0.0,0.0,0.0,0.0,0.0]},"PMTCTSingleDoseNevirapine":{"countryName":"Luxembourg","countryCode":442,"startYear":2000,"endYear":2023,"values":[0.0,0.0,0.0,0.0,0.0,0.0,0.0,0.0,0.0,0.0,0.0,0.0,0.0,0.0,0.0,0.0,0.0,0.0,0.0,0.0,0.0,0.0,0.0,0.0]},"PMTCTDualARV":{"countryName":"Luxembourg","countryCode":442,"startYear":2000,"endYear":2023,"values":[0.0,0.0,0.0,0.0,0.0,0.0,0.0,0.0,0.0,0.0,0.0,0.0,0.0,0.0,0.0,0.0,0.0,0.0,0.0,0.0,0.0,0.0,0.0,0.0]},"PMTCTOptA":{"countryName":"Luxembourg","countryCode":442,"startYear":2000,"endYear":2023,"values":[0.0,0.0,0.0,0.0,0.0,0.0,0.0,0.0,0.0,0.0,0.0,0.0,0.0,0.0,0.0,0.0,0.0,0.0,0.0,0.0,0.0,0.0,0.0,0.0]},"PMTCTOptB":{"countryName":"Luxembourg","countryCode":442,"startYear":2000,"endYear":2023,"values":[0.0,0.0,0.0,0.0,0.0,0.0,0.0,0.0,0.0,0.0,0.0,0.0,0.0,0.0,0.0,0.0,0.0,0.0,0.0,0.0,0.0,0.0,0.0,0.0]},"PMTCTOptBPlusStartBefPreg":{"countryName":"Luxembourg","countryCode":442,"startYear":2000,"endYear":2023,"values":[0.0,27.0109664523797,26.7562823751017,26.16513338985,49.4650356395582,37.5,16.6666666666667,50.0,78.2111544748512,73.9479517341719,66.6666666666667,34.891774438635,50.0,14.5125664312728,75.0,27.770410904885,87.5,75.0,61.1163263709614,55.5555555555556,70.0,55.5555555555556,54.4509277349067,78.5714285714286]},"PMTCTOptBPlusStartDurPregGT4Wks":{"countryName":"Luxembourg","countryCode":442,"startYear":2000,"endYear":2023,"values":[0.0,0.0,0.0,26.16513338985,24.7325178197791,50.0,83.3333333333333,50.0,19.5527886187128,18.486987933543,33.3333333333333,17.4458872193175,50.0,72.5628321563642,25.0,55.5408218097699,12.5,25.0,36.6697958225769,33.3333333333333,30.0,33.3333333333333,32.670556640944,21.4285714285714]},"PMTCTOptBPlusStartDurPregLT4Wks":{"countryName":"Luxembourg","countryCode":442,"startYear":2000,"endYear":2023,"values":[0.0,0.0,0.0,0.0,0.0,12.5,0.0,0.0,0.0,0.0,0.0,0.0,0.0,0.0,0.0,0.0,0.0,0.0,0.0,11.1111111111111,0.0,11.1111111111111,10.8901855469813,0.0]},"AdultHIVPrev":{"countryName":"Luxembourg","countryCode":442,"startYear":1970,"endYear":2023,"values":[0.0,4.96410573019475e-5,0.000177251507334979,0.000378654409113909,0.000601167859870216,0.0007822472971144,0.000881423123403634,0.000879786337602481,0.000820176200619245,0.000823457373968428,0.0011005804493703,0.00198030467407204,0.00390522787784501,0.00748100629696467,0.0133375928740176,0.0215256717845295,0.0318234854281297,0.0436765682093975,0.0564657647706478,0.0693454354536568,0.0813396420731395,0.0917502949682777,0.0995617071909208,0.104616485057696,0.107567049900849,0.111738019717232,0.117109788743897,0.122473852343285,0.127859483354112,0.133254738053477,0.13856986666304,0.145074047645116,0.152241423112011,0.159071216255857,0.166240377059379,0.173517593964097,0.181475745951948,0.189391596947766,0.19735209353944,0.200973791838609,0.208127640991098,0.21404078508958,0.220100540572609,0.226012862210061,0.224983836132214,0.229918016306439,0.234142697560596,0.238118555921317,0.24191886432407,0.244913095520906,0.244596156869807,0.247616068816699,0.269292209197297,0.283762740857908]},"SexRatio":{"countryName":"Luxembourg","countryCode":442,"startYear":1970,"endYear":2023,"values":[0.31004,0.31004,0.31004,0.31004,0.31004,0.31004,0.31004,0.31004,0.31004,0.31004,0.31004,0.31354,0.31702,0.32047,0.32391,0.32732,0.3307,0.33406,0.33738,0.34068,0.34395,0.34718,0.35037,0.35354,0.35666,0.35975,0.3628,0.36581,0.36878,0.37171,0.3746,0.37745,0.38025,0.38302,0.38573,0.38841,0.39104,0.39362,0.39617,0.39866,0.40111,0.40352,0.40588,0.4082,0.41047,0.4127,0.41488,0.41702,0.41911,0.42116,0.42317,0.42317,0.42317,0.42317]},"PercNotBFNotRecARVs":{"countryName":"Luxembourg","countryCode":442,"<2":100.0,"2-3":100.0,"4-5":100.0,"6-7":100.0,"8-9":100.0,"10-11":100.0,"12-13":100.0,"14-15":100.0,"16-17":100.0,"18-19":100.0,"20-21":100.0,"22-23":100.0,"24-25":100.0,"26-27":100.0,"28-29":100.0,"30-31":100.0,"32-33":100.0,"34-35":100.0},"PercNotBFRecARVs":{"countryName":"Luxembourg","countryCode":442,"<2":100.0,"2-3":100.0,"4-5":100.0,"6-7":100.0,"8-9":100.0,"10-11":100.0,"12-13":100.0,"14-15":100.0,"16-17":100.0,"18-19":100.0,"20-21":100.0,"22-23":100.0,"24-25":100.0,"26-27":100.0,"28-29":100.0,"30-31":100.0,"32-33":100.0,"34-35":100.0},"LocalAdjustmentFactor":{"countryName":"Luxembourg","countryCode":442,"value":1.2},"NewARTPatAllocation":{"countryName":"Luxembourg","countryCode":442,"NewARTPatAllocationMethod":3.0,"ExpectedMortality":0.4,"ProportionEligible":0.6}}