{"countryCode":442,"subnatCode":0,"Incidence":{"countryName":"Luxembourg","countryCode":442,"startYear":1970,"endYear":2022,"values":[0.0,0.0,0.0,2e-5,5e-5,0.00012,0.00023,0.00042,0.0007,0.0011,0.00166,0.00241,0.00337,0.00461,0.00615,0.00798,0.0097,0.01121,0.01235,0.01312,0.01344,0.01332,0.01277,0.01192,0.01122,0.01071,0.0104,0.01027,0.01029,0.01047,0.01074,0.01126,0.0117,0.01207,0.01255,0.01298,0.01348,0.01396,0.01444,0.01494,0.01531,0.01548,0.01573,0.01581,0.01576,0.01562,0.01535,0.01506,0.01462,0.01409,0.01353,0.01282,0.01205]},"AdultARTMale":{"countryName":"Luxembourg","countryCode":442,"startYear":2000,"endYear":2022,"values":[83.03135,80.23602,78.5296,73.93926,71.83565,74.51112,79.49183,77.57508,82.25122,71.97302,74.78328,78.85116,81.94221,71.59902,76.77131,77.55137,72.09563,75.00382,75.07152,76.54391,76.46262,80.88339,88.33081]},"AdultARTFemale":{"countryName":"Luxembourg","countryCode":442,"startYear":2000,"endYear":2022,"values":[75.48816,72.73002,77.08502,72.83578,76.13679,89.03239,90.38164,83.75555,85.23189,76.43034,79.27464,82.36436,89.43516,76.04582,81.57474,86.23817,77.76498,78.60607,79.6367,79.94254,78.73828,80.68498,91.03139]},"MedianCD4AtInit":{"countryName":"Luxembourg","countryCode":442,"startYear":2000,"endYear":2022,"values":[168.4863,158.43878,145.97782,135.87543,124.52586,134.78392,136.3089,127.88389,132.04443,170.31669,173.62871,177.60719,195.30283,230.14765,242.69821,258.70442,294.57027,300.16527,299.56281,283.43141,266.26262,264.33079,314.08842]},"PercLostToFollowup":{"countryName":"Luxembourg","countryCode":442,"startYear":2000,"endYear":2022,"values":[0.0,0.0,0.0,0.0,0.0,0.0,0.0,0.0,0.0,0.0,0.0,0.0,0.0,0.0,0.0,0.0,0.0,0.0,0.0,0.0,0.0,0.0,0.0]},"ChildART":{"countryName":"Luxembourg","countryCode":442,"startYear":2000,"endYear":2022,"values":[99.0,99.0,99.0,99.0,99.0,0.0,0.0,0.0,99.0,99.0,96.58572,93.33062,88.60205,0.0,92.06662,34.69704,29.56179,30.57704,24.84704,25.84948,79.73577,82.69191,95.51874]},"ChildCotrim":{"countryName":"Luxembourg","countryCode":442,"startYear":2000,"endYear":2022,"values":[0.0,0.0,0.0,0.0,0.0,0.0,0.0,0.0,0.0,0.0,0.0,0.0,0.0,0.0,0.0,0.0,0.0,0.0,0.0,0.0,0.0,0.0,0.0]},"PMTCTSingleDoseNevirapine":{"countryName":"Luxembourg","countryCode":442,"startYear":2000,"endYear":2022,"values":[0.0,0.0,0.0,0.0,0.0,0.0,0.0,0.0,0.0,0.0,0.0,0.0,0.0,0.0,0.0,0.0,0.0,0.0,0.0,0.0,0.0,0.0,0.0]},"PMTCTDualARV":{"countryName":"Luxembourg","countryCode":442,"startYear":2000,"endYear":2022,"values":[0.0,0.0,0.0,0.0,0.0,0.0,0.0,0.0,0.0,0.0,0.0,0.0,0.0,0.0,0.0,0.0,0.0,0.0,0.0,0.0,0.0,0.0,0.0]},"PMTCTOptA":{"countryName":"Luxembourg","countryCode":442,"startYear":2000,"endYear":2022,"values":[0.0,0.0,0.0,0.0,0.0,0.0,0.0,0.0,0.0,0.0,0.0,0.0,0.0,0.0,0.0,0.0,0.0,0.0,0.0,0.0,0.0,0.0,0.0]},"PMTCTOptB":{"countryName":"Luxembourg","countryCode":442,"startYear":2000,"endYear":2022,"values":[0.0,0.0,0.0,0.0,0.0,0.0,0.0,0.0,0.0,0.0,0.0,0.0,0.0,0.0,0.0,0.0,0.0,0.0,0.0,0.0,0.0,0.0,0.0]},"PMTCTOptBPlusStartBefPreg":{"countryName":"Luxembourg","countryCode":442,"startYear":2000,"endYear":2022,"values":[33.4,33.7,33.5,66.2,37.49013417521705,16.675603217158177,50.0,80.01453488372093,80.01525553012968,66.6814946619217,47.7,50.0,16.64025356576862,75.0,33.30380868024801,87.4830852503383,74.98228206945429,62.49094858797972,55.53306342780028,69.98135487880673,55.55555555555556,55.5223880597015,78.57142857142857]},"PMTCTOptBPlusStartDurPregGT4Wks":{"countryName":"Luxembourg","countryCode":442,"startYear":2000,"endYear":2022,"values":[0.0,0.0,33.5,33.1,50.000000000000014,83.32439678284183,50.0,19.985465116279073,19.98474446987033,33.31850533807829,23.9,50.0,83.35974643423137,25.0,66.69619131975199,12.516914749661703,25.017717930545714,37.50905141202027,33.333333333333336,30.018645121193288,33.333333333333336,33.35820895522389,21.428571428571427]},"PMTCTOptBPlusStartDurPregLT4Wks":{"countryName":"Luxembourg","countryCode":442,"startYear":2000,"endYear":2022,"values":[0.0,0.0,0.0,0.0,12.509865824782954,0.0,0.0,0.0,0.0,0.0,0.0,0.0,0.0,0.0,0.0,0.0,0.0,0.0,11.133603238866398,0.0,11.111111111111112,11.119402985074627,0.0]},"PMTCTPostnatalOptA":{"countryName":"Luxembourg","countryCode":442,"startYear":2000,"endYear":2022,"values":[0.0,0.0,0.0,0.0,0.0,0.0,0.0,0.0,0.0,0.0,0.0,0.0,0.0,0.0,0.0,0.0,0.0,0.0,0.0,0.0,0.0,0.0,0.0]},"PMTCTPostnatalOptB":{"countryName":"Luxembourg","countryCode":442,"startYear":2000,"endYear":2022,"values":[0.0,0.0,0.0,0.0,0.0,0.0,0.0,0.0,0.0,0.0,0.0,0.0,0.0,0.0,0.0,0.0,0.0,0.0,0.0,0.0,0.0,0.0,0.0]},"PercentHIVPopEligible":{"countryName":"Luxembourg","countryCode":442,"TB\/HIV":5,"TB\/HIV Year":2009,"DC":40,"DC Year":2011,"FSW":2,"FSW Year":2015,"MSM":5,"MSM Year":2015,"IDU":0.5,"IDU Year":2015,"Other":10,"Other Year":2015},"AdultHIVPrev":{"countryName":"Luxembourg","countryCode":442,"startYear":1970,"endYear":2022,"values":[0.0,0.0,0.0,2e-5,7e-5,0.00019,0.00041,0.00081,0.00147,0.00251,0.00405,0.00626,0.00932,0.01348,0.01894,0.02596,0.03442,0.04397,0.05423,0.06467,0.07463,0.08371,0.09113,0.09681,0.10114,0.10703,0.11427,0.12148,0.12857,0.13534,0.14148,0.1481,0.15473,0.16043,0.16596,0.17131,0.17734,0.18344,0.18987,0.19253,0.1989,0.20446,0.21049,0.21651,0.21593,0.22103,0.21925,0.22312,0.22644,0.22853,0.23035,0.23124,0.22963]},"SexRatio":{"countryName":"Luxembourg","countryCode":442,"startYear":1970,"endYear":2022,"values":[0.3,0.3,0.3,0.3,0.3,0.3,0.3,0.3,0.3,0.3,0.3,0.31,0.31,0.31,0.31,0.32,0.32,0.32,0.32,0.33,0.33,0.33,0.33,0.34,0.34,0.34,0.34,0.35,0.35,0.35,0.35,0.36,0.36,0.36,0.36,0.37,0.37,0.37,0.37,0.38,0.38,0.38,0.39,0.4,0.42,0.43,0.43,0.44,0.45,0.45,0.46,0.46,0.49]},"PercNotBFNotRecARVs":{"countryName":"Luxembourg","countryCode":442,"<2":100,"2-3":100,"4-5":100,"6-7":100,"8-9":100,"10-11":100,"12-13":100,"14-15":100,"16-17":100,"18-19":100,"20-21":100,"22-23":100,"24-25":100,"26-27":100,"28-29":100,"30-31":100,"32-33":100,"34-35":100},"PercNotBFRecARVs":{"countryName":"Luxembourg","countryCode":442,"<2":100,"2-3":100,"4-5":100,"6-7":100,"8-9":100,"10-11":100,"12-13":100,"14-15":100,"16-17":100,"18-19":100,"20-21":100,"22-23":100,"24-25":100,"26-27":100,"28-29":100,"30-31":100,"32-33":100,"34-35":100},"LocalAdjustmentFactor":{"countryName":"Luxembourg","countryCode":442,"value":1},"NewARTPatAllocation":{"countryName":"Luxembourg","countryCode":442,"NewARTPatAllocationMethod":3,"ExpectedMortality":0.35,"ProportionEligible":0.65,"NotDefault":1}}