{"countryCode":504,"subnatCode":0,"Incidence":{"countryName":"Morocco","countryCode":504,"startYear":1970,"endYear":2022,"values":[0.0,0.00018,7e-5,9e-5,0.00012,0.00015,0.0002,0.00028,0.00038,0.00053,0.00073,0.00102,0.00141,0.00184,0.00228,0.0027,0.0031,0.00353,0.00395,0.00446,0.00497,0.00554,0.00608,0.00665,0.007,0.00729,0.00751,0.00775,0.00804,0.00837,0.00866,0.00889,0.00899,0.00879,0.00849,0.0084,0.00814,0.00798,0.00786,0.00737,0.00712,0.0068,0.0061,0.00541,0.00501,0.00476,0.00448,0.00432,0.00429,0.00383,0.0036,0.00365,0.00333]},"AdultARTMale":{"countryName":"Morocco","countryCode":504,"startYear":2000,"endYear":2022,"values":[0.0,0.0,0.0,14.16124,19.95274,22.37905,24.349,26.81983,32.62501,35.58941,29.19075,34.21164,39.63451,45.22818,39.50291,34.94889,40.79454,46.36568,53.73161,58.11238,62.33941,67.4609,68.91873]},"AdultARTFemale":{"countryName":"Morocco","countryCode":504,"startYear":2000,"endYear":2022,"values":[0.0,0.0,0.0,11.87465,17.09215,18.93675,20.96734,22.63833,27.89408,30.51401,25.17311,31.0404,39.89514,45.03697,40.62249,46.39016,54.22891,54.68184,62.22501,66.69529,71.56225,76.33697,79.62096]},"MedianCD4AtInit":{"countryName":"Morocco","countryCode":504,"startYear":2000,"endYear":2022,"values":[0.0,0.0,0.0,138.38307,139.01503,138.11186,136.32838,134.79094,133.56839,133.0749,172.42461,173.38562,174.00617,176.8154,220.70487,269.15487,266.98518,263.60555,252.51185,251.37649,247.15604,248.90566,249.60939]},"PercLostToFollowup":{"countryName":"Morocco","countryCode":504,"startYear":2000,"endYear":2022,"values":[0.12,0.14,0.16,0.18,0.21,0.23,0.25,0.28,0.3,0.32,0.35,0.37,0.39,0.42,0.44,0.46,0.48,0.51,0.53,0.55,0.58,0.6,0.0]},"ChildART":{"countryName":"Morocco","countryCode":504,"startYear":2000,"endYear":2022,"values":[0.0,0.0,0.0,15.55828,23.59474,28.42812,32.0934,25.45825,31.99086,35.98147,30.91679,37.57136,43.55973,57.53187,75.12354,46.43442,51.98922,56.73891,62.47298,72.51912,82.088,86.70746,85.69276]},"ChildCotrim":{"countryName":"Morocco","countryCode":504,"startYear":2000,"endYear":2022,"values":[0.0,0.0,0.0,2.77504,4.14724,5.06448,5.91494,6.91249,9.00374,10.46526,11.83769,14.92303,17.73539,24.34896,34.06843,30.38315,36.2483,41.55222,49.17805,60.77747,73.98296,84.77096,73.07412]},"PMTCTSingleDoseNevirapine":{"countryName":"Morocco","countryCode":504,"startYear":2000,"endYear":2022,"values":[0.0,0.0,0.0,0.0,0.0,0.0,0.0,0.0,0.0,0.0,0.0,0.0,0.0,0.0,0.0,0.0,0.0,0.0,0.0,0.0,0.0,0.0,0.0]},"PMTCTDualARV":{"countryName":"Morocco","countryCode":504,"startYear":2000,"endYear":2022,"values":[0.0,0.0,0.0,0.0,0.0,0.0,0.0,0.0,0.0,0.0,0.0,0.0,0.0,0.0,0.0,0.0,0.0,0.0,0.0,0.0,0.0,0.0,0.0]},"PMTCTOptA":{"countryName":"Morocco","countryCode":504,"startYear":2000,"endYear":2022,"values":[0.0,0.0,0.0,0.0,0.0,0.0,0.0,0.0,0.0,0.0,0.0,0.0,0.0,0.0,0.0,0.0,0.0,0.0,0.0,0.0,0.0,0.0,0.0]},"PMTCTOptB":{"countryName":"Morocco","countryCode":504,"startYear":2000,"endYear":2022,"values":[0.0,0.0,0.0,0.0,0.0,0.0,0.0,0.0,0.0,0.0,0.0,0.0,0.0,0.0,0.0,0.0,0.0,0.0,0.0,0.0,0.0,0.0,0.0]},"PMTCTOptBPlusStartBefPreg":{"countryName":"Morocco","countryCode":504,"startYear":2000,"endYear":2022,"values":[0.0,0.0,0.0,0.0,0.0,2.1,4.1,6.2,8.5,12.5,17.1,17.0,26.9,25.4,29.6,25.1,32.9,32.7,35.6,43.3,38.8,44.3,48.4]},"PMTCTOptBPlusStartDurPregGT4Wks":{"countryName":"Morocco","countryCode":504,"startYear":2000,"endYear":2022,"values":[0.0,0.0,0.0,0.0,0.0,0.6,0.9,1.3,1.8,2.6,3.6,3.6,5.7,5.4,6.3,5.3,7.1,7.0,7.6,10.0,11.2,7.0,12.2]},"PMTCTOptBPlusStartDurPregLT4Wks":{"countryName":"Morocco","countryCode":504,"startYear":2000,"endYear":2022,"values":[0.0,0.0,0.0,0.0,0.0,0.0,0.2,0.2,0.4,0.5,0.7,0.7,1.0,0.9,1.1,0.9,1.1,1.2,1.2,1.7,2.1,1.2,2.3]},"PMTCTPostnatalOptA":{"countryName":"Morocco","countryCode":504,"startYear":2000,"endYear":2022,"values":[0.0,0.0,0.0,0.0,0.0,0.0,0.0,0.0,0.0,0.0,0.0,0.0,0.0,0.0,0.0,0.0,0.0,0.0,0.0,0.0,0.0,0.0,0.0]},"PMTCTPostnatalOptB":{"countryName":"Morocco","countryCode":504,"startYear":2000,"endYear":2022,"values":[0.0,0.0,0.0,0.0,0.0,0.0,0.0,0.0,0.0,0.0,0.0,0.0,0.0,0.0,0.0,0.0,0.0,0.0,0.0,0.0,0.0,0.0,0.0]},"PercentHIVPopEligible":{"countryName":"Morocco","countryCode":504,"TB\/HIV":2,"TB\/HIV Year":2012,"DC":26,"DC Year":2015,"FSW":5.59,"FSW Year":2015,"MSM":5.32,"MSM Year":2015,"IDU":0.87,"IDU Year":2015,"Other":10,"Other Year":2015},"AdultHIVPrev":{"countryName":"Morocco","countryCode":504,"startYear":1970,"endYear":2022,"values":[0.0,0.00017,0.00023,0.0003,0.0004,0.00052,0.00068,0.0009,0.0012,0.00162,0.00221,0.00303,0.00418,0.00565,0.00746,0.00954,0.01183,0.01434,0.01705,0.02002,0.02321,0.02667,0.03035,0.03423,0.03807,0.04186,0.04548,0.04894,0.05235,0.05574,0.05907,0.06224,0.06516,0.06802,0.07077,0.07334,0.07535,0.07701,0.07859,0.07973,0.08052,0.08099,0.08098,0.08058,0.07994,0.07915,0.07819,0.07719,0.07628,0.07512,0.07369,0.07238,0.07076]},"SexRatio":{"countryName":"Morocco","countryCode":504,"startYear":1970,"endYear":2022,"values":[0.24,1.43,1.38,1.36,1.28,1.26,1.27,1.26,1.26,1.24,1.23,1.21,1.18,1.17,1.15,1.12,1.08,1.03,0.96,0.9,0.84,0.79,0.76,0.78,0.81,0.84,0.87,0.91,0.96,1.0,1.03,1.05,1.04,1.03,1.01,0.99,0.96,0.93,0.89,0.85,0.82,0.78,0.75,0.71,0.68,0.65,0.61,0.57,0.53,0.48,0.44,0.4,0.37]},"PercNotBFNotRecARVs":{"countryName":"Morocco","countryCode":504,"<2":6.1,"2-3":11.3,"4-5":16.8,"6-7":19.4,"8-9":26.6,"10-11":30,"12-13":37.9,"14-15":48.8,"16-17":58.8,"18-19":78.3,"20-21":82,"22-23":88.8,"24-25":93.9,"26-27":97.5,"28-29":95.1,"30-31":98.3,"32-33":98.5,"34-35":97.4},"PercNotBFRecARVs":{"countryName":"Morocco","countryCode":504,"<2":100,"2-3":100,"4-5":100,"6-7":100,"8-9":100,"10-11":100,"12-13":100,"14-15":100,"16-17":100,"18-19":100,"20-21":100,"22-23":100,"24-25":100,"26-27":100,"28-29":100,"30-31":100,"32-33":100,"34-35":100},"LocalAdjustmentFactor":{"countryName":"Morocco","countryCode":504,"value":1.8},"NewARTPatAllocation":{"countryName":"Morocco","countryCode":504,"NewARTPatAllocationMethod":3,"ExpectedMortality":0.2,"ProportionEligible":0.8,"NotDefault":0}}