{"countryCode":498,"subnatCode":0,"Incidence":{"countryName":"Moldova","countryCode":498,"startYear":1970,"endYear":2023,"values":[0.0,4.95024660960761e-5,5.94398444485212e-5,7.93051762430758e-5,9.92265785198141e-5,0.000119189747812005,0.00013921410243082,0.000179197505606239,0.000229200412353229,0.000299185290187052,0.000399052513880311,0.000459455630480688,0.000619194551489758,0.000739129433625767,0.000939102257721336,0.00116919022543026,0.00148835104694389,0.0019175586380449,0.00249561202791861,0.00339133467040563,0.00461472551832927,0.00671204167901363,0.0103097684294363,0.0154892039870208,0.0232438162370256,0.0334654095063371,0.0455892853811265,0.0588504167088199,0.0692476782612002,0.0792814890980514,0.084696668516696,0.0857675812118737,0.0861034417520099,0.0855038111132895,0.0843557952579168,0.0813199305682883,0.0812665480472953,0.0797141717279438,0.0785128875000293,0.0764030441979145,0.0745500248977527,0.0726257658546277,0.0713293912680888,0.0704524904582581,0.0672686370874478,0.0668215757901977,0.0669665051375146,0.0650581136452347,0.0638402057685935,0.061486098430657,0.0616504265953954,0.0632428893069546,0.0536416980420815,0.0614934133954618]},"AdultARTMale":{"countryName":"Moldova","countryCode":498,"startYear":2000,"endYear":2023,"values":[0.0,0.0,0.0586917004642726,0.171516380771104,0.528737344554438,0.926724482416079,1.54786386310061,2.67342414573323,3.83122865350669,5.44962307220044,6.78574641144965,7.50126503262407,9.13756512926456,11.1188268166602,13.2094342619612,16.8081942817432,19.7489771288004,22.9454020360013,27.3242060686667,31.2222985422842,31.4804424619453,33.4073226461138,30.9549085882117,35.0002024270134]},"AdultARTFemale":{"countryName":"Moldova","countryCode":498,"startYear":2000,"endYear":2023,"values":[0.0,0.0,0.0547827694187702,0.172901412990114,0.545512366045944,0.961558545373464,1.59358297641501,2.82263168159579,4.05624625590208,5.90997000554274,7.49489282076546,13.7627841459014,17.7357560652296,21.2052590952873,28.201151739432,34.0843558991566,39.1361904964467,44.1203194007403,48.8801093633929,52.8046343372848,52.8406327424686,55.5403756343841,50.266030360515,54.5526839571737]},"PercLostToFollowup":{"countryName":"Moldova","countryCode":498,"startYear":2000,"endYear":2023,"values":[5.0,5.0,5.0,5.0,5.0,5.0,5.0,5.0,5.0,5.0,5.0,5.0,5.0,5.0,5.0,5.0,5.0,5.0,5.0,5.0,5.0,5.0,5.0,5.0]},"ChildART":{"countryName":"Moldova","countryCode":498,"startYear":2000,"endYear":2023,"values":[0.0,0.0,0.0,2.57528657145146,2.85019700846742,3.59908237795692,6.72745725181449,8.57576184585781,12.7314193385782,14.0597056981051,16.6358072442286,21.0225514569396,25.7484691717666,33.8430286043754,38.958708459979,40.9031855555262,46.2757486135957,49.4489391205582,46.999746910093,49.1452441546984,48.7854781302093,48.2945694452499,43.4069006271692,43.8183725164578]},"ChildCotrim":{"countryName":"Moldova","countryCode":498,"startYear":2000,"endYear":2023,"values":[0.0,0.0,0.0,0.0,0.0,0.0,0.440793566829473,0.421399811794416,0.201021555360462,0.583705589951921,0.190193577311245,0.779238408224768,0.988516756703409,1.42096661822591,2.55080827461798,2.53951256908304,2.51733348700686,2.01960083195437,9.1455855092609,8.78842805613285,10.8881348553053,11.1306613226772,14.2424302205123,11.3318822721225]},"PMTCTSingleDoseNevirapine":{"countryName":"Moldova","countryCode":498,"startYear":2000,"endYear":2023,"values":[0.0,0.0,0.0,0.0,0.0,0.0,0.0,0.0,0.0,0.0,0.0,0.0,0.0,0.0,0.0,0.0,0.0,0.0,0.0,0.0,0.0,0.0,0.0,0.0]},"PMTCTDualARV":{"countryName":"Moldova","countryCode":498,"startYear":2000,"endYear":2023,"values":[0.0,0.0,0.0,0.0,1.91264939764215,8.6482786056608,0.0,0.0,0.0,0.0,0.0,0.0,0.0,0.0,0.0,0.0,0.0,0.0,0.0,0.0,0.0,0.0,0.0,0.0]},"PMTCTOptA":{"countryName":"Moldova","countryCode":498,"startYear":2000,"endYear":2023,"values":[0.0,0.0,0.0,0.0,0.0,0.0,0.0,0.0,0.0,0.0,0.0,0.0,0.0,0.0,0.0,0.0,0.0,0.0,0.0,0.0,0.0,0.0,0.0,0.0]},"PMTCTOptB":{"countryName":"Moldova","countryCode":498,"startYear":2000,"endYear":2023,"values":[0.0,0.0,0.0,0.0,0.0,5.46207069831208,13.0025220125113,22.6545310874537,24.8309054139599,41.43800840644,34.2566174382939,37.5812363482803,33.539793249149,33.7807847040607,30.2074170186598,8.41168759372631,0.0,0.0,0.0,0.0,0.0,0.0,0.0,0.0]},"PMTCTOptBPlusStartBefPreg":{"countryName":"Moldova","countryCode":498,"startYear":2000,"endYear":2023,"values":[0.0,0.0,0.0,0.0,0.0,0.0,0.0,0.0,0.0,2.95985774331714,2.97883629898208,3.83482003553881,7.71029729865494,7.46319662066457,10.6831108968431,15.3604729972394,18.9451618082589,26.9076009129211,43.404395191622,40.7275784297228,50.2034567693885,43.4156747785237,47.0233953641729,39.1524905894666]},"PMTCTOptBPlusStartDurPregGT4Wks":{"countryName":"Moldova","countryCode":498,"startYear":2000,"endYear":2023,"values":[0.0,0.0,0.0,0.0,0.0,0.0,1.73366960166817,2.88330395658502,3.49184607383811,3.32983996123178,3.35119083635484,5.75223005330822,6.16823783892395,14.1407935970487,12.8934097030865,28.8923182567121,38.9833137208403,38.8238241743576,31.6734775722647,25.8075744505174,25.3091806853942,17.1157948646103,19.3625745617182,22.5624522040994]},"PMTCTOptBPlusStartDurPregLT4Wks":{"countryName":"Moldova","countryCode":498,"startYear":2000,"endYear":2023,"values":[0.0,0.0,0.0,0.0,0.0,0.0,0.0,0.0,0.0,0.0,0.0,0.0,0.0,0.0,0.0,2.92580438042654,5.82928055638734,9.60985746890039,7.03855057161438,7.25838031420803,7.05337822379838,4.59204252465155,2.37092749735325,0.331800767707344]},"AdultHIVPrev":{"countryName":"Moldova","countryCode":498,"startYear":1970,"endYear":2023,"values":[0.0,4.908102162037e-5,0.000105954615550285,0.000179885279602436,0.000270042462329105,0.000375513889236967,0.000495396713121778,0.000648467397723218,0.000842742097459156,0.00109568507241794,0.00143381324921862,0.00181591706755929,0.00233420091884885,0.00294143822667007,0.00371199571662387,0.00466695719694343,0.00587886429108271,0.00744082353811904,0.00947388807032967,0.0122566031465091,0.0160673470226343,0.0216975292573389,0.0305130829775142,0.0439059622575455,0.064154058261599,0.0933251004482295,0.132771780124287,0.182855690192723,0.239709590367295,0.302265444975385,0.366906368599071,0.427036099699368,0.481756675037859,0.530803650476247,0.574921397417682,0.612406516476961,0.646464601818171,0.676683582244789,0.704557759338935,0.729145274448132,0.750962912950595,0.769610328819737,0.784780339102485,0.798441092509823,0.813226837334348,0.829482839593976,0.847059119020891,0.863572460963772,0.878976303570157,0.891453186886237,0.90217367749712,0.912289947661694,0.877774055670678,0.893678496506462]},"SexRatio":{"countryName":"Moldova","countryCode":498,"startYear":1970,"endYear":2023,"values":[0.24,0.24,0.24,0.24,0.24,0.24,0.24,0.24,0.24,0.24,0.24,0.24,0.24,0.24,0.24,0.24,0.24,0.256,0.272,0.286,0.3,0.313,0.327,0.338,0.349,0.36,0.369,0.377,0.385,0.393,0.399,0.404,0.409,0.412,0.415,0.417,0.418,0.42,0.42,0.42,0.42,0.42,0.42,0.42,0.42,0.42,0.42,0.42,0.42,0.42,0.42,0.42,0.42,0.42]},"PercNotBFNotRecARVs":{"countryName":"Moldova","countryCode":498,"<2":11.8,"2-3":11.8,"4-5":15.7,"6-7":19.6,"8-9":23.7,"10-11":27.8,"12-13":43.5,"14-15":59.2,"16-17":70.25,"18-19":81.3,"20-21":89.45,"22-23":97.6,"24-25":97.45,"26-27":97.3,"28-29":97.15,"30-31":97.0,"32-33":98.5,"34-35":100.0},"PercNotBFRecARVs":{"countryName":"Moldova","countryCode":498,"<2":100.0,"2-3":100.0,"4-5":100.0,"6-7":100.0,"8-9":100.0,"10-11":100.0,"12-13":100.0,"14-15":100.0,"16-17":100.0,"18-19":100.0,"20-21":100.0,"22-23":100.0,"24-25":100.0,"26-27":100.0,"28-29":100.0,"30-31":100.0,"32-33":100.0,"34-35":100.0},"LocalAdjustmentFactor":{"countryName":"Moldova","countryCode":498,"value":1.85922},"NewARTPatAllocation":{"countryName":"Moldova","countryCode":498,"NewARTPatAllocationMethod":3.0,"ExpectedMortality":0.2,"ProportionEligible":0.8}}