{"countryName":"Republic of Moldova","subnatCode":0,"Incidence":{"countryName":"Republic of Moldova","countryCode":498,"startYear":1970,"endYear":2020,"values":[0.0,0.0,0.0,0.0,0.0,0.0,0.0,0.0,0.0,0.0,0.0,0.0,0.0,2e-5,2e-5,3e-5,4e-5,0.00321,0.00101,0.00149,0.00189,0.00254,0.00341,0.00461,0.0078,0.01677,0.03346,0.05306,0.06651,0.06921,0.06614,0.05784,0.05427,0.05482,0.05671,0.06089,0.06552,0.06927,0.07009,0.07036,0.0678,0.06593,0.06333,0.06052,0.05798,0.05498,0.0523,0.05042,0.04899,0.04743,0.04631]},"AdultARTMale":{"countryName":"Republic of Moldova","countryCode":498,"startYear":2000,"endYear":2020,"values":[0.0,0.0,0.32865,1.02918,2.87501,4.75242,7.41835,12.05146,16.09312,14.56262,16.34732,17.16662,19.95166,18.61571,19.88239,23.44143,27.31685,31.596,32.86528,37.87199,38.57952]},"AdultARTFemale":{"countryName":"Republic of Moldova","countryCode":498,"startYear":2000,"endYear":2020,"values":[0.0,0.0,0.34279,0.90048,2.67851,4.48618,7.10369,11.68416,15.69799,14.78561,16.78129,29.25503,35.51647,33.04309,39.69305,44.18131,49.93102,55.57467,55.10974,59.78501,60.31451]},"MedianCD4AtInit":{"countryName":"Republic of Moldova","countryCode":498,"startYear":2000,"endYear":2020,"values":[0.0,0.0,0.0,0.0,0.0,0.0,0.0,0.0,0.0,0.0,0.0,0.0,0.0,0.0,0.0,0.0,0.0,0.0,0.0,0.0,0.0]},"PercLostToFollowup":{"countryName":"Republic of Moldova","countryCode":498,"startYear":2000,"endYear":2020,"values":[0.0,0.0,0.0,0.0,0.0,0.0,0.0,0.0,0.0,0.0,0.0,0.0,0.0,0.0,0.0,0.0,0.0,0.0,0.0,0.0,0.0]},"ChildART":{"countryName":"Republic of Moldova","countryCode":498,"startYear":2000,"endYear":2020,"values":[0.0,0.0,0.0,11.42815,13.68989,19.26132,35.70389,43.96931,64.5426,61.79966,60.06092,68.69664,79.37151,92.25811,94.29067,92.67924,99.98725,93.24443,82.05209,84.71295,86.21397]},"ChildCotrim":{"countryName":"Republic of Moldova","countryCode":498,"startYear":2000,"endYear":2020,"values":[0.0,0.0,0.0,0.0,0.0,0.0,1.11969,1.04243,0.51124,1.46406,0.41128,1.51862,2.00887,2.4577,3.84645,3.78788,3.62639,2.72229,14.2836,13.99294,18.91497]},"PMTCTSingleDoseNevirapine":{"countryName":"Republic of Moldova","countryCode":498,"startYear":2000,"endYear":2020,"values":[0.0,0.0,0.0,0.0,0.0,0.0,0.0,0.0,0.0,0.0,0.0,0.0,0.0,0.0,0.0,0.0,0.0,0.0,0.0,0.0,0.0]},"PMTCTDualARV":{"countryName":"Republic of Moldova","countryCode":498,"startYear":2000,"endYear":2020,"values":[0.0,0.0,0.0,3.023,13.90642,0.0,0.0,0.0,0.0,0.0,0.0,0.0,0.0,0.0,0.0,0.0,0.0,0.0,0.0,0.0,0.0]},"PMTCTOptA":{"countryName":"Republic of Moldova","countryCode":498,"startYear":2000,"endYear":2020,"values":[0.0,0.0,0.0,0.0,0.0,0.0,0.0,0.0,0.0,0.0,0.0,0.0,0.0,0.0,0.0,0.0,0.0,0.0,0.0,0.0,0.0]},"PMTCTOptB":{"countryName":"Republic of Moldova","countryCode":498,"startYear":2000,"endYear":2020,"values":[0.0,0.0,0.0,0.0,8.783,21.19217,68.73542,74.63644,86.82171,84.40367,79.6748,58.23943,57.94259,56.16438,11.66523,0.0,0.0,0.0,0.0,0.0,0.0]},"PMTCTOptBPlusStartBefPreg":{"countryName":"Republic of Moldova","countryCode":498,"startYear":2000,"endYear":2020,"values":[0.0,0.0,0.0,0.0,0.0,0.0,0.0,0.0,6.20155,7.33945,8.13008,13.38837,12.80127,19.86301,21.30173,26.29408,35.57853,52.32654,52.16252,60.80402,58.21518]},"PMTCTOptBPlusStartDurPregGT4Wks":{"countryName":"Republic of Moldova","countryCode":498,"startYear":2000,"endYear":2020,"values":[0.0,0.0,0.0,0.0,0.0,2.82562,8.74814,10.49575,6.97674,8.25688,12.19512,10.7107,24.25504,23.9726,40.06753,54.10513,51.33474,38.18423,33.05348,30.65327,22.95022]},"PMTCTOptBPlusStartDurPregLT4Wks":{"countryName":"Republic of Moldova","countryCode":498,"startYear":2000,"endYear":2020,"values":[0.0,0.0,0.0,0.0,0.0,0.0,0.0,0.0,0.0,0.0,0.0,0.0,0.0,0.0,4.05747,8.09049,12.70662,8.48538,9.29629,8.54271,6.15737]},"PMTCTPostnatalOptA":{"countryName":"Republic of Moldova","countryCode":498,"startYear":2000,"endYear":2020,"values":[0.0,0.0,0.0,0.0,0.0,0.0,0.0,0.0,0.0,0.0,0.0,0.0,0.0,0.0,0.0,0.0,0.0,0.0,0.0,0.0,0.0]},"PMTCTPostnatalOptB":{"countryName":"Republic of Moldova","countryCode":498,"startYear":2000,"endYear":2020,"values":[0.0,0.0,0.0,0.0,0.0,0.0,0.0,0.0,0.0,0.0,0.0,0.0,0.0,0.0,0.0,0.0,0.0,0.0,0.0,0.0,0.0]},"PercentHIVPopEligible":{"countryName":"Republic of Moldova","countryCode":498,"TB\/HIV":7.50647,"TB\/HIV Year":2004,"DC":18.70959,"DC Year":2015,"FSW":2,"FSW Year":2015,"MSM":5,"MSM Year":2015,"IDU":0.5,"IDU Year":2015,"Other":10,"Other Year":2018},"AdultHIVPrev":{"countryName":"Republic of Moldova","countryCode":498,"startYear":1970,"endYear":2020,"values":[0.0,0.0,0.0,0.0,0.0,0.0,0.0,0.0,0.0,0.0,0.0,0.0,0.0,2e-5,4e-5,7e-5,0.0001,0.00331,0.00423,0.00555,0.00719,0.00938,0.01228,0.01619,0.02299,0.03821,0.06908,0.11764,0.17658,0.23416,0.2843,0.3218,0.35175,0.37894,0.40537,0.43395,0.46529,0.49906,0.53303,0.56652,0.59653,0.62391,0.6495,0.673,0.69182,0.70733,0.72399,0.738,0.74936,0.75884,0.76593]},"SexRatio":{"countryName":"Republic of Moldova","countryCode":498,"startYear":1970,"endYear":2020,"values":[0.0,0.0,0.0,0.0,0.0,0.0,0.0,0.0,0.0,0.0,0.0,0.0,0.0,0.256,0.272,0.286,0.3,0.3125,0.32628,0.3383,0.35056,0.36312,0.37411,0.38387,0.3911,0.39717,0.40221,0.40682,0.4121,0.41627,0.42148,0.42718,0.43237,0.43795,0.44179,0.44347,0.44467,0.44539,0.44582,0.44551,0.44586,0.44661,0.44737,0.44813,0.44879,0.44915,0.44934,0.44949,0.44932,0.44884,0.44806]},"PercNotBFNotRecARVs":{"countryName":"Republic of Moldova","countryCode":498,"<2":0,"2-3":0,"4-5":0,"6-7":0,"8-9":0,"10-11":0,"12-13":0,"14-15":0,"16-17":0,"18-19":0,"20-21":0,"22-23":0,"24-25":0,"26-27":0,"28-29":0,"30-31":0,"32-33":0,"34-35":0},"PercNotBFRecARVs":{"countryName":"Republic of Moldova","countryCode":498,"<2":100,"2-3":100,"4-5":100,"6-7":100,"8-9":100,"10-11":100,"12-13":100,"14-15":100,"16-17":100,"18-19":100,"20-21":100,"22-23":100,"24-25":100,"26-27":100,"28-29":100,"30-31":100,"32-33":100,"34-35":100},"LocalAdjustmentFactor":{"countryName":"Republic of Moldova","countryCode":498,"value":1.59065}}