{"countryCode":450,"subnatCode":0,"Incidence":{"countryName":"Madagascar","countryCode":450,"startYear":1970,"endYear":2022,"values":[0.0,0.0,0.0,0.0,0.0,0.0,0.0,0.0,0.0,0.0,0.0,0.0,0.0,0.0,0.0,0.0,0.0,0.00054,0.00021,0.00031,0.00039,0.00051,0.00073,0.00095,0.00131,0.0018,0.00242,0.00328,0.00422,0.00545,0.00702,0.00844,0.0104,0.01201,0.0138,0.01614,0.01805,0.02023,0.02278,0.02564,0.02854,0.03147,0.03421,0.03692,0.03976,0.04239,0.04501,0.04659,0.04892,0.04948,0.05109,0.0508,0.04957]},"AdultARTMale":{"countryName":"Madagascar","countryCode":450,"startYear":2000,"endYear":2022,"values":[0.0,0.0,0.0,0.7828,2.25874,2.96462,6.04926,7.89806,7.57569,5.38067,5.5002,7.4136,5.465,4.2782,4.48257,6.44166,7.01001,9.19782,11.91409,15.67257,15.99871,20.28944,25.31396]},"AdultARTFemale":{"countryName":"Madagascar","countryCode":450,"startYear":2000,"endYear":2022,"values":[0.0,0.0,0.0,0.56385,1.44895,2.02418,3.87563,4.73489,4.29106,2.77662,2.73613,3.50808,3.0325,2.44731,2.57087,3.46172,3.60799,4.09758,5.757,7.67468,8.08305,12.1894,15.44967]},"MedianCD4AtInit":{"countryName":"Madagascar","countryCode":450,"startYear":2000,"endYear":2022,"values":[0.0,0.0,0.0,148.23788,147.89578,147.628,146.51805,146.2726,146.32205,193.15871,195.62733,193.29443,197.39464,245.43249,278.06589,285.11677,313.46357,313.17964,311.64108,310.13667,311.06621,304.38922,303.70608]},"PercLostToFollowup":{"countryName":"Madagascar","countryCode":450,"startYear":2000,"endYear":2022,"values":[0.0,0.0,0.0,0.0,0.0,0.0,0.0,0.0,0.0,0.0,0.0,0.0,15.1,7.4,16.5,15.0,13.0,11.0,9.0,7.0,0.26,5.0,5.0]},"ChildART":{"countryName":"Madagascar","countryCode":450,"startYear":2000,"endYear":2022,"values":[0.0,0.0,0.0,0.0,0.0,0.0,0.0,0.0,0.93982,0.98179,2.26195,1.43127,1.34562,1.43229,1.96627,0.95727,2.16379,2.61392,2.57262,3.88877,3.60992,5.52776,6.8312]},"ChildCotrim":{"countryName":"Madagascar","countryCode":450,"startYear":2000,"endYear":2022,"values":[0.0,0.0,0.0,0.0,0.0,0.0,0.0,0.0,0.0,0.0,0.0,0.0,0.0,0.0,0.0,0.0,0.33809,0.19025,1.26425,0.73698,1.43991,3.16816,3.9411]},"PMTCTSingleDoseNevirapine":{"countryName":"Madagascar","countryCode":450,"startYear":2000,"endYear":2022,"values":[0.0,0.0,0.0,0.0,0.6,0.7,2.8,4.3,2.5,2.1,0.0,0.0,0.0,0.0,0.0,0.0,0.0,0.0,0.0,0.0,0.0,0.0,0.0]},"PMTCTDualARV":{"countryName":"Madagascar","countryCode":450,"startYear":2000,"endYear":2022,"values":[0.0,0.0,0.0,0.0,0.0,0.0,0.0,0.0,0.0,0.0,0.0,0.0,0.0,0.0,0.0,0.0,0.0,0.0,0.0,0.0,0.0,0.0,0.0]},"PMTCTOptA":{"countryName":"Madagascar","countryCode":450,"startYear":2000,"endYear":2022,"values":[0.0,0.0,0.0,0.0,0.0,0.0,0.0,0.0,0.0,0.0,0.0,0.0,0.0,0.0,0.0,0.0,0.0,0.0,0.0,0.0,0.0,0.0,0.0]},"PMTCTOptB":{"countryName":"Madagascar","countryCode":450,"startYear":2000,"endYear":2022,"values":[0.0,0.0,0.0,0.0,0.0,0.0,0.0,0.0,0.0,0.0,1.7,9.2,5.9,4.2,3.5,2.9,1.5,4.7,0.0,0.0,0.0,0.0,0.0]},"PMTCTOptBPlusStartBefPreg":{"countryName":"Madagascar","countryCode":450,"startYear":2000,"endYear":2022,"values":[0.0,0.0,0.0,0.0,0.0,0.0,0.0,0.0,0.0,0.0,0.0,0.0,0.0,0.0,0.0,0.0,0.0,0.0,0.0,0.0,0.0,0.0,0.0]},"PMTCTOptBPlusStartDurPregGT4Wks":{"countryName":"Madagascar","countryCode":450,"startYear":2000,"endYear":2022,"values":[0.0,0.0,0.0,0.0,0.0,0.0,0.0,0.0,0.0,0.0,0.0,0.0,0.0,0.0,0.0,0.0,0.0,0.0,11.4,12.8,9.1,12.5,12.4]},"PMTCTOptBPlusStartDurPregLT4Wks":{"countryName":"Madagascar","countryCode":450,"startYear":2000,"endYear":2022,"values":[0.0,0.0,0.0,0.0,0.0,0.0,0.0,0.0,0.0,0.0,0.0,0.0,0.0,0.0,0.0,0.0,0.0,0.0,0.0,0.0,0.0,0.0,0.0]},"PMTCTPostnatalOptA":{"countryName":"Madagascar","countryCode":450,"startYear":2000,"endYear":2022,"values":[0.0,0.0,0.0,0.0,0.0,0.0,0.0,0.0,0.0,0.0,0.0,0.0,0.0,0.0,0.0,0.0,0.0,0.0,0.0,0.0,0.0,0.0,0.0]},"PMTCTPostnatalOptB":{"countryName":"Madagascar","countryCode":450,"startYear":2000,"endYear":2022,"values":[0.0,0.0,0.0,0.0,0.0,0.0,0.0,0.0,0.0,0.0,0.0,0.0,0.0,0.0,0.0,0.0,0.0,0.0,0.0,0.0,0.0,0.0,0.0]},"PercentHIVPopEligible":{"countryName":"Madagascar","countryCode":450,"TB\/HIV":0.43,"TB\/HIV Year":2014,"DC":43.7,"DC Year":2014,"FSW":5.6,"FSW Year":2016,"MSM":14.8,"MSM Year":2014,"IDU":8.4,"IDU Year":2016,"Other":10,"Other Year":2015},"AdultHIVPrev":{"countryName":"Madagascar","countryCode":450,"startYear":1970,"endYear":2022,"values":[0.0,0.0,0.0,0.0,0.0,0.0,0.0,0.0,0.0,0.0,0.0,0.0,0.0,0.0,0.0,0.0,0.0,0.00053,0.0007,0.00096,0.00127,0.00168,0.00227,0.00303,0.00408,0.00553,0.00748,0.01013,0.0135,0.01782,0.02335,0.02984,0.03772,0.04652,0.05634,0.06759,0.07978,0.09308,0.10764,0.12359,0.14084,0.1594,0.17891,0.19928,0.22071,0.24308,0.26623,0.28898,0.31225,0.33455,0.35641,0.37655,0.39492]},"SexRatio":{"countryName":"Madagascar","countryCode":450,"startYear":1970,"endYear":2022,"values":[0.0,0.0,0.0,0.0,0.0,0.0,0.0,0.0,0.0,0.0,0.0,0.0,0.0,0.0,0.0,0.25,0.25,3.01,2.82,2.78,2.7,2.5,2.27,2.08,1.86,1.65,1.49,1.38,1.3,1.29,1.3,1.36,1.45,1.59,1.75,1.93,2.12,2.31,2.46,2.56,2.63,2.63,2.6,2.56,2.49,2.43,2.37,2.32,2.29,2.28,2.28,2.3,2.34]},"PercNotBFNotRecARVs":{"countryName":"Madagascar","countryCode":450,"<2":17.51,"2-3":17.52,"4-5":17.53,"6-7":17.62,"8-9":18.01,"10-11":19.23,"12-13":22.25,"14-15":28.24,"16-17":37.9,"18-19":50.31,"20-21":63.14,"22-23":74.16,"24-25":82.46,"26-27":88.22,"28-29":92.07,"30-31":94.61,"32-33":96.28,"34-35":97.39},"PercNotBFRecARVs":{"countryName":"Madagascar","countryCode":450,"<2":0.4,"2-3":0.2,"4-5":0.7,"6-7":1.1,"8-9":1.4,"10-11":1.4,"12-13":6.3,"14-15":9.5,"16-17":12.8,"18-19":20.6,"20-21":37.9,"22-23":41.3,"24-25":52.6,"26-27":65.6,"28-29":73.6,"30-31":85,"32-33":83.9,"34-35":75.6},"LocalAdjustmentFactor":{"countryName":"Madagascar","countryCode":450,"value":1},"NewARTPatAllocation":{"countryName":"Madagascar","countryCode":450,"NewARTPatAllocationMethod":3,"ExpectedMortality":0.2,"ProportionEligible":0.8,"NotDefault":0}}