{"countryName":"Madagascar","subnatCode":0,"Incidence":{"countryName":"Madagascar","countryCode":450,"startYear":1970,"endYear":2020,"values":[0.0,0.0,0.0,0.0,0.0,0.0,0.0,0.0,0.0,0.0,0.0,0.0,0.0,0.0,0.0,0.0,0.0,0.00011,6e-5,8e-5,0.00013,0.0002,0.00032,0.0005,0.00083,0.00131,0.00204,0.00286,0.00382,0.00468,0.00557,0.00656,0.00744,0.00868,0.00998,0.01127,0.0128,0.01453,0.01635,0.0185,0.02104,0.02322,0.02601,0.0288,0.03108,0.03355,0.03502,0.03689,0.03403,0.03933,0.03936]},"AdultARTMale":{"countryName":"Madagascar","countryCode":450,"startYear":2000,"endYear":2020,"values":[0.0,0.0,0.0,0.86847,2.50563,3.26944,6.59365,8.43752,7.87435,8.6067,5.17865,6.77048,4.82811,5.48419,3.50242,4.94229,5.28642,6.91356,9.12253,11.9883,12.26724]},"AdultARTFemale":{"countryName":"Madagascar","countryCode":450,"startYear":2000,"endYear":2020,"values":[0.0,0.0,0.0,1.15135,2.95831,4.1711,8.09313,9.99661,9.14992,9.93622,6.00049,7.77234,6.73711,8.4297,5.56159,7.38674,7.55767,8.47782,11.99404,15.7677,16.43062]},"MedianCD4AtInit":{"countryName":"Madagascar","countryCode":450,"startYear":2000,"endYear":2020,"values":[0.0,0.0,0.0,0.0,0.0,0.0,0.0,0.0,0.0,0.0,0.0,0.0,0.0,0.0,0.0,0.0,0.0,0.0,0.0,0.0,0.0]},"PercLostToFollowup":{"countryName":"Madagascar","countryCode":450,"startYear":2000,"endYear":2020,"values":[0.0,0.0,0.0,0.0,0.0,0.0,0.0,0.0,0.0,0.0,0.0,0.0,15.1,7.4,16.5,15.0,13.0,11.0,9.0,7.0,0.26]},"ChildART":{"countryName":"Madagascar","countryCode":450,"startYear":2000,"endYear":2020,"values":[0.0,0.0,0.0,0.0,0.0,0.0,0.0,0.0,1.80756,1.63331,4.55875,2.89143,2.6789,2.66141,3.78055,1.45091,2.78638,3.36597,5.04939,7.55935,7.00265]},"ChildCotrim":{"countryName":"Madagascar","countryCode":450,"startYear":2000,"endYear":2020,"values":[0.0,0.0,0.0,0.0,0.0,0.0,0.0,0.0,0.0,0.0,0.0,0.0,0.0,0.0,0.0,0.0,0.59585,0.33366,2.21098,1.40938,2.72541]},"PMTCTSingleDoseNevirapine":{"countryName":"Madagascar","countryCode":450,"startYear":2000,"endYear":2020,"values":[0.0,0.0,0.0,0.0,1.13897,1.41492,5.53463,8.68311,5.11927,4.39771,0.0,0.0,0.0,0.0,1.70884,1.72266,2.20158,4.72509,5.58498,3.68763,3.17933]},"PMTCTDualARV":{"countryName":"Madagascar","countryCode":450,"startYear":2000,"endYear":2020,"values":[0.0,0.0,0.0,0.0,0.0,0.0,0.0,0.0,0.0,0.0,0.0,0.0,0.0,0.0,0.0,0.0,0.0,0.0,0.0,0.0,0.0]},"PMTCTOptA":{"countryName":"Madagascar","countryCode":450,"startYear":2000,"endYear":2020,"values":[0.0,0.0,0.0,0.0,0.0,0.0,0.0,0.0,0.0,0.0,0.0,0.0,0.0,0.0,0.0,0.0,0.0,0.0,0.0,0.0,0.0]},"PMTCTOptB":{"countryName":"Madagascar","countryCode":450,"startYear":2000,"endYear":2020,"values":[0.0,0.0,0.0,0.0,0.0,0.0,0.0,0.0,0.0,0.0,3.58385,19.38936,12.27133,8.62622,7.07947,5.81399,2.87163,9.19245,0.0,0.0,0.0]},"PMTCTOptBPlusStartBefPreg":{"countryName":"Madagascar","countryCode":450,"startYear":2000,"endYear":2020,"values":[0.0,0.0,0.0,0.0,0.0,0.0,0.0,0.0,0.0,0.0,0.0,0.0,0.0,0.0,0.0,0.0,0.0,0.0,0.0,0.0,0.0]},"PMTCTOptBPlusStartDurPregGT4Wks":{"countryName":"Madagascar","countryCode":450,"startYear":2000,"endYear":2020,"values":[0.0,0.0,0.0,0.0,0.0,0.0,0.0,0.0,0.0,0.0,0.0,0.0,0.0,0.0,0.0,0.0,0.0,0.0,21.94661,24.5119,17.15512]},"PMTCTOptBPlusStartDurPregLT4Wks":{"countryName":"Madagascar","countryCode":450,"startYear":2000,"endYear":2020,"values":[0.0,0.0,0.0,0.0,0.0,0.0,0.0,0.0,0.0,0.0,0.0,0.0,0.0,0.0,0.0,0.0,0.0,0.0,0.0,0.0,0.0]},"PMTCTPostnatalOptA":{"countryName":"Madagascar","countryCode":450,"startYear":2000,"endYear":2020,"values":[0.0,0.0,0.0,0.0,0.0,0.0,0.0,0.0,0.0,0.0,0.0,0.0,0.0,0.0,0.0,0.0,0.0,0.0,0.0,0.0,0.0]},"PMTCTPostnatalOptB":{"countryName":"Madagascar","countryCode":450,"startYear":2000,"endYear":2020,"values":[0.0,0.0,0.0,0.0,0.0,0.0,0.0,0.0,0.0,0.0,0.0,0.0,0.0,0.0,0.0,0.0,0.0,0.0,0.0,0.0,0.0]},"PercentHIVPopEligible":{"countryName":"Madagascar","countryCode":450,"TB\/HIV":0.43,"TB\/HIV Year":2014,"DC":43.7,"DC Year":2014,"FSW":5.6,"FSW Year":2016,"MSM":14.8,"MSM Year":2014,"IDU":8.4,"IDU Year":2016,"Other":10,"Other Year":2015},"AdultHIVPrev":{"countryName":"Madagascar","countryCode":450,"startYear":1970,"endYear":2020,"values":[0.0,0.0,0.0,0.0,0.0,0.0,0.0,0.0,0.0,0.0,0.0,0.0,0.0,0.0,0.0,0.0,0.0,0.00011,0.00016,0.00023,0.00034,0.0005,0.00078,0.0012,0.00191,0.00304,0.00477,0.00717,0.01031,0.01405,0.01835,0.02327,0.02863,0.03474,0.04159,0.0491,0.05746,0.06684,0.07718,0.08862,0.10147,0.11521,0.13046,0.14689,0.16411,0.18232,0.20062,0.21923,0.23363,0.25225,0.26984]},"SexRatio":{"countryName":"Madagascar","countryCode":450,"startYear":1970,"endYear":2020,"values":[0.24,0.24,0.24,0.24,0.24,0.24,0.24,0.24,0.24,0.24,0.24,0.24,0.24,0.24,0.24,0.24,0.24,0.29263,0.34526,0.39263,0.44,0.48211,0.52947,0.56632,0.60316,0.64,0.67158,0.69789,0.72421,0.75053,0.77158,0.78737,0.80316,0.81368,0.82421,0.82947,0.83474,0.84,0.84,0.84,0.84,0.84,0.84,0.84,0.84,0.84,0.84,0.84,0.84,0.84,0.84]},"PercNotBFNotRecARVs":{"countryName":"Madagascar","countryCode":450,"<2":17.51479,"2-3":17.51529,"4-5":17.52719,"6-7":17.61734,"8-9":18.00976,"10-11":19.23496,"12-13":22.24505,"14-15":28.24186,"16-17":37.89631,"18-19":50.31265,"20-21":63.14137,"22-23":74.16105,"24-25":82.45639,"26-27":88.22203,"28-29":92.07273,"30-31":94.60884,"32-33":96.2811,"34-35":97.39408},"PercNotBFRecARVs":{"countryName":"Madagascar","countryCode":450,"<2":0.4,"2-3":0.2,"4-5":0.7,"6-7":1.1,"8-9":1.4,"10-11":1.4,"12-13":6.3,"14-15":9.5,"16-17":12.8,"18-19":20.6,"20-21":37.9,"22-23":41.3,"24-25":52.6,"26-27":65.6,"28-29":73.6,"30-31":85,"32-33":83.9,"34-35":75.6},"LocalAdjustmentFactor":{"countryName":"Madagascar","countryCode":450,"value":1}}