{"countryCode":450,"subnatCode":0,"Incidence":{"countryName":"Madagascar","countryCode":450,"startYear":1970,"endYear":2022,"values":[0.0,0.0,0.0,0.0,0.0,0.0,0.0,0.0,0.0,0.0,0.0,0.0,0.0,0.0,0.0,0.0,0.0,0.00054,0.00021,0.00031,0.00039,0.00051,0.00073,0.00095,0.00131,0.0018,0.00242,0.00328,0.00422,0.00545,0.00702,0.00844,0.0104,0.01201,0.0138,0.01614,0.01805,0.02023,0.02278,0.02562,0.0285,0.03145,0.0342,0.03689,0.03971,0.04236,0.045,0.04659,0.04893,0.0495,0.05111,0.05082,0.04959]},"AdultARTMale":{"countryName":"Madagascar","countryCode":450,"startYear":2000,"endYear":2022,"values":[0.0,0.0,0.0,0.7828,2.25874,2.96462,6.04927,7.89806,7.57569,8.52381,5.49326,7.40207,5.45491,6.3813,4.47923,6.43723,7.0073,9.19491,11.91124,15.6698,15.99671,20.28755,25.31227]},"AdultARTFemale":{"countryName":"Madagascar","countryCode":450,"startYear":2000,"endYear":2022,"values":[0.0,0.0,0.0,0.56385,1.44896,2.02418,3.87563,4.73489,4.29107,4.60181,2.73484,3.50617,3.03052,3.79297,2.57035,3.46091,3.60798,4.09748,5.75682,7.6744,8.08277,12.18895,15.44916]},"MedianCD4AtInit":{"countryName":"Madagascar","countryCode":450,"startYear":2000,"endYear":2022,"values":[0.0,0.0,0.0,148.2379,147.89578,147.628,146.51805,146.27262,146.32208,144.1195,187.8948,193.28487,197.41901,191.58253,273.77702,285.01929,313.29565,312.92037,311.38197,309.89969,310.87264,304.25146,303.5976]},"PercLostToFollowup":{"countryName":"Madagascar","countryCode":450,"startYear":2000,"endYear":2022,"values":[0.0,0.0,0.0,0.0,0.0,0.0,0.0,0.0,0.0,0.0,0.0,0.0,15.1,7.4,16.5,15.0,13.0,11.0,9.0,7.0,0.26,5.0,5.0]},"ChildART":{"countryName":"Madagascar","countryCode":450,"startYear":2000,"endYear":2022,"values":[0.0,0.0,0.0,0.0,0.0,0.0,0.0,0.0,0.93982,0.98202,2.26271,1.43175,1.34596,1.43305,1.96741,0.95769,1.43444,1.72136,2.57544,3.89137,3.61342,5.53726,6.8428]},"ChildCotrim":{"countryName":"Madagascar","countryCode":450,"startYear":2000,"endYear":2022,"values":[0.0,0.0,0.0,0.0,0.0,0.0,0.0,0.0,0.0,0.0,0.0,0.0,0.0,0.0,0.0,0.0,0.31398,0.17615,1.16648,0.74542,1.45519,3.20218,3.98895]},"PMTCTSingleDoseNevirapine":{"countryName":"Madagascar","countryCode":450,"startYear":2000,"endYear":2022,"values":[0.0,0.0,0.0,0.0,0.6,0.7,2.8,4.3,2.5,2.1,0.0,0.0,0.0,0.0,0.0,0.0,0.0,0.0,0.0,0.0,0.0,0.0,0.0]},"PMTCTDualARV":{"countryName":"Madagascar","countryCode":450,"startYear":2000,"endYear":2022,"values":[0.0,0.0,0.0,0.0,0.0,0.0,0.0,0.0,0.0,0.0,0.0,0.0,0.0,0.0,0.0,0.0,0.0,0.0,0.0,0.0,0.0,0.0,0.0]},"PMTCTOptA":{"countryName":"Madagascar","countryCode":450,"startYear":2000,"endYear":2022,"values":[0.0,0.0,0.0,0.0,0.0,0.0,0.0,0.0,0.0,0.0,0.0,0.0,0.0,0.0,0.0,0.0,0.0,0.0,0.0,0.0,0.0,0.0,0.0]},"PMTCTOptB":{"countryName":"Madagascar","countryCode":450,"startYear":2000,"endYear":2022,"values":[0.0,0.0,0.0,0.0,0.0,0.0,0.0,0.0,0.0,0.0,1.7,9.2,5.9,4.2,3.5,2.9,1.5,4.7,0.0,0.0,0.0,0.0,0.0]},"PMTCTOptBPlusStartBefPreg":{"countryName":"Madagascar","countryCode":450,"startYear":2000,"endYear":2022,"values":[0.0,0.0,0.0,0.0,0.0,0.0,0.0,0.0,0.0,0.0,0.0,0.0,0.0,0.0,0.0,0.0,0.0,0.0,0.0,0.0,0.0,0.0,0.0]},"PMTCTOptBPlusStartDurPregGT4Wks":{"countryName":"Madagascar","countryCode":450,"startYear":2000,"endYear":2022,"values":[0.0,0.0,0.0,0.0,0.0,0.0,0.0,0.0,0.0,0.0,0.0,0.0,0.0,0.0,0.0,0.0,0.0,0.0,11.4,12.8,9.1,12.5,12.4]},"PMTCTOptBPlusStartDurPregLT4Wks":{"countryName":"Madagascar","countryCode":450,"startYear":2000,"endYear":2022,"values":[0.0,0.0,0.0,0.0,0.0,0.0,0.0,0.0,0.0,0.0,0.0,0.0,0.0,0.0,0.0,0.0,0.0,0.0,0.0,0.0,0.0,0.0,0.0]},"PMTCTPostnatalOptA":{"countryName":"Madagascar","countryCode":450,"startYear":2000,"endYear":2022,"values":[0.0,0.0,0.0,0.0,0.0,0.0,0.0,0.0,0.0,0.0,0.0,0.0,0.0,0.0,0.0,0.0,0.0,0.0,0.0,0.0,0.0,0.0,0.0]},"PMTCTPostnatalOptB":{"countryName":"Madagascar","countryCode":450,"startYear":2000,"endYear":2022,"values":[0.0,0.0,0.0,0.0,0.0,0.0,0.0,0.0,0.0,0.0,0.0,0.0,0.0,0.0,0.0,0.0,0.0,0.0,0.0,0.0,0.0,0.0,0.0]},"PercentHIVPopEligible":{"countryName":"Madagascar","countryCode":450,"TB\/HIV":0.43,"TB\/HIV Year":2014,"DC":43.7,"DC Year":2014,"FSW":5.6,"FSW Year":2016,"MSM":14.8,"MSM Year":2014,"IDU":8.4,"IDU Year":2016,"Other":10,"Other Year":2015},"AdultHIVPrev":{"countryName":"Madagascar","countryCode":450,"startYear":1970,"endYear":2022,"values":[0.0,0.0,0.0,0.0,0.0,0.0,0.0,0.0,0.0,0.0,0.0,0.0,0.0,0.0,0.0,0.0,0.0,0.00053,0.0007,0.00096,0.00127,0.00168,0.00227,0.00303,0.00408,0.00553,0.00748,0.01013,0.0135,0.01782,0.02335,0.02984,0.03772,0.04652,0.05634,0.06759,0.07978,0.09308,0.10764,0.12359,0.14084,0.1594,0.17891,0.19928,0.22071,0.24308,0.26623,0.28898,0.31225,0.33455,0.35641,0.37655,0.39492]},"SexRatio":{"countryName":"Madagascar","countryCode":450,"startYear":1970,"endYear":2022,"values":[0.0,0.0,0.0,0.0,0.0,0.0,0.0,0.0,0.0,0.0,0.0,0.0,0.0,0.0,0.0,0.25,0.25,3.01,2.82,2.78,2.7,2.5,2.27,2.08,1.86,1.65,1.49,1.38,1.3,1.29,1.3,1.36,1.45,1.59,1.75,1.93,2.12,2.31,2.46,2.56,2.63,2.63,2.6,2.56,2.49,2.43,2.37,2.32,2.29,2.28,2.28,2.3,2.34]},"PercNotBFNotRecARVs":{"countryName":"Madagascar","countryCode":450,"<2":17.51,"2-3":17.52,"4-5":17.53,"6-7":17.62,"8-9":18.01,"10-11":19.23,"12-13":22.25,"14-15":28.24,"16-17":37.9,"18-19":50.31,"20-21":63.14,"22-23":74.16,"24-25":82.46,"26-27":88.22,"28-29":92.07,"30-31":94.61,"32-33":96.28,"34-35":97.39},"PercNotBFRecARVs":{"countryName":"Madagascar","countryCode":450,"<2":0.4,"2-3":0.2,"4-5":0.7,"6-7":1.1,"8-9":1.4,"10-11":1.4,"12-13":6.3,"14-15":9.5,"16-17":12.8,"18-19":20.6,"20-21":37.9,"22-23":41.3,"24-25":52.6,"26-27":65.6,"28-29":73.6,"30-31":85,"32-33":83.9,"34-35":75.6},"LocalAdjustmentFactor":{"countryName":"Madagascar","countryCode":450,"value":1},"NewARTPatAllocation":{"countryName":"Madagascar","countryCode":450,"NewARTPatAllocationMethod":3,"ExpectedMortality":0.2,"ProportionEligible":0.8,"NotDefault":0}}