{"countryCode":466,"subnatCode":0,"Incidence":{"countryName":"Mali","countryCode":466,"startYear":1970,"endYear":2022,"values":[0.0,0.0,0.0,0.0,0.0,0.0,0.00977,0.00576,0.00827,0.01235,0.01831,0.02733,0.03815,0.05349,0.0691,0.09671,0.12973,0.16257,0.19547,0.22795,0.253,0.26841,0.26798,0.26767,0.25702,0.23615,0.22124,0.19814,0.18752,0.17317,0.16049,0.13964,0.13357,0.12719,0.1186,0.10927,0.10667,0.10142,0.09738,0.09104,0.08112,0.08084,0.0748,0.07479,0.07244,0.06665,0.06437,0.0615,0.05681,0.05429,0.04788,0.04351,0.0419]},"AdultARTMale":{"countryName":"Mali","countryCode":466,"startYear":2000,"endYear":2022,"values":[0.0,0.31609,1.24763,3.16026,9.82537,8.31414,21.74133,31.65612,40.44806,34.93477,39.40529,35.26762,33.47674,24.80615,27.5237,30.65704,28.64112,31.16053,34.44916,33.01369,40.42395,40.95434,47.89475]},"AdultARTFemale":{"countryName":"Mali","countryCode":466,"startYear":2000,"endYear":2022,"values":[0.0,0.27962,1.10393,2.79576,8.69755,7.36249,19.27286,28.15401,36.94419,31.6196,35.71695,46.39679,44.47571,35.56114,37.92275,41.49959,36.28521,39.80678,43.6606,43.36183,51.41617,49.54135,54.57269]},"MedianCD4AtInit":{"countryName":"Mali","countryCode":466,"startYear":2000,"endYear":2022,"values":[0.0,135.3524,134.71974,134.06079,133.47187,141.50261,131.93746,132.71757,132.64637,172.79865,174.52887,171.94823,182.16174,214.98862,208.22374,206.55128,247.6594,248.93116,246.14057,247.89339,241.44378,252.82017,238.60034]},"PercLostToFollowup":{"countryName":"Mali","countryCode":466,"startYear":2000,"endYear":2022,"values":[0.0,0.0,0.0,0.0,0.0,0.0,0.0,0.0,0.0,0.0,0.0,0.0,0.0,0.0,0.0,8.0,7.0,5.0,5.0,5.0,2.0,2.0,2.0]},"ChildART":{"countryName":"Mali","countryCode":466,"startYear":2000,"endYear":2022,"values":[0.0,0.26997,1.48852,2.18664,3.14019,4.96754,5.87794,11.00975,17.24835,23.19314,18.89987,23.99978,27.06658,27.07458,31.22547,35.59837,37.31014,39.64286,26.54029,18.70087,32.82602,31.34966,33.41141]},"ChildCotrim":{"countryName":"Mali","countryCode":466,"startYear":2000,"endYear":2022,"values":[0.0,0.0,0.0,0.0,0.0,0.0,4.56582,8.40503,9.40618,9.77165,10.26259,9.90469,10.41143,11.14909,11.63198,12.08621,12.65123,8.1661,8.62689,7.45442,8.12225,9.69645,9.26894]},"PMTCTSingleDoseNevirapine":{"countryName":"Mali","countryCode":466,"startYear":2000,"endYear":2022,"values":[0.0,0.0,0.0,0.0,0.0,2.18315,9.76672,0.0,0.0,0.0,0.0,0.0,0.0,0.0,0.0,0.0,0.0,0.0,0.0,0.0,0.0,0.0,0.0]},"PMTCTDualARV":{"countryName":"Mali","countryCode":466,"startYear":2000,"endYear":2022,"values":[0.0,0.0,0.0,0.0,0.0,0.0,0.0,15.58612,4.95344,1.80388,0.98789,0.83965,0.56332,0.0,0.0,0.0,0.0,0.0,0.0,0.0,0.0,0.0,0.0]},"PMTCTOptA":{"countryName":"Mali","countryCode":466,"startYear":2000,"endYear":2022,"values":[0.0,0.0,0.0,0.0,0.0,0.0,0.0,0.0,0.0,0.0,0.98789,1.245,2.16663,0.0,0.0,0.0,0.0,0.0,0.0,0.0,0.0,0.0,0.0]},"PMTCTOptB":{"countryName":"Mali","countryCode":466,"startYear":2000,"endYear":2022,"values":[0.0,0.0,0.0,0.0,0.0,0.0,0.0,0.0,3.57177,5.84806,6.52301,14.47671,25.27739,0.0,0.0,0.0,0.0,0.0,0.0,0.0,0.0,0.0,0.0]},"PMTCTOptBPlusStartBefPreg":{"countryName":"Mali","countryCode":466,"startYear":2000,"endYear":2022,"values":[0.0,0.0,0.0,0.0,0.0,0.0,0.0,0.0,0.0,7.0264,8.10655,11.49451,8.46432,9.78355,11.81047,11.84834,11.57648,12.32346,13.50496,10.86592,9.14934,11.57364,11.1648]},"PMTCTOptBPlusStartDurPregGT4Wks":{"countryName":"Mali","countryCode":466,"startYear":2000,"endYear":2022,"values":[0.0,0.0,0.0,0.0,0.0,0.0,0.0,0.0,0.0,17.84968,19.53997,22.04802,17.69418,22.60133,23.77158,29.10603,25.64035,24.47224,24.9285,20.2149,22.92381,27.01088,21.90562]},"PMTCTOptBPlusStartDurPregLT4Wks":{"countryName":"Mali","countryCode":466,"startYear":2000,"endYear":2022,"values":[0.0,0.0,0.0,0.0,0.0,0.0,0.0,0.0,0.0,0.0,0.0,0.0,0.0,0.0,0.0,0.0,0.0,0.0,0.0,0.0,0.0,0.0,0.0]},"PMTCTPostnatalOptA":{"countryName":"Mali","countryCode":466,"startYear":2000,"endYear":2022,"values":[0.0,0.0,0.0,0.0,0.0,0.0,0.0,0.0,0.0,0.0,0.0,0.0,0.0,0.0,0.0,0.0,0.0,0.0,0.0,0.0,0.0,0.0,0.0]},"PMTCTPostnatalOptB":{"countryName":"Mali","countryCode":466,"startYear":2000,"endYear":2022,"values":[0.0,0.0,0.0,0.0,0.0,0.0,0.0,0.0,0.0,0.0,0.0,0.0,0.0,0.0,0.0,0.0,0.0,0.0,0.0,0.0,0.0,0.0,0.0]},"PercentHIVPopEligible":{"countryName":"Mali","countryCode":466,"TB\/HIV":1.51,"TB\/HIV Year":2017,"DC":42.1,"DC Year":2017,"FSW":1.6,"FSW Year":2017,"MSM":0.8,"MSM Year":2017,"IDU":0.09,"IDU Year":2017,"Other":10,"Other Year":2017},"AdultHIVPrev":{"countryName":"Mali","countryCode":466,"startYear":1970,"endYear":2022,"values":[0.0,0.0,0.0,0.0,0.0,0.0,0.00958,0.01473,0.02197,0.03267,0.04842,0.07175,0.10403,0.14907,0.20602,0.28545,0.38976,0.51706,0.66533,0.83237,1.00868,1.18254,1.33874,1.47754,1.58953,1.66598,1.71531,1.73385,1.73767,1.72376,1.69614,1.64901,1.60005,1.55031,1.50318,1.4545,1.41317,1.38484,1.36441,1.34419,1.31742,1.29349,1.26201,1.22767,1.1891,1.14878,1.11036,1.07224,1.03338,0.99405,0.95249,0.91159,0.87178]},"SexRatio":{"countryName":"Mali","countryCode":466,"startYear":1970,"endYear":2022,"values":[0.48,0.48,0.48,0.48,0.48,0.48,0.59,0.69,0.79,0.88,0.97,1.06,1.13,1.21,1.28,1.34,1.4,1.45,1.5,1.54,1.58,1.61,1.63,1.65,1.66,1.67,1.68,1.68,1.68,1.68,1.68,1.68,1.68,1.68,1.68,1.68,1.68,1.68,1.68,1.68,1.68,1.68,1.68,1.68,1.68,1.68,1.68,1.68,1.68,1.68,1.68,1.68,1.68]},"PercNotBFNotRecARVs":{"countryName":"Mali","countryCode":466,"<2":4.9,"2-3":4.91,"4-5":4.93,"6-7":5.06,"8-9":5.58,"10-11":7.05,"12-13":10.37,"14-15":16.58,"16-17":26.26,"18-19":38.74,"20-21":52.16,"22-23":64.45,"24-25":74.43,"26-27":81.89,"28-29":87.21,"30-31":90.93,"32-33":93.5,"34-35":95.29},"PercNotBFRecARVs":{"countryName":"Mali","countryCode":466,"<2":4.9,"2-3":4.91,"4-5":4.93,"6-7":5.06,"8-9":5.58,"10-11":7.05,"12-13":10.37,"14-15":16.58,"16-17":26.26,"18-19":38.74,"20-21":52.16,"22-23":64.45,"24-25":74.43,"26-27":81.89,"28-29":87.21,"30-31":90.93,"32-33":93.5,"34-35":95.29},"LocalAdjustmentFactor":{"countryName":"Mali","countryCode":466,"value":0.77},"NewARTPatAllocation":{"countryName":"Mali","countryCode":466,"NewARTPatAllocationMethod":3,"ExpectedMortality":0.2,"ProportionEligible":0.8,"NotDefault":0}}