{"countryCode":466,"subnatCode":0,"Incidence":{"countryName":"Mali","countryCode":466,"startYear":1970,"endYear":2023,"values":[0.0,0.0,0.0,0.0,0.0,0.0,0.0103048761708228,0.00575681529154942,0.00907608326583507,0.0128571421209201,0.0192963593291642,0.0279808847591739,0.0408020047347537,0.0530598754297896,0.0751342906417299,0.097928636692301,0.130756765558686,0.166836747890407,0.206017693052858,0.240050622683385,0.265884423929116,0.276411237450019,0.285016553832381,0.271330689162846,0.259293826668047,0.232050744210007,0.215102987872231,0.198713557064159,0.183344048038053,0.171182020150033,0.155377727319255,0.138864153189284,0.129704825644889,0.122102224316602,0.118436048166009,0.111933701385869,0.107826133940948,0.103682452058492,0.0999596795242784,0.0957009346447785,0.0876540845405237,0.0810518084761726,0.0796312875137658,0.0752825647105941,0.0712784681275905,0.0691070129100363,0.0635705691498632,0.0599985793484206,0.0552212006436714,0.0520021718283022,0.0484181908892184,0.0435898135754434,0.0411848077765078,0.0339613087106392]},"AdultARTMale":{"countryName":"Mali","countryCode":466,"startYear":2000,"endYear":2023,"values":[0.0,0.281947101120958,1.11875216838977,2.85017071564917,8.9142684731588,7.58844959848999,19.9535853967576,29.2391888908907,27.4885235263971,32.5750753116197,36.9487256500857,33.2741226633251,31.7160874513546,29.4460117831075,25.763913100478,28.678976162442,32.3341442694514,29.0562056431438,32.2042387017472,30.9602265722483,37.925642648501,38.4640298793722,45.0697841887285,51.8098804866788]},"AdultARTFemale":{"countryName":"Mali","countryCode":466,"startYear":2000,"endYear":2023,"values":[0.0,0.28185338267892,1.11639309391997,2.83674901312669,8.84601888722336,7.50375445522177,19.6618342785814,28.7326359354895,27.4640612514532,32.3854149583738,36.6222207020022,47.6219827365903,45.6038224313521,45.3036447852811,38.2950153179637,41.7709808756178,43.8630404302305,40.0480443493982,43.9630261730034,43.7309701525385,51.8209978460178,49.9142819809119,54.9968381191849,64.1686292492352]},"PercLostToFollowup":{"countryName":"Mali","countryCode":466,"startYear":2000,"endYear":2023,"values":[5.0,5.0,5.0,5.0,5.0,5.0,5.0,5.0,5.0,5.0,5.0,5.0,5.0,5.0,5.0,5.0,5.0,5.0,5.0,5.0,5.0,5.0,5.0,5.0]},"ChildART":{"countryName":"Mali","countryCode":466,"startYear":2000,"endYear":2023,"values":[0.0,0.303335097203173,1.67484690153701,2.46446697730688,3.53743248890274,5.58086691802244,6.59174757826723,12.1483569494381,18.8955069514563,25.2601837905603,20.5616202651072,26.0019718561988,29.1121387523368,28.8943053364169,28.5500877741526,32.0362713774973,33.304965376347,24.2910576071787,28.0114237511691,19.6433546154586,34.3091194759425,32.6236216197561,34.6906818807329,41.748594160782]},"ChildCotrim":{"countryName":"Mali","countryCode":466,"startYear":2000,"endYear":2023,"values":[0.0,0.0,0.0,0.0,0.0,0.0,4.81965890478179,8.84560681331085,9.86791913624137,10.2083717009065,9.90121580581839,10.3383237020386,10.8059373078603,11.5028562657316,11.9626401065497,12.3804805042703,12.8926133542233,6.47126904070237,6.85393301961585,7.60883260361537,8.30288626194276,9.9641420741696,9.4167832822767,5.07516547125593]},"PMTCTSingleDoseNevirapine":{"countryName":"Mali","countryCode":466,"startYear":2000,"endYear":2023,"values":[0.0,0.0,0.0,0.0,0.0,0.0,2.23305755394424,9.83839549051384,0.0,0.0,0.0,0.0,0.0,0.0,0.0,0.0,0.0,0.0,0.0,0.0,0.0,0.0,0.0,0.0]},"PMTCTDualARV":{"countryName":"Mali","countryCode":466,"startYear":2000,"endYear":2023,"values":[0.0,0.0,0.0,0.0,0.0,0.0,0.0,0.0,15.5510029821536,4.92468719709429,1.80062875051728,0.98036351486986,0.830530033140912,0.568909919274556,0.0,0.0,0.0,0.0,0.0,0.0,0.0,0.0,0.0,0.0]},"PMTCTOptA":{"countryName":"Mali","countryCode":466,"startYear":2000,"endYear":2023,"values":[0.0,0.0,0.0,0.0,0.0,0.0,0.0,0.0,0.0,0.0,0.0,0.98036351486986,1.23147556638135,2.18811507413291,0.0,0.0,0.0,0.0,0.0,0.0,0.0,0.0,0.0,0.0]},"PMTCTOptB":{"countryName":"Mali","countryCode":466,"startYear":2000,"endYear":2023,"values":[0.0,0.0,0.0,0.0,0.0,0.0,0.0,0.0,0.0,3.55103557535286,5.83752223958022,6.47328262024363,14.3194833300157,25.5280091982173,0.0,0.0,0.0,0.0,0.0,0.0,0.0,0.0,0.0,0.0]},"PMTCTOptBPlusStartBefPreg":{"countryName":"Mali","countryCode":466,"startYear":2000,"endYear":2023,"values":[0.0,0.0,0.0,0.0,0.0,0.0,0.0,0.0,0.0,0.0,7.01373940725683,8.04474766613797,11.3696697640325,8.5482362229459,9.77962384066166,11.7807154751576,11.767524665533,11.4801536827695,12.2463054340496,13.5167927400696,10.8591652042291,9.11749453265159,11.6197485957745,11.239838137536]},"PMTCTOptBPlusStartDurPregGT4Wks":{"countryName":"Mali","countryCode":466,"startYear":2000,"endYear":2023,"values":[0.0,0.0,0.0,0.0,0.0,0.0,0.0,0.0,0.0,0.0,17.8175119103605,19.3910136397053,21.8085731116139,17.8696064387521,22.592262639471,23.7116951783147,28.9075119539812,25.4269890352152,24.3190163323073,24.950352190451,20.2023316242562,22.8692956785846,27.0840134183409,23.1304963237242]},"PMTCTOptBPlusStartDurPregLT4Wks":{"countryName":"Mali","countryCode":466,"startYear":2000,"endYear":2023,"values":[0.0,0.0,0.0,0.0,0.0,0.0,0.0,0.0,0.0,0.0,0.0,0.0,0.0,0.0,0.0,0.0,0.0,0.0,0.0,0.0,0.0,0.0,0.0,0.0]},"AdultHIVPrev":{"countryName":"Mali","countryCode":466,"startYear":1970,"endYear":2023,"values":[0.0,0.0,0.0,0.0,0.0,0.0,0.0101163484742636,0.0152155803129144,0.0231976049060584,0.0342993110529958,0.0508712904090281,0.0746383061333164,0.109269075751205,0.153477713290013,0.215941798048731,0.2958857660467,0.400503585284681,0.531229257674401,0.688748651056569,0.865854595931011,1.05217929101567,1.23063743569152,1.39955358448741,1.5372438575086,1.6466125126068,1.71445974290725,1.7537362482705,1.76922853143912,1.76558238074444,1.74694923245372,1.71202362111435,1.6623334302418,1.60819310221354,1.55260596555118,1.50470427597498,1.45796973102052,1.41738703206465,1.39086790718042,1.37064000130049,1.35123552714474,1.32834727104071,1.30299010314523,1.27550139139146,1.24237123472411,1.20471455307038,1.16817347154202,1.12969794355028,1.09092503215747,1.05102574330547,1.00980672425201,0.968986589857762,0.928398605995145,0.888155181108099,0.847661420074456]},"SexRatio":{"countryName":"Mali","countryCode":466,"startYear":1970,"endYear":2023,"values":[0.433,0.433,0.433,0.433,0.433,0.433,0.52796,0.62291,0.70837,0.79383,0.8698,0.95526,1.02173,1.0882,1.15467,1.21164,1.25912,1.3066,1.35408,1.39206,1.42055,1.44903,1.46802,1.48702,1.49651,1.50601,1.5155,1.5155,1.5155,1.5155,1.5155,1.5155,1.5155,1.5155,1.5155,1.5155,1.5155,1.5155,1.5155,1.5155,1.5155,1.5155,1.5155,1.5155,1.5155,1.5155,1.5155,1.5155,1.5155,1.5155,1.5155,1.5155,1.5155,1.5155]},"PercNotBFNotRecARVs":{"countryName":"Mali","countryCode":466,"<2":5.72119,"2-3":5.72164,"4-5":5.73229,"6-7":5.81322,"8-9":6.16649,"10-11":7.27547,"12-13":10.0329,"14-15":15.66161,"16-17":25.11273,"18-19":38.02149,"20-21":52.33402,"22-23":65.5008,"24-25":75.99378,"26-27":83.60218,"28-29":88.83473,"30-31":92.349,"32-33":94.69624,"34-35":96.2717},"PercNotBFRecARVs":{"countryName":"Mali","countryCode":466,"<2":5.72119,"2-3":5.72164,"4-5":5.73229,"6-7":5.81322,"8-9":6.16649,"10-11":7.27547,"12-13":10.0329,"14-15":15.66161,"16-17":25.11273,"18-19":38.02149,"20-21":52.33402,"22-23":65.5008,"24-25":75.99378,"26-27":83.60218,"28-29":88.83473,"30-31":92.349,"32-33":94.69624,"34-35":96.2717},"LocalAdjustmentFactor":{"countryName":"Mali","countryCode":466,"value":0.77},"NewARTPatAllocation":{"countryName":"Mali","countryCode":466,"NewARTPatAllocationMethod":3.0,"ExpectedMortality":0.2,"ProportionEligible":0.8}}