{"countryCode":104,"subnatCode":0,"Incidence":{"countryName":"Myanmar (Burma)","countryCode":104,"startYear":1970,"endYear":2023,"values":[0.0,0.0,0.0,0.0,0.0,0.0,0.0,0.0,0.0,0.0,0.0,0.0,1.26345951946494e-5,6.30221724776299e-5,0.00022671341244274,0.000679430351010036,0.00164637612949588,0.0034893321084832,0.00774549920754897,0.0201484482228533,0.0519012975609071,0.0859511684548017,0.085081925172618,0.0677791552835509,0.0622643693292643,0.0626577743528446,0.0677320343137642,0.0751618037613222,0.0839346808861369,0.0938604648521786,0.0977378605737097,0.0954459603519216,0.0915433869949605,0.0875892968069992,0.0837576095592271,0.0790763136355644,0.0746665730535777,0.0705106112484672,0.0657662151610253,0.0616029551546437,0.0589439013009394,0.0570862539309171,0.0554069457638186,0.0537943988549749,0.051796008493494,0.0489762940005319,0.0456449771482719,0.0420412944048332,0.0385515405884382,0.0352365222404553,0.0330545483289315,0.0338596148191014,0.0345354139580055,0.0335112270609491]},"AdultARTMale":{"countryName":"Myanmar (Burma)","countryCode":104,"startYear":2000,"endYear":2023,"values":[0.0,0.0,0.0100441710260865,0.0707994330699178,0.271572901346957,1.3703077099372,2.77821375664953,4.36322456747761,5.65585607113222,7.88126269533795,10.99796455136,14.6329840497165,19.0008042171262,23.5314948009206,29.5303688701748,36.2617943813811,43.6415752441249,50.6375311760213,58.2459988756913,65.1308877595292,70.9339487651891,67.3284737847091,72.9688692336286,72.03]},"AdultARTFemale":{"countryName":"Myanmar (Burma)","countryCode":104,"startYear":2000,"endYear":2023,"values":[0.0,0.0,0.00696424961690107,0.0407572913089008,0.159669142016033,0.817253401299454,2.95402258594931,5.17941443490708,7.1435797383247,9.43242540130505,13.0960738943067,17.182073945393,23.1045837747694,28.8310834933655,35.9428106945293,44.2970125651921,52.1991809614148,58.8603731426032,65.4784694554889,71.0029044595236,75.2443230734286,72.3782820055314,78.0206114964908,76.85]},"PercLostToFollowup":{"countryName":"Myanmar (Burma)","countryCode":104,"startYear":2000,"endYear":2023,"values":[0.0,0.0,0.0,0.0,0.0,0.0,0.0,0.0,0.0,0.0,0.0,0.0,0.0,0.0,0.0,0.0,0.0,0.0,3.45,3.98,4.37,5.36,4.49,0.0]},"ChildART":{"countryName":"Myanmar (Burma)","countryCode":104,"startYear":2000,"endYear":2023,"values":[0.0,0.0,0.0,0.0,0.0,2.46001496647782,5.33100014236125,10.9046464338127,14.5659518811144,21.5210641464137,29.7501458592152,41.1355702861033,53.8821586710179,63.8828505002637,71.9867169395483,85.6339646214889,88.5970829401944,91.7940805570344,93.8527925030327,94.2763488277902,91.3789874420839,74.617063801253,69.5487624726999,82.26]},"ChildCotrim":{"countryName":"Myanmar (Burma)","countryCode":104,"startYear":2000,"endYear":2023,"values":[0.0,0.0,0.0,0.0,0.0,0.0,0.0,0.0,2.78827,9.36768,11.15492,12.22632,13.48594,10.84852,13.6721,17.46253,19.16777,19.24302,19.5721,20.11926,20.45025,20.45025,20.45025,20.45025]},"PMTCTSingleDoseNevirapine":{"countryName":"Myanmar (Burma)","countryCode":104,"startYear":2000,"endYear":2023,"values":[0.0,0.0,0.0,0.0,4.21037521957107,7.58055615665631,10.100879978978,17.5416033683957,22.6204129121439,18.1174995539828,4.67878765074635,9.75361176561733,9.25219537630409,0.0,0.0,0.0,0.0,0.0,0.0,0.0,0.0,0.0,0.0,0.0]},"PMTCTDualARV":{"countryName":"Myanmar (Burma)","countryCode":104,"startYear":2000,"endYear":2023,"values":[0.0,0.0,0.0,0.0,0.0,0.0,0.0,0.0,0.0,9.2414291912368,30.4014375662651,32.5685818956266,34.121422128101,0.0,0.0,0.0,0.0,0.0,0.0,0.0,0.0,0.0,0.0,0.0]},"PMTCTOptA":{"countryName":"Myanmar (Burma)","countryCode":104,"startYear":2000,"endYear":2023,"values":[0.0,0.0,0.0,0.0,0.0,0.0,0.0,0.0,0.0,0.0,0.0,0.0,0.0,40.6710315156615,39.8137423925075,10.9865004534804,0.0,0.0,0.0,0.0,0.0,0.0,0.0,0.0]},"PMTCTOptB":{"countryName":"Myanmar (Burma)","countryCode":104,"startYear":2000,"endYear":2023,"values":[0.0,0.0,0.0,0.0,0.0,0.0,0.0,0.0,0.0,0.0,0.0213643271723577,0.0,0.105378079456766,0.125013416544041,0.102771663377665,32.899025211156,43.6387008323965,23.4961631529593,23.7790016478387,14.4445458727345,7.70356083299902,3.43723000923078,0.877135183469478,1.60038070691237]},"PMTCTOptBPlusStartBefPreg":{"countryName":"Myanmar (Burma)","countryCode":104,"startYear":2000,"endYear":2023,"values":[0.0,0.0,0.0,0.0,0.0,0.095352907630897,0.276736437780219,0.534262031524741,0.742368763525959,0.752209352775088,1.55959588358212,3.73181667554055,4.88954288679396,4.79218096752159,6.00186514125564,12.962054663464,14.9635435914365,25.7783073781201,29.2726327199363,35.1958652955361,41.0230272001167,41.4413202999711,9.37859926940442,22.7764326693906]},"PMTCTOptBPlusStartDurPregGT4Wks":{"countryName":"Myanmar (Burma)","countryCode":104,"startYear":2000,"endYear":2023,"values":[0.0,0.0,0.0,0.0,0.0,0.0,0.0,0.155826425861383,0.764203138923781,1.0745847896787,2.32871166178699,4.83439887513207,10.2849005549804,11.0845229335717,13.9358375540114,12.4984041856107,14.4270021877595,24.1311945895258,20.6712906399003,26.5901710643154,36.6597637472799,28.2328452330528,8.83882377188474,14.310650669057]},"PMTCTOptBPlusStartDurPregLT4Wks":{"countryName":"Myanmar (Burma)","countryCode":104,"startYear":2000,"endYear":2023,"values":[0.0,0.0,0.0,0.0,0.0,0.0,0.0,0.0,0.0,0.0,0.0,0.0,0.0,0.0,0.0,0.0,0.0,7.60053250640492,8.98228730036403,11.3115035285076,2.96451392489393,11.3061087725012,3.75593783690776,6.05361397832071]},"AdultHIVPrev":{"countryName":"Myanmar (Burma)","countryCode":104,"startYear":1970,"endYear":2023,"values":[0.0,0.0,0.0,0.0,0.0,0.0,0.0,0.0,0.0,0.0,0.0,0.0,1.24101950401941e-5,7.39029745963651e-5,0.000293627031254709,0.000948430784415208,0.00252248286372728,0.0058331964730794,0.0131706017483535,0.0323413344394966,0.0817621443884633,0.162030353412068,0.237250013144039,0.29120277374427,0.336115627718136,0.377949459233168,0.421191788230042,0.467799113326551,0.51884388424811,0.576096979340571,0.633012044408682,0.683614043803302,0.726604385379199,0.762159407656886,0.790230039261646,0.810820794446307,0.826097194138111,0.837762757682003,0.845933304195023,0.85008122660571,0.852369976497483,0.854558471434277,0.857837672132987,0.862519792525548,0.867333997107412,0.871603465110444,0.874601235909193,0.875543277708162,0.874129779399676,0.870589292871104,0.866094526098561,0.864994195271751,0.862887557369456,0.861121542498023]},"SexRatio":{"countryName":"Myanmar (Burma)","countryCode":104,"startYear":1970,"endYear":2023,"values":[0.0,0.0,0.0,0.0,0.0,0.0,0.0,0.0,0.0,0.0,0.0,0.0,0.0233,0.0743,0.09888,0.10544,0.12524,0.14935,0.15341,0.12149,0.08661,0.08786,0.15007,0.25026,0.33809,0.39689,0.42547,0.44153,0.45973,0.48124,0.52945,0.5892,0.63424,0.65999,0.67665,0.69708,0.70782,0.72033,0.73989,0.73522,0.69966,0.66336,0.64532,0.63366,0.62478,0.62493,0.62788,0.62954,0.62231,0.60748,0.57766,0.5204,0.49044,0.50125]},"PercNotBFNotRecARVs":{"countryName":"Myanmar (Burma)","countryCode":104,"<2":0.0,"2-3":1.66667,"4-5":3.33333,"6-7":5.0,"8-9":16.66667,"10-11":28.33333,"12-13":40.0,"14-15":46.66667,"16-17":53.33333,"18-19":60.0,"20-21":66.66667,"22-23":73.33333,"24-25":80.0,"26-27":84.0,"28-29":88.0,"30-31":92.0,"32-33":96.0,"34-35":100.0},"PercNotBFRecARVs":{"countryName":"Myanmar (Burma)","countryCode":104,"<2":38.0,"2-3":38.0,"4-5":38.0,"6-7":38.0,"8-9":44.88889,"10-11":51.77778,"12-13":58.66667,"14-15":65.55556,"16-17":72.44444,"18-19":79.33333,"20-21":86.22222,"22-23":93.11111,"24-25":100.0,"26-27":100.0,"28-29":100.0,"30-31":100.0,"32-33":100.0,"34-35":100.0},"LocalAdjustmentFactor":{"countryName":"Myanmar (Burma)","countryCode":104,"value":0.77093},"NewARTPatAllocation":{"countryName":"Myanmar (Burma)","countryCode":104,"NewARTPatAllocationMethod":3.0,"ExpectedMortality":0.2,"ProportionEligible":0.8}}