{"countryCode":499,"subnatCode":0,"Incidence":{"countryName":"Montenegro","countryCode":499,"startYear":1970,"endYear":2023,"values":[0.0,0.000148348086290047,0.000168316943678084,0.000188332708118915,0.000208354862135497,0.000228382585260157,0.00024842105805998,0.000278387509072367,0.000308380550765299,0.000338375297248239,0.000368333858804142,0.000408735489407522,0.000449068156277709,0.000499266545328767,0.000549445326838215,0.000609674092731802,0.000670004749639133,0.000739949200835882,0.000819867229360447,0.000899532503356892,0.000998756369504945,0.00109739944533172,0.00120583849847839,0.00133549299096131,0.00146551758374949,0.00162571376283952,0.00178678950094992,0.00197774968665996,0.00217869846143054,0.00241035818362754,0.00265269800150381,0.00292416576561406,0.00322646179672132,0.00355030543684611,0.00390124327770754,0.00427565230636086,0.00467780138079976,0.0050903829001908,0.00552255494287749,0.00593439924681033,0.00633540877483174,0.00666742876575763,0.00698348312040124,0.00723454425367731,0.00743848252008062,0.0075743490243897,0.00769585279717345,0.00776760650555189,0.00781518692275184,0.00785858930615432,0.00788077880202315,0.00788367640424972,0.00789643075820397,0.00790056047500671]},"AdultARTMale":{"countryName":"Montenegro","countryCode":499,"startYear":2000,"endYear":2023,"values":[3.99189485668299,7.159769541338,8.00823374560788,8.51210527771808,8.88936637485417,14.7356186313081,16.1583224752773,18.0681579702665,18.6726566384217,21.2613571388196,25.671771004643,25.6003886496212,26.6520084246455,29.9475453768951,32.359078524389,33.8863063805942,40.2096806173215,46.4561914149185,50.9038168465007,53.8795534705066,55.9439718883779,56.2252130388518,60.6191670729214,66.9939273880504]},"AdultARTFemale":{"countryName":"Montenegro","countryCode":499,"startYear":2000,"endYear":2023,"values":[11.7768706970259,10.5143847297488,9.49213292023571,8.58863037111472,23.1759557184739,20.7579129164037,18.8181806206612,22.8807034443467,26.0940450257966,23.9179404165836,21.9828147147686,20.3257898906838,22.7312593079771,24.7286385188817,33.0797549584072,33.9871639750892,37.6134552009282,40.8305811253289,46.2521735309603,50.9955422610986,46.163213735218,42.2938397909349,49.6154800297693,68.2626332414201]},"PercLostToFollowup":{"countryName":"Montenegro","countryCode":499,"startYear":2000,"endYear":2023,"values":[1.5,1.5,1.5,1.5,1.5,1.5,1.5,1.5,1.5,1.5,1.5,1.5,1.5,1.5,1.5,1.5,1.5,1.5,1.5,1.5,1.5,0.4,0.9,0.4]},"ChildART":{"countryName":"Montenegro","countryCode":499,"startYear":2000,"endYear":2023,"values":[48.9387629259508,54.9628725795725,57.8261975805519,74.80046974695,80.7359892782606,84.554797850617,86.9841297455279,44.5402554829055,44.5934857835967,0.0,0.0,0.0,0.0,0.0,34.0206641514056,55.9731776532686,67.5114600703469,86.5119256689535,0.0,0.0,0.0,0.0,0.0,0.0]},"ChildCotrim":{"countryName":"Montenegro","countryCode":499,"startYear":2000,"endYear":2023,"values":[0.0,0.0,0.0,0.0,0.0,0.0,0.0,0.0,0.0,0.0,0.0,0.0,0.0,0.0,0.0,0.0,0.0,0.0,0.0,0.0,0.0,0.0,0.0,0.0]},"PMTCTSingleDoseNevirapine":{"countryName":"Montenegro","countryCode":499,"startYear":2000,"endYear":2023,"values":[0.0,0.0,0.0,0.0,0.0,0.0,0.0,0.0,0.0,0.0,0.0,0.0,0.0,0.0,0.0,0.0,0.0,0.0,0.0,0.0,0.0,0.0,0.0,0.0]},"PMTCTDualARV":{"countryName":"Montenegro","countryCode":499,"startYear":2000,"endYear":2023,"values":[0.0,0.0,0.0,0.0,0.0,0.0,0.0,0.0,0.0,0.0,0.0,0.0,0.0,0.0,0.0,0.0,0.0,0.0,0.0,0.0,0.0,0.0,0.0,0.0]},"PMTCTOptA":{"countryName":"Montenegro","countryCode":499,"startYear":2000,"endYear":2023,"values":[0.0,0.0,0.0,0.0,0.0,0.0,0.0,0.0,0.0,0.0,0.0,0.0,0.0,0.0,0.0,0.0,0.0,0.0,0.0,0.0,0.0,0.0,0.0,0.0]},"PMTCTOptB":{"countryName":"Montenegro","countryCode":499,"startYear":2000,"endYear":2023,"values":[0.0,0.0,0.0,0.0,0.0,0.0,0.0,0.0,0.0,0.0,0.0,0.0,0.0,0.0,0.0,0.0,0.0,0.0,0.0,0.0,0.0,0.0,0.0,0.0]},"PMTCTOptBPlusStartBefPreg":{"countryName":"Montenegro","countryCode":499,"startYear":2000,"endYear":2023,"values":[0.0,0.0,0.0,0.0,0.0,0.0,0.0,0.0,0.0,0.0,0.0,0.0,0.0,0.0,0.0,0.0,0.0,0.0,74.7674731584771,71.4857600366007,0.0,100.0,95.0,67.2675904749092]},"PMTCTOptBPlusStartDurPregGT4Wks":{"countryName":"Montenegro","countryCode":499,"startYear":2000,"endYear":2023,"values":[0.0,0.0,0.0,0.0,0.0,0.0,0.0,0.0,0.0,0.0,0.0,0.0,0.0,0.0,93.3157899648199,0.0,0.0,0.0,0.0,0.0,71.3449958619902,0.0,0.0,0.0]},"PMTCTOptBPlusStartDurPregLT4Wks":{"countryName":"Montenegro","countryCode":499,"startYear":2000,"endYear":2023,"values":[0.0,0.0,0.0,0.0,0.0,0.0,0.0,0.0,0.0,0.0,0.0,0.0,0.0,0.0,0.0,0.0,0.0,0.0,0.0,0.0,0.0,0.0,0.0,0.0]},"AdultHIVPrev":{"countryName":"Montenegro","countryCode":499,"startYear":1970,"endYear":2023,"values":[0.0,0.000145165110059979,0.000304147236732973,0.000475973011622358,0.000659401928293627,0.000853079941021706,0.0010555860576927,0.0012753721211771,0.0015108372712011,0.00176054410862486,0.00202290381805948,0.00231008581084739,0.00261837758979158,0.00295504845663514,0.00331795622536485,0.00371599289168907,0.00414807560185941,0.00461712634592866,0.00513097883123515,0.00568440731650824,0.00628986657915797,0.0069404637440996,0.00764214762417838,0.00841398703431023,0.00925482503560275,0.010189907832806,0.0112245852859889,0.012378509780513,0.0136525478233799,0.0153765750966384,0.0173986544167019,0.0194333037992725,0.0217352897292469,0.0245656917739734,0.0275255409747917,0.0309721995003631,0.0348494368284667,0.0390533517831636,0.0435844475282651,0.0483977640458581,0.053994619186931,0.0594544506931811,0.0649169404840482,0.0705995343637,0.0761521864626697,0.0819186301254597,0.0875084960227705,0.0932611655226326,0.098944586632183,0.104653310020269,0.110289587858373,0.115306877462832,0.120007339641294,0.124733067379854]},"SexRatio":{"countryName":"Montenegro","countryCode":499,"startYear":1970,"endYear":2023,"values":[0.24,0.23711,0.23421,0.23132,0.22842,0.22553,0.22263,0.21974,0.21684,0.21395,0.21105,0.20816,0.20526,0.20237,0.19947,0.19658,0.19368,0.19079,0.1879,0.185,0.1821,0.17921,0.17632,0.17342,0.17053,0.16763,0.16474,0.16184,0.15895,0.15605,0.15316,0.15026,0.14737,0.14447,0.14158,0.13868,0.13579,0.1329,0.13,0.13,0.13,0.13,0.13,0.13,0.13,0.13,0.13,0.13,0.13,0.13,0.13,0.13,0.13,0.13]},"PercNotBFNotRecARVs":{"countryName":"Montenegro","countryCode":499,"<2":100.0,"2-3":100.0,"4-5":100.0,"6-7":100.0,"8-9":100.0,"10-11":100.0,"12-13":100.0,"14-15":100.0,"16-17":100.0,"18-19":100.0,"20-21":100.0,"22-23":100.0,"24-25":100.0,"26-27":100.0,"28-29":100.0,"30-31":100.0,"32-33":100.0,"34-35":100.0},"PercNotBFRecARVs":{"countryName":"Montenegro","countryCode":499,"<2":100.0,"2-3":100.0,"4-5":100.0,"6-7":100.0,"8-9":100.0,"10-11":100.0,"12-13":100.0,"14-15":100.0,"16-17":100.0,"18-19":100.0,"20-21":100.0,"22-23":100.0,"24-25":100.0,"26-27":100.0,"28-29":100.0,"30-31":100.0,"32-33":100.0,"34-35":100.0},"LocalAdjustmentFactor":{"countryName":"Montenegro","countryCode":499,"value":1.0},"NewARTPatAllocation":{"countryName":"Montenegro","countryCode":499,"NewARTPatAllocationMethod":3.0,"ExpectedMortality":0.2,"ProportionEligible":0.8}}