{"countryName":"Montenegro","subnatCode":0,"Incidence":{"countryName":"Montenegro","countryCode":499,"startYear":1970,"endYear":2022,"values":[0.0,0.0,0.0,0.0,1e-5,2e-5,2e-5,3e-5,5e-5,6e-5,8e-5,0.0001,0.00013,0.00017,0.00022,0.00027,0.00034,0.00042,0.00051,0.00062,0.00075,0.00088,0.00102,0.00116,0.00131,0.00146,0.00161,0.00177,0.00192,0.00208,0.00225,0.00246,0.00273,0.00305,0.00343,0.00388,0.00443,0.00505,0.00577,0.00649,0.00712,0.00763,0.00805,0.00833,0.00848,0.00849,0.00838,0.00812,0.00773,0.00723,0.00662,0.00591,0.00514]},"AdultARTMale":{"countryName":"Montenegro","countryCode":499,"startYear":2000,"endYear":2022,"values":[16.698,28.08833,29.58956,30.38002,30.50244,47.88686,49.47149,52.32263,51.59201,56.09207,48.39577,46.437,46.55294,38.00068,40.02047,41.15071,37.13781,42.73898,46.83707,49.76431,52.08745,52.97807,58.06658]},"AdultARTFemale":{"countryName":"Montenegro","countryCode":499,"startYear":2000,"endYear":2022,"values":[48.79596,39.38,33.21851,29.04486,73.7766,61.85082,52.93227,60.9943,66.31291,58.17891,39.81076,36.0517,39.36114,31.65543,41.24916,41.53981,35.43159,38.32954,43.45462,48.18467,43.99853,40.48329,48.11768]},"MedianCD4AtInit":{"countryName":"Montenegro","countryCode":499,"startYear":2000,"endYear":2022,"values":[117.30783,92.31649,89.59596,85.18062,119.56597,95.85831,98.04051,98.14935,98.46524,96.13131,124.68421,120.83742,102.95235,116.71218,119.93738,116.23563,136.60454,154.65128,160.69203,160.79124,157.76557,145.47442,143.09525]},"PercLostToFollowup":{"countryName":"Montenegro","countryCode":499,"startYear":2000,"endYear":2022,"values":[0.0,0.0,0.0,0.0,0.0,0.0,0.0,0.0,0.0,0.0,0.0,0.0,0.0,0.0,0.0,0.0,0.0,0.0,0.0,0.0,0.0,0.0,0.0]},"ChildART":{"countryName":"Montenegro","countryCode":499,"startYear":2000,"endYear":2022,"values":[2215.82096,1730.70267,1349.34557,2169.90344,1828.15356,384.34191,205.07983,59.71575,57.07339,0.0,0.0,0.0,0.0,0.0,50.36591,96.9617,72.51868,79.29994,0.0,0.0,0.0,0.0,0.0]},"ChildCotrim":{"countryName":"Montenegro","countryCode":499,"startYear":2000,"endYear":2022,"values":[0.0,0.0,0.0,0.0,0.0,0.0,0.0,0.0,0.0,0.0,0.0,0.0,0.0,0.0,0.0,0.0,0.0,0.0,0.0,0.0,0.0,0.0,0.0]},"PMTCTSingleDoseNevirapine":{"countryName":"Montenegro","countryCode":499,"startYear":2000,"endYear":2022,"values":[0.0,0.0,0.0,0.0,0.0,0.0,0.0,0.0,0.0,0.0,0.0,0.0,0.0,0.0,0.0,0.0,0.0,0.0,0.0,0.0,0.0,0.0,0.0]},"PMTCTDualARV":{"countryName":"Montenegro","countryCode":499,"startYear":2000,"endYear":2022,"values":[0.0,0.0,0.0,0.0,0.0,0.0,0.0,0.0,0.0,0.0,0.0,0.0,0.0,0.0,0.0,0.0,0.0,0.0,0.0,0.0,0.0,0.0,0.0]},"PMTCTOptA":{"countryName":"Montenegro","countryCode":499,"startYear":2000,"endYear":2022,"values":[0.0,0.0,0.0,0.0,0.0,0.0,0.0,0.0,0.0,0.0,0.0,0.0,0.0,0.0,0.0,0.0,0.0,0.0,0.0,0.0,0.0,0.0,0.0]},"PMTCTOptB":{"countryName":"Montenegro","countryCode":499,"startYear":2000,"endYear":2022,"values":[0.0,0.0,0.0,0.0,0.0,0.0,0.0,0.0,0.0,0.0,0.0,0.0,0.0,0.0,0.0,0.0,0.0,0.0,0.0,0.0,0.0,0.0,0.0]},"PMTCTOptBPlusStartBefPreg":{"countryName":"Montenegro","countryCode":499,"startYear":2000,"endYear":2022,"values":[0.0,0.0,0.0,0.0,0.0,0.0,0.0,0.0,0.0,0.0,0.0,0.0,0.0,0.0,0.0,0.0,0.0,63.92023,61.60822,0.0,99.0,95.0,62.54926]},"PMTCTOptBPlusStartDurPregGT4Wks":{"countryName":"Montenegro","countryCode":499,"startYear":2000,"endYear":2022,"values":[0.0,0.0,0.0,0.0,0.0,0.0,0.0,0.0,0.0,0.0,0.0,0.0,0.0,85.90401,0.0,0.0,0.0,0.0,0.0,59.12157,0.0,0.0,0.0]},"PMTCTOptBPlusStartDurPregLT4Wks":{"countryName":"Montenegro","countryCode":499,"startYear":2000,"endYear":2022,"values":[0.0,0.0,0.0,0.0,0.0,0.0,0.0,0.0,0.0,0.0,0.0,0.0,0.0,0.0,0.0,0.0,0.0,0.0,0.0,0.0,0.0,0.0,0.0]},"PMTCTPostnatalOptA":{"countryName":"Montenegro","countryCode":499,"startYear":2000,"endYear":2022,"values":[0.0,0.0,0.0,0.0,0.0,0.0,0.0,0.0,0.0,0.0,0.0,0.0,0.0,0.0,0.0,0.0,0.0,0.0,0.0,0.0,0.0,0.0,0.0]},"PMTCTPostnatalOptB":{"countryName":"Montenegro","countryCode":499,"startYear":2000,"endYear":2022,"values":[0.0,0.0,0.0,0.0,0.0,0.0,0.0,0.0,0.0,0.0,0.0,0.0,0.0,0.0,0.0,0.0,0.0,0.0,0.0,0.0,0.0,0.0,0.0]},"PercentHIVPopEligible":{"countryName":"Montenegro","countryCode":499,"TB\/HIV":5,"TB\/HIV Year":2009,"DC":40,"DC Year":2011,"FSW":2,"FSW Year":2015,"MSM":5,"MSM Year":2015,"IDU":0.5,"IDU Year":2015,"Other":10,"Other Year":2015},"AdultHIVPrev":{"countryName":"Montenegro","countryCode":499,"startYear":1970,"endYear":2022,"values":[0.0,0.0,0.0,0.0,1e-5,3e-5,5e-5,8e-5,0.00012,0.00018,0.00025,0.00034,0.00045,0.0006,0.00079,0.00102,0.00131,0.00167,0.00209,0.00261,0.00322,0.00392,0.0047,0.00557,0.00653,0.00758,0.00871,0.00994,0.01123,0.01275,0.01447,0.01639,0.01853,0.02093,0.02373,0.02726,0.03141,0.03616,0.04127,0.04698,0.05323,0.06,0.06695,0.074,0.08104,0.08775,0.09452,0.10114,0.10728,0.11299,0.11804,0.12192,0.12462]},"SexRatio":{"countryName":"Montenegro","countryCode":499,"startYear":1970,"endYear":2022,"values":[0.24,0.24,0.23,0.23,0.23,0.23,0.22,0.22,0.22,0.21,0.21,0.21,0.21,0.2,0.2,0.2,0.19,0.19,0.19,0.18,0.18,0.18,0.18,0.17,0.17,0.17,0.16,0.16,0.16,0.16,0.15,0.15,0.15,0.14,0.14,0.14,0.14,0.13,0.13,0.13,0.13,0.13,0.13,0.13,0.13,0.13,0.13,0.13,0.13,0.13,0.13,0.13,0.13]},"PercNotBFNotRecARVs":{"countryName":"Montenegro","countryCode":499,"<2":100,"2-3":100,"4-5":100,"6-7":100,"8-9":100,"10-11":100,"12-13":100,"14-15":100,"16-17":100,"18-19":100,"20-21":100,"22-23":100,"24-25":100,"26-27":100,"28-29":100,"30-31":100,"32-33":100,"34-35":100},"PercNotBFRecARVs":{"countryName":"Montenegro","countryCode":499,"<2":100,"2-3":100,"4-5":100,"6-7":100,"8-9":100,"10-11":100,"12-13":100,"14-15":100,"16-17":100,"18-19":100,"20-21":100,"22-23":100,"24-25":100,"26-27":100,"28-29":100,"30-31":100,"32-33":100,"34-35":100},"LocalAdjustmentFactor":{"countryName":"Montenegro","countryCode":499,"nan":1},"NewARTPatAllocation":{"countryName":"Montenegro","countryCode":499,"NewARTPatAllocationMethod":3,"ExpectedMortality":0.6,"ProportionEligible":0.4,"NotDefault":1}}