{"countryName":"Mozambique","subnatCode":0,"Incidence":{"countryName":"Mozambique","countryCode":508,"startYear":1970,"endYear":2020,"values":[0.0,0.0,0.0,0.0,0.0,0.00048,0.00543,0.00384,0.00575,0.00872,0.01351,0.02002,0.0303,0.0447,0.06548,0.09295,0.12748,0.17356,0.23184,0.30403,0.39505,0.51319,0.63539,0.78252,0.92528,1.06351,1.19907,1.32634,1.43718,1.53516,1.59377,1.6109,1.53937,1.50788,1.43816,1.39734,1.35349,1.31397,1.28795,1.25854,1.24186,1.20635,1.16657,1.12448,1.04827,0.9781,0.90314,0.82415,0.75178,0.69428,0.64877]},"AdultARTMale":{"countryName":"Mozambique","countryCode":508,"startYear":2000,"endYear":2020,"values":[0.0,0.0,0.0,1.45063,2.86144,6.51619,13.77239,24.25475,31.0828,29.68496,33.95318,29.73562,28.85464,38.51413,42.50774,49.71808,45.36574,53.47551,49.32202,53.35648,61.87072]},"AdultARTFemale":{"countryName":"Mozambique","countryCode":508,"startYear":2000,"endYear":2020,"values":[0.0,0.0,0.0,1.08581,2.21139,5.19799,11.21646,23.79408,31.46772,32.34152,38.58538,34.44004,36.16664,48.74422,55.12274,64.88261,65.11609,71.36087,69.12859,73.93981,72.59813]},"MedianCD4AtInit":{"countryName":"Mozambique","countryCode":508,"startYear":2000,"endYear":2020,"values":[0.0,0.0,0.0,0.0,0.0,0.0,0.0,0.0,0.0,0.0,0.0,0.0,0.0,0.0,0.0,0.0,0.0,0.0,0.0,0.0,0.0]},"PercLostToFollowup":{"countryName":"Mozambique","countryCode":508,"startYear":2000,"endYear":2020,"values":[0.0,0.0,0.0,0.0,0.0,0.0,0.0,0.0,0.0,0.0,0.0,0.0,0.56802,0.42057,0.50071,0.5681,0.46109,0.47621,0.45152,0.45914,0.0]},"ChildART":{"countryName":"Mozambique","countryCode":508,"startYear":2000,"endYear":2020,"values":[0.0,0.0,0.0,1.45297,3.19033,7.07999,13.56834,22.73734,23.28855,23.46965,24.2439,28.84193,32.78968,45.82082,62.02837,59.94357,59.2811,61.53311,66.11745,73.70677,65.90376]},"ChildCotrim":{"countryName":"Mozambique","countryCode":508,"startYear":2000,"endYear":2020,"values":[0.0,0.0,0.0,0.0,0.0,0.0,0.0,3.30454,6.59553,9.89773,13.20481,16.48951,19.76238,23.02073,26.25585,29.38043,32.44791,38.16164,42.57421,45.07507,47.47302]},"PMTCTSingleDoseNevirapine":{"countryName":"Mozambique","countryCode":508,"startYear":2000,"endYear":2020,"values":[0.0,0.0,0.3723,2.05917,4.41551,7.53333,15.24491,20.92064,21.33695,36.41424,20.08023,22.08264,5.42923,5.92072,1.26336,0.60242,0.49276,0.73236,0.27331,0.16005,0.0]},"PMTCTDualARV":{"countryName":"Mozambique","countryCode":508,"startYear":2000,"endYear":2020,"values":[0.0,0.0,0.0,0.0,0.0,0.0,0.0,29.21849,26.06774,33.26306,18.00375,44.93587,0.0,0.0,0.0,0.0,0.0,0.0,0.0,0.0,0.0]},"PMTCTOptA":{"countryName":"Mozambique","countryCode":508,"startYear":2000,"endYear":2020,"values":[0.0,0.0,0.0,0.0,0.0,0.0,0.0,0.0,0.0,0.0,0.0,0.0,71.97099,45.58837,13.23614,8.46975,4.51126,2.9709,1.2372,0.31744,0.22492]},"PMTCTOptB":{"countryName":"Mozambique","countryCode":508,"startYear":2000,"endYear":2020,"values":[0.0,0.0,0.0,0.0,0.0,0.0,0.0,0.0,0.0,0.0,0.0,0.0,0.0,0.0,0.0,0.0,0.0,0.0,0.0,0.0,0.0]},"PMTCTOptBPlusStartBefPreg":{"countryName":"Mozambique","countryCode":508,"startYear":2000,"endYear":2020,"values":[0.0,0.0,0.0,0.0,0.0,0.0,0.0,0.0,0.0,0.0,0.0,0.0,0.0,0.0,23.93515,30.76333,38.84323,42.09557,49.68751,57.01926,60.68149]},"PMTCTOptBPlusStartDurPregGT4Wks":{"countryName":"Mozambique","countryCode":508,"startYear":2000,"endYear":2020,"values":[0.0,0.0,0.0,0.0,0.0,0.35433,1.19315,4.36542,7.63092,9.0672,7.40528,9.68048,13.17312,45.69735,61.56536,60.1645,55.8713,54.20117,48.80198,42.50325,39.09359]},"PMTCTOptBPlusStartDurPregLT4Wks":{"countryName":"Mozambique","countryCode":508,"startYear":2000,"endYear":2020,"values":[0.0,0.0,0.0,0.0,0.0,0.0,0.0,0.0,0.0,0.0,0.0,0.0,0.0,0.0,0.0,0.0,0.0,0.0,0.0,0.0,0.0]},"PMTCTPostnatalOptA":{"countryName":"Mozambique","countryCode":508,"startYear":2000,"endYear":2020,"values":[0.0,0.0,0.0,0.0,0.0,0.0,0.0,0.0,0.0,0.0,0.0,0.0,52.57425,37.20586,11.28195,7.73344,3.9398,2.79735,1.27863,0.33242,0.0]},"PMTCTPostnatalOptB":{"countryName":"Mozambique","countryCode":508,"startYear":2000,"endYear":2020,"values":[0.0,0.0,0.0,0.0,0.0,0.0,0.0,0.0,0.0,0.0,0.0,0.0,0.0,0.0,0.0,0.0,0.0,0.0,0.0,0.0,0.0]},"PercentHIVPopEligible":{"countryName":"Mozambique","countryCode":508,"TB\/HIV":5,"TB\/HIV Year":2012,"DC":40,"DC Year":2011,"FSW":2,"FSW Year":2014,"MSM":5,"MSM Year":2014,"IDU":0.5,"IDU Year":2015,"Other":10,"Other Year":2015},"AdultHIVPrev":{"countryName":"Mozambique","countryCode":508,"startYear":1970,"endYear":2020,"values":[0.0,0.0,0.0,0.0,0.0,0.00047,0.00573,0.00917,0.01425,0.02192,0.03381,0.0514,0.07805,0.11726,0.17458,0.25616,0.36405,0.50849,0.69668,0.93701,1.24148,1.6354,2.11778,2.70389,3.37955,4.13239,4.94917,5.81214,6.69938,7.59562,8.45777,9.24482,9.87714,10.39166,10.7603,11.02773,11.21845,11.36895,11.52797,11.67245,11.79277,11.88316,11.9427,11.97793,11.99954,12.00909,11.98594,11.91526,11.80568,11.66196,11.48724]},"SexRatio":{"countryName":"Mozambique","countryCode":508,"startYear":1970,"endYear":2020,"values":[0.0,0.0,0.0,0.0,0.0,0.34689,0.34612,0.45181,0.54293,0.63315,0.71403,0.80394,0.87494,0.94519,1.01506,1.07458,1.12535,1.1765,1.2249,1.26345,1.2929,1.32155,1.34106,1.35911,1.36848,1.37792,1.38513,1.38395,1.38331,1.38256,1.38346,1.38304,1.38141,1.38217,1.38204,1.38152,1.38126,1.38024,1.38039,1.38012,1.37955,1.42894,1.47846,1.52785,1.57648,1.62579,1.67589,1.72368,1.77122,1.81747,1.86281]},"PercNotBFNotRecARVs":{"countryName":"Mozambique","countryCode":508,"<2":0,"2-3":0,"4-5":0,"6-7":0,"8-9":0,"10-11":0,"12-13":0,"14-15":0,"16-17":0,"18-19":0,"20-21":0,"22-23":0,"24-25":0,"26-27":0,"28-29":0,"30-31":0,"32-33":0,"34-35":0},"PercNotBFRecARVs":{"countryName":"Mozambique","countryCode":508,"<2":9.91359,"2-3":9.91367,"4-5":9.91734,"6-7":9.96007,"8-9":10.21752,"10-11":11.2621,"12-13":14.45162,"14-15":21.98836,"16-17":35.41733,"18-19":52.77842,"20-21":69.14481,"22-23":81.20079,"24-25":88.84667,"26-27":93.37034,"28-29":95.99411,"30-31":97.52478,"32-33":98.43357,"34-35":98.9852},"LocalAdjustmentFactor":{"countryName":"Mozambique","countryCode":508,"value":0.73453}}