{"countryCode":508,"subnatCode":0,"Incidence":{"countryName":"Mozambique","countryCode":508,"startYear":1970,"endYear":2022,"values":[0.0,0.0,0.0,0.0,0.0,0.0,0.0083,0.00508,0.00795,0.01228,0.01889,0.02868,0.04341,0.06523,0.09287,0.13228,0.18723,0.25211,0.32833,0.42373,0.51865,0.62914,0.74437,0.86281,0.97238,1.10322,1.23019,1.3513,1.44184,1.51079,1.55088,1.54748,1.50651,1.45228,1.3996,1.36181,1.32141,1.29344,1.27567,1.27447,1.28207,1.27591,1.2624,1.21834,1.1364,1.0753,0.99353,0.91754,0.86945,0.8307,0.7883,0.69441,0.54763]},"AdultARTMale":{"countryName":"Mozambique","countryCode":508,"startYear":2000,"endYear":2022,"values":[0.0,0.0,0.0,1.11068,2.23765,5.19741,11.1556,19.89601,25.9738,19.42334,22.82673,26.4288,25.67421,28.01131,32.87465,38.84496,36.30056,43.13621,44.2366,47.82138,55.0773,69.01297,78.92646]},"AdultARTFemale":{"countryName":"Mozambique","countryCode":508,"startYear":2000,"endYear":2022,"values":[0.0,0.0,0.0,0.92069,1.90492,4.53523,9.86236,20.93521,27.8504,22.21279,27.05214,31.53795,32.90796,34.50408,46.03093,54.94069,55.5279,61.00141,61.56447,65.32615,63.45265,73.50526,83.33371]},"MedianCD4AtInit":{"countryName":"Mozambique","countryCode":508,"startYear":2000,"endYear":2022,"values":[0.0,0.0,0.0,139.81762,139.53928,138.51796,138.06554,138.09336,138.38341,179.79098,181.88629,179.54106,183.94013,238.78692,244.07849,245.77863,308.34284,309.43145,306.9826,300.97939,289.77913,301.628,323.91277]},"PercLostToFollowup":{"countryName":"Mozambique","countryCode":508,"startYear":2000,"endYear":2022,"values":[0.0,0.0,0.0,5.0,5.0,5.0,5.0,5.0,5.0,5.0,5.0,5.0,5.0,5.0,5.0,5.0,5.0,5.0,5.0,5.0,5.0,5.0,5.0]},"ChildART":{"countryName":"Mozambique","countryCode":508,"startYear":2000,"endYear":2022,"values":[0.0,0.0,0.0,1.66355,3.63477,8.03077,15.53007,16.30383,22.72546,22.99026,21.71537,27.60299,31.66747,47.33261,73.14605,72.90382,63.77513,70.05847,50.91161,56.65572,49.80056,60.52966,70.12859]},"ChildCotrim":{"countryName":"Mozambique","countryCode":508,"startYear":2000,"endYear":2022,"values":[0.0,0.0,0.0,0.0,0.0,0.0,5.81599,8.23439,10.65279,13.07119,15.48959,17.90799,20.3264,22.7448,25.1632,27.5816,30.0,31.26164,33.79335,30.36679,31.78286,37.34414,39.52902]},"PMTCTSingleDoseNevirapine":{"countryName":"Mozambique","countryCode":508,"startYear":2000,"endYear":2022,"values":[0.0,0.0,0.3,1.8,4.0,6.7,13.5,18.4,18.2,30.3,16.4,17.9,4.4,4.8,1.1,0.5,0.4,0.6,0.2,0.1,0.0,0.0,0.0]},"PMTCTDualARV":{"countryName":"Mozambique","countryCode":508,"startYear":2000,"endYear":2022,"values":[0.0,0.0,0.0,0.0,0.0,0.0,0.0,25.6,22.2,27.7,14.7,36.5,0.0,0.0,0.0,0.0,0.0,0.0,0.0,0.0,0.0,0.0,0.0]},"PMTCTOptA":{"countryName":"Mozambique","countryCode":508,"startYear":2000,"endYear":2022,"values":[0.0,0.0,0.0,0.0,0.0,0.0,0.0,0.0,0.0,0.0,0.0,0.0,58.1,36.6,11.1,7.2,3.6,2.6,1.1,0.3,0.0,0.0,0.0]},"PMTCTOptB":{"countryName":"Mozambique","countryCode":508,"startYear":2000,"endYear":2022,"values":[0.0,0.0,0.0,0.0,0.0,0.0,0.0,0.0,0.0,0.0,0.0,0.0,0.0,0.0,0.0,0.0,0.0,0.0,0.0,0.0,0.0,0.0,0.0]},"PMTCTOptBPlusStartBefPreg":{"countryName":"Mozambique","countryCode":508,"startYear":2000,"endYear":2022,"values":[0.0,0.0,0.0,0.0,0.0,0.0,0.0,0.0,0.0,0.0,0.0,0.0,0.0,0.0,20.0,26.0,30.6,36.7,43.3,50.6,51.2,56.7,61.0]},"PMTCTOptBPlusStartDurPregGT4Wks":{"countryName":"Mozambique","countryCode":508,"startYear":2000,"endYear":2022,"values":[0.0,0.0,0.0,0.0,0.0,0.3,1.1,3.8,6.5,7.5,6.1,7.9,10.6,36.7,51.5,50.9,44.0,47.2,42.5,37.7,33.0,32.1,31.5]},"PMTCTOptBPlusStartDurPregLT4Wks":{"countryName":"Mozambique","countryCode":508,"startYear":2000,"endYear":2022,"values":[0.0,0.0,0.0,0.0,0.0,0.0,0.0,0.0,0.0,0.0,0.0,0.0,0.0,0.0,0.0,0.0,0.0,0.0,0.0,0.0,0.0,0.0,0.0]},"PMTCTPostnatalOptA":{"countryName":"Mozambique","countryCode":508,"startYear":2000,"endYear":2022,"values":[0.0,0.0,0.0,0.0,0.0,0.0,0.0,0.0,0.0,0.0,0.0,0.0,0.0,0.0,0.0,0.0,0.0,0.0,0.0,0.0,0.0,0.0,0.0]},"PMTCTPostnatalOptB":{"countryName":"Mozambique","countryCode":508,"startYear":2000,"endYear":2022,"values":[0.0,0.0,0.0,0.0,0.0,0.0,0.0,0.0,0.0,0.0,0.0,0.0,0.0,0.0,0.0,0.0,0.0,0.0,0.0,0.0,0.0,0.0,0.0]},"PercentHIVPopEligible":{"countryName":"Mozambique","countryCode":508,"TB\/HIV":5,"TB\/HIV Year":2012,"DC":40,"DC Year":2011,"FSW":2,"FSW Year":2014,"MSM":5,"MSM Year":2014,"IDU":0.5,"IDU Year":2015,"Other":10,"Other Year":2015},"AdultHIVPrev":{"countryName":"Mozambique","countryCode":508,"startYear":1970,"endYear":2022,"values":[0.0,0.0,0.0,0.0,0.0,0.0,0.00818,0.01271,0.01976,0.03061,0.04702,0.07195,0.10948,0.16561,0.24462,0.35607,0.5122,0.7163,0.97887,1.31339,1.7132,2.18601,2.72806,3.34296,4.01812,4.74272,5.51924,6.32559,7.13262,7.91277,8.64006,9.27748,9.80059,10.21075,10.52235,10.76419,10.96261,11.16204,11.37093,11.56915,11.75385,11.92624,12.07092,12.19216,12.28457,12.35404,12.37563,12.3496,12.29456,12.2087,12.09715,11.90877,11.60106]},"SexRatio":{"countryName":"Mozambique","countryCode":508,"startYear":1970,"endYear":2022,"values":[0.25,0.25,0.25,0.25,0.25,0.25,0.35,0.45,0.55,0.64,0.72,0.81,0.89,0.96,1.03,1.09,1.14,1.2,1.25,1.29,1.32,1.35,1.37,1.39,1.4,1.41,1.42,1.42,1.42,1.42,1.42,1.42,1.42,1.42,1.42,1.42,1.42,1.42,1.42,1.42,1.42,1.47,1.53,1.58,1.63,1.68,1.73,1.78,1.84,1.89,1.94,1.94,1.94]},"PercNotBFNotRecARVs":{"countryName":"Mozambique","countryCode":508,"<2":9.91,"2-3":9.91,"4-5":9.92,"6-7":9.96,"8-9":10.22,"10-11":11.26,"12-13":14.45,"14-15":21.99,"16-17":35.42,"18-19":52.78,"20-21":69.14,"22-23":81.2,"24-25":88.85,"26-27":93.37,"28-29":95.99,"30-31":97.52,"32-33":98.43,"34-35":98.99},"PercNotBFRecARVs":{"countryName":"Mozambique","countryCode":508,"<2":9.91,"2-3":9.91,"4-5":9.92,"6-7":9.96,"8-9":10.22,"10-11":11.26,"12-13":14.45,"14-15":21.99,"16-17":35.42,"18-19":52.78,"20-21":69.14,"22-23":81.2,"24-25":88.85,"26-27":93.37,"28-29":95.99,"30-31":97.52,"32-33":98.43,"34-35":98.99},"LocalAdjustmentFactor":{"countryName":"Mozambique","countryCode":508,"value":0.94},"NewARTPatAllocation":{"countryName":"Mozambique","countryCode":508,"NewARTPatAllocationMethod":3,"ExpectedMortality":0.2,"ProportionEligible":0.8,"NotDefault":0}}