{"countryCode":478,"subnatCode":0,"Incidence":{"countryName":"Mauritania","countryCode":478,"startYear":1970,"endYear":2023,"values":[0.0,0.0,0.0,0.0,0.0,6.44564258227901e-5,7.61339120895307e-5,0.000169865423937956,0.000345084714183912,0.000695139045306636,0.00127320326032532,0.00224053156152316,0.00373264834304788,0.00605507853295337,0.0093495145398414,0.0142741466103966,0.020039964901778,0.02731005457664,0.0357932617111754,0.0475969362124659,0.0572019146969904,0.0693846811023719,0.0784809927233919,0.0854418134054835,0.0939521294983955,0.0976952497557074,0.0990843904703005,0.100082031917785,0.098615982369338,0.09470358382791,0.090891430019546,0.0808688334576609,0.073615438482791,0.062763639152121,0.0558023078019131,0.0475811577435606,0.0380386793550166,0.0299319669766306,0.021231685466101,0.0163841851526238,0.0133260009648325,0.0119884745781832,0.0107453942707612,0.0100968385923701,0.00931041922507442,0.00928891975165443,0.00893848225666653,0.00815710799109796,0.00872096848550199,0.00888085997386484,0.00884409696271949,0.00913771701581549,0.0107535955460782,0.010044981259711]},"AdultARTMale":{"countryName":"Mauritania","countryCode":478,"startYear":2000,"endYear":2023,"values":[0.0,0.0,0.0271515653861793,0.0961549964265185,0.521156971788833,2.09642481794992,4.37692642470055,7.18285919785579,9.61418440561805,12.7329732454586,14.7259063781719,19.8551686905665,20.2683200722739,22.8480431031063,25.1944160029498,29.0264205415527,34.0952538635249,39.4854954728034,41.3211403632789,47.1128378302106,51.6956309538636,59.0977784207192,59.8496606047862,70.0492689967211]},"AdultARTFemale":{"countryName":"Mauritania","countryCode":478,"startYear":2000,"endYear":2023,"values":[0.0,0.0,0.0450482105385889,0.165134694297312,0.923392597873412,3.79980969846416,8.04252994824685,13.2338362530387,17.6025238270825,23.0084243724649,26.9682481105209,25.9154554014997,30.2090150469725,35.7870695296575,38.1576914977893,41.2706600157298,42.8317685680808,52.8917880220207,52.7784219681215,56.8990746649268,57.3954853290366,59.007600523618,62.4967658522627,66.501174229957]},"PercLostToFollowup":{"countryName":"Mauritania","countryCode":478,"startYear":2000,"endYear":2023,"values":[5.0,5.0,5.0,5.0,5.0,5.0,5.0,5.0,5.0,5.0,5.0,5.0,5.0,5.0,5.0,5.0,5.0,5.0,5.0,5.0,5.0,5.0,5.0,5.0]},"ChildART":{"countryName":"Mauritania","countryCode":478,"startYear":2000,"endYear":2023,"values":[0.289241574317014,0.540671171079294,0.767618671607743,0.981733799566896,1.19094918161486,0.700562135728123,0.695430466648795,0.700556704390711,1.42082926226282,1.45810715964881,3.2616900193427,0.0,0.0,14.014664208504,19.7276676891287,26.6820191946027,28.494786140122,29.8073456161907,33.4224777660309,33.3923494201348,33.6970586827327,33.1236412000422,32.7084257017395,37.1467808434099]},"ChildCotrim":{"countryName":"Mauritania","countryCode":478,"startYear":2000,"endYear":2023,"values":[0.0,0.0,0.0,0.0,0.101504360601955,1.769639766612,1.82218671173342,6.00171535693474,6.39928529058654,7.2583043397906,7.3522899163498,8.10612857644768,16.3212192927387,19.1360294075645,30.239608623464,34.872430309486,28.9701161224426,27.9716875973693,57.5,63.75,70.0,70.0,70.0,70.0]},"PMTCTSingleDoseNevirapine":{"countryName":"Mauritania","countryCode":478,"startYear":2000,"endYear":2023,"values":[0.0,0.0,0.0,0.0,0.0,0.0,0.0,0.0,0.0,0.0,0.0,0.0,0.0,0.0,0.0,0.0,0.0,0.0,0.0,0.0,0.0,0.0,0.0,0.0]},"PMTCTDualARV":{"countryName":"Mauritania","countryCode":478,"startYear":2000,"endYear":2023,"values":[0.0,0.0,0.0,0.0,0.0,0.0,0.0,0.0,0.0,0.0,0.0,0.0,0.0,0.0,0.0,0.0,0.0,0.0,0.0,0.0,0.0,0.0,0.0,0.0]},"PMTCTOptA":{"countryName":"Mauritania","countryCode":478,"startYear":2000,"endYear":2023,"values":[0.0,0.0,0.0,0.0,0.0,0.0,0.0,0.0,0.0,0.0,0.0,0.0,0.0,0.0,0.0,0.0,0.0,0.0,0.0,0.0,0.0,0.0,0.0,0.0]},"PMTCTOptB":{"countryName":"Mauritania","countryCode":478,"startYear":2000,"endYear":2023,"values":[0.0,0.0,0.0,0.0,0.0,0.0,0.0,1.09455849820007,8.62515218002878,6.39084354022056,11.330713650755,11.4988103435353,12.4783458160277,6.10809097683889,6.53415686942446,42.3464256847917,40.160429512323,0.0,0.0,0.0,0.0,0.0,0.0,0.0]},"PMTCTOptBPlusStartBefPreg":{"countryName":"Mauritania","countryCode":478,"startYear":2000,"endYear":2023,"values":[0.0,0.0,0.0,0.0,0.0,0.0,0.0,0.0,0.0,0.0,0.0,0.0,0.0,0.0,0.0,0.0,0.0,0.0,0.0,0.0,15.1636204216875,17.9895243401862,0.0,0.0]},"PMTCTOptBPlusStartDurPregGT4Wks":{"countryName":"Mauritania","countryCode":478,"startYear":2000,"endYear":2023,"values":[0.0,0.0,0.0,0.0,0.0,0.0,0.0,0.0,0.0,0.0,0.0,0.0,0.0,0.0,6.53415686942446,42.3464256847917,39.6646217405659,25.6619889748763,18.0227739047929,28.8408766834801,36.1594025440239,11.9930162267908,10.9742065298114,33.752865081268]},"PMTCTOptBPlusStartDurPregLT4Wks":{"countryName":"Mauritania","countryCode":478,"startYear":2000,"endYear":2023,"values":[0.0,0.0,0.0,0.0,0.0,0.0,0.0,0.0,0.0,0.0,0.0,0.0,0.0,0.0,0.0,0.0,0.0,0.0,0.0,0.0,0.0,0.0,0.0,0.0]},"AdultHIVPrev":{"countryName":"Mauritania","countryCode":478,"startYear":1970,"endYear":2023,"values":[0.0,0.0,0.0,0.0,0.0,6.30665560967597e-5,0.00013388148122112,0.000291707830179975,0.000610435697998444,0.00124992909819712,0.0024107188584496,0.00442937716172756,0.00776712216360585,0.0131436751212569,0.0213655343034574,0.0338200173689921,0.0508755525461855,0.0736861420380845,0.102943233266008,0.141309259217979,0.185888587881709,0.23851606371155,0.295370536867558,0.353731998968606,0.414623657876246,0.472947821219808,0.526309197685698,0.574456451889989,0.615263941538618,0.646844389737858,0.670017878706886,0.679483155979762,0.679129605283415,0.666633677416061,0.647597851757104,0.623563924358481,0.595369206129184,0.564541697555292,0.529427755833304,0.493431697577605,0.457467698041195,0.422082916577877,0.387384281782709,0.354861617962942,0.324705178149922,0.297335629865091,0.272379422971759,0.25038578333687,0.232030229521158,0.216056110400572,0.202522345675186,0.190790581584179,0.182394687501684,0.174830697091046]},"SexRatio":{"countryName":"Mauritania","countryCode":478,"startYear":1970,"endYear":2023,"values":[0.0,0.42857,0.42857,0.42857,0.42857,2.18089,1.95236,1.8107,1.73673,1.70304,1.63718,1.60583,1.54667,1.4933,1.46776,1.44627,1.42498,1.3781,1.33867,1.2907,1.23432,1.16922,1.09727,1.02153,0.93723,0.86183,0.79525,0.72966,0.67882,0.64026,0.60858,0.58467,0.56105,0.54532,0.53087,0.51299,0.50754,0.50498,0.51169,0.5294,0.55791,0.61814,0.72553,0.851,0.99102,1.11941,1.21024,1.26011,1.25424,1.19812,1.09805,0.98977,0.88898,0.80649]},"PercNotBFNotRecARVs":{"countryName":"Mauritania","countryCode":478,"<2":3.66707,"2-3":3.66717,"4-5":3.67113,"6-7":3.71423,"8-9":3.96103,"10-11":4.92424,"12-13":7.78927,"14-15":14.51628,"16-17":26.8064,"18-19":43.71049,"20-21":61.09111,"22-23":75.07587,"24-25":84.6172,"26-27":90.57739,"28-29":94.17252,"30-31":96.33122,"32-33":97.64152,"34-35":98.4511},"PercNotBFRecARVs":{"countryName":"Mauritania","countryCode":478,"<2":3.66707,"2-3":3.66717,"4-5":3.67113,"6-7":3.71423,"8-9":3.96103,"10-11":4.92424,"12-13":7.78927,"14-15":14.51628,"16-17":26.8064,"18-19":43.71049,"20-21":61.09111,"22-23":75.07587,"24-25":84.6172,"26-27":90.57739,"28-29":94.17252,"30-31":96.33122,"32-33":97.64152,"34-35":98.4511},"LocalAdjustmentFactor":{"countryName":"Mauritania","countryCode":478,"value":1.0},"NewARTPatAllocation":{"countryName":"Mauritania","countryCode":478,"NewARTPatAllocationMethod":3.0,"ExpectedMortality":0.2,"ProportionEligible":0.8}}