{"countryName":"Mauritius","subnatCode":0,"Incidence":{"countryName":"Mauritius","countryCode":480,"startYear":1970,"endYear":2020,"values":[0.0,0.0,0.0,0.0,0.0,0.0,0.0,0.0,0.0,0.0,0.0,0.0,0.0,0.0,0.0,0.0,1e-5,3e-5,0.00018,0.00033,0.00076,0.00174,0.00392,0.00848,0.01679,0.03264,0.05513,0.08846,0.12295,0.15593,0.17832,0.18288,0.18534,0.18788,0.18514,0.18455,0.18594,0.18461,0.18147,0.17737,0.17312,0.16556,0.15411,0.14667,0.14075,0.13539,0.13367,0.13385,0.13293,0.13341,0.13679]},"AdultARTMale":{"countryName":"Mauritius","countryCode":480,"startYear":2000,"endYear":2020,"values":[0.59088,1.30132,2.3426,3.39909,4.96719,7.56453,10.5925,12.72788,14.67535,16.25505,12.52384,26.20394,26.37522,19.5708,24.33382,25.30753,19.83903,20.6513,20.9122,20.29751,21.20467]},"AdultARTFemale":{"countryName":"Mauritius","countryCode":480,"startYear":2000,"endYear":2020,"values":[1.82985,2.31627,3.52906,3.79887,3.61785,4.04307,5.92673,7.36443,9.09157,9.3156,6.50002,9.41849,13.4115,11.03932,14.40699,15.50893,14.82469,16.57996,17.33777,20.38061,20.66123]},"MedianCD4AtInit":{"countryName":"Mauritius","countryCode":480,"startYear":2000,"endYear":2020,"values":[0.0,0.0,0.0,0.0,0.0,0.0,0.0,0.0,0.0,0.0,0.0,0.0,0.0,0.0,0.0,0.0,0.0,0.0,0.0,0.0,0.0]},"PercLostToFollowup":{"countryName":"Mauritius","countryCode":480,"startYear":2000,"endYear":2020,"values":[2.0,2.0,2.0,2.0,2.0,2.0,2.0,2.0,2.0,2.0,2.0,2.0,2.0,2.0,2.0,2.0,2.0,2.0,2.0,2.0,2.0]},"ChildART":{"countryName":"Mauritius","countryCode":480,"startYear":2000,"endYear":2020,"values":[0.0,0.0,14.83598,17.27406,19.53123,21.73485,20.03852,17.21541,16.8028,13.48969,13.09322,16.55842,17.23522,21.24593,36.23083,37.02067,43.83428,42.54547,43.57686,51.67125,46.82149]},"ChildCotrim":{"countryName":"Mauritius","countryCode":480,"startYear":2000,"endYear":2020,"values":[0.0,0.0,2.08088,2.51138,2.92761,3.35143,3.79835,3.74492,3.7402,3.67665,4.09366,5.06406,34.70152,34.28439,38.92006,39.80616,50.14788,41.42021,34.29576,50.40599,36.34753]},"PMTCTSingleDoseNevirapine":{"countryName":"Mauritius","countryCode":480,"startYear":2000,"endYear":2020,"values":[0.0,0.0,0.0,0.0,0.0,0.0,0.0,0.0,0.0,0.0,0.0,0.0,0.0,0.0,0.0,0.0,0.0,0.0,0.0,0.0,0.0]},"PMTCTDualARV":{"countryName":"Mauritius","countryCode":480,"startYear":2000,"endYear":2020,"values":[0.0,0.0,0.0,0.0,0.0,0.0,0.0,0.0,0.0,0.0,0.0,0.0,0.0,0.0,0.0,0.0,0.0,0.0,0.0,0.0,0.0]},"PMTCTOptA":{"countryName":"Mauritius","countryCode":480,"startYear":2000,"endYear":2020,"values":[14.19517,14.68815,22.44628,22.65401,26.8009,0.0,0.0,0.0,0.0,0.0,0.0,0.0,0.0,0.0,0.0,0.0,0.0,0.0,0.0,0.0,0.0]},"PMTCTOptB":{"countryName":"Mauritius","countryCode":480,"startYear":2000,"endYear":2020,"values":[0.0,0.0,0.0,0.0,0.0,38.63851,42.51897,52.93088,69.67716,51.01806,0.0,0.0,0.0,0.0,0.0,0.0,0.0,0.0,0.0,0.0,0.0]},"PMTCTOptBPlusStartBefPreg":{"countryName":"Mauritius","countryCode":480,"startYear":2000,"endYear":2020,"values":[0.0,0.0,0.0,0.0,0.0,0.0,0.0,0.0,0.0,0.0,0.0,0.0,4.05591,7.36842,19.04762,35.16484,37.96296,45.09804,38.53211,44.3609,49.6]},"PMTCTOptBPlusStartDurPregGT4Wks":{"countryName":"Mauritius","countryCode":480,"startYear":2000,"endYear":2020,"values":[0.0,0.0,0.0,0.0,0.0,0.0,0.0,0.0,0.0,0.0,55.29383,57.82773,84.16022,83.15789,68.57143,59.34066,53.7037,48.03922,52.29358,50.37594,48.0]},"PMTCTOptBPlusStartDurPregLT4Wks":{"countryName":"Mauritius","countryCode":480,"startYear":2000,"endYear":2020,"values":[0.0,0.0,0.0,0.0,0.0,0.0,0.0,0.0,0.0,0.0,10.2396,10.14522,8.11183,9.47368,12.38095,5.49451,8.33333,6.86275,9.17431,5.26316,2.4]},"PMTCTPostnatalOptA":{"countryName":"Mauritius","countryCode":480,"startYear":2000,"endYear":2020,"values":[0.0,0.0,0.0,0.0,0.0,0.0,0.0,0.0,0.0,0.0,0.0,0.0,0.0,0.0,0.0,0.0,0.0,0.0,0.0,0.0,0.0]},"PMTCTPostnatalOptB":{"countryName":"Mauritius","countryCode":480,"startYear":2000,"endYear":2020,"values":[0.0,0.0,0.0,0.0,0.0,0.0,0.0,0.0,0.0,0.0,0.0,0.0,0.0,0.0,0.0,0.0,0.0,0.0,0.0,0.0,0.0]},"PercentHIVPopEligible":{"countryName":"Mauritius","countryCode":480,"TB\/HIV":23.9,"TB\/HIV Year":2013,"DC":0,"DC Year":2013,"FSW":14.3,"FSW Year":2017,"MSM":17.2,"MSM Year":2017,"IDU":21,"IDU Year":2017,"Other":28,"Other Year":2017},"AdultHIVPrev":{"countryName":"Mauritius","countryCode":480,"startYear":1970,"endYear":2020,"values":[0.0,0.0,0.0,0.0,0.0,0.0,0.0,0.0,0.0,0.0,0.0,0.0,0.0,0.0,0.0,0.0,1e-5,4e-5,0.00022,0.00054,0.00126,0.00292,0.00663,0.01462,0.03029,0.06059,0.11119,0.19173,0.30183,0.43797,0.58795,0.73236,0.8678,0.99359,1.10401,1.20184,1.2916,1.37235,1.44315,1.50407,1.55469,1.59397,1.62759,1.65065,1.66406,1.67193,1.67412,1.67159,1.6649,1.65765,1.65373]},"SexRatio":{"countryName":"Mauritius","countryCode":480,"startYear":1970,"endYear":2020,"values":[0.24,0.24,0.24,0.24,0.24,0.24,0.24,0.24,0.24,0.24,0.24,0.24,0.256,0.272,0.286,0.3,0.313,0.327,0.338,0.349,0.36,0.369,0.377,0.385,0.393,0.399,0.404,0.409,0.412,0.415,0.417,0.418,0.42,0.42,0.42,0.42,0.42,0.42,0.42,0.42,0.42,0.42,0.42,0.42,0.42,0.42,0.42,0.42,0.42,0.42,0.42]},"PercNotBFNotRecARVs":{"countryName":"Mauritius","countryCode":480,"<2":0,"2-3":8.33333,"4-5":16.66667,"6-7":25,"8-9":33.33333,"10-11":41.66667,"12-13":50,"14-15":58.33333,"16-17":66.66667,"18-19":75,"20-21":83.33333,"22-23":91.66667,"24-25":100,"26-27":100,"28-29":100,"30-31":100,"32-33":100,"34-35":100},"PercNotBFRecARVs":{"countryName":"Mauritius","countryCode":480,"<2":0.9,"2-3":100,"4-5":100,"6-7":100,"8-9":100,"10-11":100,"12-13":100,"14-15":100,"16-17":100,"18-19":100,"20-21":100,"22-23":100,"24-25":100,"26-27":100,"28-29":100,"30-31":100,"32-33":100,"34-35":100},"LocalAdjustmentFactor":{"countryName":"Mauritius","countryCode":480,"value":1}}