{"countryName":"Malawi","subnatCode":0,"Incidence":{"countryName":"Malawi","countryCode":454,"startYear":1970,"endYear":2020,"values":[0.0,0.01363,0.00819,0.01229,0.01856,0.02697,0.04618,0.06315,0.0926,0.13088,0.18666,0.26307,0.36295,0.49358,0.65128,0.85325,1.08281,1.32234,1.59374,1.84606,2.02909,2.19108,2.26814,2.28572,2.21113,2.15458,2.02854,1.88617,1.74238,1.59852,1.45456,1.31685,1.20865,1.1052,1.02971,0.94608,0.87321,0.80844,0.7461,0.70679,0.67462,0.63612,0.58594,0.53108,0.48183,0.43656,0.39652,0.34216,0.28945,0.23861,0.21566]},"AdultARTMale":{"countryName":"Malawi","countryCode":454,"startYear":2000,"endYear":2020,"values":[0.0,0.0,0.0,0.0,3.13972,8.0509,15.54576,24.75624,38.12042,46.59559,55.13658,51.81566,59.75745,65.95339,61.24187,66.16355,64.95548,73.20609,79.31498,80.91034,83.20733]},"AdultARTFemale":{"countryName":"Malawi","countryCode":454,"startYear":2000,"endYear":2020,"values":[0.0,0.0,0.0,0.0,3.24075,8.83734,17.46805,28.14402,40.96137,49.73184,58.1402,53.39944,65.05976,72.61526,70.75231,75.58413,75.44753,80.67652,86.82593,87.75857,89.27719]},"MedianCD4AtInit":{"countryName":"Malawi","countryCode":454,"startYear":2000,"endYear":2020,"values":[0.0,0.0,0.0,0.0,0.0,0.0,0.0,0.0,0.0,0.0,0.0,0.0,0.0,0.0,0.0,0.0,0.0,0.0,0.0,0.0,0.0]},"PercLostToFollowup":{"countryName":"Malawi","countryCode":454,"startYear":2000,"endYear":2020,"values":[0.0,0.0,0.0,0.0,4.0,4.0,5.0,4.0,4.0,4.0,3.0,3.0,4.0,3.0,4.0,3.0,3.0,3.0,3.0,3.0,3.0]},"ChildART":{"countryName":"Malawi","countryCode":454,"startYear":2000,"endYear":2020,"values":[0.0,0.0,0.0,0.0,0.94028,2.70841,6.6279,12.03522,20.66442,23.16711,26.09995,35.73905,46.14719,45.9288,44.42458,44.21516,46.85601,56.62952,61.40748,71.66045,75.20826]},"ChildCotrim":{"countryName":"Malawi","countryCode":454,"startYear":2000,"endYear":2020,"values":[0.0,0.0,0.0,0.0,0.0,0.0,0.0,6.32873,10.21173,13.21838,17.394,33.41381,70.69799,98.80714,100.0,98.91636,93.43463,100.0,100.0,98.0,98.0]},"PMTCTSingleDoseNevirapine":{"countryName":"Malawi","countryCode":454,"startYear":2000,"endYear":2020,"values":[0.0,0.0,1.02945,2.11814,4.62282,8.8753,16.54294,20.81811,25.14471,29.61421,23.08444,16.04731,1.29093,0.0,0.0,0.0,0.0,0.0,0.0,0.0,0.0]},"PMTCTDualARV":{"countryName":"Malawi","countryCode":454,"startYear":2000,"endYear":2020,"values":[0.0,0.0,0.0,0.0,0.0,0.0,0.0,0.0,15.98126,17.59152,19.37471,28.53054,3.4806,0.0,0.0,0.0,0.0,0.0,0.0,0.0,0.0]},"PMTCTOptA":{"countryName":"Malawi","countryCode":454,"startYear":2000,"endYear":2020,"values":[0.0,0.0,0.0,0.0,0.0,0.0,0.0,0.0,0.0,0.0,0.0,0.0,0.0,0.0,0.0,0.0,0.0,0.0,0.0,0.0,0.0]},"PMTCTOptB":{"countryName":"Malawi","countryCode":454,"startYear":2000,"endYear":2020,"values":[0.0,0.0,0.0,0.0,0.0,0.0,0.0,0.0,0.0,0.0,0.0,0.0,0.0,0.0,0.0,0.0,0.0,0.0,0.0,0.0,0.0]},"PMTCTOptBPlusStartBefPreg":{"countryName":"Malawi","countryCode":454,"startYear":2000,"endYear":2020,"values":[0.0,0.0,0.0,0.0,0.0,0.0,0.0,0.0,0.0,0.0,0.0,0.0,16.79226,25.59978,33.27081,40.78412,48.75193,58.38101,64.37522,65.82206,71.41166]},"PMTCTOptBPlusStartDurPregGT4Wks":{"countryName":"Malawi","countryCode":454,"startYear":2000,"endYear":2020,"values":[0.0,0.0,0.0,0.0,0.0,0.38292,0.93727,2.37529,3.98371,5.38577,7.15695,20.41048,39.5714,31.94935,31.75755,32.4556,34.93117,32.52019,28.28065,30.60778,25.96458]},"PMTCTOptBPlusStartDurPregLT4Wks":{"countryName":"Malawi","countryCode":454,"startYear":2000,"endYear":2020,"values":[0.0,0.0,0.0,0.0,0.0,0.02098,0.05018,0.12434,0.20986,0.28306,0.42656,1.37753,1.91188,11.29506,9.3831,8.44039,7.0515,5.88724,4.87613,3.57016,2.62376]},"PMTCTPostnatalOptA":{"countryName":"Malawi","countryCode":454,"startYear":2000,"endYear":2020,"values":[0.0,0.0,0.0,0.0,0.0,0.0,0.0,0.0,0.0,0.0,0.0,0.0,0.0,0.0,0.0,0.0,0.0,0.0,0.0,0.0,0.0]},"PMTCTPostnatalOptB":{"countryName":"Malawi","countryCode":454,"startYear":2000,"endYear":2020,"values":[0.0,0.0,0.0,0.0,0.0,0.0,0.0,0.0,0.0,0.0,0.0,14.82682,22.50135,15.21032,13.34542,13.23827,13.19235,12.8455,12.18684,12.15261,12.22752]},"PercentHIVPopEligible":{"countryName":"Malawi","countryCode":454,"TB\/HIV":5,"TB\/HIV Year":2004,"DC":27,"DC Year":2011,"FSW":0.8,"FSW Year":2015,"MSM":0.01,"MSM Year":2015,"IDU":0,"IDU Year":2015,"Other":10,"Other Year":2015},"AdultHIVPrev":{"countryName":"Malawi","countryCode":454,"startYear":1970,"endYear":2020,"values":[0.0,0.01346,0.02076,0.03156,0.04774,0.071,0.11122,0.165,0.24321,0.35244,0.50741,0.72261,1.01584,1.41759,1.94987,2.64528,3.49905,4.49559,5.64217,6.89497,8.17921,9.49909,10.77334,11.98041,13.05082,13.99549,14.68394,15.09843,15.26001,15.19074,14.92224,14.50418,14.00026,13.44866,12.89222,12.36718,11.88326,11.46618,11.12074,10.86726,10.67431,10.48619,10.28597,10.08866,9.88579,9.66579,9.42626,9.14515,8.82882,8.4621,8.10359]},"SexRatio":{"countryName":"Malawi","countryCode":454,"startYear":1970,"endYear":2020,"values":[0.26824,0.38,0.49178,0.59236,0.69295,0.78238,0.88296,0.9612,1.03944,1.11767,1.18474,1.24061,1.2965,1.35239,1.3971,1.43063,1.46415,1.48651,1.50886,1.52004,1.53121,1.54239,1.54239,1.54239,1.54239,1.54239,1.54239,1.54239,1.54239,1.54239,1.54239,1.54239,1.54239,1.54239,1.54239,1.54239,1.54239,1.54239,1.54239,1.54239,1.54239,1.59827,1.65416,1.71005,1.76592,1.82181,1.87769,1.93359,1.98946,2.04535,2.10122]},"PercNotBFNotRecARVs":{"countryName":"Malawi","countryCode":454,"<2":17.12078,"2-3":17.12078,"4-5":17.12094,"6-7":17.12444,"8-9":17.15824,"10-11":17.36004,"12-13":18.23128,"14-15":21.14566,"16-17":28.70591,"18-19":43.02822,"20-21":61.41418,"22-23":77.37679,"24-25":87.74122,"26-27":93.4953,"28-29":96.50935,"30-31":98.07939,"32-33":98.9119,"34-35":99.3652},"PercNotBFRecARVs":{"countryName":"Malawi","countryCode":454,"<2":3.67,"2-3":3.67,"4-5":3.67,"6-7":3.67,"8-9":3.71,"10-11":3.94,"12-13":4.96,"14-15":8.34,"16-17":17.13,"18-19":33.78,"20-21":55.15,"22-23":73.7,"24-25":85.75,"26-27":92.44,"28-29":95.94,"30-31":97.77,"32-33":98.74,"34-35":99.26},"LocalAdjustmentFactor":{"countryName":"Malawi","countryCode":454,"value":0.91572}}