{"countryCode":516,"subnatCode":0,"Incidence":{"countryName":"Namibia","countryCode":516,"startYear":1970,"endYear":2023,"values":[0.0,0.0,0.0,0.0,0.0,0.0,0.00971192482359875,0.00603553401091732,0.00949276483520837,0.0145683480798148,0.0221414821277823,0.0333236866840031,0.0486374846867033,0.0701796531998811,0.102116554288152,0.147196135650382,0.21549243646406,0.300875179513474,0.419370913590628,0.572929096458464,0.790012027172947,1.08975132270578,1.42703553750372,1.80510852838315,2.12691113786075,2.36006273835873,2.43673932334982,2.33995780677048,2.18368074954503,2.00906280119746,1.84699895924486,1.71214401916926,1.58751896953168,1.48948737630928,1.38329636055393,1.33405573369143,1.17606124381058,1.03924501240316,0.953231327245079,0.904233897248677,0.906273139833112,0.857334949311091,0.830334307551926,0.798991934645521,0.768337365919065,0.744314634976354,0.730595191056853,0.687599711346003,0.630725774563161,0.568866698787759,0.487297255068193,0.478729377250911,0.42084677485376,0.403859037632421]},"AdultARTMale":{"countryName":"Namibia","countryCode":516,"startYear":2000,"endYear":2023,"values":[0.0,0.0,0.0,0.356298770571967,7.72258783996041,18.6828459964128,36.6598061467747,53.3485253942079,64.4912121856609,65.5761352450663,71.5423355883942,64.7234823858157,68.3229289534875,73.2356207660864,56.4984140514412,66.2216000042197,58.2114963983053,63.7841678259553,68.9324673167794,75.5674571477172,78.5021337307085,82.549794300424,86.5913246608953,96.4]},"AdultARTFemale":{"countryName":"Namibia","countryCode":516,"startYear":2000,"endYear":2023,"values":[0.0,0.0,0.0,0.360113465573859,9.42291330864757,22.1444376327597,38.5945772434788,61.4290793905647,69.9408050137061,72.8326250017835,83.0552944926709,75.5400949246985,80.8729152580091,82.3932551071697,62.5862022549883,68.2227093740939,72.079017830745,76.102678917954,79.0090333741226,86.7796307125161,87.9931142196266,91.7975978939838,94.9087668687539,95.0]},"PercLostToFollowup":{"countryName":"Namibia","countryCode":516,"startYear":2000,"endYear":2023,"values":[0.0,0.0,0.0,19.0,9.0,5.0,4.0,4.0,7.0,7.0,7.0,6.0,6.0,6.0,6.0,6.0,6.0,6.0,6.0,6.0,0.0,5.0,5.0,5.0]},"ChildART":{"countryName":"Namibia","countryCode":516,"startYear":2000,"endYear":2023,"values":[0.0,0.0,0.0,0.928873863266495,22.2414433035385,46.4939751809888,83.1174728499856,100.0,100.0,100.0,98.073596623638,89.8992422452751,93.7812570292694,83.5355082299409,61.4616050763139,65.4489286709734,65.1029148718943,67.8594149102087,72.0362061594836,75.17893338143,71.9814246543655,74.1158322819805,76.3962758333958,95.0]},"ChildCotrim":{"countryName":"Namibia","countryCode":516,"startYear":2000,"endYear":2023,"values":[0.0,0.0,0.0,0.157652823562858,3.84476052206307,8.13385967554258,15.1783571514194,23.8964379920612,30.2680535617908,34.2974122321684,36.5950672468348,39.4179480647283,44.4440655366403,41.7213367530505,35.3452572286373,36.947051943502,36.2880542085273,37.4138255111893,37.9862458952907,37.5011078730147,34.3409752183555,33.7670927428606,32.4300416165491,90.0]},"PMTCTSingleDoseNevirapine":{"countryName":"Namibia","countryCode":516,"startYear":2000,"endYear":2023,"values":[0.0,0.0,0.0,0.0,0.693938988337778,6.73706313885541,29.4291076342153,44.1738672832121,48.4117579749469,41.0923331173603,22.6810613253984,9.33854068294519,3.86943202693735,2.34904203208072,0.0,0.0606547035777341,0.0,0.0,0.0,0.0,0.0,0.0,0.0,0.0]},"PMTCTDualARV":{"countryName":"Namibia","countryCode":516,"startYear":2000,"endYear":2023,"values":[0.0,0.0,0.0,0.0,0.0,0.881814546970603,7.14427974835443,11.7357438453907,21.5442277131491,31.9778682529834,31.3165895651663,40.5854331492491,0.0,0.0,0.0,0.0,0.0,0.0,0.0,0.0,0.0,0.0,0.0,0.0]},"PMTCTOptA":{"countryName":"Namibia","countryCode":516,"startYear":2000,"endYear":2023,"values":[0.0,0.0,0.0,0.0,0.0,0.0,0.0,0.0,0.0,0.0,0.0,0.0,32.9112475668048,15.552863129372,30.8106518339513,0.580552162815455,0.0348583877995643,0.0,0.0,0.0,0.0,0.0,0.0,0.0]},"PMTCTOptB":{"countryName":"Namibia","countryCode":516,"startYear":2000,"endYear":2023,"values":[0.0,0.0,0.0,0.0,0.0,0.0,0.0,0.0,0.0,0.0,0.0,0.0,0.0,0.0,0.0,0.0,0.0,0.0,0.0,0.0,0.0,0.0,0.0,0.0]},"PMTCTOptBPlusStartBefPreg":{"countryName":"Namibia","countryCode":516,"startYear":2000,"endYear":2023,"values":[0.0,0.0,0.0,0.0,0.0,0.0,0.0,0.0,0.0,0.0,0.0,0.0,10.208893648412,16.4348139284203,21.0899637865334,54.6065631352687,65.7080610021787,71.59148504815,74.7208363031599,79.0200303247945,80.0590959910557,79.8341248077052,79.6918037668429,82.3529411764706]},"PMTCTOptBPlusStartDurPregGT4Wks":{"countryName":"Namibia","countryCode":516,"startYear":2000,"endYear":2023,"values":[0.0,0.0,0.0,0.0,0.0,0.0617270182879422,0.683365888973033,0.958199310222909,2.83909469261265,1.79371295353557,5.88786016347813,17.7043167114169,19.3808806752265,21.5653930959613,21.1155895019484,26.8613687272823,26.1873638344227,21.7013008954215,22.5786014096777,18.1310350331179,17.2336687430123,14.246538693064,14.7100424328147,13.4453781512605]},"PMTCTOptBPlusStartDurPregLT4Wks":{"countryName":"Namibia","countryCode":516,"startYear":2000,"endYear":2023,"values":[0.0,0.0,0.0,0.0,0.0,0.114635891106178,0.638991480598161,0.615357355189024,0.839610320681181,1.03846539415217,5.58920058996837,6.80089375823183,8.42170499980482,9.86258441628114,7.38020603951593,11.7670124940804,8.06971677559913,6.70721405642845,2.70056228716243,2.84893464208762,2.70723526593196,5.91933649923082,5.59815380034244,4.20168067226891]},"AdultHIVPrev":{"countryName":"Namibia","countryCode":516,"startYear":1970,"endYear":2023,"values":[0.0,0.0,0.0,0.0,0.0,0.0,0.00946347895755846,0.0147805587151812,0.022741812555559,0.0352742116328815,0.0537392011034787,0.080765962760905,0.121580700995826,0.180306274753153,0.265796243762373,0.389534828164496,0.569225195369581,0.818036620815547,1.16586025294868,1.68465740589738,2.32247954253395,3.19186006017016,4.30578725394502,5.67055485408817,7.21311825806036,8.81642185380951,10.3296973719422,11.6059091849386,12.5920229630332,13.2926032085061,13.7395038579302,13.9874258211888,14.0617868637662,13.9922581762598,13.8429422314281,13.6994294334828,13.5490688476668,13.4265953141358,13.3382714501116,13.2732502435164,13.245929614062,13.2059134892344,13.1556188535707,13.0775836907142,12.9837016410415,12.8621793262461,12.7250829239832,12.5483286432106,12.336223501426,12.0819551275764,11.7656627278501,11.4226626088202,11.0229447547461,10.6226680074521]},"SexRatio":{"countryName":"Namibia","countryCode":516,"startYear":1970,"endYear":2023,"values":[0.26201,0.26201,0.26201,0.26201,0.26201,0.26201,0.37118,0.48035,0.5786,0.67685,0.76419,0.86244,0.93886,1.01528,1.0917,1.1572,1.21179,1.26637,1.32096,1.36463,1.39738,1.43013,1.45196,1.4738,1.48471,1.50675,1.50685,1.507,1.50722,1.50756,1.50805,1.50879,1.50989,1.51152,1.51393,1.5175,1.52275,1.53041,1.54148,1.55725,1.57922,1.60898,1.64771,1.69565,1.75136,1.81159,1.87181,1.92752,1.97546,2.01419,2.04395,2.06592,2.08169,2.09276]},"PercNotBFNotRecARVs":{"countryName":"Namibia","countryCode":516,"<2":16.35473,"2-3":17.74921,"4-5":23.56896,"6-7":35.12117,"8-9":49.81161,"10-11":63.59973,"12-13":74.34117,"14-15":81.94927,"16-17":87.14216,"18-19":90.66831,"20-21":93.08777,"22-23":94.77662,"24-25":95.9786,"26-27":96.85092,"28-29":97.49588,"30-31":97.98107,"32-33":98.35192,"34-35":98.63952},"PercNotBFRecARVs":{"countryName":"Namibia","countryCode":516,"<2":16.35473,"2-3":17.74921,"4-5":23.56896,"6-7":35.12117,"8-9":49.81161,"10-11":63.59973,"12-13":74.34117,"14-15":81.94927,"16-17":87.14216,"18-19":90.66831,"20-21":93.08777,"22-23":94.77662,"24-25":95.9786,"26-27":96.85092,"28-29":97.49588,"30-31":97.98107,"32-33":98.35192,"34-35":98.63952},"LocalAdjustmentFactor":{"countryName":"Namibia","countryCode":516,"value":1.47909},"NewARTPatAllocation":{"countryName":"Namibia","countryCode":516,"NewARTPatAllocationMethod":3.0,"ExpectedMortality":0.2,"ProportionEligible":0.8}}