{"countryName":"Namibia","subnatCode":0,"Incidence":{"countryName":"Namibia","countryCode":516,"startYear":1970,"endYear":2020,"values":[0.0,0.0,0.0,0.0,0.0,0.0,0.00506,0.00341,0.00547,0.00852,0.01351,0.02066,0.03129,0.04801,0.07288,0.10934,0.16628,0.24233,0.3535,0.50498,0.70832,0.97279,1.29977,1.69321,2.06886,2.35541,2.47816,2.47233,2.27232,2.06837,1.87084,1.69533,1.54908,1.43504,1.33761,1.25568,1.17215,1.08757,0.98921,0.93278,0.91747,0.8648,0.7942,0.74535,0.7075,0.71058,0.65403,0.63474,0.5571,0.49111,0.4116]},"AdultARTMale":{"countryName":"Namibia","countryCode":516,"startYear":2000,"endYear":2020,"values":[0.0,0.0,0.0,0.40277,8.67206,20.91179,40.95643,59.23126,70.88637,71.3785,77.23013,68.66803,72.54004,77.70642,58.99056,69.41872,60.54042,66.43275,71.74422,78.73029,81.86508]},"AdultARTFemale":{"countryName":"Namibia","countryCode":516,"startYear":2000,"endYear":2020,"values":[0.0,0.0,0.0,0.38572,10.08981,23.79961,41.60318,66.3123,75.12765,77.79081,88.25799,79.05972,84.83984,86.40206,64.58839,70.71545,74.86266,78.8933,82.17339,90.49252,92.14799]},"MedianCD4AtInit":{"countryName":"Namibia","countryCode":516,"startYear":2000,"endYear":2020,"values":[0.0,0.0,0.0,0.0,0.0,0.0,0.0,0.0,0.0,0.0,0.0,0.0,0.0,0.0,0.0,0.0,0.0,0.0,0.0,0.0,0.0]},"PercLostToFollowup":{"countryName":"Namibia","countryCode":516,"startYear":2000,"endYear":2020,"values":[0.0,0.0,0.0,19.0,9.0,5.0,4.0,4.0,7.0,7.0,7.0,6.0,6.0,6.0,6.0,6.0,6.0,6.0,6.0,6.0,0.0]},"ChildART":{"countryName":"Namibia","countryCode":516,"startYear":2000,"endYear":2020,"values":[0.0,0.0,0.0,0.97385,22.87462,45.93221,70.8991,89.55062,95.76709,94.24905,86.18139,84.8126,88.25571,69.5974,62.19957,66.56893,66.29844,69.98719,75.85945,79.76199,77.14016]},"ChildCotrim":{"countryName":"Namibia","countryCode":516,"startYear":2000,"endYear":2020,"values":[0.0,0.0,0.0,0.17391,4.21722,8.87248,16.31041,25.35256,31.73932,35.3767,36.54381,40.89496,46.12208,40.08968,37.87013,40.1017,39.65938,40.55414,41.45744,41.47428,38.28396]},"PMTCTSingleDoseNevirapine":{"countryName":"Namibia","countryCode":516,"startYear":2000,"endYear":2020,"values":[0.0,0.0,0.0,0.73174,7.06016,30.57953,46.09744,50.83976,42.92881,23.55375,9.71052,4.01516,2.41635,0.0,0.06157,0.0,0.0,0.0,0.0,0.0,0.0]},"PMTCTDualARV":{"countryName":"Namibia","countryCode":516,"startYear":2000,"endYear":2020,"values":[0.0,0.0,0.0,0.0,0.9241,7.42356,12.24678,22.62474,33.407,32.52154,42.20206,0.0,0.0,0.0,0.0,0.0,0.0,0.0,0.0,0.0,0.0]},"PMTCTOptA":{"countryName":"Namibia","countryCode":516,"startYear":2000,"endYear":2020,"values":[0.0,0.0,0.0,0.0,0.0,0.0,0.0,0.0,0.0,0.0,0.0,34.15075,15.99853,31.46815,0.58933,0.03486,0.0,0.0,0.0,0.0,0.0]},"PMTCTOptB":{"countryName":"Namibia","countryCode":516,"startYear":2000,"endYear":2020,"values":[0.0,0.0,0.0,0.0,0.0,0.0,0.0,0.0,0.0,0.0,0.0,0.0,0.0,0.0,0.0,0.0,0.0,0.0,0.0,0.0,0.0]},"PMTCTOptBPlusStartBefPreg":{"countryName":"Namibia","countryCode":516,"startYear":2000,"endYear":2020,"values":[0.0,0.0,0.0,0.0,0.0,0.0,0.0,0.0,0.0,0.0,0.0,10.59338,16.90576,21.54002,55.43246,65.70806,71.59149,74.72084,79.02003,80.0591,76.56913]},"PMTCTOptBPlusStartDurPregGT4Wks":{"countryName":"Namibia","countryCode":516,"startYear":2000,"endYear":2020,"values":[0.0,0.0,0.0,0.0,0.06469,0.71008,0.99992,2.98148,1.87388,6.1144,18.40953,20.1108,22.18336,21.5662,27.26764,26.18736,21.7013,22.5786,18.13104,17.23367,16.55315]},"PMTCTOptBPlusStartDurPregLT4Wks":{"countryName":"Namibia","countryCode":516,"startYear":2000,"endYear":2020,"values":[0.0,0.0,0.0,0.0,0.12013,0.66397,0.64215,0.88172,1.08488,5.80425,7.07179,8.73888,10.1452,7.5377,11.94498,8.06972,6.70721,2.70056,2.84893,2.70724,6.87772]},"PMTCTPostnatalOptA":{"countryName":"Namibia","countryCode":516,"startYear":2000,"endYear":2020,"values":[0.0,0.0,0.0,0.0,0.0,0.0,0.0,0.0,0.0,0.0,0.0,0.0,0.0,0.0,0.0,0.0,0.0,0.0,0.0,0.0,0.0]},"PMTCTPostnatalOptB":{"countryName":"Namibia","countryCode":516,"startYear":2000,"endYear":2020,"values":[0.0,0.0,0.0,0.0,0.0,0.0,0.0,0.0,0.0,0.0,0.0,0.0,0.0,0.0,0.0,0.0,0.0,0.0,0.0,0.0,0.0]},"PercentHIVPopEligible":{"countryName":"Namibia","countryCode":516,"TB\/HIV":3.56,"TB\/HIV Year":2013,"DC":23.6,"DC Year":2014,"FSW":1.6,"FSW Year":2015,"MSM":0.8,"MSM Year":2015,"IDU":0.09,"IDU Year":2015,"Other":10,"Other Year":2014},"AdultHIVPrev":{"countryName":"Namibia","countryCode":516,"startYear":1970,"endYear":2020,"values":[0.0,0.0,0.0,0.0,0.0,0.0,0.005,0.00806,0.01293,0.02043,0.03225,0.04997,0.07668,0.11756,0.17939,0.2717,0.40949,0.60891,0.89927,1.31332,1.89228,2.68094,3.71857,5.0401,6.59355,8.26324,9.87851,11.31998,12.4272,13.22168,13.73262,13.99834,14.06432,13.98225,13.80324,13.63132,13.50109,13.43128,13.38994,13.36006,13.34229,13.28409,13.16844,13.02769,12.878,12.75821,12.58056,12.41725,12.19004,11.91423,11.57384]},"SexRatio":{"countryName":"Namibia","countryCode":516,"startYear":1970,"endYear":2020,"values":[0.26706,0.26706,0.26706,0.26706,0.26706,0.37834,0.48962,0.58977,0.68992,0.77894,0.87909,0.95698,1.03488,1.11277,1.17954,1.23518,1.29081,1.34645,1.39096,1.42435,1.45773,1.47998,1.50224,1.51337,1.5245,1.53562,1.53562,1.53562,1.53562,1.53562,1.53562,1.53562,1.53562,1.53562,1.53562,1.53562,1.53562,1.53562,1.53562,1.53562,1.53562,1.59126,1.6469,1.70254,1.75818,1.81382,1.86945,1.92509,1.98073,2.03637,2.09201]},"PercNotBFNotRecARVs":{"countryName":"Namibia","countryCode":516,"<2":16.35473,"2-3":17.74921,"4-5":23.56896,"6-7":35.12117,"8-9":49.81161,"10-11":63.59973,"12-13":74.34117,"14-15":81.94927,"16-17":87.14216,"18-19":90.66831,"20-21":93.08777,"22-23":94.77662,"24-25":95.9786,"26-27":96.85092,"28-29":97.49588,"30-31":97.98107,"32-33":98.35192,"34-35":98.63952},"PercNotBFRecARVs":{"countryName":"Namibia","countryCode":516,"<2":16.35473,"2-3":17.74921,"4-5":23.56896,"6-7":35.12117,"8-9":49.81161,"10-11":63.59973,"12-13":74.34117,"14-15":81.94927,"16-17":87.14216,"18-19":90.66831,"20-21":93.08777,"22-23":94.77662,"24-25":95.9786,"26-27":96.85092,"28-29":97.49588,"30-31":97.98107,"32-33":98.35192,"34-35":98.63952},"LocalAdjustmentFactor":{"countryName":"Namibia","countryCode":516,"value":1.36853}}