{"countryName":"Namibia","subnatCode":0,"Incidence":{"countryName":"Namibia","countryCode":516,"startYear":1970,"endYear":2022,"values":[0.0,0.0,0.0,0.0,0.0,0.0,0.00971,0.00604,0.00949,0.01457,0.02214,0.03332,0.04864,0.07018,0.10212,0.1472,0.21549,0.30088,0.41937,0.57293,0.79001,1.08975,1.42703,1.80511,2.12691,2.36006,2.43673,2.33994,2.18365,2.00902,1.84692,1.71203,1.58734,1.48923,1.38291,1.33352,1.17535,1.03833,0.9521,0.9029,0.90473,0.85556,0.82833,0.79686,0.7661,0.74202,0.72832,0.6856,0.62897,0.56757,0.48622,0.47782,0.42006]},"AdultARTMale":{"countryName":"Namibia","countryCode":516,"startYear":2000,"endYear":2022,"values":[0.0,0.0,0.0,0.35629,7.72225,18.68173,36.65695,53.34328,64.48333,65.56653,71.53012,64.71387,68.31125,73.22315,56.49724,66.22088,58.21076,63.79069,68.94065,75.57827,78.51494,82.56466,86.60772]},"AdultARTFemale":{"countryName":"Namibia","countryCode":516,"startYear":2000,"endYear":2022,"values":[0.0,0.0,0.0,0.36011,9.42272,22.14385,38.59328,61.42648,69.93713,72.82813,83.04943,75.53822,80.8711,82.3936,62.59958,68.23997,72.10008,76.13439,79.04494,86.82194,88.03859,91.84724,94.96194]},"MedianCD4AtInit":{"countryName":"Namibia","countryCode":516,"startYear":2000,"endYear":2022,"values":[0.0,0.0,0.0,137.27501,136.90345,137.24608,138.44831,143.37423,151.38198,157.40186,165.3662,224.288,222.57592,224.7737,286.62793,288.44528,290.0349,298.63443,296.54239,304.86846,311.1665,328.60347,351.40959]},"PercLostToFollowup":{"countryName":"Namibia","countryCode":516,"startYear":2000,"endYear":2022,"values":[0.0,0.0,0.0,19.0,9.0,5.0,4.0,4.0,7.0,7.0,7.0,6.0,6.0,6.0,6.0,6.0,6.0,6.0,6.0,6.0,0.0,5.0,5.0]},"ChildART":{"countryName":"Namibia","countryCode":516,"startYear":2000,"endYear":2022,"values":[0.0,0.0,0.0,0.90602,21.7396,45.49637,81.53446,99.11496,108.26592,101.48829,97.45684,89.17491,93.20556,83.0757,60.78806,64.83149,64.55581,67.36891,71.5861,74.74754,71.59251,73.74535,76.03106]},"ChildCotrim":{"countryName":"Namibia","countryCode":516,"startYear":2000,"endYear":2022,"values":[0.0,0.0,0.0,0.16297,3.96967,8.3731,15.51371,24.20235,30.38089,34.09809,36.27401,38.88151,43.89502,41.25524,35.47733,37.20988,36.56009,37.61977,38.16902,37.62826,34.41119,33.86147,32.59588]},"PMTCTSingleDoseNevirapine":{"countryName":"Namibia","countryCode":516,"startYear":2000,"endYear":2022,"values":[0.0,0.0,0.0,0.7,6.7,29.2,44.6,49.2,41.4,22.8,9.4,3.9,2.3,0.0,0.1,0.0,0.0,0.0,0.0,0.0,0.0,0.0,0.0]},"PMTCTDualARV":{"countryName":"Namibia","countryCode":516,"startYear":2000,"endYear":2022,"values":[0.0,0.0,0.0,0.0,0.9,7.1,11.8,21.9,32.3,31.5,40.9,0.0,0.0,0.0,0.0,0.0,0.0,0.0,0.0,0.0,0.0,0.0,0.0]},"PMTCTOptA":{"countryName":"Namibia","countryCode":516,"startYear":2000,"endYear":2022,"values":[0.0,0.0,0.0,0.0,0.0,0.0,0.0,0.0,0.0,0.0,0.0,33.0,15.5,30.6,0.6,0.0,0.0,0.0,0.0,0.0,0.0,0.0,0.0]},"PMTCTOptB":{"countryName":"Namibia","countryCode":516,"startYear":2000,"endYear":2022,"values":[0.0,0.0,0.0,0.0,0.0,0.0,0.0,0.0,0.0,0.0,0.0,0.0,0.0,0.0,0.0,0.0,0.0,0.0,0.0,0.0,0.0,0.0,0.0]},"PMTCTOptBPlusStartBefPreg":{"countryName":"Namibia","countryCode":516,"startYear":2000,"endYear":2022,"values":[0.0,0.0,0.0,0.0,0.0,0.0,0.0,0.0,0.0,0.0,0.0,10.2,16.3,20.9,53.8,65.13682092555332,70.89124157844081,73.94444444444444,78.19877942458588,79.25063938618926,79.04864489228632,78.91628959276018,81.53924050632911]},"PMTCTOptBPlusStartDurPregGT4Wks":{"countryName":"Namibia","countryCode":516,"startYear":2000,"endYear":2022,"values":[0.0,0.0,0.0,0.0,0.1,0.7,1.0,2.9,1.8,5.9,17.9,19.5,21.4,21.0,26.5,25.8953722334004,21.438883541867177,22.349206349206348,17.952920662598085,17.04859335038363,14.103544127866574,14.558823529411764,13.283544303797468]},"PMTCTOptBPlusStartDurPregLT4Wks":{"countryName":"Namibia","countryCode":516,"startYear":2000,"endYear":2022,"values":[0.0,0.0,0.0,0.0,0.1,0.6,0.6,0.9,1.0,5.6,6.9,8.5,9.8,7.3,11.6,7.9678068410462775,6.669874879692012,2.706349206349206,2.848299912816042,2.70076726342711,5.847810979847116,5.524886877828054,4.177215189873418]},"PMTCTPostnatalOptA":{"countryName":"Namibia","countryCode":516,"startYear":2000,"endYear":2022,"values":[0.0,0.0,0.0,0.0,0.0,0.0,0.0,0.0,0.0,0.0,0.0,0.0,0.0,0.0,0.0,0.0,0.0,0.0,0.0,0.0,0.0,0.0,0.0]},"PMTCTPostnatalOptB":{"countryName":"Namibia","countryCode":516,"startYear":2000,"endYear":2022,"values":[0.0,0.0,0.0,0.0,0.0,0.0,0.0,0.0,0.0,0.0,0.0,0.0,0.0,0.0,0.0,0.0,0.0,0.0,0.0,0.0,0.0,0.0,0.0]},"PercentHIVPopEligible":{"countryName":"Namibia","countryCode":516,"TB\/HIV":3.56,"TB\/HIV Year":2013,"DC":23.6,"DC Year":2014,"FSW":1.6,"FSW Year":2015,"MSM":0.8,"MSM Year":2015,"IDU":0.09,"IDU Year":2015,"Other":10,"Other Year":2014},"AdultHIVPrev":{"countryName":"Namibia","countryCode":516,"startYear":1970,"endYear":2022,"values":[0.0,0.0,0.0,0.0,0.0,0.0,0.00946,0.01478,0.02274,0.03527,0.05374,0.08077,0.12158,0.18031,0.2658,0.38953,0.56923,0.81804,1.16586,1.68466,2.32248,3.19186,4.30579,5.67055,7.21312,8.81642,10.3297,11.60591,12.59202,13.29261,13.7395,13.98743,14.06178,13.99226,13.84295,13.69943,13.54907,13.42661,13.33829,13.27327,13.24595,13.20594,13.15564,13.07761,12.98373,12.86221,12.72511,12.54835,12.33624,12.08197,11.76566,11.42266,11.02295]},"SexRatio":{"countryName":"Namibia","countryCode":516,"startYear":1970,"endYear":2022,"values":[0.26,0.26,0.26,0.26,0.26,0.26,0.37,0.48,0.58,0.68,0.76,0.86,0.94,1.02,1.09,1.16,1.21,1.27,1.32,1.36,1.4,1.43,1.45,1.47,1.48,1.51,1.51,1.51,1.51,1.51,1.51,1.51,1.51,1.51,1.51,1.52,1.52,1.53,1.54,1.56,1.58,1.61,1.65,1.7,1.75,1.81,1.87,1.93,1.98,2.01,2.04,2.07,2.08]},"PercNotBFNotRecARVs":{"countryName":"Namibia","countryCode":516,"<2":16.35,"2-3":17.75,"4-5":23.57,"6-7":35.12,"8-9":49.81,"10-11":63.6,"12-13":74.34,"14-15":81.95,"16-17":87.14,"18-19":90.67,"20-21":93.09,"22-23":94.78,"24-25":95.98,"26-27":96.85,"28-29":97.5,"30-31":97.98,"32-33":98.35,"34-35":98.64},"PercNotBFRecARVs":{"countryName":"Namibia","countryCode":516,"<2":16.35,"2-3":17.75,"4-5":23.57,"6-7":35.12,"8-9":49.81,"10-11":63.6,"12-13":74.34,"14-15":81.95,"16-17":87.14,"18-19":90.67,"20-21":93.09,"22-23":94.78,"24-25":95.98,"26-27":96.85,"28-29":97.5,"30-31":97.98,"32-33":98.35,"34-35":98.64},"LocalAdjustmentFactor":{"countryName":"Namibia","countryCode":516,"nan":1.48},"NewARTPatAllocation":{"countryName":"Namibia","countryCode":516,"NewARTPatAllocationMethod":3,"ExpectedMortality":0.2,"ProportionEligible":0.8,"NotDefault":0}}