{"countryCode":562,"subnatCode":0,"Incidence":{"countryName":"Niger","countryCode":562,"startYear":1970,"endYear":2023,"values":[0.0,0.0,0.0,0.0,0.0,5.39305101216718e-5,7.37005903295172e-5,0.000140635111159649,0.000293202539603026,0.0005658345612454,0.00104357813312194,0.00186024017155189,0.00323532390473298,0.0053931511387432,0.00867906311056459,0.0135972193406725,0.0204757879601483,0.0298860953241205,0.0421462238266993,0.0560992320881251,0.0723585650784801,0.0900333190419432,0.107681439304312,0.121892492926206,0.1312152620736,0.136656326942282,0.133767917503938,0.124250019919621,0.114619378887489,0.101464883335723,0.0848004361559825,0.0667951788430128,0.0537852030946466,0.0420072088671848,0.0318250034642559,0.0254376561824323,0.0185427695180792,0.0140707916095844,0.0119554389366242,0.00858626668571786,0.00695253055551896,0.0072312552325072,0.00649039407132694,0.0073752332014468,0.0084999902474147,0.00882600242442763,0.00908403940463683,0.00868930939008945,0.00884111451924314,0.00819008280380216,0.00854954140769422,0.0080450241217956,0.00729814804361502,0.00727263943717889]},"AdultARTMale":{"countryName":"Niger","countryCode":562,"startYear":2000,"endYear":2023,"values":[0.0,0.0,0.0,0.0,0.190712427652882,1.35301855528457,3.41783635347334,4.98388269846779,6.27264188744739,15.7469649131666,18.1811320279309,24.5680173557266,30.2244559224777,30.1210002621573,30.0083651490943,33.3030050498283,39.8334766754183,44.8745159036807,54.1703106971365,55.4142391260023,57.5925083328313,59.3508832000243,59.4534997322047,59.5223429998326]},"AdultARTFemale":{"countryName":"Niger","countryCode":562,"startYear":2000,"endYear":2023,"values":[0.0,0.0,0.0,0.0,0.281887507639964,2.03216867707264,5.15496238642798,7.47397805365267,9.27601490653219,22.8028900764436,26.8684629530454,35.0682838110883,41.7586343774361,50.0344420329919,45.091637541328,52.1334808429554,59.625473190387,71.6930700052593,78.1978482124298,80.757395148426,84.7262655348709,84.5437756997959,84.0484170285481,83.7792253458675]},"PercLostToFollowup":{"countryName":"Niger","countryCode":562,"startYear":2000,"endYear":2023,"values":[5.0,5.0,5.0,5.0,5.0,5.0,5.0,5.0,5.0,5.0,5.0,5.0,5.0,5.0,5.0,5.0,5.0,5.0,5.0,5.0,5.0,5.0,5.0,5.0]},"ChildART":{"countryName":"Niger","countryCode":562,"startYear":2000,"endYear":2023,"values":[0.0,0.0,0.0,0.0,0.0265697054861732,0.196167414193767,1.22596433983269,1.83200761420323,1.66032826452707,3.6251973999022,5.15943075344402,8.2417125467794,11.9532781413258,10.7115886823728,13.823977844298,20.9286493902225,22.3270331856784,29.2254954601925,36.8087110953234,36.8666161259745,32.8384702173389,42.9575032122415,46.0966850672329,41.3606978218765]},"ChildCotrim":{"countryName":"Niger","countryCode":562,"startYear":2000,"endYear":2023,"values":[0.0,0.0,0.0,0.0,0.053565355025388,0.375092574552366,1.57096972656142,2.8880213716779,3.06871326305295,7.33120395932925,6.78520366256076,8.85134327727997,15.5690767881596,11.6908745276928,10.9405802583539,11.9061105855507,23.6384870062168,12.9618695873912,11.8625685242155,15.5148180788746,18.4364376995331,20.2652883578371,21.0245616207311,19.0155919144713]},"PMTCTSingleDoseNevirapine":{"countryName":"Niger","countryCode":562,"startYear":2000,"endYear":2023,"values":[0.0,0.0,0.0,0.0,0.0,0.0,0.0,0.0,0.0,0.0,0.0,0.0,0.0,0.0,0.0,0.0,3.41296078491714,7.4058641562692,0.0,0.0,0.0,0.0,0.0,0.0]},"PMTCTDualARV":{"countryName":"Niger","countryCode":562,"startYear":2000,"endYear":2023,"values":[0.0,0.0,0.0,0.0,0.0,3.02509729455547,1.61842522147038,2.2553601978435,5.08670400394475,13.4090859253528,22.7827187777601,0.0,0.0,0.0,0.0,0.0,6.39329273794338,8.4092393000218,0.0,0.0,0.0,0.0,0.0,0.0]},"PMTCTOptA":{"countryName":"Niger","countryCode":562,"startYear":2000,"endYear":2023,"values":[0.0,0.0,0.0,0.0,0.0,0.0,0.0,0.0,0.0,0.0,0.0,62.6957177615637,47.9710074978685,39.3856562843788,18.6713813888413,22.7179953573166,16.9686641841655,10.3682098187769,0.0,0.0,0.0,0.0,0.0,0.0]},"PMTCTOptB":{"countryName":"Niger","countryCode":562,"startYear":2000,"endYear":2023,"values":[0.0,0.0,0.0,0.0,0.0,0.0,0.0,0.0,0.0,0.0,0.0,23.5719614181464,18.8989594756465,19.3187744232875,40.431945099924,49.1988056806484,11.6809784610545,27.4255872625711,0.0,0.0,0.0,0.0,0.0,0.0]},"PMTCTOptBPlusStartBefPreg":{"countryName":"Niger","countryCode":562,"startYear":2000,"endYear":2023,"values":[0.0,0.0,0.0,0.0,0.0,0.0,0.0,0.0,0.0,0.0,0.0,0.0,0.0,0.0,0.0,0.0,2.54770312113533,14.4294901625374,13.6171465828157,15.9916206518661,14.7801107154855,12.0077330171526,3.49761019254722,13.5093687850409]},"PMTCTOptBPlusStartDurPregGT4Wks":{"countryName":"Niger","countryCode":562,"startYear":2000,"endYear":2023,"values":[0.0,0.0,0.0,0.0,0.0,0.0,0.0,0.0,0.0,0.0,0.0,0.0,0.0,0.0,0.0,0.0,9.56590417181002,12.9960971000337,32.6528809061982,27.8804348391135,22.1236877376449,17.9884185739583,25.6491414120129,22.3424176060291]},"PMTCTOptBPlusStartDurPregLT4Wks":{"countryName":"Niger","countryCode":562,"startYear":2000,"endYear":2023,"values":[0.0,0.0,0.0,0.0,0.0,0.0,0.0,0.0,0.0,0.0,0.0,0.0,0.0,0.0,0.0,0.0,0.0,0.0,0.0,0.0,0.0,0.0,0.0,0.0]},"AdultHIVPrev":{"countryName":"Niger","countryCode":562,"startYear":1970,"endYear":2023,"values":[0.0,0.0,0.0,0.0,0.0,5.28453921411949e-5,0.000121871174366002,0.00025184763585934,0.000522317941530579,0.00104095223175142,0.00199014899503434,0.00366891693218017,0.00657860705470407,0.0114057086414642,0.0191326669398102,0.0311817880981619,0.0490858558795761,0.0749339294607734,0.110916630337202,0.157892550229947,0.217149143516812,0.288948456621067,0.37203141823203,0.46166525730102,0.55207836319762,0.638917884739771,0.713504140060199,0.770120045488271,0.809877576428348,0.829926731083872,0.828670048166965,0.806480467294033,0.769710001179006,0.721581114601122,0.665433447609231,0.607753926619383,0.550774443264616,0.496545015397786,0.445852443952918,0.402622463576344,0.366861803380393,0.335171257253485,0.307253471820686,0.283374983554084,0.262092676624764,0.242382245865762,0.225730238474276,0.211467298764158,0.199672510958945,0.189029313003771,0.179841564031936,0.170901461416035,0.162120842488965,0.154010064837859]},"SexRatio":{"countryName":"Niger","countryCode":562,"startYear":1970,"endYear":2023,"values":[0.24,0.24,0.24,0.24,0.24,0.76539,0.75949,0.73998,0.73644,0.73948,0.76103,0.77791,0.79498,0.81894,0.84244,0.86306,0.88212,0.8901,0.90446,0.91342,0.91641,0.92234,0.92412,0.91142,0.90082,0.88419,0.85454,0.82407,0.79075,0.75254,0.71158,0.66044,0.61408,0.5798,0.74468,0.95333,1.20052,1.43078,1.61083,1.69528,1.69591,1.64986,1.59058,1.51425,1.41347,1.31888,1.24552,1.18691,1.12157,1.02966,0.96037,0.92277,0.86423,0.81476]},"PercNotBFNotRecARVs":{"countryName":"Niger","countryCode":562,"<2":2.14379,"2-3":2.14383,"4-5":2.14622,"6-7":2.17752,"8-9":2.38379,"10-11":3.28498,"12-13":6.227,"14-15":13.65012,"16-17":27.75129,"18-19":46.97439,"20-21":65.64637,"22-23":79.45811,"24-25":88.0982,"26-27":93.09873,"28-29":95.92926,"30-31":97.54137,"32-33":98.47697,"34-35":99.03289},"PercNotBFRecARVs":{"countryName":"Niger","countryCode":562,"<2":2.14379,"2-3":2.14383,"4-5":2.14622,"6-7":2.17752,"8-9":2.38379,"10-11":3.28498,"12-13":6.227,"14-15":13.65012,"16-17":27.75129,"18-19":46.97439,"20-21":65.64637,"22-23":79.45811,"24-25":88.0982,"26-27":93.09873,"28-29":95.92926,"30-31":97.54137,"32-33":98.47697,"34-35":99.03289},"LocalAdjustmentFactor":{"countryName":"Niger","countryCode":562,"value":1.47},"NewARTPatAllocation":{"countryName":"Niger","countryCode":562,"NewARTPatAllocationMethod":3.0,"ExpectedMortality":0.2,"ProportionEligible":0.8}}