{"countryName":"Nicaragua","subnatCode":0,"Incidence":{"countryName":"Nicaragua","countryCode":558,"startYear":1970,"endYear":2020,"values":[0.0,0.0,0.0,0.0,0.0,0.0,0.0,0.0,0.0,0.0,0.0,0.0,8e-5,8e-5,0.00015,0.00026,0.00172,0.00229,0.00283,0.00336,0.00386,0.00461,0.00499,0.00668,0.01039,0.01585,0.01997,0.02425,0.02912,0.03194,0.02976,0.02672,0.02536,0.02455,0.02371,0.02007,0.021,0.02044,0.0208,0.02143,0.02136,0.02146,0.0213,0.02117,0.02126,0.02099,0.02074,0.02079,0.02057,0.01979,0.01951]},"AdultARTMale":{"countryName":"Nicaragua","countryCode":558,"startYear":2000,"endYear":2020,"values":[0.0,0.0,0.0,1.73706,3.42784,9.59375,17.90293,31.39915,31.92269,27.95217,27.95517,34.86844,40.89773,33.78715,36.67061,41.25859,37.35077,41.29579,46.49977,50.97361,50.86865]},"AdultARTFemale":{"countryName":"Nicaragua","countryCode":558,"startYear":2000,"endYear":2020,"values":[0.0,0.0,0.0,1.34453,3.3578,9.71199,17.54687,7.20215,31.06718,24.56928,35.53947,41.62125,46.21292,38.41356,47.60736,48.47597,41.60996,43.19392,50.37812,51.20396,47.90633]},"MedianCD4AtInit":{"countryName":"Nicaragua","countryCode":558,"startYear":2000,"endYear":2020,"values":[0.0,0.0,0.0,0.0,0.0,0.0,0.0,0.0,0.0,0.0,0.0,0.0,0.0,0.0,0.0,0.0,0.0,0.0,0.0,0.0,0.0]},"PercLostToFollowup":{"countryName":"Nicaragua","countryCode":558,"startYear":2000,"endYear":2020,"values":[0.0,0.0,0.0,0.0,0.0,0.0,0.0,0.0,0.0,0.0,0.0,0.0,0.0,0.0,0.0,0.0,0.0,0.0,0.0,0.0,0.0]},"ChildART":{"countryName":"Nicaragua","countryCode":558,"startYear":2000,"endYear":2020,"values":[0.0,0.0,0.0,0.0,0.0,0.0,0.0,12.06741,20.88117,27.52994,34.19261,41.13904,48.75023,50.26498,50.08218,52.98969,53.89328,51.44953,53.27509,62.5936,56.17734]},"ChildCotrim":{"countryName":"Nicaragua","countryCode":558,"startYear":2000,"endYear":2020,"values":[0.0,0.0,0.0,0.0,0.0,0.0,0.0,7.76828,13.75795,18.45671,22.94468,27.27007,32.95679,38.30712,36.06639,51.35386,66.93747,70.0,71.25,72.5,73.75]},"PMTCTSingleDoseNevirapine":{"countryName":"Nicaragua","countryCode":558,"startYear":2000,"endYear":2020,"values":[0.0,0.0,0.0,3.75914,1.76391,0.0,0.0,0.0,0.0,0.0,0.0,0.0,0.0,0.0,0.0,0.0,0.0,0.0,0.0,0.0,0.0]},"PMTCTDualARV":{"countryName":"Nicaragua","countryCode":558,"startYear":2000,"endYear":2020,"values":[0.0,0.0,0.0,0.0,0.0,0.0,0.0,0.0,0.0,0.0,1.46747,7.04527,3.39144,1.96507,0.0,2.51575,1.23385,0.0,0.0,0.0,0.0]},"PMTCTOptA":{"countryName":"Nicaragua","countryCode":558,"startYear":2000,"endYear":2020,"values":[0.0,0.0,0.0,0.0,0.0,0.0,0.0,0.0,0.0,0.0,0.0,0.0,0.0,0.0,0.0,0.0,0.0,0.0,0.0,0.0,0.0]},"PMTCTOptB":{"countryName":"Nicaragua","countryCode":558,"startYear":2000,"endYear":2020,"values":[0.0,0.0,0.0,0.0,0.88195,9.34622,21.52873,34.57529,41.62276,69.39353,64.56851,73.27085,82.75111,69.43258,41.64918,44.65459,35.7816,38.18251,34.29117,38.5013,35.67568]},"PMTCTOptBPlusStartBefPreg":{"countryName":"Nicaragua","countryCode":558,"startYear":2000,"endYear":2020,"values":[0.0,0.0,0.0,0.0,0.0,0.0,0.0,0.0,0.0,0.0,0.0,0.0,0.0,0.0,10.89286,18.86814,25.29389,27.09726,39.80225,39.11243,38.91892]},"PMTCTOptBPlusStartDurPregGT4Wks":{"countryName":"Nicaragua","countryCode":558,"startYear":2000,"endYear":2020,"values":[0.0,0.0,0.0,0.0,0.0,0.0,0.0,0.0,0.0,0.0,0.0,0.0,0.0,0.0,0.0,0.0,0.0,0.0,0.0,0.0,25.40541]},"PMTCTOptBPlusStartDurPregLT4Wks":{"countryName":"Nicaragua","countryCode":558,"startYear":2000,"endYear":2020,"values":[0.0,0.0,0.0,0.0,0.0,0.0,0.0,0.0,0.0,0.0,0.0,0.0,0.0,0.0,0.0,7.54725,8.63694,3.07923,1.22468,0.0,0.0]},"PMTCTPostnatalOptA":{"countryName":"Nicaragua","countryCode":558,"startYear":2000,"endYear":2020,"values":[0.0,0.0,0.0,0.0,0.0,0.0,0.0,0.0,0.0,0.0,0.0,0.0,0.0,0.0,0.0,0.0,0.0,0.0,0.0,0.0,0.0]},"PMTCTPostnatalOptB":{"countryName":"Nicaragua","countryCode":558,"startYear":2000,"endYear":2020,"values":[0.0,0.0,0.0,0.0,0.0,0.0,0.0,0.0,0.0,0.0,0.0,0.0,0.0,0.0,0.0,0.0,0.0,0.0,0.0,0.0,0.0]},"PercentHIVPopEligible":{"countryName":"Nicaragua","countryCode":558,"TB\/HIV":5,"TB\/HIV Year":2009,"DC":43.9,"DC Year":2015,"FSW":5.12,"FSW Year":2015,"MSM":16.13,"MSM Year":2015,"IDU":5.35,"IDU Year":2015,"Other":10,"Other Year":2015},"AdultHIVPrev":{"countryName":"Nicaragua","countryCode":558,"startYear":1970,"endYear":2020,"values":[0.0,0.0,0.0,0.0,0.0,0.0,0.0,0.0,0.0,0.0,0.0,0.0,8e-5,0.00015,0.0003,0.00053,0.00217,0.00427,0.00676,0.00958,0.01267,0.01622,0.01982,0.02473,0.03277,0.04544,0.06107,0.07956,0.10125,0.12389,0.14251,0.15644,0.16747,0.17628,0.18316,0.18568,0.1892,0.19264,0.19693,0.2016,0.20633,0.21095,0.21588,0.22087,0.22553,0.22997,0.23398,0.23805,0.24194,0.24554,0.24882]},"SexRatio":{"countryName":"Nicaragua","countryCode":558,"startYear":1970,"endYear":2020,"values":[0.0,1.06276,1.10037,1.09759,1.02085,1.05089,1.05455,1.06569,1.06416,1.06419,1.06507,1.06312,1.04868,1.0533,0.30702,0.41961,2.19286,2.27596,2.27807,2.40292,2.20581,1.81782,1.31467,0.9278,0.59492,0.42395,0.33898,0.28193,0.24007,0.2306,0.26773,0.33201,0.38482,0.43525,0.43525,0.43525,0.43525,0.43525,0.43525,0.43525,0.43525,0.43525,0.43525,0.43525,0.43525,0.43525,0.43525,0.43525,0.43525,0.43525,0.43525]},"PercNotBFNotRecARVs":{"countryName":"Nicaragua","countryCode":558,"<2":0.3,"2-3":3.8,"4-5":10.1,"6-7":16,"8-9":17.3,"10-11":28.6,"12-13":31.2,"14-15":33.1,"16-17":40.9,"18-19":45.9,"20-21":56.4,"22-23":57.9,"24-25":63.5,"26-27":69.5,"28-29":78.9,"30-31":71.8,"32-33":84.8,"34-35":84.2},"PercNotBFRecARVs":{"countryName":"Nicaragua","countryCode":558,"<2":95,"2-3":95,"4-5":95,"6-7":95,"8-9":95,"10-11":95,"12-13":98,"14-15":98,"16-17":98,"18-19":98,"20-21":98,"22-23":98,"24-25":98,"26-27":98,"28-29":98,"30-31":98,"32-33":98,"34-35":98},"LocalAdjustmentFactor":{"countryName":"Nicaragua","countryCode":558,"value":1.5}}