{"countryCode":554,"subnatCode":0,"Incidence":{"countryName":"New Zealand","countryCode":554,"startYear":1970,"endYear":2023,"values":[0.0,0.0,0.0,0.0,1.97045048158072e-5,6.92494276486514e-5,0.000158987305786513,0.000328658913504583,0.000598398206959005,0.00100588111870937,0.00159038948372589,0.00240243453668058,0.00331275230278619,0.00418152028719659,0.00494133660894659,0.00551948367891975,0.00584010343163736,0.00593630786136616,0.00579549475240232,0.0053928143750985,0.00473949457560439,0.00423875067677211,0.00386948781000409,0.00359030809356986,0.00341798268378114,0.00333813844755587,0.00336180887892428,0.00349319009374418,0.00372378065308428,0.00405690823707864,0.00444489377667295,0.00480077683913368,0.00510906373345368,0.00543050265775828,0.00572706671365205,0.0059721184482071,0.00618465495306535,0.00635870404163838,0.00647918621649289,0.00654560476361134,0.0065716013131519,0.00653218291676662,0.00639760261873303,0.00616204125685673,0.00583763164481872,0.00548225617881102,0.00505545954025494,0.00458154833308489,0.00405461994097336,0.00349185522666702,0.00295355049443526,0.00238774554787649,0.00183640066933951,0.00131664648003183]},"AdultARTMale":{"countryName":"New Zealand","countryCode":554,"startYear":2000,"endYear":2023,"values":[62.6802600067472,66.9001668767981,71.1730637011419,75.3684330271089,79.4166500621251,77.1172779908607,77.1966160391602,78.9122126841956,78.5674127417049,81.7543751827145,74.4657573468035,78.2813308269071,79.4922523721756,70.4734566177669,72.8840006215998,77.6773224225544,73.1346414374605,77.8941560556349,81.6400962307614,80.5041993059866,82.80917136292,84.3327473189064,85.8946186041825,91.2765545590743]},"AdultARTFemale":{"countryName":"New Zealand","countryCode":554,"startYear":2000,"endYear":2023,"values":[61.3604160312907,68.6692558497622,76.672701749889,84.4363823335683,92.6495208282595,100.0,100.0,100.0,100.0,100.0,95.847194658902,100.0,98.9217920355295,85.3109689775946,86.3201567391251,87.2226244827365,77.4018622806589,77.6083561252751,79.9684816532407,79.0317203112737,81.5047232886756,84.4570266645947,85.9244252511666,90.0644821932752]},"PercLostToFollowup":{"countryName":"New Zealand","countryCode":554,"startYear":2000,"endYear":2023,"values":[1.6,1.6,1.6,1.6,1.6,1.6,1.6,1.6,1.6,1.6,1.6,1.6,1.6,1.6,1.6,1.6,1.6,1.6,1.6,1.6,1.6,1.6,1.6,1.6]},"ChildART":{"countryName":"New Zealand","countryCode":554,"startYear":2000,"endYear":2023,"values":[95.0,95.0,95.0,95.0,95.0,100.0,100.0,100.0,100.0,100.0,100.0,100.0,100.0,100.0,100.0,100.0,77.4404386226444,99.3678783396479,98.893980707982,82.8883266297399,96.8989687307028,99.9393095829078,96.2884311200708,100.0]},"ChildCotrim":{"countryName":"New Zealand","countryCode":554,"startYear":2000,"endYear":2023,"values":[7.81519868579619,0.0,0.0,0.0,0.0,0.0,0.0,0.0,0.0,0.0,0.0,12.5802515211621,16.5831635286485,72.1667952933665,17.0524935434996,75.3206976916585,16.481687197355,7.6259879944071,100.0,100.0,100.0,100.0,100.0,100.0]},"PMTCTSingleDoseNevirapine":{"countryName":"New Zealand","countryCode":554,"startYear":2000,"endYear":2023,"values":[0.0,0.0,0.0,0.0,0.0,0.0,0.0,0.0,0.0,0.0,0.0,0.0,0.0,0.0,0.0,0.0,0.0,0.0,0.0,0.0,0.0,0.0,0.0,0.0]},"PMTCTDualARV":{"countryName":"New Zealand","countryCode":554,"startYear":2000,"endYear":2023,"values":[0.0,0.0,0.0,0.0,0.0,0.0,0.0,0.0,0.0,0.0,0.0,0.0,0.0,0.0,0.0,0.0,0.0,0.0,0.0,0.0,0.0,0.0,0.0,0.0]},"PMTCTOptA":{"countryName":"New Zealand","countryCode":554,"startYear":2000,"endYear":2023,"values":[0.0,0.0,0.0,0.0,0.0,0.0,0.0,0.0,0.0,0.0,0.0,0.0,0.0,0.0,0.0,0.0,0.0,0.0,0.0,0.0,0.0,0.0,0.0,0.0]},"PMTCTOptB":{"countryName":"New Zealand","countryCode":554,"startYear":2000,"endYear":2023,"values":[0.0,0.0,0.0,0.0,0.0,0.0,0.0,0.0,0.0,0.0,0.0,0.0,0.0,0.0,0.0,0.0,0.0,0.0,0.0,0.0,0.0,0.0,0.0,0.0]},"PMTCTOptBPlusStartBefPreg":{"countryName":"New Zealand","countryCode":554,"startYear":2000,"endYear":2023,"values":[13.5856274929626,40.3871784170919,66.2862718479552,73.0846344428393,66.8513248818403,52.2927221081079,50.0,92.0,56.0,87.5,78.0,92.0,78.0,100.0,87.5,100.0,100.0,79.0,100.0,100.0,87.0,85.0,85.0,29.0377752418121]},"PMTCTOptBPlusStartDurPregGT4Wks":{"countryName":"New Zealand","countryCode":554,"startYear":2000,"endYear":2023,"values":[0.0,26.9247856113946,26.5145087391821,0.0,11.1418874803067,31.3756332648647,50.0,8.0,44.0,12.5,22.0,8.0,22.0,0.0,12.5,0.0,0.0,21.0,0.0,0.0,13.0,15.0,15.0,0.0]},"PMTCTOptBPlusStartDurPregLT4Wks":{"countryName":"New Zealand","countryCode":554,"startYear":2000,"endYear":2023,"values":[0.0,0.0,0.0,0.0,0.0,0.0,0.0,0.0,0.0,0.0,0.0,0.0,0.0,0.0,0.0,0.0,0.0,0.0,0.0,0.0,0.0,0.0,0.0,0.0]},"AdultHIVPrev":{"countryName":"New Zealand","countryCode":554,"startYear":1970,"endYear":2023,"values":[0.0,0.0,0.0,0.0,1.95949606871772e-5,8.71171837291942e-5,0.000238743088377004,0.000547462713954855,0.0011010503199986,0.00202083312607143,0.00346821322294847,0.00563719398401085,0.00857579664701017,0.0121906918354714,0.0162910373367188,0.0207025163048363,0.0250993613903932,0.0292032793139108,0.0327605186332914,0.0356504186124,0.0377308738189151,0.0389108312606503,0.0394751553355499,0.0395803350487546,0.0393208150786304,0.0403132294221438,0.0420324857646615,0.0438179208303126,0.0456491898887249,0.0475466635711757,0.0496197113410421,0.0513791682966512,0.0528294421296825,0.0546293681305184,0.0569615577146674,0.0594540830705795,0.0621501959656586,0.0650414566902516,0.067816128161236,0.0703551402436689,0.0728985741197653,0.07550772017769,0.0777829353163515,0.0790890214562555,0.0806448887721226,0.0802349999766408,0.0811982514373016,0.0800673077886598,0.0780682219315618,0.0777144608790038,0.0763512897717841,0.0735477746125369,0.0707695997269251,0.0694405618258933]},"SexRatio":{"countryName":"New Zealand","countryCode":554,"startYear":1970,"endYear":2023,"values":[0.15684,0.15684,0.15684,0.15684,0.15684,0.15684,0.15684,0.15684,0.15684,0.15684,0.15684,0.16078,0.16442,0.16775,0.1708,0.17357,0.17608,0.17608,0.17608,0.17608,0.17608,0.17608,0.17608,0.17608,0.17608,0.17608,0.17608,0.17608,0.17608,0.17608,0.17608,0.17608,0.17608,0.17608,0.17608,0.17608,0.17608,0.17608,0.17608,0.17608,0.17608,0.17608,0.17608,0.17608,0.17608,0.17608,0.17608,0.17608,0.17608,0.17608,0.17608,0.17608,0.17608,0.16]},"PercNotBFNotRecARVs":{"countryName":"New Zealand","countryCode":554,"<2":100.0,"2-3":100.0,"4-5":100.0,"6-7":100.0,"8-9":100.0,"10-11":100.0,"12-13":100.0,"14-15":100.0,"16-17":100.0,"18-19":100.0,"20-21":100.0,"22-23":100.0,"24-25":100.0,"26-27":100.0,"28-29":100.0,"30-31":100.0,"32-33":100.0,"34-35":100.0},"PercNotBFRecARVs":{"countryName":"New Zealand","countryCode":554,"<2":100.0,"2-3":100.0,"4-5":100.0,"6-7":100.0,"8-9":100.0,"10-11":100.0,"12-13":100.0,"14-15":100.0,"16-17":100.0,"18-19":100.0,"20-21":100.0,"22-23":100.0,"24-25":100.0,"26-27":100.0,"28-29":100.0,"30-31":100.0,"32-33":100.0,"34-35":100.0},"LocalAdjustmentFactor":{"countryName":"New Zealand","countryCode":554,"value":1.4},"NewARTPatAllocation":{"countryName":"New Zealand","countryCode":554,"NewARTPatAllocationMethod":3.0,"ExpectedMortality":0.6,"ProportionEligible":0.4}}