{"countryCode":586,"subnatCode":0,"Incidence":{"countryName":"Pakistan","countryCode":586,"startYear":1970,"endYear":2023,"values":[0.0,0.0,0.0,0.0,0.0,0.0,0.0,0.0,0.0,0.0,0.0,0.0,0.0,0.0,0.0,0.0,0.0,0.0,0.0,0.0,0.0,1.1496131373287e-5,2.32225664994332e-5,3.45490931274618e-5,5.76886688910703e-5,6.89510294869552e-5,8.04183033827066e-5,0.000114746152542165,0.00013751839879639,0.000160256825026231,0.000216351666132489,0.000285254970903394,0.000401558457975755,0.00129508872785367,0.00707203057477592,0.0115978293092076,0.0122063363110124,0.0141609757850186,0.015449641927226,0.0153485853252237,0.0148656742065395,0.0152361491778948,0.0160052841604328,0.0168445458241842,0.0177416094721054,0.018566837309721,0.0191857768738553,0.0201712743648138,0.0218332013054899,0.0236522552743132,0.0256622462542519,0.0270526397270983,0.0284847638164007,0.030994232060766]},"AdultARTMale":{"countryName":"Pakistan","countryCode":586,"startYear":2000,"endYear":2023,"values":[0.0,0.0,2.00037310488476,1.97128088462641,0.981322393151021,0.496644656076967,0.460891825245528,1.13607927442613,1.4229308749828,1.6869184675211,2.1182748301817,1.8554146445902,2.5899032753661,2.54557180730369,3.59829277423502,4.32617895233418,5.58218983350315,7.08670688437031,8.51153026597626,10.5790159945504,9.83273284782605,9.22691715424173,11.2565988378532,13.1901821086573]},"AdultARTFemale":{"countryName":"Pakistan","countryCode":586,"startYear":2000,"endYear":2023,"values":[0.0,0.0,1.86007681269708,2.42360886855954,2.64622313335585,1.6834823365389,1.46985920604771,3.3872916874109,3.65609204237558,3.72185905513109,4.06738725389215,4.24551719560244,5.37799856410754,4.95783366925789,5.59093417957124,6.20772738055025,7.0392668641809,8.2003763625355,9.75127206633015,12.9181024772262,13.4643693652588,15.2210262184778,16.7525157617602,19.5627940112694]},"PercLostToFollowup":{"countryName":"Pakistan","countryCode":586,"startYear":2000,"endYear":2023,"values":[0.0,0.0,0.0,0.0,0.0,0.0,0.0,0.0,0.0,0.0,0.0,0.0,0.0,0.0,7.0,7.0,12.0,19.0,24.0,27.0,27.0,27.0,27.0,27.0]},"ChildART":{"countryName":"Pakistan","countryCode":586,"startYear":2000,"endYear":2023,"values":[13.7765905418195,20.6633557083037,23.240113365273,20.5166397642228,14.3742617918179,9.97021398571767,7.16906813379939,6.76326694521236,8.02719444484346,8.31723146504968,6.07675925618633,4.18126059841956,5.54415597367478,5.80150081173203,5.96722311126868,10.1671848187493,11.1527550011232,13.0080033450621,15.9871868790002,36.5148389483181,34.7326098605764,38.0454789051643,37.4805803742936,43.5721721489844]},"ChildCotrim":{"countryName":"Pakistan","countryCode":586,"startYear":2000,"endYear":2023,"values":[0.0,0.0,0.0,0.0,0.0,6.22874020666856,4.24374340363135,3.86612592697503,4.49196056086998,4.59303372318977,3.31257559174005,2.67748235067225,2.30843777216797,4.23917729877494,4.68299740252866,5.04785956998217,5.33224184285732,5.57866856862337,4.93136522784125,5.05502284142686,4.83282075315771,4.4584664849788,4.27232212149697,3.92577806320761]},"PMTCTSingleDoseNevirapine":{"countryName":"Pakistan","countryCode":586,"startYear":2000,"endYear":2023,"values":[0.0,0.0,0.0,0.0,0.0,0.0,0.0,1.1091943411271,0.721369233828206,1.16447557002618,1.59355933330724,0.0,0.0,0.0,0.0,0.0,0.0,0.0,0.0,0.0,0.0,0.0,0.0,0.0]},"PMTCTDualARV":{"countryName":"Pakistan","countryCode":586,"startYear":2000,"endYear":2023,"values":[0.0,0.0,0.0,0.0,0.0,0.0,0.0,0.0,0.0,0.0,0.0,0.0,0.0,0.0,0.0,0.0,0.0,0.0,0.0,0.0,0.0,0.0,0.0,0.0]},"PMTCTOptA":{"countryName":"Pakistan","countryCode":586,"startYear":2000,"endYear":2023,"values":[0.0,0.0,0.0,0.0,0.0,0.0,0.0,0.0,0.0,0.0,0.0,0.0,0.0,0.0,0.0,0.0,0.0,0.0,0.0,0.0,0.0,0.0,0.0,0.0]},"PMTCTOptB":{"countryName":"Pakistan","countryCode":586,"startYear":2000,"endYear":2023,"values":[0.0,0.0,0.0,0.0,0.0,0.0,0.0,0.0,0.0,0.0,0.0,2.11258434420974,5.28521167560687,2.90798860311927,7.59132161077434,0.0,5.13615331587191,0.0,0.0,0.0,0.0,0.0,0.0,0.0]},"PMTCTOptBPlusStartBefPreg":{"countryName":"Pakistan","countryCode":586,"startYear":2000,"endYear":2023,"values":[0.0,0.0,0.0,0.0,0.0,0.0,0.0,0.0,0.0,0.0,0.0,0.0,0.0,0.0,0.0,3.06622871137938,5.08628774969839,5.69551005855554,7.80321728951435,12.7738448528792,15.465408148866,4.41413551086328,16.3536951010544,10.7936431426607]},"PMTCTOptBPlusStartDurPregGT4Wks":{"countryName":"Pakistan","countryCode":586,"startYear":2000,"endYear":2023,"values":[0.0,0.0,0.0,0.0,0.0,0.0,0.0,0.0,0.0,0.0,0.0,0.0,0.0,0.0,0.0,0.164262252395324,0.0498655661735137,0.0459315327302866,0.0,0.0,0.0,0.0,0.0,0.0]},"PMTCTOptBPlusStartDurPregLT4Wks":{"countryName":"Pakistan","countryCode":586,"startYear":2000,"endYear":2023,"values":[0.0,0.0,0.0,0.0,0.0,0.0,0.0,0.0,0.0,0.0,0.0,0.0,0.0,0.0,0.0,0.0,0.0,0.0,0.0,0.0,0.0,0.0,0.0,0.0]},"AdultHIVPrev":{"countryName":"Pakistan","countryCode":586,"startYear":1970,"endYear":2023,"values":[0.0,0.0,0.0,0.0,0.0,0.0,0.0,0.0,0.0,0.0,0.0,0.0,0.0,0.0,0.0,0.0,0.0,0.0,0.0,0.0,0.0,1.12885123844937e-5,3.32000469260066e-5,6.52288890522012e-5,0.000117748862903441,0.000178185047221625,0.000245199002830034,0.000340404376953141,0.000450389285099327,0.000573778905878542,0.000743809905233773,0.000966154798873496,0.00128350768692802,0.00245201795169228,0.00918071872952168,0.019862660998616,0.0303681165256323,0.0420275787796623,0.0541293617325672,0.0652112937040367,0.0748908163856468,0.0839018344026679,0.0926626389640779,0.10127671017527,0.109834549089387,0.11786092074119,0.125630455934589,0.133958672896158,0.143433463904886,0.154215171342793,0.166401168614653,0.178874431172633,0.192100523309657,0.207371551315675]},"SexRatio":{"countryName":"Pakistan","countryCode":586,"startYear":1970,"endYear":2023,"values":[0.24,0.24,0.24,0.24,0.24,0.24,0.24,0.24,0.24,0.24,0.24,0.24,0.24,0.24,0.24,0.24,0.24,0.03395,0.12702,0.23653,0.32077,0.24946,0.16353,0.19828,0.23357,0.26866,0.29582,0.27869,0.3123,0.34434,0.30307,0.2836,0.2509,0.15146,0.06112,0.06093,0.0869,0.11348,0.14622,0.18955,0.23154,0.25241,0.25943,0.26248,0.26307,0.26554,0.27012,0.26217,0.24429,0.22934,0.21618,0.20686,0.20002,0.19357]},"PercNotBFNotRecARVs":{"countryName":"Pakistan","countryCode":586,"<2":4.3,"2-3":6.3,"4-5":9.6,"6-7":16.3,"8-9":16.1,"10-11":17.7,"12-13":20.9,"14-15":17.6,"16-17":37.6,"18-19":31.9,"20-21":36.9,"22-23":50.4,"24-25":69.2,"26-27":69.4,"28-29":80.4,"30-31":82.6,"32-33":83.1,"34-35":85.7},"PercNotBFRecARVs":{"countryName":"Pakistan","countryCode":586,"<2":4.3,"2-3":6.3,"4-5":9.6,"6-7":16.3,"8-9":16.1,"10-11":17.7,"12-13":20.9,"14-15":17.6,"16-17":37.6,"18-19":31.9,"20-21":36.9,"22-23":50.4,"24-25":69.2,"26-27":69.4,"28-29":80.4,"30-31":82.6,"32-33":83.1,"34-35":85.7},"LocalAdjustmentFactor":{"countryName":"Pakistan","countryCode":586,"value":1.0},"NewARTPatAllocation":{"countryName":"Pakistan","countryCode":586,"NewARTPatAllocationMethod":3.0,"ExpectedMortality":0.2,"ProportionEligible":0.8}}