{"countryCode":591,"subnatCode":0,"Incidence":{"countryName":"Panama","countryCode":591,"startYear":1970,"endYear":2022,"values":[0.0,0.0,0.0,0.0,0.0,0.0,0.0,0.0,0.0,0.0,0.0,1e-5,0.00012,0.00077,0.00328,0.00953,0.02016,0.03358,0.04706,0.0585,0.06701,0.07278,0.07632,0.07824,0.07903,0.0791,0.0787,0.07801,0.07715,0.07623,0.07526,0.07428,0.07331,0.07235,0.07143,0.07053,0.06969,0.06887,0.06809,0.06735,0.06663,0.06595,0.06531,0.06468,0.06409,0.06353,0.06301,0.06249,0.06202,0.06156,0.0612,0.06083,0.06043]},"AdultARTMale":{"countryName":"Panama","countryCode":591,"startYear":2000,"endYear":2022,"values":[19.78228,24.01834,28.06919,30.29293,32.87645,35.84689,39.19701,41.19246,42.9472,41.32061,42.92081,41.21059,47.41149,41.63937,45.61817,45.11333,46.45156,50.99352,54.36092,56.14684,55.58473,55.09105,69.21114]},"AdultARTFemale":{"countryName":"Panama","countryCode":591,"startYear":2000,"endYear":2022,"values":[22.11476,32.68066,38.52105,40.70143,43.19409,45.99863,49.0836,50.35033,51.24915,49.12657,48.01683,50.73885,39.13041,50.14253,48.12685,54.03862,54.88039,60.09954,48.6704,49.16013,46.75549,46.29542,58.63819]},"MedianCD4AtInit":{"countryName":"Panama","countryCode":591,"startYear":2000,"endYear":2022,"values":[144.62988,140.18288,139.29539,137.88675,135.81097,134.13532,132.75391,131.49256,129.77293,174.01633,174.31422,192.79732,187.82533,229.15128,230.01413,233.96625,277.12709,279.68501,277.0097,273.79426,271.64334,265.73735,272.06792]},"PercLostToFollowup":{"countryName":"Panama","countryCode":591,"startYear":2000,"endYear":2022,"values":[0.0,0.0,0.0,0.0,0.0,0.0,0.0,0.0,0.0,0.0,0.0,0.0,0.0,0.0,0.0,0.0,0.0,0.0,0.0,0.0,0.0,0.0,0.0]},"ChildART":{"countryName":"Panama","countryCode":591,"startYear":2000,"endYear":2022,"values":[0.0,0.0,44.52911,46.78648,50.08822,41.27664,17.80758,48.49595,99.0,99.0,99.0,99.0,99.0,99.0,86.64891,82.48069,87.14215,71.71058,69.30653,71.39136,63.30398,64.29207,66.84188]},"ChildCotrim":{"countryName":"Panama","countryCode":591,"startYear":2000,"endYear":2022,"values":[0.0,0.0,0.0,0.0,0.0,0.0,0.0,0.0,0.0,0.0,21.4634,32.38471,37.26454,35.00535,29.92276,45.20218,45.47186,44.00672,33.10951,45.83245,45.57184,44.79076,44.91177]},"PMTCTSingleDoseNevirapine":{"countryName":"Panama","countryCode":591,"startYear":2000,"endYear":2022,"values":[0.0,0.0,0.0,0.0,0.0,0.0,0.0,0.0,0.0,0.0,0.0,0.0,0.0,0.0,0.0,0.0,0.0,0.0,0.0,0.0,0.0,0.0,0.0]},"PMTCTDualARV":{"countryName":"Panama","countryCode":591,"startYear":2000,"endYear":2022,"values":[0.0,0.0,0.0,0.0,0.0,0.0,0.0,0.0,0.0,0.0,0.0,0.0,0.0,0.0,0.0,0.0,0.0,0.0,0.0,0.0,0.0,0.0,0.0]},"PMTCTOptA":{"countryName":"Panama","countryCode":591,"startYear":2000,"endYear":2022,"values":[16.3,22.9,26.8,25.7,23.7,58.6,57.4,0.0,0.0,0.0,0.0,0.0,0.0,0.0,0.0,0.0,0.0,0.0,0.0,0.0,0.0,0.0,0.0]},"PMTCTOptB":{"countryName":"Panama","countryCode":591,"startYear":2000,"endYear":2022,"values":[0.0,0.0,0.0,0.0,0.0,0.0,0.0,42.5,63.4,67.8,68.5,77.6,76.4,0.0,0.0,0.0,0.0,0.0,0.0,0.0,0.0,0.0,0.0]},"PMTCTOptBPlusStartBefPreg":{"countryName":"Panama","countryCode":591,"startYear":2000,"endYear":2022,"values":[0.0,0.0,0.0,0.0,0.0,0.0,0.0,0.0,0.0,0.0,0.0,0.0,0.0,31.9,27.5,30.5,38.5,31.0,25.8,30.9,38.7,39.7,45.2]},"PMTCTOptBPlusStartDurPregGT4Wks":{"countryName":"Panama","countryCode":591,"startYear":2000,"endYear":2022,"values":[0.0,0.0,0.0,0.0,0.0,0.0,0.0,0.0,0.0,0.0,0.0,0.0,0.0,47.2,43.3,46.4,36.8,44.2,42.5,33.8,24.2,44.3,28.7]},"PMTCTOptBPlusStartDurPregLT4Wks":{"countryName":"Panama","countryCode":591,"startYear":2000,"endYear":2022,"values":[0.0,0.0,0.0,0.0,0.0,0.0,0.0,0.0,0.0,0.0,0.0,0.0,0.0,9.2,4.3,5.2,0.0,4.8,5.6,0.0,0.0,0.0,0.0]},"PMTCTPostnatalOptA":{"countryName":"Panama","countryCode":591,"startYear":2000,"endYear":2022,"values":[0.0,0.0,0.0,0.0,0.0,0.0,0.0,0.0,0.0,0.0,0.0,0.0,0.0,0.0,0.0,0.0,0.0,0.0,0.0,0.0,0.0,0.0,0.0]},"PMTCTPostnatalOptB":{"countryName":"Panama","countryCode":591,"startYear":2000,"endYear":2022,"values":[0.0,0.0,0.0,0.0,0.0,0.0,0.0,0.0,0.0,0.0,0.0,0.0,0.0,0.0,0.0,0.0,0.0,0.0,0.0,0.0,0.0,0.0,0.0]},"PercentHIVPopEligible":{"countryName":"Panama","countryCode":591,"TB\/HIV":13.9,"TB\/HIV Year":2011,"DC":42.7,"DC Year":2015,"FSW":1.58,"FSW Year":2015,"MSM":21.5,"MSM Year":2015,"IDU":5.35,"IDU Year":2015,"Other":0,"Other Year":2012},"AdultHIVPrev":{"countryName":"Panama","countryCode":591,"startYear":1970,"endYear":2022,"values":[0.0,0.0,0.0,0.0,0.0,0.0,0.0,0.0,0.0,0.0,0.0,1e-5,0.00012,0.00087,0.00403,0.01313,0.03209,0.06302,0.10523,0.15587,0.21138,0.26852,0.32471,0.3781,0.42744,0.47201,0.51143,0.5457,0.57496,0.60521,0.63629,0.66402,0.69047,0.71503,0.73731,0.75796,0.77797,0.79673,0.81367,0.83125,0.84912,0.86468,0.87979,0.89404,0.90793,0.92029,0.93318,0.94745,0.96093,0.97139,0.97821,0.98108,0.98662]},"SexRatio":{"countryName":"Panama","countryCode":591,"startYear":1970,"endYear":2022,"values":[0.27,0.27,0.27,0.27,0.27,0.27,0.27,0.27,0.27,0.27,0.27,0.27,0.28,0.29,0.29,0.3,0.3,0.31,0.31,0.32,0.32,0.32,0.33,0.33,0.33,0.33,0.34,0.34,0.34,0.34,0.34,0.34,0.34,0.34,0.35,0.35,0.35,0.35,0.35,0.35,0.35,0.35,0.35,0.35,0.35,0.35,0.35,0.35,0.35,0.35,0.35,0.35,0.35]},"PercNotBFNotRecARVs":{"countryName":"Panama","countryCode":591,"<2":4.3,"2-3":4.3,"4-5":4.3,"6-7":4.3,"8-9":4.3,"10-11":4.3,"12-13":90,"14-15":90,"16-17":90,"18-19":90,"20-21":95,"22-23":95,"24-25":95,"26-27":100,"28-29":100,"30-31":100,"32-33":100,"34-35":100},"PercNotBFRecARVs":{"countryName":"Panama","countryCode":591,"<2":95,"2-3":95,"4-5":95,"6-7":95,"8-9":95,"10-11":95,"12-13":100,"14-15":100,"16-17":100,"18-19":100,"20-21":100,"22-23":100,"24-25":100,"26-27":100,"28-29":100,"30-31":100,"32-33":100,"34-35":100},"LocalAdjustmentFactor":{"countryName":"Panama","countryCode":591,"value":0.92},"NewARTPatAllocation":{"countryName":"Panama","countryCode":591,"NewARTPatAllocationMethod":3,"ExpectedMortality":0.2,"ProportionEligible":0.8,"NotDefault":0}}