{"countryCode":591,"subnatCode":0,"Incidence":{"countryName":"Panama","countryCode":591,"startYear":1970,"endYear":2023,"values":[0.0,0.0,0.0,0.0,0.0,0.0,0.0,0.0,0.0,9.83478785981495e-6,3.9339511447232e-5,0.000137605790675854,0.000432782832106719,0.00125987150711058,0.00334872659193816,0.00787439124107464,0.0160795962757595,0.0282912052569796,0.0430752478599978,0.0577550123499486,0.0697998606429178,0.0780448881301836,0.0825749032975341,0.084200173531089,0.0838799436097422,0.0824274744529224,0.08044454173554,0.0783052711877467,0.0762229667202167,0.0743466862671049,0.0726912371695737,0.0712660081201528,0.0700708520101802,0.0690815736851706,0.0682575366117073,0.0675973200847711,0.0670736923546314,0.0666396476433063,0.06629510854774,0.0660293328123078,0.065810908123935,0.0656391478617934,0.0654952901665341,0.0653861916002723,0.0652876849450368,0.065215527706487,0.0651743068251994,0.0651167809256486,0.0650802128023404,0.0650503419694545,0.0650876156253622,0.0651040369267403,0.0650655995648646,0.0650443278432111]},"AdultARTMale":{"countryName":"Panama","countryCode":591,"startYear":2000,"endYear":2023,"values":[6.48512717323775,8.35511221443747,10.3122366592467,11.6865432121094,13.2382734864293,15.0012590066453,16.9981663228079,18.4546086202915,19.8017649540897,25.4499674752847,26.809726470297,28.2764350616854,33.102303694721,34.9684643030449,38.4512687841885,39.7917635316994,45.8864015472303,50.2440638084057,53.4288557407772,55.036076577556,54.3277858929211,53.6700002785252,67.240360024422,69.2396217302399]},"AdultARTFemale":{"countryName":"Panama","countryCode":591,"startYear":2000,"endYear":2023,"values":[7.15035234648251,11.352637964402,14.3679162132092,16.1869578144391,18.1661846553905,20.3264849429208,22.677615988674,24.2033615124076,25.4903410190964,32.1082661584501,31.8732186043838,38.5016733984647,29.9404199464594,44.8827311875588,43.0966027520373,48.7058494884224,56.0305860162824,61.2457982757671,49.5252710386164,50.0596968452726,47.7679479434966,47.3922290335402,59.696616038944,60.5740332767669]},"PercLostToFollowup":{"countryName":"Panama","countryCode":591,"startYear":2000,"endYear":2023,"values":[5.0,5.0,5.0,5.0,5.0,5.0,5.0,5.0,5.0,5.0,5.0,5.0,5.0,5.0,5.0,5.0,5.0,5.0,5.0,5.0,5.0,5.0,5.0,5.0]},"ChildART":{"countryName":"Panama","countryCode":591,"startYear":2000,"endYear":2023,"values":[0.0,0.0,11.529002469468,12.2468264249689,13.6534280485023,11.7052035603516,5.2301206834255,19.3538652828785,40.0376402348681,59.6678316004465,97.7903144091603,97.2752850669328,95.2620607997646,80.9188947389316,69.6462614148046,68.3004745806326,73.0054828104151,59.2983109646017,65.925229737307,68.1009033664019,60.3074252124405,60.6954652784967,63.5176712106312,64.4621872745747]},"ChildCotrim":{"countryName":"Panama","countryCode":591,"startYear":2000,"endYear":2023,"values":[0.0,0.0,0.0,0.0,0.0,0.0,0.0,0.0,0.0,0.0,20.1048547237881,31.6184258300163,36.3181655487049,33.8628133580091,28.6992576741326,43.012573726647,37.5495467065977,28.166449229343,31.4125503121136,28.4625305315376,25.7384534203448,35.6075715088571,27.4593928972314,23.4436722793423]},"PMTCTSingleDoseNevirapine":{"countryName":"Panama","countryCode":591,"startYear":2000,"endYear":2023,"values":[0.0,0.0,0.0,0.0,0.0,0.0,0.0,0.0,0.0,0.0,0.0,0.0,0.0,0.0,0.0,0.0,0.0,0.0,0.0,0.0,0.0,0.0,0.0,0.0]},"PMTCTDualARV":{"countryName":"Panama","countryCode":591,"startYear":2000,"endYear":2023,"values":[0.0,0.0,0.0,0.0,0.0,0.0,0.0,0.0,0.0,0.0,0.0,0.0,0.0,0.0,0.0,0.0,0.0,0.0,0.0,0.0,0.0,0.0,0.0,0.0]},"PMTCTOptA":{"countryName":"Panama","countryCode":591,"startYear":2000,"endYear":2023,"values":[0.0,14.8202623285234,21.1089881332657,24.9803560088182,24.0623503622587,22.6594685409679,56.3238235527014,55.0807527807796,0.0,0.0,0.0,0.0,0.0,0.0,0.0,0.0,0.0,0.0,0.0,0.0,0.0,0.0,0.0,0.0]},"PMTCTOptB":{"countryName":"Panama","countryCode":591,"startYear":2000,"endYear":2023,"values":[0.0,0.0,0.0,0.0,0.0,0.0,0.0,0.0,40.8323224308915,61.0356701812372,64.6714160370789,64.6569251072539,73.9081002046022,80.8213304727048,0.0,0.0,0.0,0.0,0.0,0.0,0.0,0.0,0.0,0.0]},"PMTCTOptBPlusStartBefPreg":{"countryName":"Panama","countryCode":591,"startYear":2000,"endYear":2023,"values":[0.0,0.0,0.0,0.0,0.0,0.0,0.0,0.0,0.0,0.0,0.0,0.0,0.0,0.0,28.4120352887361,26.1747407698662,28.4183787338948,34.1455522078739,29.1177837872404,24.8568950311679,29.7631437273568,37.0706737646776,36.9526713364247,40.2205649372816]},"PMTCTOptBPlusStartDurPregGT4Wks":{"countryName":"Panama","countryCode":591,"startYear":2000,"endYear":2023,"values":[0.0,0.0,0.0,0.0,0.0,0.0,0.0,0.0,0.0,0.0,0.0,0.0,0.0,0.0,42.0003999920446,41.3070127774451,43.2279563839526,32.6446488141212,41.4368461587652,40.9182733589994,32.5044859127712,23.1193449285086,41.323417408475,25.524589287121]},"PMTCTOptBPlusStartDurPregLT4Wks":{"countryName":"Panama","countryCode":591,"startYear":2000,"endYear":2023,"values":[0.0,0.0,0.0,0.0,0.0,0.0,0.0,0.0,0.0,0.0,0.0,0.0,0.0,0.0,8.23537254745973,4.08980324529159,4.80310626488363,0.0,4.47965904419083,5.35379277594385,0.0,0.0,0.0,10.8286136369604]},"AdultHIVPrev":{"countryName":"Panama","countryCode":591,"startYear":1970,"endYear":2023,"values":[0.0,0.0,0.0,0.0,0.0,0.0,0.0,0.0,0.0,9.61546168161278e-6,4.74702710449288e-5,0.000178840926986267,0.00059053473660329,0.00178591805798006,0.00495342874516248,0.0123632884029752,0.0273363984007992,0.0533348445438426,0.0921812795266157,0.142886485753395,0.20200238347762,0.265046666830225,0.327814135993937,0.387126568424322,0.440899871061013,0.488053772975953,0.528216966668472,0.56161026088914,0.588699060740065,0.614714058493658,0.64101458401773,0.664848922863371,0.687662160199617,0.70906330413418,0.728752657010605,0.747429033972616,0.766072986339411,0.784193731577635,0.801280013538872,0.820561213541176,0.841655046337187,0.860222066279612,0.877454047797919,0.894019079913357,0.911383512447185,0.928022248104675,0.944852729399245,0.962690657478083,0.979807659367359,0.993828130820869,1.0041794162204,1.01170419332264,1.02329282920422,1.03933402195179]},"SexRatio":{"countryName":"Panama","countryCode":591,"startYear":1970,"endYear":2023,"values":[0.26097,0.26097,0.26097,0.26097,0.26097,0.26097,0.26097,0.26097,0.26097,0.26097,0.26097,0.26797,0.27449,0.28052,0.28609,0.29121,0.2959,0.30017,0.30406,0.30758,0.31077,0.31365,0.31624,0.31857,0.32066,0.32254,0.32421,0.32571,0.32705,0.32825,0.32931,0.33026,0.3311,0.33185,0.33252,0.33311,0.33363,0.3341,0.33451,0.33488,0.33521,0.3355,0.33575,0.33598,0.33618,0.33636,0.33652,0.33666,0.33678,0.33689,0.33699,0.33699,0.33699,0.33699]},"PercNotBFNotRecARVs":{"countryName":"Panama","countryCode":591,"<2":4.3,"2-3":4.3,"4-5":4.3,"6-7":4.3,"8-9":4.3,"10-11":4.3,"12-13":90.0,"14-15":90.0,"16-17":90.0,"18-19":90.0,"20-21":95.0,"22-23":95.0,"24-25":95.0,"26-27":100.0,"28-29":100.0,"30-31":100.0,"32-33":100.0,"34-35":100.0},"PercNotBFRecARVs":{"countryName":"Panama","countryCode":591,"<2":95.0,"2-3":95.0,"4-5":95.0,"6-7":95.0,"8-9":95.0,"10-11":95.0,"12-13":100.0,"14-15":100.0,"16-17":100.0,"18-19":100.0,"20-21":100.0,"22-23":100.0,"24-25":100.0,"26-27":100.0,"28-29":100.0,"30-31":100.0,"32-33":100.0,"34-35":100.0},"LocalAdjustmentFactor":{"countryName":"Panama","countryCode":591,"value":0.9754},"NewARTPatAllocation":{"countryName":"Panama","countryCode":591,"NewARTPatAllocationMethod":3.0,"ExpectedMortality":0.2,"ProportionEligible":0.8}}