{"countryName":"Panama","subnatCode":0,"Incidence":{"countryName":"Panama","countryCode":591,"startYear":1970,"endYear":2020,"values":[0.0,0.0001,0.00041,0.00093,0.00168,0.00266,0.00389,0.00537,0.00712,0.00915,0.01148,0.01416,0.01722,0.02069,0.02459,0.02896,0.03382,0.03921,0.04515,0.05133,0.05695,0.06182,0.06583,0.06887,0.07088,0.07181,0.07163,0.07036,0.06893,0.06792,0.06731,0.06711,0.06731,0.0679,0.06891,0.07033,0.07218,0.07441,0.07649,0.07829,0.0798,0.08102,0.08193,0.08254,0.08284,0.08282,0.08249,0.08184,0.0809,0.07964,0.0781]},"AdultARTMale":{"countryName":"Panama","countryCode":591,"startYear":2000,"endYear":2020,"values":[22.62863,27.23549,31.64895,33.88492,36.49163,39.49653,42.84998,44.57331,45.95156,57.01289,44.93662,42.25421,48.04708,49.24592,52.71427,43.09112,43.49243,47.23274,52.46641,56.59263,55.27373]},"AdultARTFemale":{"countryName":"Panama","countryCode":591,"startYear":2000,"endYear":2020,"values":[20.92541,31.14941,36.88622,38.99272,41.40533,44.1304,47.09178,48.17827,48.82565,59.49931,44.56886,46.85939,35.19666,51.33254,48.14809,45.77572,44.72079,48.54704,40.97772,43.16755,40.64717]},"MedianCD4AtInit":{"countryName":"Panama","countryCode":591,"startYear":2000,"endYear":2020,"values":[0.0,0.0,0.0,0.0,0.0,0.0,0.0,0.0,0.0,0.0,0.0,0.0,0.0,0.0,0.0,0.0,0.0,0.0,0.0,0.0,0.0]},"PercLostToFollowup":{"countryName":"Panama","countryCode":591,"startYear":2000,"endYear":2020,"values":[0.0,0.0,0.0,0.0,0.0,0.0,0.0,0.0,0.0,0.0,0.0,0.0,0.0,0.0,0.0,0.0,0.0,0.0,0.0,0.0,0.0]},"ChildART":{"countryName":"Panama","countryCode":591,"startYear":2000,"endYear":2020,"values":[0.0,0.0,48.80034,50.47758,55.85894,46.32573,17.41066,58.29055,100.0,100.0,100.0,100.0,100.0,100.0,91.5215,82.36219,82.99972,66.92059,73.16975,74.84261,68.79472]},"ChildCotrim":{"countryName":"Panama","countryCode":591,"startYear":2000,"endYear":2020,"values":[0.0,0.0,0.0,0.0,0.0,0.0,0.0,0.0,0.0,0.0,0.0,0.0,0.0,0.0,0.0,0.0,0.0,0.0,0.0,0.0,0.0]},"PMTCTSingleDoseNevirapine":{"countryName":"Panama","countryCode":591,"startYear":2000,"endYear":2020,"values":[0.0,0.0,0.0,0.0,0.0,0.0,0.0,0.0,0.0,0.0,0.0,0.0,0.0,0.0,0.0,0.0,0.0,0.0,0.0,0.0,0.0]},"PMTCTDualARV":{"countryName":"Panama","countryCode":591,"startYear":2000,"endYear":2020,"values":[0.0,0.0,0.0,0.0,0.0,0.0,0.0,0.0,0.0,0.0,0.0,0.0,0.0,0.0,0.0,0.0,0.0,0.0,0.0,0.0,0.0]},"PMTCTOptA":{"countryName":"Panama","countryCode":591,"startYear":2000,"endYear":2020,"values":[20.06397,28.58397,33.92731,32.77223,30.45882,74.86855,72.65623,0.0,0.0,0.0,0.0,0.0,0.0,0.0,0.0,0.0,0.0,0.0,0.0,0.0,0.0]},"PMTCTOptB":{"countryName":"Panama","countryCode":591,"startYear":2000,"endYear":2020,"values":[0.0,0.0,0.0,0.0,0.0,0.0,0.0,53.26519,78.57615,82.69216,82.0181,92.20797,89.21343,0.0,0.0,0.0,0.0,0.0,0.0,0.0,0.0]},"PMTCTOptBPlusStartBefPreg":{"countryName":"Panama","countryCode":591,"startYear":2000,"endYear":2020,"values":[0.0,0.0,0.0,0.0,0.0,0.0,0.0,0.0,0.0,0.0,0.0,0.0,0.0,36.12565,30.73592,33.97024,42.79509,34.15114,27.73582,32.04917,39.56518]},"PMTCTOptBPlusStartDurPregGT4Wks":{"countryName":"Panama","countryCode":591,"startYear":2000,"endYear":2020,"values":[0.0,0.0,0.0,0.0,0.0,0.0,0.0,0.0,0.0,0.0,0.0,0.0,0.0,53.40314,48.50512,51.67304,35.27067,48.5997,45.65743,35.00106,24.67506]},"PMTCTOptBPlusStartDurPregLT4Wks":{"countryName":"Panama","countryCode":591,"startYear":2000,"endYear":2020,"values":[0.0,0.0,0.0,0.0,0.0,0.0,0.0,0.0,0.0,0.0,0.0,0.0,0.0,10.4712,4.80249,5.74145,5.64331,5.25402,5.97387,0.0,0.0]},"PMTCTPostnatalOptA":{"countryName":"Panama","countryCode":591,"startYear":2000,"endYear":2020,"values":[0.0,0.0,0.0,0.0,0.0,0.0,0.0,0.0,0.0,0.0,0.0,0.0,0.0,0.0,0.0,0.0,0.0,0.0,0.0,0.0,0.0]},"PMTCTPostnatalOptB":{"countryName":"Panama","countryCode":591,"startYear":2000,"endYear":2020,"values":[0.0,0.0,0.0,0.0,0.0,0.0,0.0,0.0,0.0,0.0,0.0,0.0,0.0,0.0,0.0,0.0,0.0,0.0,0.0,0.0,0.0]},"PercentHIVPopEligible":{"countryName":"Panama","countryCode":591,"TB\/HIV":13.9,"TB\/HIV Year":2011,"DC":42.7,"DC Year":2015,"FSW":1.58,"FSW Year":2015,"MSM":21.5,"MSM Year":2015,"IDU":5.35,"IDU Year":2015,"Other":0,"Other Year":2012},"AdultHIVPrev":{"countryName":"Panama","countryCode":591,"startYear":1970,"endYear":2020,"values":[0.0,0.0001,0.00049,0.00136,0.0029,0.0053,0.00872,0.01333,0.01929,0.02678,0.03594,0.04691,0.06001,0.07548,0.09356,0.11449,0.13818,0.16511,0.19553,0.22941,0.26592,0.30412,0.34295,0.3813,0.41805,0.45214,0.48253,0.50829,0.52951,0.54896,0.57503,0.59785,0.61973,0.64122,0.66169,0.68185,0.70263,0.72463,0.74665,0.76895,0.79565,0.82059,0.84448,0.86853,0.89068,0.9109,0.92886,0.94795,0.96657,0.98345,0.99583]},"SexRatio":{"countryName":"Panama","countryCode":591,"startYear":1970,"endYear":2020,"values":[0.24,0.24,0.24,0.24,0.24,0.24,0.24,0.24,0.24,0.256,0.272,0.286,0.3,0.313,0.327,0.338,0.349,0.36,0.369,0.377,0.385,0.393,0.399,0.404,0.409,0.412,0.415,0.417,0.418,0.42,0.42,0.42,0.42,0.42,0.42,0.42,0.42,0.42,0.42,0.42,0.42,0.42,0.42,0.42,0.42,0.42,0.42,0.42,0.42,0.42,0.42]},"PercNotBFNotRecARVs":{"countryName":"Panama","countryCode":591,"<2":100,"2-3":100,"4-5":100,"6-7":100,"8-9":100,"10-11":100,"12-13":100,"14-15":100,"16-17":100,"18-19":100,"20-21":100,"22-23":100,"24-25":100,"26-27":100,"28-29":100,"30-31":100,"32-33":100,"34-35":100},"PercNotBFRecARVs":{"countryName":"Panama","countryCode":591,"<2":100,"2-3":100,"4-5":100,"6-7":100,"8-9":100,"10-11":100,"12-13":100,"14-15":100,"16-17":100,"18-19":100,"20-21":100,"22-23":100,"24-25":100,"26-27":100,"28-29":100,"30-31":100,"32-33":100,"34-35":100},"LocalAdjustmentFactor":{"countryName":"Panama","countryCode":591,"value":1}}