{"countryCode":604,"subnatCode":0,"Incidence":{"countryName":"Peru","countryCode":604,"startYear":1970,"endYear":2022,"values":[0.0,0.0,4e-5,2e-5,6e-5,0.00027,0.0004,0.00076,0.00148,0.00293,0.00581,0.01081,0.01915,0.03364,0.0501,0.06629,0.0768,0.08058,0.07984,0.08077,0.07784,0.07606,0.07239,0.06824,0.06254,0.05683,0.05069,0.04818,0.04518,0.04323,0.04104,0.03953,0.03694,0.03619,0.03462,0.03284,0.03104,0.02927,0.02639,0.02347,0.02132,0.02074,0.02207,0.02304,0.025,0.02643,0.02854,0.02933,0.02893,0.03024,0.02927,0.03058,0.02913]},"AdultARTMale":{"countryName":"Peru","countryCode":604,"startYear":2000,"endYear":2022,"values":[0.0,0.0,3.06396,6.35076,3.79181,11.7463,17.29715,24.00812,28.04091,39.53393,53.07087,53.48086,51.7935,50.90366,57.53498,46.83161,57.54697,64.27325,73.5275,72.97524,74.7293,79.81404,84.04]},"AdultARTFemale":{"countryName":"Peru","countryCode":604,"startYear":2000,"endYear":2022,"values":[0.0,0.0,2.76242,5.96251,3.76186,12.40172,19.38449,38.70202,43.48855,58.93436,64.53655,65.00123,66.39395,65.57132,72.8883,85.12841,77.26619,74.21477,77.06417,72.94238,71.20169,75.92059,78.68247]},"MedianCD4AtInit":{"countryName":"Peru","countryCode":604,"startYear":2000,"endYear":2022,"values":[0.0,0.0,132.24305,132.26444,140.53349,130.12355,130.5375,134.15652,133.30338,133.88651,134.71925,136.32408,179.84112,176.28184,170.65197,234.77741,221.55594,224.49884,234.49395,318.9653,320.33902,325.19318,339.91319]},"PercLostToFollowup":{"countryName":"Peru","countryCode":604,"startYear":2000,"endYear":2022,"values":[0.0,0.0,9.0,9.0,9.0,9.0,9.0,9.0,9.0,9.0,9.0,9.0,9.0,9.0,10.0,13.0,13.0,13.0,12.0,12.0,12.0,12.0,10.0]},"ChildART":{"countryName":"Peru","countryCode":604,"startYear":2000,"endYear":2022,"values":[4.99065,9.8601,14.76641,19.90758,25.07312,30.33093,36.36058,40.93672,45.80981,61.8986,49.5242,50.35611,55.71681,57.80137,64.6414,71.28532,58.07405,61.78429,69.33765,51.82293,50.38648,51.30954,49.96655]},"ChildCotrim":{"countryName":"Peru","countryCode":604,"startYear":2000,"endYear":2022,"values":[0.0,0.0,0.0,0.0,0.0,0.0,0.0,0.0,6.09119,6.91,7.0557,7.94429,8.84693,16.50064,11.74372,14.32677,13.63703,13.27131,6.76644,0.55032,0.55113,0.37393,0.49784]},"PMTCTSingleDoseNevirapine":{"countryName":"Peru","countryCode":604,"startYear":2000,"endYear":2022,"values":[0.0,0.0,11.8,24.8,17.5,9.6,26.8,22.2,21.5,14.9,15.6,0.0,0.0,0.0,0.0,0.0,0.0,0.0,0.0,0.0,0.0,0.0,0.0]},"PMTCTDualARV":{"countryName":"Peru","countryCode":604,"startYear":2000,"endYear":2022,"values":[0.0,0.0,0.0,0.0,0.0,0.0,0.0,22.2,21.5,34.7,36.5,0.0,0.0,0.0,0.0,0.0,0.0,0.0,0.0,0.0,0.0,0.0,0.0]},"PMTCTOptA":{"countryName":"Peru","countryCode":604,"startYear":2000,"endYear":2022,"values":[0.0,0.0,0.0,0.0,0.0,0.0,0.0,0.0,0.0,0.0,0.0,0.0,0.0,0.0,0.0,0.0,0.0,0.0,0.0,0.0,0.0,0.0,0.0]},"PMTCTOptB":{"countryName":"Peru","countryCode":604,"startYear":2000,"endYear":2022,"values":[0.0,0.0,0.0,0.0,0.0,0.0,0.0,0.0,0.0,0.0,0.0,41.1,40.4,38.3,35.3,0.0,0.0,0.0,0.0,0.0,0.0,0.0,0.0]},"PMTCTOptBPlusStartBefPreg":{"countryName":"Peru","countryCode":604,"startYear":2000,"endYear":2022,"values":[0.0,0.0,0.0,0.0,0.0,0.0,0.0,0.0,0.0,0.0,0.0,14.4,25.8,30.0,33.9,32.8,34.3,35.0,40.0,38.6,38.5,38.6,40.5]},"PMTCTOptBPlusStartDurPregGT4Wks":{"countryName":"Peru","countryCode":604,"startYear":2000,"endYear":2022,"values":[0.0,0.0,0.0,0.0,0.0,0.0,0.0,0.0,0.0,0.0,0.0,0.0,0.0,0.0,0.0,29.0,30.2,30.9,35.3,42.9,42.8,37.8,39.6]},"PMTCTOptBPlusStartDurPregLT4Wks":{"countryName":"Peru","countryCode":604,"startYear":2000,"endYear":2022,"values":[0.0,0.0,0.0,0.0,0.0,0.0,0.0,0.0,0.0,0.0,0.0,0.0,0.0,0.0,0.0,2.6,2.7,2.7,3.1,4.3,4.3,4.0,4.2]},"PMTCTPostnatalOptA":{"countryName":"Peru","countryCode":604,"startYear":2000,"endYear":2022,"values":[0.0,0.0,0.0,0.0,0.0,0.0,0.0,0.0,0.0,0.0,0.0,0.0,0.0,0.0,0.0,0.0,0.0,0.0,0.0,0.0,0.0,0.0,0.0]},"PMTCTPostnatalOptB":{"countryName":"Peru","countryCode":604,"startYear":2000,"endYear":2022,"values":[0.0,0.0,0.0,0.0,0.0,0.0,0.0,0.0,0.0,0.0,0.0,0.0,0.0,0.0,0.0,0.0,0.0,0.0,0.0,0.0,0.0,0.0,0.0]},"PercentHIVPopEligible":{"countryName":"Peru","countryCode":604,"TB\/HIV":11,"TB\/HIV Year":2016,"DC":43.5,"DC Year":2011,"FSW":0.4,"FSW Year":2015,"MSM":55,"MSM Year":2015,"IDU":0.3,"IDU Year":2015,"Other":1,"Other Year":2017},"AdultHIVPrev":{"countryName":"Peru","countryCode":604,"startYear":1970,"endYear":2022,"values":[0.0,0.0,4e-5,6e-5,0.00011,0.00037,0.00073,0.00142,0.00277,0.00545,0.01076,0.02059,0.0379,0.06823,0.11258,0.16963,0.23229,0.29348,0.34849,0.39888,0.44099,0.47608,0.50283,0.52134,0.53092,0.53216,0.52541,0.51504,0.50121,0.48568,0.46871,0.45141,0.43398,0.41912,0.40457,0.39075,0.37998,0.37171,0.36451,0.3576,0.35267,0.34882,0.34648,0.34502,0.3448,0.34561,0.34831,0.35324,0.35772,0.36433,0.36982,0.37574,0.38039]},"SexRatio":{"countryName":"Peru","countryCode":604,"startYear":1970,"endYear":2022,"values":[0.0,0.0,0.0,0.0,0.0,0.0,0.05,0.04,0.02,0.02,0.02,0.02,0.01,0.01,0.01,0.02,0.03,0.06,0.11,0.18,0.26,0.33,0.37,0.39,0.39,0.37,0.32,0.29,0.26,0.24,0.24,0.23,0.23,0.23,0.23,0.24,0.24,0.24,0.24,0.24,0.24,0.24,0.24,0.24,0.24,0.25,0.25,0.25,0.26,0.27,0.28,0.29,0.3]},"PercNotBFNotRecARVs":{"countryName":"Peru","countryCode":604,"<2":1.2,"2-3":1.1,"4-5":5.3,"6-7":6.3,"8-9":6.9,"10-11":10.4,"12-13":15.6,"14-15":19.9,"16-17":22,"18-19":41.4,"20-21":48.3,"22-23":55,"24-25":70.5,"26-27":72.2,"28-29":82.6,"30-31":78.9,"32-33":89.9,"34-35":90.6},"PercNotBFRecARVs":{"countryName":"Peru","countryCode":604,"<2":99,"2-3":99,"4-5":99,"6-7":99,"8-9":99,"10-11":100,"12-13":100,"14-15":100,"16-17":100,"18-19":100,"20-21":100,"22-23":100,"24-25":100,"26-27":100,"28-29":100,"30-31":100,"32-33":100,"34-35":100},"LocalAdjustmentFactor":{"countryName":"Peru","countryCode":604,"value":2},"NewARTPatAllocation":{"countryName":"Peru","countryCode":604,"NewARTPatAllocationMethod":3,"ExpectedMortality":0.2,"ProportionEligible":0.8,"NotDefault":0}}