{"countryCode":604,"subnatCode":0,"Incidence":{"countryName":"Peru","countryCode":604,"startYear":1970,"endYear":2022,"values":[0.0,0.0,4e-5,2e-5,6e-5,0.00027,0.0004,0.00076,0.00148,0.00293,0.00581,0.01081,0.01915,0.03364,0.0501,0.06629,0.0768,0.08058,0.07984,0.08077,0.07784,0.07606,0.07239,0.06824,0.06254,0.05683,0.05069,0.04818,0.04518,0.04323,0.04104,0.03953,0.03694,0.03619,0.03462,0.03284,0.03104,0.02927,0.02639,0.02415,0.02301,0.02279,0.02321,0.02326,0.02518,0.02656,0.0285,0.02941,0.02909,0.0303,0.02918,0.0304,0.02892]},"AdultARTMale":{"countryName":"Peru","countryCode":604,"startYear":2000,"endYear":2022,"values":[0.0,0.0,3.06396,6.35076,3.79181,11.7463,17.29715,24.00812,28.04091,29.81423,41.31984,43.0271,53.36789,42.84394,48.73723,47.69343,50.88179,57.01411,65.3835,73.78444,75.54884,80.66362,84.90315]},"AdultARTFemale":{"countryName":"Peru","countryCode":604,"startYear":2000,"endYear":2022,"values":[0.0,0.0,2.76242,5.96251,3.76186,12.40172,19.38449,38.70202,43.48855,47.65294,53.79749,55.5431,68.12729,57.18707,63.91074,86.13575,69.37914,66.36919,68.85243,73.22861,71.50807,76.26985,79.05759]},"MedianCD4AtInit":{"countryName":"Peru","countryCode":604,"startYear":2000,"endYear":2022,"values":[0.0,0.0,132.24304,132.26443,140.53348,130.12352,130.5375,134.15651,133.30336,170.96101,169.80467,168.67151,168.99493,212.23983,215.92423,232.17997,262.93125,267.14291,274.04426,290.35748,303.86056,324.18675,347.97309]},"PercLostToFollowup":{"countryName":"Peru","countryCode":604,"startYear":2000,"endYear":2022,"values":[0.0,0.0,9.0,9.0,9.0,9.0,9.0,9.0,9.0,9.0,9.0,9.0,9.0,9.0,10.0,13.0,13.0,13.0,12.0,12.0,12.0,12.0,10.0]},"ChildART":{"countryName":"Peru","countryCode":604,"startYear":2000,"endYear":2022,"values":[4.99066,9.8601,14.76641,19.90758,25.07312,30.33093,36.36058,40.93674,45.67847,61.69778,46.39468,46.5568,51.32436,54.12159,60.47695,66.87927,54.34542,57.15532,46.20661,51.63631,50.27358,51.20629,49.87866]},"ChildCotrim":{"countryName":"Peru","countryCode":604,"startYear":2000,"endYear":2022,"values":[0.0,0.0,0.0,0.0,0.0,0.0,0.0,0.0,5.92851,6.7637,7.68788,7.75554,8.56498,17.63815,11.28018,13.81514,13.20811,12.88759,6.57486,0.53632,0.54036,0.36823,0.49059]},"PMTCTSingleDoseNevirapine":{"countryName":"Peru","countryCode":604,"startYear":2000,"endYear":2022,"values":[0.0,0.0,11.8,24.8,17.5,9.6,26.8,22.2,21.5,14.9,15.6,0.0,0.0,0.0,0.0,0.0,0.0,0.0,0.0,0.0,0.0,0.0,0.0]},"PMTCTDualARV":{"countryName":"Peru","countryCode":604,"startYear":2000,"endYear":2022,"values":[0.0,0.0,0.0,0.0,0.0,0.0,0.0,22.2,21.5,34.7,36.5,0.0,0.0,0.0,0.0,0.0,0.0,0.0,0.0,0.0,0.0,0.0,0.0]},"PMTCTOptA":{"countryName":"Peru","countryCode":604,"startYear":2000,"endYear":2022,"values":[0.0,0.0,0.0,0.0,0.0,0.0,0.0,0.0,0.0,0.0,0.0,0.0,0.0,0.0,0.0,0.0,0.0,0.0,0.0,0.0,0.0,0.0,0.0]},"PMTCTOptB":{"countryName":"Peru","countryCode":604,"startYear":2000,"endYear":2022,"values":[0.0,0.0,0.0,0.0,0.0,0.0,0.0,0.0,0.0,0.0,0.0,41.1,40.4,38.3,35.3,0.0,0.0,0.0,0.0,0.0,0.0,0.0,0.0]},"PMTCTOptBPlusStartBefPreg":{"countryName":"Peru","countryCode":604,"startYear":2000,"endYear":2022,"values":[0.0,0.0,0.0,0.0,0.0,0.0,0.0,0.0,0.0,0.0,0.0,14.4,25.8,30.0,33.9,32.8,34.3,35.0,40.0,38.6,38.5,38.6,40.5]},"PMTCTOptBPlusStartDurPregGT4Wks":{"countryName":"Peru","countryCode":604,"startYear":2000,"endYear":2022,"values":[0.0,0.0,0.0,0.0,0.0,0.0,0.0,0.0,0.0,0.0,0.0,0.0,0.0,0.0,0.0,29.0,30.2,30.9,35.3,42.9,42.8,37.8,39.6]},"PMTCTOptBPlusStartDurPregLT4Wks":{"countryName":"Peru","countryCode":604,"startYear":2000,"endYear":2022,"values":[0.0,0.0,0.0,0.0,0.0,0.0,0.0,0.0,0.0,0.0,0.0,0.0,0.0,0.0,0.0,2.6,2.7,2.7,3.1,4.3,4.3,4.0,4.2]},"PMTCTPostnatalOptA":{"countryName":"Peru","countryCode":604,"startYear":2000,"endYear":2022,"values":[0.0,0.0,0.0,0.0,0.0,0.0,0.0,0.0,0.0,0.0,0.0,0.0,0.0,0.0,0.0,0.0,0.0,0.0,0.0,0.0,0.0,0.0,0.0]},"PMTCTPostnatalOptB":{"countryName":"Peru","countryCode":604,"startYear":2000,"endYear":2022,"values":[0.0,0.0,0.0,0.0,0.0,0.0,0.0,0.0,0.0,0.0,0.0,0.0,0.0,0.0,0.0,0.0,0.0,0.0,0.0,0.0,0.0,0.0,0.0]},"PercentHIVPopEligible":{"countryName":"Peru","countryCode":604,"TB\/HIV":11,"TB\/HIV Year":2016,"DC":43.5,"DC Year":2011,"FSW":0.4,"FSW Year":2015,"MSM":55,"MSM Year":2015,"IDU":0.3,"IDU Year":2015,"Other":1,"Other Year":2017},"AdultHIVPrev":{"countryName":"Peru","countryCode":604,"startYear":1970,"endYear":2022,"values":[0.0,0.0,4e-5,6e-5,0.00011,0.00037,0.00073,0.00142,0.00277,0.00545,0.01076,0.02059,0.0379,0.06823,0.11258,0.16963,0.23229,0.29348,0.34849,0.39888,0.44099,0.47608,0.50283,0.52134,0.53092,0.53216,0.52541,0.51504,0.50121,0.48568,0.46871,0.45141,0.43398,0.41912,0.40457,0.39075,0.37998,0.37171,0.36451,0.3576,0.35267,0.34881,0.34647,0.34501,0.34479,0.3456,0.34831,0.35325,0.35774,0.36433,0.36982,0.37574,0.38039]},"SexRatio":{"countryName":"Peru","countryCode":604,"startYear":1970,"endYear":2022,"values":[0.0,0.0,0.0,0.0,0.0,0.0,0.05,0.04,0.02,0.02,0.02,0.02,0.01,0.01,0.01,0.02,0.03,0.06,0.11,0.18,0.26,0.33,0.37,0.39,0.39,0.37,0.32,0.29,0.26,0.24,0.24,0.23,0.23,0.23,0.23,0.24,0.24,0.24,0.24,0.24,0.24,0.24,0.24,0.24,0.24,0.25,0.25,0.25,0.26,0.27,0.28,0.29,0.3]},"PercNotBFNotRecARVs":{"countryName":"Peru","countryCode":604,"<2":1.2,"2-3":1.1,"4-5":5.3,"6-7":6.3,"8-9":6.9,"10-11":10.4,"12-13":15.6,"14-15":19.9,"16-17":22,"18-19":41.4,"20-21":48.3,"22-23":55,"24-25":70.5,"26-27":72.2,"28-29":82.6,"30-31":78.9,"32-33":89.9,"34-35":90.6},"PercNotBFRecARVs":{"countryName":"Peru","countryCode":604,"<2":99,"2-3":99,"4-5":99,"6-7":99,"8-9":99,"10-11":100,"12-13":100,"14-15":100,"16-17":100,"18-19":100,"20-21":100,"22-23":100,"24-25":100,"26-27":100,"28-29":100,"30-31":100,"32-33":100,"34-35":100},"LocalAdjustmentFactor":{"countryName":"Peru","countryCode":604,"value":2},"NewARTPatAllocation":{"countryName":"Peru","countryCode":604,"NewARTPatAllocationMethod":3,"ExpectedMortality":0.2,"ProportionEligible":0.8,"NotDefault":0}}