{"countryCode":608,"subnatCode":0,"Incidence":{"countryName":"Philippines","countryCode":608,"startYear":1970,"endYear":2023,"values":[0.0,0.0,0.0,0.0,0.0,0.0,0.0,0.0,0.0,0.0,0.0,0.0,1.19284270666018e-5,1.19239071664402e-5,2.3834352994779e-5,2.38139712793857e-5,2.38113840917397e-5,2.38078822329806e-5,3.57101720504645e-5,4.76329098613621e-5,5.95506402269403e-5,7.14972075048593e-5,0.000107209057673026,0.0001547971941527,0.000214328819563525,0.000262115156126068,0.000298073686526551,0.000346481429692087,0.000419190696526674,0.000540622262156287,0.000711736201190955,0.000931760477503265,0.00121268036411019,0.00158032054699701,0.00198659841824608,0.00250544750429957,0.00316068873645513,0.00450607758482577,0.00672542461457871,0.00814654946050172,0.00892065821202379,0.0104050148729586,0.0122490375396697,0.0141569950349355,0.0160516679397788,0.0181349310520819,0.0204255221508848,0.0228791144506237,0.0254727399482204,0.0280502538983862,0.0311274820092274,0.0352591522792586,0.040111878636488,0.0454499994914134]},"AdultARTMale":{"countryName":"Philippines","countryCode":608,"startYear":2000,"endYear":2023,"values":[0.0,0.0,0.0,0.0,5.90605,5.65203978222113,15.3501812842284,20.1764095346802,22.7580922571022,24.3307821982421,27.8542931755816,47.4650943432727,31.14313398169,35.4458234654063,45.1393318381666,52.5367895657027,42.5788141039355,48.9379131437257,39.1257328653595,42.7602850334828,40.7052581260178,41.2619097906092,43.0009889724959,44.3596942937263]},"AdultARTFemale":{"countryName":"Philippines","countryCode":608,"startYear":2000,"endYear":2023,"values":[0.0,0.0,0.0,0.0,3.04176,12.1228823850074,33.3339810423959,45.7981646894369,53.7118046125684,57.6742565868927,67.2825538847085,58.2299992576212,34.4928613772455,23.8719100432056,25.0496557643294,22.4220836161488,17.8553230180146,19.9625591290669,16.6219267688604,18.5365338421298,20.7229881553838,20.7740495879668,21.3721824666841,22.5288864316373]},"PercLostToFollowup":{"countryName":"Philippines","countryCode":608,"startYear":2000,"endYear":2023,"values":[0.0,0.0,0.0,0.0,0.0,5.0,5.0,5.0,5.0,5.0,5.0,5.0,5.0,5.0,5.0,5.0,10.34262,11.5,7.84,7.9,9.94,8.54,7.72,7.81]},"ChildART":{"countryName":"Philippines","countryCode":608,"startYear":2000,"endYear":2023,"values":[0.0,0.0,0.0,0.0,0.0,0.0,0.0,11.0957332467373,35.7082525891917,33.2370306662441,24.3071637951601,18.9981058888429,27.5151126756371,14.6017250079696,13.1643607186227,18.7904943962283,17.7672351670439,23.3494248043449,16.0150383093847,19.5447380094354,16.7378317198155,16.8073007833264,17.08832862684,19.546600819541]},"ChildCotrim":{"countryName":"Philippines","countryCode":608,"startYear":2000,"endYear":2023,"values":[0.0,0.0,0.0,0.0,0.0,0.0,0.0,0.0,0.0,4.71929848571869,5.19972462258399,5.66824791889444,3.29392,40.0,40.0,40.0,40.0,40.0,40.0,40.0,40.0,40.0,40.0,40.0]},"PMTCTSingleDoseNevirapine":{"countryName":"Philippines","countryCode":608,"startYear":2000,"endYear":2023,"values":[0.0,0.0,0.0,0.0,0.0,0.0,0.0,0.0,0.0,0.0,0.0,0.0,0.0,0.0,0.0,0.0,0.0,0.0,0.0,0.0,0.0,0.0,0.0,0.0]},"PMTCTDualARV":{"countryName":"Philippines","countryCode":608,"startYear":2000,"endYear":2023,"values":[0.0,0.0,0.0,0.0,0.0,0.0,0.0,0.0,0.0,0.0,0.0,0.0,0.0,0.0,0.0,0.0,0.0,0.0,0.0,0.0,0.0,0.0,0.0,0.0]},"PMTCTOptA":{"countryName":"Philippines","countryCode":608,"startYear":2000,"endYear":2023,"values":[0.0,0.0,1.11111,2.22222,3.33333,4.44444,5.55556,6.66667,7.77778,8.88889,10.0,0.0,0.0,0.0,2.02903961496944,0.0,0.0,0.0,0.0,0.0,0.0,0.0,0.0,0.0]},"PMTCTOptB":{"countryName":"Philippines","countryCode":608,"startYear":2000,"endYear":2023,"values":[0.0,0.0,0.0,0.0,0.0,0.0,0.0,0.0,0.0,0.0,0.0,1.34807252926783,3.36565842572112,3.78616049487011,2.84065546095722,0.0,0.0,0.0,0.0,0.0,0.0,0.0,0.0,0.0]},"PMTCTOptBPlusStartBefPreg":{"countryName":"Philippines","countryCode":608,"startYear":2000,"endYear":2023,"values":[0.0,0.0,0.0,0.0,0.0,0.0,0.0,0.0,0.0,0.0,0.0,0.0,0.0,0.946540123717527,0.405807922993889,2.10392587308102,2.12063871335639,2.33649384798574,3.11266474584125,2.47388472138692,3.93403256828202,6.25006445378968,4.69468046744588,0.97467765785392]},"PMTCTOptBPlusStartDurPregGT4Wks":{"countryName":"Philippines","countryCode":608,"startYear":2000,"endYear":2023,"values":[0.0,0.0,0.0,0.0,0.0,0.0,0.0,0.0,0.0,0.0,0.0,6.74036264633917,6.73131685144225,4.25943055672887,0.405807922993889,5.9611233070629,7.57370969055852,8.82675453683501,7.33699547234009,7.23135533943868,9.01549130231296,8.52281516425865,3.95341513048074,2.81573545602244]},"PMTCTOptBPlusStartDurPregLT4Wks":{"countryName":"Philippines","countryCode":608,"startYear":2000,"endYear":2023,"values":[0.0,0.0,0.0,0.0,0.0,0.0,0.0,0.0,0.0,0.0,0.0,0.0,0.0,0.0,0.0,0.0,0.0,0.0,1.33399917678911,3.04478119555313,3.11444244988993,1.2784222746388,1.35898645110275,1.08297517539324]},"AdultHIVPrev":{"countryName":"Philippines","countryCode":608,"startYear":1970,"endYear":2023,"values":[0.0,0.0,0.0,0.0,0.0,0.0,0.0,0.0,0.0,0.0,0.0,0.0,1.16922896877341e-5,2.28578489928035e-5,4.51377893168545e-5,6.62146952303732e-5,8.60508033673623e-5,0.000104549439650387,0.000133388767147108,0.000172053766162417,0.000220072582920426,0.000276828546197512,0.000364643023949895,0.000493445797818616,0.000673003516408999,0.000889214168582038,0.00112864694165046,0.00140071797166927,0.00172637689643999,0.00215036937826732,0.00272026079474727,0.00347634150812638,0.00446442623493824,0.00575599665155123,0.00738045136914366,0.0094315126786537,0.0120286470929927,0.0158338414501821,0.0216540832840845,0.0286344994114975,0.0361639137921888,0.0449855233446892,0.0554393600429235,0.0674111603948962,0.080826276889452,0.0958129480452236,0.112623946853637,0.131405386779844,0.152230219642453,0.175028706927003,0.200277849614887,0.228617002203434,0.260621504709488,0.29672873824972]},"SexRatio":{"countryName":"Philippines","countryCode":608,"startYear":1970,"endYear":2023,"values":[0.0,0.0,0.0,0.0,0.0,0.0,0.0,0.0,2.3138,3.10706,1.32958,0.98518,0.55001,0.25243,0.36892,0.42582,0.41349,0.38471,0.49138,0.46376,0.33519,0.31106,0.26818,0.29672,0.28305,0.23219,0.19873,0.17137,0.14961,0.13954,0.11819,0.10268,0.11011,0.10697,0.09011,0.07827,0.07604,0.06986,0.07707,0.08556,0.07378,0.06921,0.06933,0.07102,0.07452,0.07505,0.07488,0.07613,0.07997,0.0832,0.08333,0.0841,0.0828,0.0825]},"PercNotBFNotRecARVs":{"countryName":"Philippines","countryCode":608,"<2":8.4,"2-3":14.8,"4-5":25.8,"6-7":35.4,"8-9":38.3,"10-11":36.7,"12-13":42.9,"14-15":41.7,"16-17":55.1,"18-19":52.2,"20-21":60.9,"22-23":70.7,"24-25":71.5,"26-27":83.0,"28-29":85.2,"30-31":87.2,"32-33":84.0,"34-35":88.5},"PercNotBFRecARVs":{"countryName":"Philippines","countryCode":608,"<2":8.4,"2-3":14.8,"4-5":25.8,"6-7":35.4,"8-9":38.3,"10-11":36.7,"12-13":42.9,"14-15":41.7,"16-17":55.1,"18-19":52.2,"20-21":60.9,"22-23":70.7,"24-25":71.5,"26-27":83.0,"28-29":85.2,"30-31":87.2,"32-33":84.0,"34-35":88.5},"LocalAdjustmentFactor":{"countryName":"Philippines","countryCode":608,"value":1.0},"NewARTPatAllocation":{"countryName":"Philippines","countryCode":608,"NewARTPatAllocationMethod":3.0,"ExpectedMortality":0.2,"ProportionEligible":0.8}}