{"countryCode":608,"subnatCode":0,"Incidence":{"countryName":"Philippines","countryCode":608,"startYear":1970,"endYear":2022,"values":[0.0,0.0,0.0,0.0,0.0,0.0,0.0,0.0,0.0,0.0,0.0,0.0,1e-5,1e-5,2e-5,1e-5,1e-5,2e-5,4e-5,4e-5,6e-5,7e-5,0.0001,0.00014,0.0002,0.00024,0.00027,0.00032,0.00038,0.00049,0.00065,0.00085,0.00112,0.00146,0.00186,0.00236,0.00299,0.00381,0.00506,0.00728,0.00948,0.01059,0.01186,0.01406,0.01653,0.01858,0.02041,0.02275,0.02532,0.02773,0.03084,0.03526,0.03937]},"AdultARTMale":{"countryName":"Philippines","countryCode":608,"startYear":2000,"endYear":2022,"values":[0.0,0.0,0.0,0.0,5.90605,6.06463,16.31678,21.54686,24.8165,15.81632,17.87498,30.49721,32.92,23.47666,29.86708,35.21157,28.88255,33.89187,39.01125,42.68715,40.71022,39.87024,43.15912]},"AdultARTFemale":{"countryName":"Philippines","countryCode":608,"startYear":2000,"endYear":2022,"values":[0.0,0.0,0.0,0.0,3.04176,13.31828,36.60556,50.70836,62.17125,45.66801,53.31849,46.19436,42.36008,20.69105,21.46109,21.68164,17.11751,16.0899,18.07684,20.0678,22.29304,22.38858,22.67789]},"MedianCD4AtInit":{"countryName":"Philippines","countryCode":608,"startYear":2000,"endYear":2022,"values":[0.0,0.0,0.0,0.0,152.66459,149.62225,151.31726,154.08237,156.28362,213.95966,217.14196,215.53467,217.34289,280.8783,284.27756,288.29146,380.67198,381.23814,377.55736,376.08109,372.90158,369.17808,368.69482]},"PercLostToFollowup":{"countryName":"Philippines","countryCode":608,"startYear":2000,"endYear":2022,"values":[0.0,0.0,0.0,0.0,0.0,0.0,0.0,0.0,0.0,0.0,0.0,0.0,0.0,0.0,0.0,0.0,10.34,9.39,8.39,7.93,10.05,7.91,7.74]},"ChildART":{"countryName":"Philippines","countryCode":608,"startYear":2000,"endYear":2022,"values":[0.0,0.0,0.0,0.0,0.0,0.0,0.0,13.17902,47.96853,44.43665,31.32903,23.38962,33.75668,18.37144,15.32774,20.7779,19.12023,25.38667,17.18425,20.57083,17.48382,17.165,17.1465]},"ChildCotrim":{"countryName":"Philippines","countryCode":608,"startYear":2000,"endYear":2022,"values":[0.0,0.0,0.0,0.0,0.0,0.0,0.0,0.0,0.0,6.74562,7.52879,7.70982,3.29392,0.0,99.0,99.0,99.0,99.0,99.0,99.0,99.0,99.0,99.0]},"PMTCTSingleDoseNevirapine":{"countryName":"Philippines","countryCode":608,"startYear":2000,"endYear":2022,"values":[0.0,0.0,0.0,0.0,0.0,0.0,0.0,0.0,0.0,0.0,0.0,0.0,0.0,0.0,0.0,0.0,0.0,0.0,0.0,0.0,0.0,0.0,0.0]},"PMTCTDualARV":{"countryName":"Philippines","countryCode":608,"startYear":2000,"endYear":2022,"values":[0.0,0.0,0.0,0.0,0.0,0.0,0.0,0.0,0.0,0.0,0.0,0.0,0.0,0.0,0.0,0.0,0.0,0.0,0.0,0.0,0.0,0.0,0.0]},"PMTCTOptA":{"countryName":"Philippines","countryCode":608,"startYear":2000,"endYear":2022,"values":[0.0,0.0,0.0,0.0,0.0,0.0,0.0,0.0,0.0,0.0,0.0,0.0,0.0,3.0,0.0,0.0,0.0,0.0,0.0,0.0,0.0,0.0,0.0]},"PMTCTOptB":{"countryName":"Philippines","countryCode":608,"startYear":2000,"endYear":2022,"values":[0.0,0.0,0.0,0.0,0.0,0.0,0.0,0.0,0.0,0.0,2.3,5.5,5.9,4.3,0.0,0.0,0.0,0.0,0.0,0.0,0.0,0.0,0.0]},"PMTCTOptBPlusStartBefPreg":{"countryName":"Philippines","countryCode":608,"startYear":2000,"endYear":2022,"values":[0.0,0.0,0.0,0.0,0.0,0.0,0.0,0.0,0.0,0.0,0.0,0.0,1.5,0.6,3.1,3.0,3.3,4.3,3.4,5.3,8.4,6.2,1.3]},"PMTCTOptBPlusStartDurPregGT4Wks":{"countryName":"Philippines","countryCode":608,"startYear":2000,"endYear":2022,"values":[0.0,0.0,0.0,0.0,0.0,0.0,0.0,0.0,0.0,0.0,11.4,10.9,6.6,0.6,8.8,10.9,12.5,10.2,10.0,12.2,11.4,5.2,3.7]},"PMTCTOptBPlusStartDurPregLT4Wks":{"countryName":"Philippines","countryCode":608,"startYear":2000,"endYear":2022,"values":[0.0,0.0,0.0,0.0,0.0,0.0,0.0,0.0,0.0,0.0,0.0,0.0,0.0,0.0,0.0,0.0,0.0,1.9,4.2,4.2,1.7,1.8,1.4]},"PMTCTPostnatalOptA":{"countryName":"Philippines","countryCode":608,"startYear":2000,"endYear":2022,"values":[0.0,0.0,0.0,0.0,0.0,0.0,0.0,0.0,0.0,0.0,0.0,0.0,0.0,0.0,0.0,0.0,0.0,0.0,0.0,0.0,0.0,0.0,0.0]},"PMTCTPostnatalOptB":{"countryName":"Philippines","countryCode":608,"startYear":2000,"endYear":2022,"values":[0.0,0.0,0.0,0.0,0.0,0.0,0.0,0.0,0.0,0.0,0.0,0.0,0.0,0.0,0.0,0.0,0.0,0.0,0.0,0.0,0.0,0.0,0.0]},"PercentHIVPopEligible":{"countryName":"Philippines","countryCode":608,"TB\/HIV":5,"TB\/HIV Year":2015,"DC":44.3,"DC Year":2011,"FSW":4.24,"FSW Year":2018,"MSM":74.31,"MSM Year":2018,"IDU":3.66,"IDU Year":2018,"Other":17.79,"Other Year":2018},"AdultHIVPrev":{"countryName":"Philippines","countryCode":608,"startYear":1970,"endYear":2022,"values":[0.0,0.0,0.0,0.0,0.0,0.0,0.0,0.0,0.0,0.0,0.0,0.0,1e-5,2e-5,5e-5,5e-5,6e-5,8e-5,0.00011,0.00014,0.00019,0.00025,0.00033,0.00045,0.00062,0.00082,0.00104,0.00129,0.00159,0.00198,0.0025,0.00318,0.00409,0.00529,0.00683,0.00877,0.01125,0.01445,0.01876,0.02506,0.0333,0.04244,0.05262,0.06463,0.07868,0.09426,0.11119,0.12996,0.15074,0.17336,0.19853,0.22711,0.2587]},"SexRatio":{"countryName":"Philippines","countryCode":608,"startYear":1970,"endYear":2022,"values":[0.24,0.24,0.24,0.24,0.24,0.24,0.24,0.24,2.3,3.09,1.33,0.99,0.57,0.27,0.38,0.44,0.49,0.49,0.55,0.5,0.37,0.36,0.3,0.33,0.32,0.26,0.22,0.19,0.16,0.14,0.11,0.09,0.1,0.1,0.08,0.07,0.07,0.06,0.05,0.06,0.06,0.06,0.06,0.06,0.06,0.07,0.07,0.07,0.08,0.08,0.08,0.08,0.08]},"PercNotBFNotRecARVs":{"countryName":"Philippines","countryCode":608,"<2":8.4,"2-3":14.8,"4-5":25.8,"6-7":35.4,"8-9":38.3,"10-11":36.7,"12-13":42.9,"14-15":41.7,"16-17":55.1,"18-19":52.2,"20-21":60.9,"22-23":70.7,"24-25":71.5,"26-27":83,"28-29":85.2,"30-31":87.2,"32-33":84,"34-35":88.5},"PercNotBFRecARVs":{"countryName":"Philippines","countryCode":608,"<2":8.4,"2-3":14.8,"4-5":25.8,"6-7":35.4,"8-9":38.3,"10-11":36.7,"12-13":42.9,"14-15":41.7,"16-17":55.1,"18-19":52.2,"20-21":60.9,"22-23":70.7,"24-25":71.5,"26-27":83,"28-29":85.2,"30-31":87.2,"32-33":84,"34-35":88.5},"LocalAdjustmentFactor":{"countryName":"Philippines","countryCode":608,"value":1},"NewARTPatAllocation":{"countryName":"Philippines","countryCode":608,"NewARTPatAllocationMethod":3,"ExpectedMortality":0.2,"ProportionEligible":0.8,"NotDefault":0}}