{"countryCode":634,"subnatCode":0,"Incidence":{"countryName":"Qatar","countryCode":634,"startYear":1970,"endYear":2022,"values":[0.0,1e-5,1e-5,1e-5,1e-5,1e-5,2e-5,2e-5,2e-5,2e-5,3e-5,3e-5,4e-5,4e-5,5e-5,6e-5,7e-5,8e-5,9e-5,0.0001,0.00012,0.00014,0.00015,0.00018,0.0002,0.00023,0.00026,0.00029,0.00033,0.00037,0.00042,0.00048,0.00054,0.00061,0.00069,0.00072,0.00077,0.0009,0.00103,0.00121,0.00138,0.00153,0.00172,0.00188,0.00207,0.00233,0.00262,0.00295,0.0033,0.00368,0.00422,0.00454,0.00495]},"AdultARTMale":{"countryName":"Qatar","countryCode":634,"startYear":2000,"endYear":2022,"values":[0.0,0.0,0.0,0.0,0.0,0.0,0.0,1.0,2.0,4.0,8.0,15.0,20.0,25.0,30.0,26.07187,24.10189,24.12084,26.64037,28.6189,33.82923,39.7935,41.76692]},"AdultARTFemale":{"countryName":"Qatar","countryCode":634,"startYear":2000,"endYear":2022,"values":[0.0,0.0,0.0,0.0,0.0,0.0,0.0,1.0,2.0,4.0,8.0,15.0,20.0,25.0,30.0,55.26112,48.6529,43.20889,41.84834,41.33842,40.01579,41.69371,40.19431]},"MedianCD4AtInit":{"countryName":"Qatar","countryCode":634,"startYear":2000,"endYear":2022,"values":[0.0,0.0,0.0,0.0,0.0,0.0,0.0,196.04619,197.59017,204.52451,258.05664,290.60411,294.85393,297.10088,299.22663,349.18168,348.08389,336.98274,334.77086,334.43946,332.18693,330.89201,331.09626]},"PercLostToFollowup":{"countryName":"Qatar","countryCode":634,"startYear":2000,"endYear":2022,"values":[0.0,0.0,0.0,0.0,0.0,0.0,0.0,0.0,0.0,0.0,0.0,0.0,0.0,0.0,0.0,0.0,0.0,0.0,0.0,0.0,0.0,0.0,0.0]},"ChildART":{"countryName":"Qatar","countryCode":634,"startYear":2000,"endYear":2022,"values":[0.0,0.0,0.0,0.0,0.0,0.0,0.0,0.0,0.0,0.0,0.0,0.0,0.0,0.0,0.0,71.00306,56.74467,60.53709,54.85373,81.80829,81.87829,36.38335,33.25319]},"ChildCotrim":{"countryName":"Qatar","countryCode":634,"startYear":2000,"endYear":2022,"values":[0.0,0.0,0.0,0.0,0.0,0.0,0.0,0.0,0.0,0.0,0.0,0.0,0.0,0.0,0.0,0.0,0.0,0.0,0.0,0.0,0.0,0.0,0.0]},"PMTCTSingleDoseNevirapine":{"countryName":"Qatar","countryCode":634,"startYear":2000,"endYear":2022,"values":[0.0,0.0,0.0,0.0,0.0,0.0,0.0,0.0,0.0,0.0,0.0,0.0,0.0,0.0,0.0,0.0,0.0,0.0,0.0,0.0,0.0,0.0,0.0]},"PMTCTDualARV":{"countryName":"Qatar","countryCode":634,"startYear":2000,"endYear":2022,"values":[0.0,0.0,0.0,0.0,0.0,0.0,0.0,0.0,0.0,0.0,0.0,0.0,0.0,0.0,0.0,0.0,0.0,0.0,0.0,0.0,0.0,0.0,0.0]},"PMTCTOptA":{"countryName":"Qatar","countryCode":634,"startYear":2000,"endYear":2022,"values":[0.0,0.0,0.0,0.0,0.0,0.0,0.0,0.0,0.0,0.0,0.0,0.0,0.0,0.0,0.0,0.0,0.0,0.0,0.0,0.0,0.0,0.0,0.0]},"PMTCTOptB":{"countryName":"Qatar","countryCode":634,"startYear":2000,"endYear":2022,"values":[0.0,0.0,0.0,0.0,0.0,0.0,0.0,0.0,0.0,0.0,0.0,0.0,0.0,0.0,0.0,0.0,0.0,0.0,0.0,0.0,0.0,0.0,0.0]},"PMTCTOptBPlusStartBefPreg":{"countryName":"Qatar","countryCode":634,"startYear":2000,"endYear":2022,"values":[0.0,0.0,0.0,0.0,0.0,0.0,0.0,0.0,0.0,0.0,0.0,0.0,0.0,0.0,0.0,0.0,0.0,0.0,0.0,0.0,0.0,0.0,0.0]},"PMTCTOptBPlusStartDurPregGT4Wks":{"countryName":"Qatar","countryCode":634,"startYear":2000,"endYear":2022,"values":[0.0,0.0,0.0,0.0,0.0,0.0,0.0,0.0,0.0,0.0,0.0,0.0,0.0,0.0,0.0,47.0513,0.0,95.83134,55.15933,0.0,66.25661,46.18084,45.29857]},"PMTCTOptBPlusStartDurPregLT4Wks":{"countryName":"Qatar","countryCode":634,"startYear":2000,"endYear":2022,"values":[0.0,0.0,0.0,0.0,0.0,0.0,0.0,0.0,0.0,0.0,0.0,0.0,0.0,0.0,0.0,0.0,0.0,0.0,0.0,0.0,0.0,0.0,0.0]},"PMTCTPostnatalOptA":{"countryName":"Qatar","countryCode":634,"startYear":2000,"endYear":2022,"values":[0.0,0.0,0.0,0.0,0.0,0.0,0.0,0.0,0.0,0.0,0.0,0.0,0.0,0.0,0.0,0.0,0.0,0.0,0.0,0.0,0.0,0.0,0.0]},"PMTCTPostnatalOptB":{"countryName":"Qatar","countryCode":634,"startYear":2000,"endYear":2022,"values":[0.0,0.0,0.0,0.0,0.0,0.0,0.0,0.0,0.0,0.0,0.0,0.0,0.0,0.0,0.0,0.0,0.0,0.0,0.0,0.0,0.0,0.0,0.0]},"PercentHIVPopEligible":{"countryName":"Qatar","countryCode":634,"TB\/HIV":5,"TB\/HIV Year":2009,"DC":40,"DC Year":2011,"FSW":2,"FSW Year":2015,"MSM":5,"MSM Year":2015,"IDU":0.5,"IDU Year":2015,"Other":10,"Other Year":2015},"AdultHIVPrev":{"countryName":"Qatar","countryCode":634,"startYear":1970,"endYear":2022,"values":[0.0,1e-5,2e-5,3e-5,3e-5,4e-5,5e-5,7e-5,8e-5,0.0001,0.00012,0.00014,0.00017,0.0002,0.00023,0.00028,0.00032,0.00038,0.00044,0.0005,0.00058,0.00067,0.00077,0.00089,0.00103,0.00119,0.00137,0.00154,0.00174,0.00196,0.00223,0.00255,0.00291,0.00333,0.00377,0.00416,0.00464,0.00524,0.00592,0.00683,0.0078,0.00879,0.00999,0.01133,0.01288,0.01466,0.01654,0.01873,0.02121,0.02395,0.02767,0.03141,0.03489]},"SexRatio":{"countryName":"Qatar","countryCode":634,"startYear":1970,"endYear":2022,"values":[2.16,2.16,2.16,2.16,2.16,2.16,2.16,2.16,2.16,2.16,2.16,2.12,2.08,2.03,1.99,1.95,1.91,1.87,1.83,1.79,1.75,1.71,1.67,1.63,1.59,1.56,1.52,1.48,1.45,1.41,1.38,1.34,1.31,1.28,1.24,1.21,1.18,1.15,1.12,1.09,1.06,1.04,1.01,0.98,0.95,0.93,0.9,0.88,0.86,0.83,0.83,0.83,0.83]},"PercNotBFNotRecARVs":{"countryName":"Qatar","countryCode":634,"<2":51,"2-3":63.9,"4-5":79.5,"6-7":89.8,"8-9":92.6,"10-11":95.4,"12-13":98.2,"14-15":98.67,"16-17":99.13,"18-19":99.6,"20-21":99.67,"22-23":99.73,"24-25":99.8,"26-27":99.8,"28-29":99.8,"30-31":99.8,"32-33":99.8,"34-35":99.8},"PercNotBFRecARVs":{"countryName":"Qatar","countryCode":634,"<2":100,"2-3":100,"4-5":100,"6-7":100,"8-9":100,"10-11":100,"12-13":100,"14-15":100,"16-17":100,"18-19":100,"20-21":100,"22-23":100,"24-25":100,"26-27":100,"28-29":100,"30-31":100,"32-33":100,"34-35":100},"LocalAdjustmentFactor":{"countryName":"Qatar","countryCode":634,"value":1},"NewARTPatAllocation":{"countryName":"Qatar","countryCode":634,"NewARTPatAllocationMethod":3,"ExpectedMortality":0.2,"ProportionEligible":0.8,"NotDefault":0}}