{"countryCode":642,"subnatCode":0,"Incidence":{"countryName":"Romania","countryCode":642,"startYear":1970,"endYear":2022,"values":[0.0,0.0,0.0,0.0,0.0,1e-5,1e-5,2e-5,3e-5,4e-5,7e-5,0.0001,0.00014,0.00021,0.00029,0.00041,0.00055,0.00072,0.00094,0.00119,0.00148,0.00181,0.00217,0.00256,0.00297,0.0034,0.00383,0.00427,0.00469,0.00507,0.00543,0.00576,0.00607,0.00634,0.00655,0.00675,0.0069,0.007,0.00707,0.00708,0.00708,0.00702,0.00695,0.00687,0.00677,0.00668,0.00659,0.00645,0.0063,0.00614,0.00597,0.00581,0.0054]},"AdultARTMale":{"countryName":"Romania","countryCode":642,"startYear":2000,"endYear":2022,"values":[99.0,99.0,99.0,99.0,99.0,97.38718,92.06368,85.45425,81.68178,79.47293,67.50113,66.9326,67.5044,59.40434,61.61851,65.10315,63.22822,65.73676,67.54763,70.31207,69.29029,70.3433,68.82488]},"AdultARTFemale":{"countryName":"Romania","countryCode":642,"startYear":2000,"endYear":2022,"values":[99.0,99.0,99.0,99.0,93.16823,85.76497,81.38795,76.57544,74.62494,73.9983,64.48225,63.19931,62.18953,47.05504,51.24413,56.11612,60.83793,62.25725,63.68835,66.03412,65.66305,67.54033,65.76462]},"MedianCD4AtInit":{"countryName":"Romania","countryCode":642,"startYear":2000,"endYear":2022,"values":[188.27765,189.74311,189.8651,190.08446,189.87231,170.58572,152.57561,107.14135,81.26072,76.38054,73.55476,71.39003,70.95787,139.05405,123.69283,134.32515,86.51352,136.12895,146.95336,164.60687,166.8925,141.4085,158.79287]},"PercLostToFollowup":{"countryName":"Romania","countryCode":642,"startYear":2000,"endYear":2022,"values":[0.0,0.0,0.0,0.0,0.0,0.0,0.0,0.0,0.0,0.0,0.0,0.0,0.0,0.0,0.0,0.0,0.0,0.0,0.0,0.0,0.0,0.0,0.0]},"ChildART":{"countryName":"Romania","countryCode":642,"startYear":2000,"endYear":2022,"values":[39.45355,45.92152,55.00654,57.7175,62.65718,73.38786,79.22497,82.46045,82.62793,86.18163,89.88469,93.02684,94.6732,96.47109,96.61375,97.75152,91.61723,100.13334,90.7291,95.97234,88.62552,94.59097,80.09028]},"ChildCotrim":{"countryName":"Romania","countryCode":642,"startYear":2000,"endYear":2022,"values":[0.0,0.0,0.0,0.0,0.0,13.04777,9.86486,10.55226,6.17353,7.18199,7.06024,4.15274,0.67784,0.7094,0.68009,4.35413,0.61236,2.73171,100.0,100.0,100.0,100.0,100.0]},"PMTCTSingleDoseNevirapine":{"countryName":"Romania","countryCode":642,"startYear":2000,"endYear":2022,"values":[0.0,0.0,0.0,0.0,0.0,0.0,0.0,0.0,0.0,0.0,0.0,0.0,0.0,0.0,0.0,0.0,0.0,0.0,0.0,0.0,0.0,0.0,0.0]},"PMTCTDualARV":{"countryName":"Romania","countryCode":642,"startYear":2000,"endYear":2022,"values":[0.0,0.0,0.0,0.0,15.0,29.0,34.7,34.5,0.0,0.0,0.0,0.0,0.0,0.0,0.0,0.0,0.0,0.0,0.0,0.0,0.0,0.0,0.0]},"PMTCTOptA":{"countryName":"Romania","countryCode":642,"startYear":2000,"endYear":2022,"values":[0.0,0.0,0.0,0.0,0.0,0.0,0.0,0.0,0.0,0.0,0.0,0.0,0.0,0.0,0.0,0.0,0.0,0.0,0.0,0.0,0.0,0.0,0.0]},"PMTCTOptB":{"countryName":"Romania","countryCode":642,"startYear":2000,"endYear":2022,"values":[0.0,0.0,0.0,0.0,0.0,0.0,0.0,0.0,0.0,0.0,0.0,0.0,0.0,0.0,0.0,0.0,0.0,0.0,0.0,0.0,0.0,0.0,0.0]},"PMTCTOptBPlusStartBefPreg":{"countryName":"Romania","countryCode":642,"startYear":2000,"endYear":2022,"values":[0.0,0.0,0.0,0.0,0.0,0.0,0.0,0.0,0.0,0.0,0.0,0.0,0.0,0.0,0.0,0.0,0.0,0.0,0.0,57.8,63.2,74.1,81.8]},"PMTCTOptBPlusStartDurPregGT4Wks":{"countryName":"Romania","countryCode":642,"startYear":2000,"endYear":2022,"values":[0.0,0.0,0.0,0.0,0.0,0.0,0.0,0.0,58.2,56.0,71.8,93.7,99.0,99.0,79.3,83.4,88.1,78.5,77.3,8.2,7.1,7.2,6.5]},"PMTCTOptBPlusStartDurPregLT4Wks":{"countryName":"Romania","countryCode":642,"startYear":2000,"endYear":2022,"values":[0.0,0.0,0.0,0.0,0.0,0.0,0.0,0.0,0.0,0.0,0.0,0.0,0.0,0.0,0.0,0.0,0.0,0.0,0.0,1.1,5.3,5.2,1.7]},"PMTCTPostnatalOptA":{"countryName":"Romania","countryCode":642,"startYear":2000,"endYear":2022,"values":[0.0,0.0,0.0,0.0,0.0,0.0,0.0,0.0,0.0,0.0,0.0,0.0,0.0,0.0,0.0,0.0,0.0,0.0,0.0,0.0,0.0,0.0,0.0]},"PMTCTPostnatalOptB":{"countryName":"Romania","countryCode":642,"startYear":2000,"endYear":2022,"values":[0.0,0.0,0.0,0.0,0.0,0.0,0.0,0.0,0.0,0.0,0.0,0.0,0.0,0.0,0.0,0.0,0.0,0.0,0.0,0.0,0.0,0.0,0.0]},"PercentHIVPopEligible":{"countryName":"Romania","countryCode":642,"TB\/HIV":5,"TB\/HIV Year":2009,"DC":40,"DC Year":2011,"FSW":2,"FSW Year":2015,"MSM":5,"MSM Year":2015,"IDU":0.5,"IDU Year":2015,"Other":10,"Other Year":2015},"AdultHIVPrev":{"countryName":"Romania","countryCode":642,"startYear":1970,"endYear":2022,"values":[0.0,0.0,0.0,0.0,0.0,1e-5,2e-5,4e-5,7e-5,0.0001,0.00017,0.00026,0.00038,0.00057,0.00082,0.00118,0.00165,0.00227,0.00308,0.00407,0.00529,0.00675,0.00845,0.01041,0.01264,0.01515,0.01792,0.02097,0.0249,0.02921,0.03406,0.04071,0.04955,0.06007,0.07148,0.08323,0.09378,0.10264,0.10966,0.11531,0.12002,0.1241,0.12745,0.13027,0.13287,0.13594,0.13908,0.14184,0.14405,0.14569,0.14663,0.14698,0.14474]},"SexRatio":{"countryName":"Romania","countryCode":642,"startYear":1970,"endYear":2022,"values":[0.24,0.27,0.29,0.32,0.34,0.37,0.39,0.42,0.44,0.47,0.49,0.52,0.54,0.57,0.59,0.62,0.71,0.78,0.82,0.88,0.92,0.95,0.96,0.98,1.0,1.01,1.02,1.02,1.02,1.01,1.0,0.98,0.97,0.95,0.92,0.89,0.85,0.82,0.79,0.74,0.66,0.58,0.51,0.43,0.41,0.39,0.37,0.34,0.3,0.25,0.23,0.2,0.16]},"PercNotBFNotRecARVs":{"countryName":"Romania","countryCode":642,"<2":100,"2-3":100,"4-5":100,"6-7":100,"8-9":100,"10-11":100,"12-13":100,"14-15":100,"16-17":100,"18-19":100,"20-21":100,"22-23":100,"24-25":100,"26-27":100,"28-29":100,"30-31":100,"32-33":100,"34-35":100},"PercNotBFRecARVs":{"countryName":"Romania","countryCode":642,"<2":100,"2-3":100,"4-5":100,"6-7":100,"8-9":100,"10-11":100,"12-13":100,"14-15":100,"16-17":100,"18-19":100,"20-21":100,"22-23":100,"24-25":100,"26-27":100,"28-29":100,"30-31":100,"32-33":100,"34-35":100},"LocalAdjustmentFactor":{"countryName":"Romania","countryCode":642,"value":1.3},"NewARTPatAllocation":{"countryName":"Romania","countryCode":642,"NewARTPatAllocationMethod":1,"ExpectedMortality":1,"ProportionEligible":0,"NotDefault":1}}