{"countryName":"Rwanda","subnatCode":0,"Incidence":{"countryName":"Rwanda","countryCode":646,"startYear":1970,"endYear":2022,"values":[0.0,0.0,0.0,0.0,0.0,0.0,0.02469,0.0157,0.02411,0.03696,0.05332,0.08038,0.1201,0.17547,0.24154,0.33321,0.44794,0.55286,0.65546,0.73981,0.79166,0.80529,0.79812,0.77578,0.81237,0.67231,0.58563,0.59818,0.56069,0.5172,0.4779,0.44213,0.41028,0.37903,0.3387,0.27498,0.24586,0.22746,0.21512,0.19425,0.18667,0.17419,0.16289,0.14536,0.13022,0.11085,0.0908,0.07455,0.06213,0.05214,0.04422,0.04435,0.03796]},"AdultARTMale":{"countryName":"Rwanda","countryCode":646,"startYear":2000,"endYear":2022,"values":[0.0,0.0,0.0,0.0,6.78183,21.3815,35.10135,43.47842,42.47744,49.63171,55.36847,61.16669,61.37879,65.6548,63.19821,69.76,72.2659,75.94352,79.01123,83.49605,86.45564,88.80922,91.25464]},"AdultARTFemale":{"countryName":"Rwanda","countryCode":646,"startYear":2000,"endYear":2022,"values":[0.0,0.0,0.0,0.0,7.63796,23.88558,38.85493,47.72711,46.43891,53.97297,59.70828,63.55697,64.09798,69.69038,69.30573,74.66584,77.33738,79.8801,82.89494,84.8062,87.59154,90.60893,93.46624]},"MedianCD4AtInit":{"countryName":"Rwanda","countryCode":646,"startYear":2000,"endYear":2022,"values":[0.0,0.0,0.0,0.0,133.00667,133.70849,134.69748,135.48024,182.17781,182.10989,178.81365,176.89919,213.50432,218.49452,255.93303,254.35319,292.9356,289.02069,277.62443,268.09059,266.50462,269.90887,282.98548]},"PercLostToFollowup":{"countryName":"Rwanda","countryCode":646,"startYear":2000,"endYear":2022,"values":[0.0,0.0,0.0,0.0,2.2,2.2,2.2,2.2,2.2,2.2,2.2,2.2,2.2,2.2,2.2,2.2,2.4,2.36,2.32,2.28,0.14,2.2,2.2]},"ChildART":{"countryName":"Rwanda","countryCode":646,"startYear":2000,"endYear":2022,"values":[0.0,0.0,0.0,0.0,7.8745,24.47394,47.01249,61.70894,76.00923,87.00286,66.15043,68.93445,65.98837,69.24792,70.86024,74.76742,53.36107,54.91839,57.46594,61.45416,66.21923,71.87085,75.08243]},"ChildCotrim":{"countryName":"Rwanda","countryCode":646,"startYear":2000,"endYear":2022,"values":[0.0,0.0,0.0,0.0,5.0,10.0,15.0,20.0,25.0,30.0,35.0,40.0,63.0,66.4,69.8,100.0,100.0,100.0,100.0,100.0,100.0,100.0,100.0]},"PMTCTSingleDoseNevirapine":{"countryName":"Rwanda","countryCode":646,"startYear":2000,"endYear":2022,"values":[0.0,0.0,0.0,0.0,35.2,49.9,62.8,50.6,28.8,2.0,0.2,0.0,0.0,0.0,0.0,0.0,0.0,0.0,0.0,0.0,0.0,0.0,0.0]},"PMTCTDualARV":{"countryName":"Rwanda","countryCode":646,"startYear":2000,"endYear":2022,"values":[0.0,0.0,0.0,0.0,0.0,0.0,0.0,17.4,31.1,33.5,25.6,0.81,0.0,0.0,0.0,0.0,0.0,0.0,0.0,0.0,0.0,0.0,0.0]},"PMTCTOptA":{"countryName":"Rwanda","countryCode":646,"startYear":2000,"endYear":2022,"values":[0.0,0.0,0.0,0.0,0.0,0.0,0.0,0.0,0.0,0.0,0.0,0.0,0.0,0.0,0.0,0.0,0.0,0.0,0.0,0.0,0.0,0.0,0.0]},"PMTCTOptB":{"countryName":"Rwanda","countryCode":646,"startYear":2000,"endYear":2022,"values":[0.0,0.0,0.0,0.0,0.0,0.0,0.0,7.1,12.7,22.1,28.7,35.370000000000005,16.2,4.643712574850299,0.0,0.0,0.0,0.0,0.0,0.0,0.0,0.0,0.0]},"PMTCTOptBPlusStartBefPreg":{"countryName":"Rwanda","countryCode":646,"startYear":2000,"endYear":2022,"values":[0.0,0.0,0.0,0.0,0.0,0.0,0.0,0.0,0.0,0.0,0.0,31.590000000000007,41.4,50.5868263473054,54.86289549376798,61.22252010723861,72.9,71.9,72.3,78.366927592955,79.02799227799228,77.90485629335976,74.4]},"PMTCTOptBPlusStartDurPregGT4Wks":{"countryName":"Rwanda","countryCode":646,"startYear":2000,"endYear":2022,"values":[0.0,0.0,0.0,0.0,0.0,0.0,0.0,0.0,7.2,11.5,14.9,30.510000000000005,38.4,42.7814371257485,43.09300095877278,33.88471849865952,19.5,15.1,15.1,16.46771037181996,16.436293436293433,17.26858275520317,19.9]},"PMTCTOptBPlusStartDurPregLT4Wks":{"countryName":"Rwanda","countryCode":646,"startYear":2000,"endYear":2022,"values":[0.0,0.0,0.0,0.0,0.0,0.0,0.0,0.0,0.2,0.3,0.4,0.7200000000000002,0.9,0.9880239520958084,1.0441035474592524,3.892761394101877,4.1,4.1,4.1,4.165362035225049,3.5357142857142856,3.826560951437066,4.1]},"PMTCTPostnatalOptA":{"countryName":"Rwanda","countryCode":646,"startYear":2000,"endYear":2022,"values":[0.0,0.0,0.0,0.0,0.0,0.0,0.0,0.0,0.0,0.0,0.0,0.0,0.0,0.0,0.0,0.0,0.0,0.0,0.0,0.0,0.0,0.0,0.0]},"PMTCTPostnatalOptB":{"countryName":"Rwanda","countryCode":646,"startYear":2000,"endYear":2022,"values":[0.0,0.0,0.0,0.0,0.0,0.0,0.0,0.0,0.0,0.0,0.0,0.0,0.0,0.0,0.0,0.0,0.0,0.0,0.0,0.0,0.0,0.0,0.0]},"PercentHIVPopEligible":{"countryName":"Rwanda","countryCode":646,"TB\/HIV":5,"TB\/HIV Year":2012,"DC":13,"DC Year":2012,"FSW":3,"FSW Year":2014,"MSM":0.3,"MSM Year":2014,"IDU":0.5,"IDU Year":2015,"Other":10,"Other Year":2016},"AdultHIVPrev":{"countryName":"Rwanda","countryCode":646,"startYear":1970,"endYear":2022,"values":[0.0,0.0,0.0,0.0,0.0,0.0,0.02417,0.03797,0.05891,0.09093,0.13675,0.20611,0.30966,0.45933,0.6629,0.94327,1.3085,1.74469,2.23678,2.76025,3.28335,3.76658,4.18945,4.54206,4.70107,4.86146,4.94996,4.96324,4.95539,4.90086,4.81206,4.6953,4.55176,4.3887,4.22982,4.07974,3.96948,3.88478,3.81071,3.73589,3.65994,3.57948,3.49841,3.40704,3.30907,3.19887,3.07605,2.94914,2.82195,2.69216,2.56235,2.4269,2.28896]},"SexRatio":{"countryName":"Rwanda","countryCode":646,"startYear":1970,"endYear":2022,"values":[0.24,0.24,0.24,0.24,0.24,0.34,0.44,0.52,0.61,0.69,0.78,0.85,0.92,0.99,1.05,1.1,1.15,1.2,1.24,1.27,1.3,1.32,1.34,1.35,1.36,1.37,1.37,1.37,1.37,1.37,1.37,1.37,1.37,1.37,1.37,1.37,1.37,1.37,1.37,1.37,1.37,1.42,1.47,1.52,1.56,1.61,1.66,1.71,1.76,1.81,1.86,1.86,1.86]},"PercNotBFNotRecARVs":{"countryName":"Rwanda","countryCode":646,"<2":22.07,"2-3":22.07,"4-5":22.1,"6-7":22.21,"8-9":22.5,"10-11":23.14,"12-13":24.33,"14-15":26.29,"16-17":29.22,"18-19":33.26,"20-21":38.36,"22-23":44.32,"24-25":50.8,"26-27":57.38,"28-29":63.69,"30-31":69.47,"32-33":74.56,"34-35":78.91},"PercNotBFRecARVs":{"countryName":"Rwanda","countryCode":646,"<2":22.07,"2-3":22.07,"4-5":22.1,"6-7":22.21,"8-9":22.5,"10-11":23.14,"12-13":24.33,"14-15":26.29,"16-17":29.22,"18-19":33.26,"20-21":38.36,"22-23":44.32,"24-25":50.8,"26-27":57.38,"28-29":63.69,"30-31":69.47,"32-33":74.56,"34-35":78.91},"LocalAdjustmentFactor":{"countryName":"Rwanda","countryCode":646,"nan":0.83},"NewARTPatAllocation":{"countryName":"Rwanda","countryCode":646,"NewARTPatAllocationMethod":3,"ExpectedMortality":0.2,"ProportionEligible":0.8,"NotDefault":0}}