{"countryCode":682,"subnatCode":0,"Incidence":{"countryName":"Saudi Arabia","countryCode":682,"startYear":1970,"endYear":2023,"values":[0.0,0.000126469129662023,0.000155233925164516,0.000193812474825895,0.000242293212595476,0.000302973036415693,0.000371020721367505,0.000457948632778439,0.000564506450844666,0.000700095065155477,0.000854878969795478,0.00104912321698455,0.00129149534668768,0.00158228942249463,0.00193281363737455,0.00235178742455932,0.00285100221054449,0.00343733884841613,0.00411144922268038,0.00487454911746288,0.00572553009439339,0.0066354785887925,0.00756520108124901,0.00843819473820388,0.0091281388144678,0.00959858141302311,0.00966852774138915,0.0092505207428048,0.00830658787302304,0.00689479870103377,0.00517865973252752,0.00344193903031433,0.00198803679082276,0.000985329220334639,0.000435112748013751,0.000223483556152648,0.000184793158842826,0.000214267190705653,0.000263385300928435,0.000322442516180175,0.000404310178961678,0.00050548398899592,0.000634856549648869,0.000784437338727433,0.00097422733329218,0.00120228335657363,0.00148362651120844,0.00182398679654727,0.00227039121786078,0.00280572338102326,0.00358922689710501,0.00437153330997335,0.00539598497086162,0.00665915529055205]},"AdultARTMale":{"countryName":"Saudi Arabia","countryCode":682,"startYear":2000,"endYear":2023,"values":[39.93664268822,41.7910593377802,43.6382979942351,45.596489513949,47.7516424030382,47.8643017075486,50.4494360369806,53.2470191940016,56.2141410874372,56.5542313235229,49.7396383052427,46.5643887936114,47.3263583504264,47.0289979913496,51.9327317026018,63.6915642008894,77.436189581765,81.9242621478116,88.487030074051,96.5441576474211,98.8288455808529,98.220268341153,98.0686271657595,95.6306060936628]},"AdultARTFemale":{"countryName":"Saudi Arabia","countryCode":682,"startYear":2000,"endYear":2023,"values":[36.0075586766065,38.0718048830487,40.1960151822776,42.4860674734142,45.0617582781225,45.2002311792667,47.5032290299062,47.6647606153078,50.6514312662026,53.8113829476912,51.7240352039386,49.913584737521,51.5532466856913,53.3530193702053,60.6129599094564,69.0338095517949,73.1931200035621,78.1047223671309,80.1786977298057,81.7295487353112,83.1571724622748,81.1276278291482,83.6719219567671,86.0262146780067]},"PercLostToFollowup":{"countryName":"Saudi Arabia","countryCode":682,"startYear":2000,"endYear":2023,"values":[1.6,1.6,1.6,1.6,1.6,1.6,1.6,1.6,1.6,1.6,1.6,1.6,1.6,1.6,1.6,1.6,1.6,1.6,1.6,1.0582,1.00801,0.9861,1.01544,0.96839]},"ChildART":{"countryName":"Saudi Arabia","countryCode":682,"startYear":2000,"endYear":2023,"values":[24.1378292330279,33.8893508927867,44.0901724539171,54.8914345445128,66.2175644296902,80.5169601750728,91.5504548080946,87.8595035164888,91.6080985556568,95.5817418189864,78.8423082160853,73.0442811127942,73.6665703691949,76.0563895550509,79.6150128670483,96.7385644501759,87.1145260005303,97.7020478349226,94.3745176624954,75.2775727965936,85.7975189841122,94.0947224175912,100.0,99.7732834645372]},"ChildCotrim":{"countryName":"Saudi Arabia","countryCode":682,"startYear":2000,"endYear":2023,"values":[0.0,0.0,0.0,0.0,0.0,0.0,0.0,0.0,0.0,0.0,0.0,0.0,0.0,0.0,0.0,0.0,0.0,0.0,0.0,0.0,0.0,0.0,0.0,0.0]},"PMTCTSingleDoseNevirapine":{"countryName":"Saudi Arabia","countryCode":682,"startYear":2000,"endYear":2023,"values":[0.0,0.0,0.0,0.0,0.0,0.0,0.0,0.0,0.0,0.0,0.0,0.0,0.0,0.0,0.0,0.0,0.0,0.0,0.0,0.0,0.0,0.0,0.0,0.0]},"PMTCTDualARV":{"countryName":"Saudi Arabia","countryCode":682,"startYear":2000,"endYear":2023,"values":[0.0,0.0,0.0,0.0,0.0,0.0,0.0,0.0,0.0,0.0,0.0,0.0,0.0,0.0,0.0,0.0,0.0,1.78571428571429,0.0,0.0,0.0,0.0,0.0,0.0]},"PMTCTOptA":{"countryName":"Saudi Arabia","countryCode":682,"startYear":2000,"endYear":2023,"values":[0.0,0.0,0.0,0.0,0.0,0.0,0.0,0.0,0.0,0.0,0.0,0.0,0.0,0.0,0.0,0.0,0.0,0.0,0.0,0.0,0.0,0.0,0.0,0.0]},"PMTCTOptB":{"countryName":"Saudi Arabia","countryCode":682,"startYear":2000,"endYear":2023,"values":[75.0,0.0,0.0,0.0,0.0,0.0,0.0,0.0,0.0,0.0,0.0,0.0,0.0,0.0,0.0,0.0,0.0,0.0,0.0,0.0,0.0,0.0,0.0,0.0]},"PMTCTOptBPlusStartBefPreg":{"countryName":"Saudi Arabia","countryCode":682,"startYear":2000,"endYear":2023,"values":[0.0,0.0,0.0,0.0,0.0,0.0,0.0,0.0,0.0,0.0,0.0,0.0,34.6192349722079,43.8045991817575,63.6603654291299,60.0690382037367,93.150421391595,87.5,91.8367346938776,81.5878367135389,63.5117286050686,69.9352569061066,59.8891093251735,41.3839140726]},"PMTCTOptBPlusStartDurPregGT4Wks":{"countryName":"Saudi Arabia","countryCode":682,"startYear":2000,"endYear":2023,"values":[0.0,75.0,75.0,75.0,75.0,75.0,75.0,75.0,75.0,75.0,75.0,75.0,0.0,0.0,0.0,0.0,0.0,10.7142857142857,8.16326530612245,10.7352416728341,16.9364609613516,19.0732518834836,23.9556437300694,12.5951042829652]},"PMTCTOptBPlusStartDurPregLT4Wks":{"countryName":"Saudi Arabia","countryCode":682,"startYear":2000,"endYear":2023,"values":[0.0,0.0,0.0,0.0,0.0,0.0,0.0,0.0,0.0,0.0,0.0,0.0,0.0,0.0,0.0,0.0,0.0,0.0,0.0,0.0,0.0,0.0,0.0,0.0]},"AdultHIVPrev":{"countryName":"Saudi Arabia","countryCode":682,"startYear":1970,"endYear":2023,"values":[0.0,0.000126151204279543,0.000274490299869911,0.000452462339022103,0.000666911476087875,0.000913824225723143,0.00120490279592542,0.00155324086308919,0.00197304962928225,0.00248655473456071,0.00310551391430178,0.00386116396017294,0.0047907740844831,0.00593182868159518,0.00732836057877794,0.00903067788408497,0.011100298455297,0.0135983181979472,0.0165848177364486,0.0201090668665014,0.0242176453930905,0.0289134339051558,0.0339821650999093,0.0384979827936183,0.0430024546241361,0.0481977071025317,0.0534772658575057,0.0582806838747499,0.0622147391770749,0.0648177135916888,0.0657515489411937,0.0650000578179394,0.0628751916753387,0.0597737612765032,0.0558393276848728,0.0507595928447347,0.0460585339424224,0.0418236020723911,0.0380616440685526,0.0347248084518054,0.0321223706385722,0.0299301844285456,0.0278916311681713,0.0260662700601686,0.0246786617771932,0.0239152913920934,0.0235575320315057,0.0234815523343573,0.024054357226891,0.0252926167593103,0.0274168832119045,0.0302701868377144,0.0340974117396788,0.0391238380236206]},"SexRatio":{"countryName":"Saudi Arabia","countryCode":682,"startYear":1970,"endYear":2023,"values":[0.56,0.56,0.56,0.56,0.56,0.56,0.56,0.56,0.56,0.56,0.56,0.56,0.56,0.56,0.56,0.56,0.56,0.56,0.56,0.56,0.56,0.56,0.56,0.56,0.56,0.55671,0.50078,0.45194,0.40931,0.37215,0.33976,0.31156,0.28701,0.26565,0.24708,0.23093,0.21689,0.2047,0.19411,0.18491,0.17692,0.16998,0.16396,0.15873,0.15419,0.15025,0.14684,0.14387,0.1413,0.13906,0.13713,0.13713,0.13713,0.13713]},"PercNotBFNotRecARVs":{"countryName":"Saudi Arabia","countryCode":682,"<2":4.0,"2-3":0.9,"4-5":0.7,"6-7":2.0,"8-9":1.2,"10-11":5.0,"12-13":9.4,"14-15":10.5,"16-17":27.5,"18-19":42.9,"20-21":60.0,"22-23":71.9,"24-25":88.5,"26-27":94.4,"28-29":85.7,"30-31":94.1,"32-33":92.5,"34-35":98.2},"PercNotBFRecARVs":{"countryName":"Saudi Arabia","countryCode":682,"<2":100.0,"2-3":100.0,"4-5":100.0,"6-7":100.0,"8-9":100.0,"10-11":100.0,"12-13":100.0,"14-15":100.0,"16-17":100.0,"18-19":100.0,"20-21":100.0,"22-23":100.0,"24-25":100.0,"26-27":100.0,"28-29":100.0,"30-31":100.0,"32-33":100.0,"34-35":100.0},"LocalAdjustmentFactor":{"countryName":"Saudi Arabia","countryCode":682,"value":1.4},"NewARTPatAllocation":{"countryName":"Saudi Arabia","countryCode":682,"NewARTPatAllocationMethod":3.0,"ExpectedMortality":0.2,"ProportionEligible":0.8}}