{"countryCode":729,"subnatCode":0,"Incidence":{"countryName":"Sudan","countryCode":729,"startYear":1970,"endYear":2023,"values":[0.0,0.0,0.0,0.0,0.0,1.16013113144879e-5,8.72731731121867e-6,8.18745850786229e-6,8.3314918127226e-6,1.63607371391514e-5,0.00379693139097128,0.00173644170959782,0.00266734372354692,0.00354921936483187,0.00476716785644723,0.00635633542199123,0.00800134887799975,0.0102447053148937,0.0127101560112626,0.0151749448283093,0.0180028278564203,0.0200035429487024,0.0225089425245995,0.0245363393932131,0.0266273507397203,0.0276240550025678,0.0284527819214839,0.0282834276898229,0.0276022262201486,0.0270939695555984,0.0264000225801986,0.0252898444737505,0.0242027961354274,0.0230890781889934,0.021675955318929,0.0210913740714919,0.0203330286803297,0.0195358504543106,0.0175587122815519,0.0160747815024173,0.0157223231660377,0.0152140838978083,0.0144481983000407,0.0135994918737316,0.0128925515314381,0.0127696140367942,0.0121876765510513,0.011217878133106,0.0107407377604133,0.0107469447281478,0.0109688715311267,0.0116505681438398,0.0106530298949906,0.00895853643865393]},"AdultARTMale":{"countryName":"Sudan","countryCode":729,"startYear":2000,"endYear":2023,"values":[0.0,0.0,0.0,0.0,0.0,0.0,0.0,0.0,3.4815016068097,6.00676165571396,6.6209243176218,7.45761468105157,7.42661662768664,9.5047780018083,10.5379745323256,12.1589846938279,15.4988613149853,20.548592775086,22.9703329820396,28.4696431068061,29.9941481483018,26.5954305335898,49.0,59.0]},"AdultARTFemale":{"countryName":"Sudan","countryCode":729,"startYear":2000,"endYear":2023,"values":[0.0,0.0,0.0,0.0,0.0,0.0,0.0,0.0,2.62922259975387,4.69693437295137,4.43357754856933,5.56065753812652,6.56633140983345,8.24850759640966,10.0430775039031,10.9055041487915,14.9190400069062,19.5708225282339,22.8192303846978,25.0151639866061,28.3050464058653,26.7721625893438,49.0,59.0]},"PercLostToFollowup":{"countryName":"Sudan","countryCode":729,"startYear":2000,"endYear":2023,"values":[0.0,0.0,0.0,0.0,0.0,0.0,0.0,0.0,0.0,0.0,0.0,0.0,0.0,0.0,0.0,0.0,0.0,15.49,16.92,0.0,0.0,0.0,0.0,0.0]},"ChildART":{"countryName":"Sudan","countryCode":729,"startYear":2000,"endYear":2023,"values":[0.0,0.0,0.0,0.0,0.0,0.0,0.0,0.0,4.12284671202057,5.62470128497976,6.90195260463656,4.14751325296385,5.04554756767879,7.45834783472333,11.7463884968063,11.9782661717523,14.5337431245107,17.6298810533304,19.35463456964,21.0718922805368,27.1657831076842,27.1297008867677,45.0,53.0]},"ChildCotrim":{"countryName":"Sudan","countryCode":729,"startYear":2000,"endYear":2023,"values":[0.0,0.0,0.0,0.0,0.0,0.0,0.0,0.0,0.0,8.10502410588417,10.1317116965302,7.39615174943275,10.8925223329794,11.3919177476358,14.9836065129532,12.2670338260391,16.1609982357875,12.6260506455167,16.8387212061803,19.618515948813,20.550497433679,21.4578607850701,45.0,53.0]},"PMTCTSingleDoseNevirapine":{"countryName":"Sudan","countryCode":729,"startYear":2000,"endYear":2023,"values":[0.0,0.0,0.0,0.0,0.0,0.197216657644662,0.398251363224373,0.538804646670131,0.34221988250291,2.36088915474044,0.0,0.0,0.0,0.0,0.0,0.0,0.0,0.0,0.0,0.0,0.0,0.0,0.0,0.0]},"PMTCTDualARV":{"countryName":"Sudan","countryCode":729,"startYear":2000,"endYear":2023,"values":[0.0,0.0,0.0,0.0,0.0,0.0,0.0,0.0,0.34221988250291,2.36088915474044,0.0,0.0,0.0,0.0,0.0,0.0,0.0,0.0,0.0,0.0,0.0,0.0,0.0,0.0]},"PMTCTOptA":{"countryName":"Sudan","countryCode":729,"startYear":2000,"endYear":2023,"values":[0.0,0.0,0.0,0.0,0.0,0.0,0.0,0.0,0.0,0.0,3.31422366073632,2.30094969541538,2.34962293875197,2.69999769825196,0.0,0.0,0.0,0.0,0.0,0.0,0.0,0.0,0.0,0.0]},"PMTCTOptB":{"countryName":"Sudan","countryCode":729,"startYear":2000,"endYear":2023,"values":[0.0,0.0,0.0,0.0,0.0,0.0,0.0,0.0,0.0,0.0,0.0,3.95475728899518,3.23073154078397,4.1249964834405,0.0,0.0,0.0,0.0,0.0,0.0,0.0,0.0,0.0,0.0]},"PMTCTOptBPlusStartBefPreg":{"countryName":"Sudan","countryCode":729,"startYear":2000,"endYear":2023,"values":[0.0,0.0,0.0,0.0,0.0,0.0,0.0,0.0,0.0,0.0,0.0,0.0,0.0,0.0,0.0,0.0,0.0798779133192363,0.97021368002259,3.25476522650167,1.38574729561226,1.79160271086103,1.22005440515406,1.49034262294481,1.85204980167843]},"PMTCTOptBPlusStartDurPregGT4Wks":{"countryName":"Sudan","countryCode":729,"startYear":2000,"endYear":2023,"values":[0.0,0.0,0.0,0.0,0.0,0.0,0.0,0.0,0.0,0.0,0.0,0.0,0.0,0.0,5.6737779627259,8.54519812821904,9.0262042050737,6.38724006014872,7.64869828227894,6.76570738445986,3.7460783954367,3.57882625511857,2.51005073338074,3.94116197797171]},"PMTCTOptBPlusStartDurPregLT4Wks":{"countryName":"Sudan","countryCode":729,"startYear":2000,"endYear":2023,"values":[0.0,0.0,0.0,0.0,0.0,0.0,0.0,0.0,0.0,0.0,0.0,0.0,0.0,0.0,0.0,0.0,0.0,0.0,0.0,0.0,0.0,0.0,0.0,0.0]},"AdultHIVPrev":{"countryName":"Sudan","countryCode":729,"startYear":1970,"endYear":2023,"values":[0.0,0.0,0.0,0.0,0.0,1.13904675885747e-5,1.93169312490206e-5,2.61729776492248e-5,3.2624560583869e-5,4.63785554340953e-5,0.00377174626764625,0.00524017422980913,0.00751120842508089,0.0104815543034884,0.0144272768800305,0.0196404531142873,0.0259886444799989,0.0340221812298809,0.0438390767369044,0.0553161154088987,0.0686927673497216,0.0829772114551867,0.0985066897504491,0.114604183341511,0.131154749698961,0.146979027921648,0.161863799326675,0.17492930348238,0.185816254514655,0.194883458694224,0.202159108806358,0.207359536268127,0.210641411411179,0.212108397691793,0.211596078605927,0.210080404483097,0.207491008569803,0.203928413161288,0.199863933591957,0.196164091226477,0.192129255312993,0.187209033708756,0.181671841405413,0.175903363913799,0.170309222847425,0.165127241191805,0.160418349102365,0.156451079163508,0.153125058356297,0.150359143496415,0.148228678673653,0.146378404202057,0.145399652861008,0.144507745567468]},"SexRatio":{"countryName":"Sudan","countryCode":729,"startYear":1970,"endYear":2023,"values":[0.0,0.0,0.0,0.0,0.0,2.36513,2.57335,2.36724,2.35369,2.25527,0.93319,0.9052,0.92155,0.92615,0.92014,0.91589,0.92602,0.93475,0.928,0.93505,0.94582,0.95667,0.95598,0.95561,0.95295,0.95251,0.95229,0.95252,0.94906,0.94844,0.94392,0.93829,0.92982,0.92052,0.90681,0.89233,0.87937,0.86705,0.85363,0.84796,0.84361,0.83931,0.8378,0.83411,0.8346,0.83389,0.83407,0.83673,0.84529,0.85038,0.85667,0.8616,0.86009,0.82609]},"PercNotBFNotRecARVs":{"countryName":"Sudan","countryCode":729,"<2":1.2,"2-3":1.5,"4-5":2.4,"6-7":2.4,"8-9":3.3,"10-11":4.1,"12-13":16.7,"14-15":23.8,"16-17":27.6,"18-19":37.7,"20-21":51.8,"22-23":52.3,"24-25":75.6,"26-27":84.7,"28-29":84.2,"30-31":89.1,"32-33":82.6,"34-35":82.6},"PercNotBFRecARVs":{"countryName":"Sudan","countryCode":729,"<2":1.2,"2-3":1.5,"4-5":2.4,"6-7":2.4,"8-9":3.3,"10-11":4.1,"12-13":16.7,"14-15":23.8,"16-17":27.6,"18-19":37.7,"20-21":51.8,"22-23":52.3,"24-25":75.6,"26-27":84.7,"28-29":84.2,"30-31":89.1,"32-33":82.6,"34-35":82.6},"LocalAdjustmentFactor":{"countryName":"Sudan","countryCode":729,"value":1.0},"NewARTPatAllocation":{"countryName":"Sudan","countryCode":729,"NewARTPatAllocationMethod":3.0,"ExpectedMortality":0.5,"ProportionEligible":0.5}}