{"countryName":"Senegal","subnatCode":0,"Incidence":{"countryName":"Senegal","countryCode":686,"startYear":1970,"endYear":2020,"values":[0.0,0.0,0.0,0.0,0.0,0.00128,0.00093,0.00152,0.00225,0.0033,0.00458,0.00646,0.00837,0.01083,0.01362,0.01673,0.02035,0.02533,0.03039,0.03585,0.04247,0.04894,0.05781,0.06679,0.07691,0.08485,0.09321,0.10144,0.10715,0.10913,0.11001,0.10738,0.10184,0.09293,0.08237,0.07453,0.06199,0.05037,0.03428,0.02796,0.02055,0.01592,0.01316,0.01194,0.01163,0.01177,0.01223,0.01241,0.01252,0.01191,0.01182]},"AdultARTMale":{"countryName":"Senegal","countryCode":686,"startYear":2000,"endYear":2020,"values":[0.0,1.33119,1.25191,1.21114,1.17175,1.22513,1.30352,28.86624,31.80644,34.43295,27.4863,29.54061,27.64375,33.92465,31.87381,38.01617,36.5133,42.49537,49.58082,56.03891,61.31902]},"AdultARTFemale":{"countryName":"Senegal","countryCode":686,"startYear":2000,"endYear":2020,"values":[0.0,1.72648,1.55236,1.41927,1.37118,1.32565,1.361,75.51366,78.2091,79.16132,61.6587,62.74003,55.68687,55.48183,56.03397,59.76652,69.06561,75.23998,86.12355,92.34168,95.03378]},"MedianCD4AtInit":{"countryName":"Senegal","countryCode":686,"startYear":2000,"endYear":2020,"values":[0.0,0.0,0.0,0.0,0.0,0.0,0.0,0.0,0.0,0.0,0.0,0.0,0.0,0.0,0.0,0.0,0.0,0.0,0.0,0.0,0.0]},"PercLostToFollowup":{"countryName":"Senegal","countryCode":686,"startYear":2000,"endYear":2020,"values":[0.0,0.0,0.0,0.0,0.0,0.0,0.0,0.0,0.0,0.0,0.0,0.0,0.0,0.0,9.0,10.3,9.0,6.0,8.55,5.72,5.6]},"ChildART":{"countryName":"Senegal","countryCode":686,"startYear":2000,"endYear":2020,"values":[2.76532,2.67334,2.61237,2.50422,2.49539,2.50994,2.18818,2.03408,2.16234,1.86978,1.65773,1.75433,1.87686,1.77461,20.25893,28.68964,24.11208,25.96443,30.86652,35.21069,37.90781]},"ChildCotrim":{"countryName":"Senegal","countryCode":686,"startYear":2000,"endYear":2020,"values":[0.0,0.0,0.0,0.0,0.0,1.23064,3.16249,4.75228,6.33624,7.79246,9.37169,11.43179,13.731,16.37094,19.48752,23.41511,23.13308,10.22774,50.09938,55.5177,61.35186]},"PMTCTSingleDoseNevirapine":{"countryName":"Senegal","countryCode":686,"startYear":2000,"endYear":2020,"values":[0.0,0.0,0.0,0.0,0.0,1.29667,5.55188,9.86745,0.0,0.0,0.0,0.0,0.0,0.0,0.0,0.0,0.0,0.0,0.0,0.0,0.0]},"PMTCTDualARV":{"countryName":"Senegal","countryCode":686,"startYear":2000,"endYear":2020,"values":[0.0,0.0,0.0,0.0,0.0,0.0,0.0,0.0,0.0,0.0,0.0,0.0,0.0,0.0,0.0,0.0,0.0,0.0,0.0,0.0,0.0]},"PMTCTOptA":{"countryName":"Senegal","countryCode":686,"startYear":2000,"endYear":2020,"values":[0.0,0.0,0.0,0.0,0.0,0.0,0.0,0.0,0.0,0.0,0.0,0.0,0.0,0.0,0.0,0.0,0.0,0.0,0.0,0.0,0.0]},"PMTCTOptB":{"countryName":"Senegal","countryCode":686,"startYear":2000,"endYear":2020,"values":[0.0,0.0,0.0,0.0,0.0,0.0,0.0,0.0,13.67738,17.83525,14.82471,18.73494,0.0,0.0,0.0,0.0,0.0,0.0,0.0,0.0,0.0]},"PMTCTOptBPlusStartBefPreg":{"countryName":"Senegal","countryCode":686,"startYear":2000,"endYear":2020,"values":[0.0,0.0,0.0,0.0,0.0,0.0,0.0,0.0,1.73497,8.41664,6.38286,7.457,6.33903,13.60758,12.46103,15.89259,23.16859,26.2468,30.57758,31.64964,35.84521]},"PMTCTOptBPlusStartDurPregGT4Wks":{"countryName":"Senegal","countryCode":686,"startYear":2000,"endYear":2020,"values":[0.0,0.0,0.0,0.0,0.0,0.0,0.0,0.0,0.0,0.0,0.0,0.0,20.32412,27.21516,24.23614,31.9503,29.4148,25.30605,30.82418,33.95797,31.70309]},"PMTCTOptBPlusStartDurPregLT4Wks":{"countryName":"Senegal","countryCode":686,"startYear":2000,"endYear":2020,"values":[0.0,0.0,0.0,0.0,0.0,0.0,0.0,0.0,0.0,0.0,0.0,0.0,5.06469,6.80379,6.05903,7.96693,7.3537,6.35003,7.69371,8.51514,6.47869]},"PMTCTPostnatalOptA":{"countryName":"Senegal","countryCode":686,"startYear":2000,"endYear":2020,"values":[0.0,0.0,0.0,0.0,0.0,0.0,0.0,0.0,0.0,0.0,0.0,0.0,0.0,0.0,0.0,0.0,0.0,0.0,0.0,0.0,0.0]},"PMTCTPostnatalOptB":{"countryName":"Senegal","countryCode":686,"startYear":2000,"endYear":2020,"values":[0.0,0.0,0.0,0.0,0.0,0.0,0.0,0.0,0.0,0.0,0.0,0.0,0.0,0.0,0.0,0.0,0.0,0.0,0.0,0.0,0.0]},"PercentHIVPopEligible":{"countryName":"Senegal","countryCode":686,"TB\/HIV":7,"TB\/HIV Year":2013,"DC":1.3,"DC Year":2014,"FSW":6.6,"FSW Year":2014,"MSM":17.8,"MSM Year":2014,"IDU":5.2,"IDU Year":2014,"Other":10,"Other Year":2015},"AdultHIVPrev":{"countryName":"Senegal","countryCode":686,"startYear":1970,"endYear":2020,"values":[0.0,0.0,0.0,0.0,0.0,0.00126,0.00211,0.00348,0.00547,0.00833,0.01221,0.0176,0.02443,0.03315,0.04391,0.05686,0.07199,0.09057,0.11234,0.13739,0.16652,0.19923,0.2375,0.28094,0.33009,0.38222,0.43721,0.4944,0.551,0.60345,0.65121,0.69136,0.72206,0.73985,0.74384,0.73781,0.71827,0.69143,0.66777,0.64301,0.61245,0.57816,0.54186,0.50425,0.46767,0.43508,0.40606,0.38049,0.35863,0.3392,0.32241]},"SexRatio":{"countryName":"Senegal","countryCode":686,"startYear":1970,"endYear":2020,"values":[0.24,0.24,0.24,0.24,0.24,0.29263,0.34526,0.39263,0.44,0.48211,0.52947,0.56632,0.60316,0.64,0.67158,0.69789,0.72421,0.75053,0.77158,0.78737,0.80316,0.81368,0.82421,0.82947,0.83474,0.84,0.84,0.84,0.84,0.84,0.84,0.84,0.84,0.84,0.84,0.84,0.84,0.84,0.84,0.84,0.84,0.84,0.84,0.84,0.84,0.84,0.84,0.84,0.84,0.84,0.84]},"PercNotBFNotRecARVs":{"countryName":"Senegal","countryCode":686,"<2":1.7284,"2-3":1.72842,"4-5":1.72977,"6-7":1.75087,"8-9":1.90986,"10-11":2.68379,"12-13":5.45278,"14-15":12.99605,"16-17":28.09929,"18-19":48.95005,"20-21":68.56759,"22-23":82.23444,"24-25":90.23755,"26-27":94.59916,"28-29":96.94384,"30-31":98.22143,"32-33":98.93477,"34-35":99.34426},"PercNotBFRecARVs":{"countryName":"Senegal","countryCode":686,"<2":1.7284,"2-3":1.72842,"4-5":1.72977,"6-7":1.75087,"8-9":1.90986,"10-11":2.68379,"12-13":5.45278,"14-15":12.99605,"16-17":28.09929,"18-19":48.95005,"20-21":68.56759,"22-23":82.23444,"24-25":90.23755,"26-27":94.59916,"28-29":96.94384,"30-31":98.22143,"32-33":98.93477,"34-35":99.34426},"LocalAdjustmentFactor":{"countryName":"Senegal","countryCode":686,"value":1.52822}}