{"countryCode":702,"subnatCode":0,"Incidence":{"countryName":"Singapore","countryCode":702,"startYear":1970,"endYear":2022,"values":[0.0,0.0,0.0,0.0,0.0,0.0,0.0,0.0,0.0,0.0,1e-5,9e-5,0.00028,0.00058,0.00099,0.00155,0.00225,0.0031,0.00411,0.0053,0.00667,0.00822,0.00991,0.0117,0.01351,0.0153,0.017,0.01856,0.01995,0.02116,0.02218,0.02295,0.02322,0.02313,0.02281,0.02208,0.02122,0.02036,0.01943,0.0184,0.01741,0.01644,0.01531,0.01418,0.01298,0.01173,0.01042,0.00895,0.00734,0.00553,0.00351,0.00124,0.00124]},"AdultARTMale":{"countryName":"Singapore","countryCode":702,"startYear":2000,"endYear":2022,"values":[6.70299,7.61331,8.54059,9.42634,10.29465,13.94141,20.12788,26.77813,34.00357,31.71136,37.29886,42.3762,46.71607,41.32751,46.66141,44.02815,46.36046,50.81849,53.1045,56.77579,60.30003,76.324,76.324]},"AdultARTFemale":{"countryName":"Singapore","countryCode":702,"startYear":2000,"endYear":2022,"values":[4.4268,5.95478,7.47762,9.1028,10.73891,16.67072,24.68015,33.18982,42.23945,41.18486,25.78262,29.73722,36.12162,46.78546,47.18178,53.17671,51.39471,53.14042,55.74846,61.14138,65.77823,77.66775,77.66775]},"MedianCD4AtInit":{"countryName":"Singapore","countryCode":702,"startYear":2000,"endYear":2022,"values":[110.7939,119.11681,94.77789,95.66753,95.13064,94.6419,94.89664,94.62732,94.39364,107.86251,105.8433,101.62617,98.65413,105.82038,105.16804,109.59048,103.05513,98.24722,94.25109,88.56121,84.91531,122.7095,130.48606]},"PercLostToFollowup":{"countryName":"Singapore","countryCode":702,"startYear":2000,"endYear":2022,"values":[0.0,0.0,0.0,0.0,0.0,0.0,0.0,0.0,0.0,0.0,0.0,0.0,0.0,0.0,0.0,0.0,0.0,0.0,0.0,0.0,0.0,0.0,0.0]},"ChildART":{"countryName":"Singapore","countryCode":702,"startYear":2000,"endYear":2022,"values":[99.0,99.0,99.0,99.0,99.0,99.0,99.0,99.0,99.0,99.0,99.0,85.19701,74.26442,67.13437,73.00586,63.96691,56.19256,56.30997,43.0872,35.45772,36.12698,24.18722,35.52726]},"ChildCotrim":{"countryName":"Singapore","countryCode":702,"startYear":2000,"endYear":2022,"values":[14.32821,19.08789,21.84104,22.51092,29.98492,31.93343,27.70293,28.1923,22.73924,14.16115,14.17814,17.56004,9.65891,8.50432,10.57647,13.59447,17.02182,3.17361,7.07037,99.0,99.0,99.0,99.0]},"PMTCTSingleDoseNevirapine":{"countryName":"Singapore","countryCode":702,"startYear":2000,"endYear":2022,"values":[0.0,0.0,0.0,0.0,0.0,0.0,0.0,0.0,0.0,0.0,0.0,0.0,0.0,0.0,0.0,0.0,0.0,0.0,0.0,0.0,0.0,0.0,0.0]},"PMTCTDualARV":{"countryName":"Singapore","countryCode":702,"startYear":2000,"endYear":2022,"values":[0.0,0.0,0.0,0.0,0.0,0.0,0.0,0.0,0.0,0.0,0.0,0.0,0.0,0.0,0.0,0.0,0.0,0.0,0.0,0.0,0.0,0.0,0.0]},"PMTCTOptA":{"countryName":"Singapore","countryCode":702,"startYear":2000,"endYear":2022,"values":[39.41762,71.6847,73.77614,78.75797,85.21361,82.01299,76.73116,79.29059,75.70226,78.31728,76.1526,73.33333,0.0,0.0,0.0,0.0,0.0,0.0,0.0,0.0,0.0,0.0,0.0]},"PMTCTOptB":{"countryName":"Singapore","countryCode":702,"startYear":2000,"endYear":2022,"values":[0.0,0.0,0.0,0.0,0.0,0.0,0.0,0.0,0.0,0.0,0.0,0.0,0.0,0.0,0.0,0.0,0.0,0.0,0.0,0.0,0.0,0.0,0.0]},"PMTCTOptBPlusStartBefPreg":{"countryName":"Singapore","countryCode":702,"startYear":2000,"endYear":2022,"values":[0.0,0.0,0.0,0.0,0.0,0.0,0.0,0.0,0.0,0.0,0.0,26.66667,70.23576,73.28292,70.93733,69.95976,89.1943,99.79301,100.0,67.77894,65.91389,83.44697,85.71428]},"PMTCTOptBPlusStartDurPregGT4Wks":{"countryName":"Singapore","countryCode":702,"startYear":2000,"endYear":2022,"values":[0.0,0.0,0.0,0.0,0.0,0.0,0.0,0.0,0.0,0.0,0.0,0.0,0.0,0.0,0.0,0.0,0.0,0.0,0.0,0.0,0.0,6.95391,7.14286]},"PMTCTOptBPlusStartDurPregLT4Wks":{"countryName":"Singapore","countryCode":702,"startYear":2000,"endYear":2022,"values":[0.0,0.0,0.0,0.0,0.0,0.0,0.0,0.0,0.0,0.0,0.0,0.0,0.0,0.0,0.0,0.0,0.0,0.0,0.0,0.0,0.0,6.95391,7.14286]},"PMTCTPostnatalOptA":{"countryName":"Singapore","countryCode":702,"startYear":2000,"endYear":2022,"values":[0.0,0.0,0.0,0.0,0.0,0.0,0.0,0.0,0.0,0.0,0.0,0.0,0.0,0.0,0.0,0.0,0.0,0.0,0.0,0.0,0.0,0.0,0.0]},"PMTCTPostnatalOptB":{"countryName":"Singapore","countryCode":702,"startYear":2000,"endYear":2022,"values":[0.0,0.0,0.0,0.0,0.0,0.0,0.0,0.0,0.0,0.0,0.0,0.0,0.0,0.0,0.0,0.0,0.0,0.0,0.0,0.0,0.0,0.0,0.0]},"PercentHIVPopEligible":{"countryName":"Singapore","countryCode":702,"TB\/HIV":2.1,"TB\/HIV Year":1996,"DC":26,"DC Year":2015,"FSW":0,"FSW Year":2015,"MSM":57,"MSM Year":2015,"IDU":1,"IDU Year":2015,"Other":5,"Other Year":2015},"AdultHIVPrev":{"countryName":"Singapore","countryCode":702,"startYear":1970,"endYear":2022,"values":[0.0,0.0,0.0,0.0,0.0,0.0,0.0,0.0,0.0,0.0,1e-5,0.0001,0.00038,0.00094,0.00188,0.00333,0.00537,0.00813,0.01176,0.01639,0.02227,0.02943,0.03794,0.04772,0.05869,0.0707,0.08387,0.09786,0.11238,0.12747,0.14194,0.15518,0.1667,0.17638,0.18478,0.19252,0.20137,0.20972,0.21739,0.22429,0.22919,0.2323,0.23308,0.23285,0.23128,0.22786,0.22386,0.2179,0.21024,0.2004,0.18859,0.17684,0.16524]},"SexRatio":{"countryName":"Singapore","countryCode":702,"startYear":1970,"endYear":2022,"values":[0.13,0.13,0.13,0.13,0.13,0.13,0.13,0.13,0.13,0.13,0.13,0.13,0.13,0.13,0.13,0.13,0.13,0.13,0.13,0.13,0.13,0.13,0.13,0.12,0.12,0.12,0.12,0.12,0.11,0.11,0.11,0.11,0.1,0.1,0.1,0.1,0.09,0.09,0.09,0.08,0.08,0.08,0.07,0.07,0.07,0.07,0.07,0.06,0.06,0.06,0.06,0.06,0.06]},"PercNotBFNotRecARVs":{"countryName":"Singapore","countryCode":702,"<2":100,"2-3":100,"4-5":100,"6-7":100,"8-9":100,"10-11":100,"12-13":100,"14-15":100,"16-17":100,"18-19":100,"20-21":100,"22-23":100,"24-25":100,"26-27":100,"28-29":100,"30-31":100,"32-33":100,"34-35":100},"PercNotBFRecARVs":{"countryName":"Singapore","countryCode":702,"<2":100,"2-3":100,"4-5":100,"6-7":100,"8-9":100,"10-11":100,"12-13":100,"14-15":100,"16-17":100,"18-19":100,"20-21":100,"22-23":100,"24-25":100,"26-27":100,"28-29":100,"30-31":100,"32-33":100,"34-35":100},"LocalAdjustmentFactor":{"countryName":"Singapore","countryCode":702,"value":2},"NewARTPatAllocation":{"countryName":"Singapore","countryCode":702,"NewARTPatAllocationMethod":3,"ExpectedMortality":0.5,"ProportionEligible":0.5,"NotDefault":1}}