{"countryName":"Sierra Leone","subnatCode":0,"Incidence":{"countryName":"Sierra Leone","countryCode":694,"startYear":1970,"endYear":2020,"values":[0.0,0.0,0.0,0.0,0.0,0.0,0.00852,0.00447,0.00631,0.00908,0.01289,0.01772,0.02415,0.03279,0.0444,0.05583,0.07297,0.09137,0.11224,0.13628,0.15778,0.17513,0.18678,0.19838,0.20363,0.20782,0.20631,0.20323,0.20245,0.19691,0.18867,0.18173,0.17601,0.16865,0.16222,0.15772,0.15017,0.14643,0.14848,0.14296,0.13437,0.12903,0.12443,0.12156,0.12025,0.11782,0.11301,0.10703,0.09817,0.09052,0.08324]},"AdultARTMale":{"countryName":"Sierra Leone","countryCode":694,"startYear":2000,"endYear":2020,"values":[0.0,0.0,0.0,0.0,0.0,1.87816,4.11071,5.57514,10.53012,18.81126,18.57143,24.13441,16.49047,15.57854,15.35378,23.52096,18.77282,22.11715,27.06675,31.8858,35.4047]},"AdultARTFemale":{"countryName":"Sierra Leone","countryCode":694,"startYear":2000,"endYear":2020,"values":[0.0,0.0,0.0,0.0,0.0,1.91579,4.48909,6.07442,11.43766,20.42504,20.17987,26.23477,31.02626,34.21102,37.25621,39.87674,37.38814,44.29457,50.93498,57.75758,64.82504]},"MedianCD4AtInit":{"countryName":"Sierra Leone","countryCode":694,"startYear":2000,"endYear":2020,"values":[0.0,0.0,0.0,0.0,0.0,0.0,0.0,0.0,0.0,0.0,0.0,0.0,0.0,0.0,0.0,0.0,0.0,0.0,0.0,0.0,0.0]},"PercLostToFollowup":{"countryName":"Sierra Leone","countryCode":694,"startYear":2000,"endYear":2020,"values":[0.0,0.0,0.0,0.0,0.0,0.0,0.0,0.0,0.0,0.0,0.0,0.0,0.0,0.0,0.0,0.0,0.0,0.0,0.0,0.0,0.0]},"ChildART":{"countryName":"Sierra Leone","countryCode":694,"startYear":2000,"endYear":2020,"values":[0.0,0.0,0.0,0.0,0.0,0.68321,1.28566,1.52916,3.05027,4.64384,6.64252,8.48598,6.59316,6.38271,6.26535,9.44226,7.95155,8.24826,9.53236,10.0264,10.84803]},"ChildCotrim":{"countryName":"Sierra Leone","countryCode":694,"startYear":2000,"endYear":2020,"values":[0.0,0.0,0.0,0.0,0.0,0.0,0.0,0.0,0.29723,0.5731,1.60981,4.11592,2.45539,3.43867,3.65336,2.16907,3.0119,4.49105,4.33657,4.45351,4.12733]},"PMTCTSingleDoseNevirapine":{"countryName":"Sierra Leone","countryCode":694,"startYear":2000,"endYear":2020,"values":[0.0,0.0,0.0,0.0,0.09312,0.7446,4.58127,6.07693,0.0,0.0,0.0,0.0,0.0,0.0,0.0,0.0,0.0,0.0,0.0,0.0,0.0]},"PMTCTDualARV":{"countryName":"Sierra Leone","countryCode":694,"startYear":2000,"endYear":2020,"values":[0.0,0.0,0.0,0.0,0.0,0.0,0.0,0.0,0.0,0.0,0.0,0.0,0.0,0.0,0.0,0.0,0.0,0.0,0.0,0.0,0.0]},"PMTCTOptA":{"countryName":"Sierra Leone","countryCode":694,"startYear":2000,"endYear":2020,"values":[0.0,0.0,0.0,0.0,0.0,0.0,0.0,0.0,19.92104,16.82939,23.24053,30.07116,33.37459,30.40523,6.72279,0.0,0.0,0.0,0.0,0.0,0.0]},"PMTCTOptB":{"countryName":"Sierra Leone","countryCode":694,"startYear":2000,"endYear":2020,"values":[0.0,0.0,0.0,0.0,0.0,0.0,0.0,0.0,0.0,0.0,0.0,0.0,0.0,0.0,0.0,0.0,0.0,0.0,0.0,0.0,0.0]},"PMTCTOptBPlusStartBefPreg":{"countryName":"Sierra Leone","countryCode":694,"startYear":2000,"endYear":2020,"values":[0.0,0.0,0.0,0.0,0.0,0.0,0.0,0.0,0.0,0.0,0.0,0.0,5.35071,3.89483,8.82842,12.21321,11.8615,11.23247,13.04021,11.97651,17.64031]},"PMTCTOptBPlusStartDurPregGT4Wks":{"countryName":"Sierra Leone","countryCode":694,"startYear":2000,"endYear":2020,"values":[0.0,0.0,0.0,0.0,0.0,0.0,0.0,0.0,0.0,0.0,0.0,0.0,0.0,0.0,17.23825,23.54686,27.44522,29.37534,32.76218,27.77231,21.81429]},"PMTCTOptBPlusStartDurPregLT4Wks":{"countryName":"Sierra Leone","countryCode":694,"startYear":2000,"endYear":2020,"values":[0.0,0.0,0.0,0.0,0.0,0.0,0.0,0.0,0.0,0.0,0.0,0.0,0.0,0.0,0.0,4.5988,5.36001,5.72612,6.3824,8.72305,6.83227]},"PMTCTPostnatalOptA":{"countryName":"Sierra Leone","countryCode":694,"startYear":2000,"endYear":2020,"values":[0.0,0.0,0.0,0.0,0.0,0.0,0.0,0.0,0.0,0.0,0.0,0.0,0.0,0.0,0.0,0.0,0.0,0.0,0.0,0.0,0.0]},"PMTCTPostnatalOptB":{"countryName":"Sierra Leone","countryCode":694,"startYear":2000,"endYear":2020,"values":[0.0,0.0,0.0,0.0,0.0,0.0,0.0,0.0,0.0,0.0,0.0,0.0,0.0,0.0,0.0,0.0,0.0,0.0,0.0,0.0,0.0]},"PercentHIVPopEligible":{"countryName":"Sierra Leone","countryCode":694,"TB\/HIV":8.34,"TB\/HIV Year":2014,"DC":41.1,"DC Year":2016,"FSW":1.6,"FSW Year":2015,"MSM":0.8,"MSM Year":2015,"IDU":0.09,"IDU Year":2015,"Other":10,"Other Year":2015},"AdultHIVPrev":{"countryName":"Sierra Leone","countryCode":694,"startYear":1970,"endYear":2020,"values":[0.0,0.0,0.0,0.0,0.0,0.0,0.00837,0.01236,0.01789,0.02577,0.03686,0.05188,0.07222,0.09969,0.13666,0.1823,0.24087,0.31328,0.40123,0.50706,0.62737,0.75673,0.88796,1.01975,1.14449,1.26037,1.3614,1.44643,1.51856,1.57423,1.61246,1.63667,1.65006,1.65305,1.64837,1.63975,1.62737,1.61554,1.60902,1.60508,1.60242,1.60117,1.60099,1.59975,1.59577,1.59002,1.58317,1.57565,1.56607,1.5537,1.53634]},"SexRatio":{"countryName":"Sierra Leone","countryCode":694,"startYear":1970,"endYear":2020,"values":[0.22916,0.22916,0.22916,0.22916,0.22916,0.22916,0.32464,0.42012,0.50606,0.59199,0.66838,0.75431,0.82115,0.88799,0.95483,1.01212,1.05986,1.1076,1.15534,1.19353,1.22218,1.25082,1.26992,1.28902,1.29857,1.30811,1.31766,1.31766,1.31766,1.31766,1.31766,1.31766,1.31766,1.31766,1.31766,1.31766,1.31766,1.31766,1.31766,1.31766,1.31766,1.3654,1.41314,1.46089,1.50863,1.55637,1.60411,1.65185,1.69959,1.74733,1.79508]},"PercNotBFNotRecARVs":{"countryName":"Sierra Leone","countryCode":694,"<2":6.6949,"2-3":6.69886,"4-5":6.75736,"6-7":7.07733,"8-9":8.16159,"10-11":10.89655,"12-13":16.40343,"14-15":25.43638,"16-17":37.53874,"18-19":50.88871,"20-21":63.32588,"22-23":73.51287,"24-25":81.17264,"26-27":86.65543,"28-29":90.4895,"30-31":93.15267,"32-33":95.00832,"34-35":96.31244},"PercNotBFRecARVs":{"countryName":"Sierra Leone","countryCode":694,"<2":6.6949,"2-3":6.69886,"4-5":6.75736,"6-7":7.07733,"8-9":8.16159,"10-11":10.89655,"12-13":16.40343,"14-15":25.43638,"16-17":37.53874,"18-19":50.88871,"20-21":63.32588,"22-23":73.51287,"24-25":81.17264,"26-27":86.65543,"28-29":90.4895,"30-31":93.15267,"32-33":95.00832,"34-35":96.31244},"LocalAdjustmentFactor":{"countryName":"Sierra Leone","countryCode":694,"value":2.23466}}