{"countryCode":222,"subnatCode":0,"Incidence":{"countryName":"El Salvador","countryCode":222,"startYear":1970,"endYear":2022,"values":[0.0,2e-5,5e-5,8e-5,8e-5,6e-5,3e-5,0.0,2e-5,0.0001,0.00012,6e-5,0.0,0.00017,0.00088,0.00262,0.00593,0.0106,0.01603,0.02188,0.02777,0.03353,0.0388,0.04345,0.04736,0.05043,0.05301,0.0552,0.05698,0.05829,0.05912,0.05946,0.05925,0.05858,0.05742,0.05582,0.05375,0.05096,0.04808,0.04485,0.04137,0.03819,0.03537,0.03289,0.03077,0.02895,0.02741,0.02612,0.02507,0.02423,0.02353,0.02312,0.0229]},"AdultARTMale":{"countryName":"El Salvador","countryCode":222,"startYear":2000,"endYear":2022,"values":[0.0,2.26263,6.24386,13.02225,27.49242,42.56292,54.59772,60.16813,65.75838,55.21611,60.69907,58.69824,53.5326,46.71896,43.91449,46.51868,45.7758,46.31829,47.68494,57.93481,60.67696,64.83828,66.67418]},"AdultARTFemale":{"countryName":"El Salvador","countryCode":222,"startYear":2000,"endYear":2022,"values":[0.0,1.19494,3.58801,8.13211,19.01827,32.5458,52.93592,61.95509,71.15938,62.30792,71.55787,71.9227,83.1092,71.88432,66.12575,62.49172,63.42685,66.0187,65.21484,65.46407,66.13203,68.43226,68.57136]},"MedianCD4AtInit":{"countryName":"El Salvador","countryCode":222,"startYear":2000,"endYear":2022,"values":[0.0,140.84893,140.42019,139.85822,140.13228,141.72661,144.69416,148.42821,151.7402,209.75671,208.68625,206.07363,216.2571,255.86384,275.72822,242.04821,276.60775,273.95405,251.49875,240.4113,242.58642,240.45382,241.34127]},"PercLostToFollowup":{"countryName":"El Salvador","countryCode":222,"startYear":2000,"endYear":2022,"values":[0.0,2.0,2.0,2.0,2.0,2.0,2.0,2.0,2.0,2.0,2.0,2.0,2.0,2.0,2.0,2.0,2.0,2.0,2.0,2.0,2.0,2.0,2.0]},"ChildART":{"countryName":"El Salvador","countryCode":222,"startYear":2000,"endYear":2022,"values":[0.0,0.0,13.46563,32.74321,54.02597,73.48542,90.04345,91.39119,95.15628,96.142,95.23062,99.0,86.79851,79.38021,95.9437,78.88562,66.22766,55.44219,41.31598,34.43004,33.41219,33.67544,31.17405]},"ChildCotrim":{"countryName":"El Salvador","countryCode":222,"startYear":2000,"endYear":2022,"values":[0.0,0.0,0.0,0.0,0.0,0.0,0.0,0.0,0.0,0.0,0.0,0.0,0.0,0.0,0.0,0.0,0.0,0.0,0.0,0.0,0.0,0.0,0.0]},"PMTCTSingleDoseNevirapine":{"countryName":"El Salvador","countryCode":222,"startYear":2000,"endYear":2022,"values":[0.0,0.0,0.0,0.0,0.0,0.0,0.0,2.5,1.6,1.6,1.6,0.0,0.0,0.0,0.0,0.0,0.0,0.0,0.0,0.0,0.0,0.0,0.0]},"PMTCTDualARV":{"countryName":"El Salvador","countryCode":222,"startYear":2000,"endYear":2022,"values":[0.0,0.0,47.6,71.0,96.0,0.0,0.0,0.0,0.0,0.0,0.0,0.0,0.0,0.0,0.0,0.0,0.0,0.0,0.0,0.0,0.0,0.0,0.0]},"PMTCTOptA":{"countryName":"El Salvador","countryCode":222,"startYear":2000,"endYear":2022,"values":[0.0,0.0,0.0,0.0,0.0,0.0,0.0,0.0,0.0,0.0,0.0,0.0,0.0,0.0,0.0,0.0,0.0,0.0,0.0,0.0,0.0,0.0,0.0]},"PMTCTOptB":{"countryName":"El Salvador","countryCode":222,"startYear":2000,"endYear":2022,"values":[0.0,0.0,0.0,0.0,0.0,89.4,66.4,50.8,52.5,44.7,36.6,45.1,64.6,73.8,0.0,0.0,0.0,0.0,0.0,0.0,0.0,0.0,0.0]},"PMTCTOptBPlusStartBefPreg":{"countryName":"El Salvador","countryCode":222,"startYear":2000,"endYear":2022,"values":[0.0,0.0,0.0,0.0,0.0,0.0,0.0,0.0,0.0,0.0,2.0,0.0,0.0,0.0,42.0,46.0,49.1,42.7,42.5,45.3,36.0,54.4,52.2]},"PMTCTOptBPlusStartDurPregGT4Wks":{"countryName":"El Salvador","countryCode":222,"startYear":2000,"endYear":2022,"values":[0.0,0.0,0.0,0.0,0.0,0.0,0.0,0.0,0.0,0.0,0.0,0.0,0.0,0.0,28.4,23.2,16.2,24.9,15.6,22.1,23.4,21.3,25.4]},"PMTCTOptBPlusStartDurPregLT4Wks":{"countryName":"El Salvador","countryCode":222,"startYear":2000,"endYear":2022,"values":[0.0,0.0,0.0,0.0,0.0,0.0,0.0,0.0,0.0,0.0,0.0,0.0,0.0,0.0,0.0,0.0,0.0,0.0,0.0,0.0,0.0,0.0,0.0]},"PMTCTPostnatalOptA":{"countryName":"El Salvador","countryCode":222,"startYear":2000,"endYear":2022,"values":[0.0,0.0,0.0,0.0,0.0,0.0,0.0,0.0,0.0,0.0,0.0,0.0,0.0,0.0,0.0,0.0,0.0,0.0,0.0,0.0,0.0,0.0,0.0]},"PMTCTPostnatalOptB":{"countryName":"El Salvador","countryCode":222,"startYear":2000,"endYear":2022,"values":[0.0,0.0,0.0,0.0,0.0,0.0,0.0,0.0,0.0,0.0,0.0,0.0,0.0,0.0,0.0,0.0,0.0,0.0,0.0,0.0,0.0,0.0,0.0]},"PercentHIVPopEligible":{"countryName":"El Salvador","countryCode":222,"TB\/HIV":5,"TB\/HIV Year":2014,"DC":40,"DC Year":2014,"FSW":2,"FSW Year":2015,"MSM":5,"MSM Year":2015,"IDU":0.5,"IDU Year":2015,"Other":10,"Other Year":2015},"AdultHIVPrev":{"countryName":"El Salvador","countryCode":222,"startYear":1970,"endYear":2022,"values":[0.0,2e-5,7e-5,0.00014,0.00021,0.00025,0.00026,0.00024,0.00024,0.00031,0.0004,0.00042,0.00038,0.0005,0.00132,0.00379,0.00934,0.01911,0.03348,0.05249,0.07583,0.10285,0.13279,0.16512,0.1985,0.2319,0.26467,0.29655,0.32715,0.35605,0.38282,0.40718,0.42869,0.44803,0.46681,0.486,0.50496,0.52338,0.53911,0.55103,0.55873,0.56236,0.56118,0.55528,0.54699,0.53676,0.52566,0.51369,0.5006,0.48894,0.479,0.46942,0.46064]},"SexRatio":{"countryName":"El Salvador","countryCode":222,"startYear":1970,"endYear":2022,"values":[0.65,0.65,0.65,0.65,0.65,0.65,0.65,0.65,0.65,0.65,0.65,0.56,0.5,0.46,0.43,0.41,0.39,0.38,0.37,0.37,0.37,0.36,0.36,0.36,0.36,0.36,0.36,0.36,0.36,0.36,0.36,0.36,0.36,0.36,0.36,0.36,0.36,0.36,0.36,0.36,0.36,0.36,0.36,0.36,0.36,0.36,0.36,0.36,0.36,0.36,0.36,0.36,0.36]},"PercNotBFNotRecARVs":{"countryName":"El Salvador","countryCode":222,"<2":5.5,"2-3":9,"4-5":11.3,"6-7":20.3,"8-9":16.2,"10-11":23,"12-13":37.7,"14-15":38.2,"16-17":46.5,"18-19":47.9,"20-21":61.2,"22-23":70.1,"24-25":71.7,"26-27":85.3,"28-29":89,"30-31":90,"32-33":88.3,"34-35":95},"PercNotBFRecARVs":{"countryName":"El Salvador","countryCode":222,"<2":100,"2-3":100,"4-5":100,"6-7":100,"8-9":100,"10-11":100,"12-13":100,"14-15":100,"16-17":100,"18-19":100,"20-21":100,"22-23":100,"24-25":100,"26-27":100,"28-29":100,"30-31":100,"32-33":100,"34-35":100},"LocalAdjustmentFactor":{"countryName":"El Salvador","countryCode":222,"value":1},"NewARTPatAllocation":{"countryName":"El Salvador","countryCode":222,"NewARTPatAllocationMethod":3,"ExpectedMortality":0.2,"ProportionEligible":0.8,"NotDefault":0}}