{"countryCode":706,"subnatCode":0,"Incidence":{"countryName":"Somalia","countryCode":706,"startYear":1970,"endYear":2023,"values":[0.0,0.0,0.0,0.0,0.0,0.00238207354957348,0.00128033403596899,0.00203387800265,0.00277795252343904,0.00412920265604244,0.00636446448120552,0.0094341803744132,0.0130835522095324,0.0180760726478335,0.0236006869308207,0.0332720366058557,0.0426002278458363,0.0511789442475683,0.0642828261643554,0.0738013067085406,0.0832353698574148,0.0865586772479711,0.0825875429568969,0.078977021508133,0.0699406608651151,0.0635832525694422,0.0570106471287074,0.0495486368494231,0.0433061982975166,0.0395659664076875,0.0354820240418302,0.0292280117309798,0.0266501411099825,0.0237957137572074,0.0211967112651017,0.0190192917729732,0.0172654508318761,0.01471666929093,0.0121015695022888,0.0108569244641751,0.00871852873077731,0.00712680397993127,0.00526485116891549,0.00430657710480997,0.00391626219651099,0.00325067222174945,0.00290866093683184,0.00219612046415016,0.00205659606364186,0.00167637198857299,0.00133163138346222,0.00127022281372162,0.00102434667417415,0.000692445374677321]},"AdultARTMale":{"countryName":"Somalia","countryCode":706,"startYear":2000,"endYear":2023,"values":[0.0,0.0,0.0,0.0,0.0,0.282473085620138,0.707166415647609,1.38123141755915,2.88197971078524,4.30694219372416,6.85993977669808,8.20936052624755,11.2554014635491,12.0148173856408,15.0614395094152,19.139438399711,23.289165837318,27.5906620525526,31.6735358096266,35.2948709997676,40.0175119706431,43.0751503997775,47.1461906520719,57.1223507832521]},"AdultARTFemale":{"countryName":"Somalia","countryCode":706,"startYear":2000,"endYear":2023,"values":[0.0,0.0,0.0,0.0,0.0,0.253892613103485,0.626613614912327,1.21579398131718,2.52894233866441,3.77453228023427,6.36996323959511,9.5206907824248,13.0021121765388,18.372198752226,19.7172743131288,25.0799298031881,29.7398888614421,34.7647345241138,38.4480029240442,43.2602131773695,47.733352550665,53.5460730652216,57.9393317281869,65.9263829624296]},"PercLostToFollowup":{"countryName":"Somalia","countryCode":706,"startYear":2000,"endYear":2023,"values":[5.0,5.0,5.0,5.0,5.0,5.0,5.0,5.0,5.0,5.0,5.0,5.0,5.0,5.0,5.0,5.0,5.0,5.0,5.0,5.0,5.0,5.0,5.0,5.0]},"ChildART":{"countryName":"Somalia","countryCode":706,"startYear":2000,"endYear":2023,"values":[0.0,0.0,0.0,0.0,0.0,0.0,0.0,0.164958748864578,0.310149651319682,0.325245636798161,0.419182453294045,1.98108161979919,2.06489208961807,3.53252834604164,4.59413061677483,5.92647097311352,7.06887146488122,8.88854370376223,10.2022804201767,11.1212087825326,11.6480232789728,10.3885565245175,12.9128605823282,15.3217060311087]},"ChildCotrim":{"countryName":"Somalia","countryCode":706,"startYear":2000,"endYear":2023,"values":[0.0,0.0,0.0,0.0,0.0,0.0,0.0,0.0,0.0,0.0,1.59892295632192,1.90767568422414,2.04969404609149,3.0071245039812,4.73545385558465,5.91381898414504,5.1210409093234,6.78625981146003,6.89500692557479,6.60239630672755,7.61772145147477,7.1555878798889,8.37936354397083,10.5416504553885]},"PMTCTSingleDoseNevirapine":{"countryName":"Somalia","countryCode":706,"startYear":2000,"endYear":2023,"values":[0.0,0.0,0.0,0.0,0.0,0.0,0.0,0.0,0.0,0.0,0.0,0.0,0.0,0.0,0.0,0.0,0.0,0.0,0.0,0.0,0.0,0.0,0.0,0.0]},"PMTCTDualARV":{"countryName":"Somalia","countryCode":706,"startYear":2000,"endYear":2023,"values":[0.0,0.0,0.0,0.0,0.0,0.0,0.0,0.0,0.548234418177504,0.284886779814288,0.0,0.0,0.0,0.0,0.0,0.0,0.0,0.0,0.0,0.0,0.0,0.0,0.0,0.0]},"PMTCTOptA":{"countryName":"Somalia","countryCode":706,"startYear":2000,"endYear":2023,"values":[0.0,0.0,0.0,0.0,0.0,0.0,0.0,0.0,0.0,0.0,0.0,0.0,0.0,0.0,0.0,0.0,0.0,0.0,0.0,0.0,0.0,0.0,0.0,0.0]},"PMTCTOptB":{"countryName":"Somalia","countryCode":706,"startYear":2000,"endYear":2023,"values":[0.0,0.0,0.0,0.0,0.0,0.0,0.0,0.0,0.0,0.0,0.0,0.0,0.0,0.0,0.0,0.0,0.0,0.0,0.0,0.0,0.0,0.0,0.0,0.0]},"PMTCTOptBPlusStartBefPreg":{"countryName":"Somalia","countryCode":706,"startYear":2000,"endYear":2023,"values":[0.0,0.0,0.0,0.0,0.0,0.0,0.0,0.0,0.0,0.0,0.0,0.0,0.824455610919134,2.20639850422031,1.60350372808069,4.26891735220376,6.58414500266599,4.72125587294723,10.7368471644217,15.6987527403743,14.6067418507764,16.8480990051921,19.2909700087445,34.273469217311]},"PMTCTOptBPlusStartDurPregGT4Wks":{"countryName":"Somalia","countryCode":706,"startYear":2000,"endYear":2023,"values":[0.0,0.0,0.0,0.0,0.0,0.0,0.0,0.0,0.0,0.0,0.0,0.198477654071883,1.88355151222063,3.78238428523781,1.60350372808069,1.09460037587977,5.90885448598204,9.07933821720621,3.90430593016829,5.65155098653474,10.3370772579222,9.98851441186183,4.88704508394259,5.48375507476977]},"PMTCTOptBPlusStartDurPregLT4Wks":{"countryName":"Somalia","countryCode":706,"startYear":2000,"endYear":2023,"values":[0.0,0.0,0.0,0.0,0.0,0.0,0.0,0.0,0.0,0.0,0.0,0.0,0.376710302444127,0.0,0.0,0.0,0.0,0.0,0.976082339000967,0.627945923280907,0.674157212473185,0.0,0.0,19.4673305154327]},"AdultHIVPrev":{"countryName":"Somalia","countryCode":706,"startYear":1970,"endYear":2023,"values":[0.0,0.0,0.0,0.0,0.0,0.00234114547282322,0.00346976018229053,0.00525879748364472,0.00777024788487673,0.011538601790518,0.0170401100791888,0.0248396932652056,0.0359410617846319,0.0511982789289343,0.0709487312605466,0.0988991084354727,0.133868481084884,0.174372549356666,0.222901781414152,0.277213093656774,0.335918156891377,0.390669091709322,0.438602271477685,0.480181517356145,0.505970912293497,0.521701955615718,0.526930119069925,0.522761496392385,0.510872440782391,0.494647102146722,0.474469220758086,0.448846864718207,0.422169847182438,0.394832823985821,0.367950022037324,0.342670914167251,0.318879049360376,0.294179296894423,0.269098991621024,0.246301758615209,0.224792518004356,0.204782037047269,0.185906912687495,0.168730251738438,0.153158489218484,0.138948726873959,0.126432017087038,0.114871607187703,0.104640753986183,0.0953019290167194,0.0868110613534663,0.0792699711797287,0.0724395457739577,0.0662737887276153]},"SexRatio":{"countryName":"Somalia","countryCode":706,"startYear":1970,"endYear":2023,"values":[0.0,0.39566,1.27549,1.02661,1.16907,1.02141,0.98357,0.96802,0.97277,0.97995,0.96943,0.97278,0.94754,0.92867,0.92968,0.92679,0.93017,0.94465,0.94285,0.95694,0.97796,1.00629,1.00917,1.01438,1.02177,1.02713,1.0255,1.02377,1.02301,1.02923,1.02572,1.03056,1.03018,1.03335,1.03061,1.03458,1.03858,1.04103,1.04518,1.04583,1.05214,1.05468,1.05872,1.0637,1.06795,1.06772,1.06432,1.06459,1.06585,1.06694,1.06474,1.05991,1.05513,1.05427]},"PercNotBFNotRecARVs":{"countryName":"Somalia","countryCode":706,"<2":9.5072,"2-3":9.50921,"4-5":9.54219,"6-7":9.73648,"8-9":10.43497,"10-11":12.29811,"12-13":16.28832,"14-15":23.33379,"16-17":33.61694,"18-19":46.02466,"20-21":58.5686,"22-23":69.52717,"24-25":78.14143,"26-27":84.47547,"28-29":88.96657,"30-31":92.1019,"32-33":94.28534,"34-35":95.81375},"PercNotBFRecARVs":{"countryName":"Somalia","countryCode":706,"<2":9.5072,"2-3":9.50921,"4-5":9.54219,"6-7":9.73648,"8-9":10.43497,"10-11":12.29811,"12-13":16.28832,"14-15":23.33379,"16-17":33.61694,"18-19":46.02466,"20-21":58.5686,"22-23":69.52717,"24-25":78.14143,"26-27":84.47547,"28-29":88.96657,"30-31":92.1019,"32-33":94.28534,"34-35":95.81375},"LocalAdjustmentFactor":{"countryName":"Somalia","countryCode":706,"value":1.0},"NewARTPatAllocation":{"countryName":"Somalia","countryCode":706,"NewARTPatAllocationMethod":3.0,"ExpectedMortality":0.2,"ProportionEligible":0.8}}