{"countryCode":706,"subnatCode":0,"Incidence":{"countryName":"Somalia","countryCode":706,"startYear":1970,"endYear":2022,"values":[0.0,0.0,0.0,0.0,0.0,0.00039,0.00023,0.00037,0.00052,0.00075,0.00115,0.0017,0.00226,0.00314,0.00429,0.00565,0.00733,0.00937,0.0123,0.01476,0.018,0.0217,0.02491,0.02736,0.03106,0.03421,0.03692,0.0378,0.03943,0.03951,0.0387,0.03657,0.03378,0.03046,0.02699,0.02222,0.01771,0.01537,0.01268,0.00911,0.00696,0.00506,0.00386,0.00302,0.00245,0.00207,0.00183,0.00169,0.00162,0.00159,0.0016,0.00162,0.00155]},"AdultARTMale":{"countryName":"Somalia","countryCode":706,"startYear":2000,"endYear":2022,"values":[0.0,0.0,0.0,0.0,0.0,0.97262,2.23849,4.04072,7.80061,7.63342,11.6095,12.61383,16.73474,14.30406,17.67775,22.32883,24.30101,28.77479,33.00021,36.62849,41.22123,43.99738,45.12619]},"AdultARTFemale":{"countryName":"Somalia","countryCode":706,"startYear":2000,"endYear":2022,"values":[0.0,0.0,0.0,0.0,0.0,1.10418,2.50629,4.49126,8.62382,8.42433,13.50761,18.13923,23.64217,25.80975,27.01548,33.82166,36.72853,42.43317,46.37659,51.4608,55.86235,61.65694,63.20543]},"MedianCD4AtInit":{"countryName":"Somalia","countryCode":706,"startYear":2000,"endYear":2022,"values":[0.0,0.0,0.0,0.0,0.0,97.47024,97.23514,96.14927,94.9596,105.90114,104.04415,104.84483,100.25649,110.65767,105.37623,98.14732,100.96447,98.12161,95.58231,91.6476,89.7143,89.26693,91.26159]},"PercLostToFollowup":{"countryName":"Somalia","countryCode":706,"startYear":2000,"endYear":2022,"values":[0.0,0.0,0.0,0.0,0.0,0.0,0.0,0.0,0.0,0.0,0.0,0.0,0.0,0.0,0.0,0.0,0.0,0.0,0.0,0.0,0.0,0.0,0.0]},"ChildART":{"countryName":"Somalia","countryCode":706,"startYear":2000,"endYear":2022,"values":[0.0,0.0,0.0,0.0,0.0,0.0,0.0,0.83493,1.53517,1.58314,1.37009,6.34753,6.47555,10.72363,13.52376,17.07942,19.85488,24.24571,13.75415,14.92809,15.59028,13.92301,15.09826]},"ChildCotrim":{"countryName":"Somalia","countryCode":706,"startYear":2000,"endYear":2022,"values":[0.0,0.0,0.0,0.0,0.0,0.0,0.0,0.0,0.0,0.0,2.42746,2.65585,2.83607,4.13778,6.4863,8.09728,10.44086,13.84916,18.76339,16.5334,21.70079,23.62732,27.71807]},"PMTCTSingleDoseNevirapine":{"countryName":"Somalia","countryCode":706,"startYear":2000,"endYear":2022,"values":[0.0,0.0,0.0,0.0,0.0,0.0,0.0,0.0,0.0,0.0,0.0,0.0,0.0,0.0,0.0,0.0,0.0,0.0,0.0,0.0,0.0,0.0,0.0]},"PMTCTDualARV":{"countryName":"Somalia","countryCode":706,"startYear":2000,"endYear":2022,"values":[0.0,0.0,0.0,0.0,0.0,0.0,0.0,0.68535,0.34669,0.0,0.0,0.0,0.0,0.0,0.0,0.0,0.0,0.0,0.0,0.0,0.0,0.0,0.0]},"PMTCTOptA":{"countryName":"Somalia","countryCode":706,"startYear":2000,"endYear":2022,"values":[0.0,0.0,0.0,0.0,0.0,0.0,0.0,0.0,0.0,0.0,0.0,0.0,0.0,0.0,0.0,0.0,0.0,0.0,0.0,0.0,0.0,0.0,0.0]},"PMTCTOptB":{"countryName":"Somalia","countryCode":706,"startYear":2000,"endYear":2022,"values":[0.0,0.0,0.0,0.0,0.0,0.0,0.0,0.0,0.0,0.0,0.0,0.0,0.0,0.0,0.0,0.0,0.0,0.0,0.0,0.0,0.0,0.0,0.0]},"PMTCTOptBPlusStartBefPreg":{"countryName":"Somalia","countryCode":706,"startYear":2000,"endYear":2022,"values":[0.0,0.0,0.0,0.0,0.0,0.0,0.0,0.0,0.0,0.0,0.0,0.98988,2.7329,2.01322,5.40717,8.48953,6.20254,14.2907,21.13634,19.75359,22.79724,25.97677,28.57566]},"PMTCTOptBPlusStartDurPregGT4Wks":{"countryName":"Somalia","countryCode":706,"startYear":2000,"endYear":2022,"values":[0.0,0.0,0.0,0.0,0.0,0.0,0.0,0.0,0.0,0.0,0.24173,2.26147,4.68496,2.01322,1.38646,7.61882,11.92796,5.19662,2.81818,9.11704,10.58443,12.12249,13.33531]},"PMTCTOptBPlusStartDurPregLT4Wks":{"countryName":"Somalia","countryCode":706,"startYear":2000,"endYear":2022,"values":[0.0,0.0,0.0,0.0,0.0,0.0,0.0,0.0,0.0,0.0,0.0,0.45229,0.0,0.0,0.0,0.0,0.0,1.29916,0.84545,0.9117,0.0,0.0,0.0]},"PMTCTPostnatalOptA":{"countryName":"Somalia","countryCode":706,"startYear":2000,"endYear":2022,"values":[0.0,0.0,0.0,0.0,0.0,0.0,0.0,0.0,0.0,0.0,0.0,0.0,0.0,0.0,0.0,0.0,0.0,0.0,0.0,0.0,0.0,0.0,0.0]},"PMTCTPostnatalOptB":{"countryName":"Somalia","countryCode":706,"startYear":2000,"endYear":2022,"values":[0.0,0.0,0.0,0.0,0.0,0.0,0.0,0.0,0.0,0.0,0.0,0.0,0.0,0.0,0.0,0.0,0.0,0.0,0.0,0.0,0.0,0.0,0.0]},"PercentHIVPopEligible":{"countryName":"Somalia","countryCode":706,"TB\/HIV":5.1,"TB\/HIV Year":2014,"DC":10,"DC Year":2011,"FSW":3.07,"FSW Year":2015,"MSM":63.64,"MSM Year":2015,"IDU":5.35,"IDU Year":2015,"Other":10,"Other Year":2015},"AdultHIVPrev":{"countryName":"Somalia","countryCode":706,"startYear":1970,"endYear":2022,"values":[0.0,0.0,0.0,0.0,0.0,0.00038,0.00058,0.00091,0.00139,0.00208,0.00307,0.00448,0.00639,0.00903,0.01264,0.01735,0.02334,0.03084,0.04031,0.05152,0.06493,0.08031,0.09808,0.11751,0.13812,0.16007,0.18224,0.2033,0.22374,0.24202,0.25739,0.26866,0.27547,0.27776,0.27612,0.27019,0.26019,0.24727,0.23194,0.21481,0.19758,0.18043,0.16414,0.14896,0.13461,0.12158,0.11016,0.10004,0.09106,0.08307,0.07603,0.06973,0.06403]},"SexRatio":{"countryName":"Somalia","countryCode":706,"startYear":1970,"endYear":2022,"values":[0.0,0.0,0.0,0.0,0.0,0.75,0.75,0.76,0.77,0.77,0.78,0.78,0.78,0.78,0.79,0.79,0.79,0.79,0.79,0.8,0.8,0.8,0.81,0.81,0.81,0.82,0.82,0.82,0.82,0.82,0.82,0.82,0.81,0.81,0.81,0.81,0.81,0.81,0.81,0.81,0.81,0.81,0.81,0.81,0.81,0.81,0.82,0.81,0.81,0.81,0.82,0.82,0.82]},"PercNotBFNotRecARVs":{"countryName":"Somalia","countryCode":706,"<2":4,"2-3":0.9,"4-5":0.7,"6-7":2,"8-9":1.2,"10-11":5,"12-13":9.4,"14-15":10.5,"16-17":27.5,"18-19":42.9,"20-21":60,"22-23":71.9,"24-25":88.5,"26-27":94.4,"28-29":85.7,"30-31":94.1,"32-33":92.5,"34-35":98.2},"PercNotBFRecARVs":{"countryName":"Somalia","countryCode":706,"<2":4,"2-3":0.9,"4-5":0.7,"6-7":2,"8-9":1.2,"10-11":5,"12-13":9.4,"14-15":10.5,"16-17":27.5,"18-19":42.9,"20-21":60,"22-23":71.9,"24-25":88.5,"26-27":94.4,"28-29":85.7,"30-31":94.1,"32-33":92.5,"34-35":98.2},"LocalAdjustmentFactor":{"countryName":"Somalia","countryCode":706,"value":1},"NewARTPatAllocation":{"countryName":"Somalia","countryCode":706,"NewARTPatAllocationMethod":3,"ExpectedMortality":0.5,"ProportionEligible":0.5,"NotDefault":1}}