{"countryName":"South Sudan","subnatCode":0,"Incidence":{"countryName":"South Sudan","countryCode":728,"startYear":1970,"endYear":2020,"values":[0.0,0.0,0.0,0.0,0.0,0.0,0.00709,0.0038,0.00539,0.00817,0.01127,0.01565,0.02231,0.03007,0.04148,0.05234,0.07092,0.08769,0.11742,0.14338,0.17315,0.19598,0.22465,0.2423,0.25593,0.28433,0.28984,0.29014,0.29196,0.29623,0.27918,0.26766,0.26535,0.25453,0.24455,0.23736,0.22986,0.22819,0.22713,0.2307,0.22614,0.22563,0.22587,0.2261,0.22559,0.22558,0.22293,0.22628,0.2269,0.2243,0.22267]},"AdultARTMale":{"countryName":"South Sudan","countryCode":728,"startYear":2000,"endYear":2020,"values":[0.0,0.0,0.0,0.0,0.0,0.0,0.0,0.38032,1.08006,4.8015,3.58245,3.75781,4.64579,7.07423,7.20704,9.7193,10.7656,13.2596,16.30569,19.25731,22.56659]},"AdultARTFemale":{"countryName":"South Sudan","countryCode":728,"startYear":2000,"endYear":2020,"values":[0.0,0.0,0.0,0.0,0.0,0.0,0.0,0.33688,0.9652,4.33126,3.26126,5.33093,6.34389,9.77085,11.99556,16.52819,15.92257,16.50487,20.70969,21.89842,25.47416]},"MedianCD4AtInit":{"countryName":"South Sudan","countryCode":728,"startYear":2000,"endYear":2020,"values":[0.0,0.0,0.0,0.0,0.0,0.0,0.0,0.0,0.0,0.0,0.0,0.0,0.0,0.0,0.0,0.0,0.0,0.0,0.0,0.0,0.0]},"PercLostToFollowup":{"countryName":"South Sudan","countryCode":728,"startYear":2000,"endYear":2020,"values":[0.0,0.0,0.0,0.0,0.0,0.0,0.0,0.0,4.8,9.6,14.4,19.2,24.0,19.0,22.0,22.0,22.0,22.0,22.0,22.0,22.0]},"ChildART":{"countryName":"South Sudan","countryCode":728,"startYear":2000,"endYear":2020,"values":[0.0,0.0,0.0,0.0,0.0,0.0,0.0,0.0,0.0,0.0,0.99346,1.56272,1.85228,2.62346,3.91437,4.94293,6.05854,7.48002,9.17925,11.87284,13.63564]},"ChildCotrim":{"countryName":"South Sudan","countryCode":728,"startYear":2000,"endYear":2020,"values":[0.0,0.0,0.0,0.0,0.0,0.0,0.0,0.0,0.0,0.0,0.0,1.32908,2.5209,2.25424,3.5474,3.81785,3.55389,4.39517,5.34691,6.91337,7.81427]},"PMTCTSingleDoseNevirapine":{"countryName":"South Sudan","countryCode":728,"startYear":2000,"endYear":2020,"values":[0.0,0.0,0.0,0.0,0.0,0.0,0.0,0.07157,0.70389,2.14059,6.09303,5.19956,5.5161,1.71766,0.0,0.0,0.0,0.0,0.0,0.0,0.0]},"PMTCTDualARV":{"countryName":"South Sudan","countryCode":728,"startYear":2000,"endYear":2020,"values":[0.0,0.0,0.0,0.0,0.0,0.0,0.0,0.0,0.0,0.0,0.75322,1.21803,2.52238,1.94009,0.0,0.0,0.0,0.0,0.0,0.0,0.0]},"PMTCTOptA":{"countryName":"South Sudan","countryCode":728,"startYear":2000,"endYear":2020,"values":[0.0,0.0,0.0,0.0,0.0,0.0,0.0,0.0,0.0,0.0,6.84624,8.73579,8.03847,9.24326,12.41699,0.0,0.0,0.0,0.0,0.0,0.0]},"PMTCTOptB":{"countryName":"South Sudan","countryCode":728,"startYear":2000,"endYear":2020,"values":[0.0,0.0,0.0,0.0,0.0,0.0,0.0,0.0,0.0,0.0,0.0,0.0,0.0,0.0,0.0,0.0,0.0,0.0,0.0,0.0,0.0]},"PMTCTOptBPlusStartBefPreg":{"countryName":"South Sudan","countryCode":728,"startYear":2000,"endYear":2020,"values":[0.0,0.0,0.0,0.0,0.0,0.0,0.0,0.0,0.0,0.0,0.28246,0.0,0.0,2.53325,2.7408,12.82428,14.35118,29.54434,44.46751,22.17916,25.09342]},"PMTCTOptBPlusStartDurPregGT4Wks":{"countryName":"South Sudan","countryCode":728,"startYear":2000,"endYear":2020,"values":[0.0,0.0,0.0,0.0,0.0,0.0,0.0,0.0,0.0,0.0,0.55147,1.57166,2.20389,9.24326,6.2085,31.71895,14.90614,26.96967,12.62412,21.2822,18.16257]},"PMTCTOptBPlusStartDurPregLT4Wks":{"countryName":"South Sudan","countryCode":728,"startYear":2000,"endYear":2020,"values":[0.0,0.0,0.0,0.0,0.0,0.0,0.0,0.0,0.0,0.0,0.0,0.0,0.0,0.0,0.0,1.02827,1.01005,0.97068,0.93484,0.89913,0.86018]},"PMTCTPostnatalOptA":{"countryName":"South Sudan","countryCode":728,"startYear":2000,"endYear":2020,"values":[0.0,0.0,0.0,0.0,0.0,0.0,0.0,0.0,0.0,0.0,0.0,0.0,0.0,0.0,0.0,0.0,0.0,0.0,0.0,0.0,0.0]},"PMTCTPostnatalOptB":{"countryName":"South Sudan","countryCode":728,"startYear":2000,"endYear":2020,"values":[0.0,0.0,0.0,0.0,0.0,0.0,0.0,0.0,0.0,0.0,0.0,0.0,0.0,0.0,0.0,0.0,0.0,0.0,0.0,0.0,0.0]},"PercentHIVPopEligible":{"countryName":"South Sudan","countryCode":728,"TB\/HIV":15,"TB\/HIV Year":2011,"DC":40,"DC Year":2015,"FSW":2,"FSW Year":2015,"MSM":5,"MSM Year":2015,"IDU":0.5,"IDU Year":2015,"Other":10,"Other Year":2015},"AdultHIVPrev":{"countryName":"South Sudan","countryCode":728,"startYear":1970,"endYear":2020,"values":[0.0,0.0,0.0,0.0,0.0,0.0,0.00694,0.0103,0.01498,0.02201,0.03153,0.04454,0.06314,0.08808,0.12257,0.16556,0.22349,0.29414,0.38964,0.50504,0.64298,0.79427,0.9622,1.13248,1.29843,1.47261,1.63213,1.77339,1.89925,2.01338,2.09694,2.15634,2.20152,2.2261,2.23313,2.22775,2.21203,2.19375,2.17554,2.16407,2.15553,2.14865,2.14671,2.14886,2.15802,2.17544,2.19954,2.22458,2.25257,2.28193,2.30931]},"SexRatio":{"countryName":"South Sudan","countryCode":728,"startYear":1970,"endYear":2020,"values":[0.24,0.24,0.24,0.24,0.24,0.24,0.34,0.44,0.53,0.62,0.7,0.79,0.86,0.93,1.0,1.06,1.11,1.16,1.21,1.25,1.28,1.31,1.33,1.35,1.36,1.37,1.38,1.38,1.38,1.38,1.38,1.38,1.38,1.38,1.38,1.38,1.38,1.38,1.38,1.38,1.38,1.43,1.48,1.53,1.58,1.63,1.68,1.73,1.78,1.83,1.88]},"PercNotBFNotRecARVs":{"countryName":"South Sudan","countryCode":728,"<2":14.08888,"2-3":14.08947,"4-5":14.10304,"6-7":14.20456,"8-9":14.64184,"10-11":15.99462,"12-13":19.28677,"14-15":25.77307,"16-17":36.07722,"18-19":49.13551,"20-21":62.4411,"22-23":73.74574,"24-25":82.19453,"26-27":88.04402,"28-29":91.94475,"30-31":94.51369,"32-33":96.20898,"34-35":97.33874},"PercNotBFRecARVs":{"countryName":"South Sudan","countryCode":728,"<2":14.08888,"2-3":14.08947,"4-5":14.10304,"6-7":14.20456,"8-9":14.64184,"10-11":15.99462,"12-13":19.28677,"14-15":25.77307,"16-17":36.07722,"18-19":49.13551,"20-21":62.4411,"22-23":73.74574,"24-25":82.19453,"26-27":88.04402,"28-29":91.94475,"30-31":94.51369,"32-33":96.20898,"34-35":97.33874},"LocalAdjustmentFactor":{"countryName":"South Sudan","countryCode":728,"value":1}}