{"countryCode":678,"subnatCode":0,"Incidence":{"countryName":"S\u00e3o Tom\u00e9 & Pr\u00edncipe","countryCode":678,"startYear":1970,"endYear":2023,"values":[0.0,0.0,0.0,0.0,0.0,0.00242355000659593,0.00149969792116428,0.00272269175561038,0.00387704168532323,0.00683014346122821,0.0169576809813815,0.0202786951960443,0.0328822922199415,0.0505870689960211,0.0750896085888851,0.116361744958912,0.168247995592499,0.240331706634607,0.324183450808763,0.417946558608859,0.511552746729268,0.577697608531431,0.569157412394784,0.565283413218804,0.474765027501305,0.407185829265533,0.328210815581606,0.27040770050967,0.214167406737712,0.187309713527505,0.155676016392352,0.137370687794246,0.112496779816557,0.0844756993085292,0.0753322331398878,0.070524578019615,0.0632401355618174,0.0540381803444891,0.0467322514966476,0.0412355103050867,0.0365745715243339,0.0346682875502393,0.0301020620624506,0.0218399632739011,0.0189370258421199,0.0157231617482689,0.0160055262056813,0.0138519331613481,0.0113566715502888,0.0100062482747788,0.00968405311562149,0.00870974136359346,0.00718281867613802,0.00615465454931973]},"AdultARTMale":{"countryName":"S\u00e3o Tom\u00e9 & Pr\u00edncipe","countryCode":678,"startYear":2000,"endYear":2023,"values":[0.0,0.0,0.0,0.0,0.0,1.27352053130003,2.62116285405614,3.31546571554878,5.69484800609598,9.10143572873261,12.0222590147311,16.2354034793249,21.1873260378422,21.3027228387391,27.0740922557149,39.7253653078385,50.1853243227657,61.6400673998914,68.0966804756097,71.4463005139943,73.9154002689679,79.3287848151516,89.7782650538641,92.5774711422887]},"AdultARTFemale":{"countryName":"S\u00e3o Tom\u00e9 & Pr\u00edncipe","countryCode":678,"startYear":2000,"endYear":2023,"values":[0.0,0.0,0.0,0.0,0.0,2.02116655445449,3.29433042204726,5.79061246359353,8.61254187141485,12.6733548184495,16.8072086834416,21.532454898892,25.2530232503417,32.5863786071028,40.291925538414,50.0414029265669,56.9517568405758,69.0994048016772,79.5961749105922,81.987197192863,84.8125720296407,87.3463480369666,95.8335152698277,96.9397405485067]},"PercLostToFollowup":{"countryName":"S\u00e3o Tom\u00e9 & Pr\u00edncipe","countryCode":678,"startYear":2000,"endYear":2023,"values":[0.0,0.0,0.0,0.0,0.0,0.0,0.0,0.0,0.0,0.0,0.0,0.0,0.0,0.0,0.0,0.0,0.0,0.0,0.0,0.0,0.0,0.0,0.0,0.0]},"ChildART":{"countryName":"S\u00e3o Tom\u00e9 & Pr\u00edncipe","countryCode":678,"startYear":2000,"endYear":2023,"values":[0.0,0.0,0.0,0.0,0.0,0.62192415746846,0.64786533393425,1.01920093016354,1.45087837264839,1.92207707336856,2.88498781752073,3.53641646962196,6.23938853992309,5.68552698968764,10.7670070117583,11.8620510884805,16.8894748710962,18.3614087842302,22.3097277026024,24.6187630671778,32.7385950289717,37.7135371903666,36.1596915939904,38.8170456807485]},"ChildCotrim":{"countryName":"S\u00e3o Tom\u00e9 & Pr\u00edncipe","countryCode":678,"startYear":2000,"endYear":2023,"values":[0.0,0.0,0.0,0.0,0.0,0.0,0.0,7.1782255296599,7.76244837971827,8.01590933557651,11.956741127722,22.9530359570785,12.6980129229867,10.3459906182557,10.6546398445072,8.81215314883292,21.63113152449,15.5322514257312,20.7448321338556,20.573977225342,22.9661858550469,25.7494904175846,27.0140235385297,33.7587397902152]},"PMTCTSingleDoseNevirapine":{"countryName":"S\u00e3o Tom\u00e9 & Pr\u00edncipe","countryCode":678,"startYear":2000,"endYear":2023,"values":[0.0,0.0,0.0,0.0,0.0,0.0,0.0,0.0,0.0,0.0,0.0,0.0,0.0,0.0,0.0,0.0,0.0,0.0,0.0,0.0,0.0,0.0,0.0,0.0]},"PMTCTDualARV":{"countryName":"S\u00e3o Tom\u00e9 & Pr\u00edncipe","countryCode":678,"startYear":2000,"endYear":2023,"values":[0.0,0.0,0.0,0.0,0.0,0.0,6.15895050251647,17.3862144705463,22.2515467940238,36.1491387895765,0.0,0.0,0.0,0.0,0.0,0.0,0.0,0.0,0.0,0.0,0.0,0.0,0.0,0.0]},"PMTCTOptA":{"countryName":"S\u00e3o Tom\u00e9 & Pr\u00edncipe","countryCode":678,"startYear":2000,"endYear":2023,"values":[0.0,0.0,0.0,0.0,0.0,0.0,0.0,0.0,0.0,0.0,0.0,0.0,0.0,0.0,0.0,0.0,0.0,0.0,0.0,0.0,0.0,0.0,0.0,0.0]},"PMTCTOptB":{"countryName":"S\u00e3o Tom\u00e9 & Pr\u00edncipe","countryCode":678,"startYear":2000,"endYear":2023,"values":[0.0,0.0,0.0,0.0,0.0,0.0,0.0,0.0,0.0,0.0,0.0,0.0,0.0,0.0,0.0,0.0,0.0,0.0,0.0,0.0,0.0,0.0,0.0,0.0]},"PMTCTOptBPlusStartBefPreg":{"countryName":"S\u00e3o Tom\u00e9 & Pr\u00edncipe","countryCode":678,"startYear":2000,"endYear":2023,"values":[0.0,0.0,0.0,0.0,0.0,0.0,0.0,0.0,0.0,0.0,0.0,0.0,0.0,0.0,0.0,0.0,0.0,0.0,0.0,0.0,0.0,0.0,0.0,0.0]},"PMTCTOptBPlusStartDurPregGT4Wks":{"countryName":"S\u00e3o Tom\u00e9 & Pr\u00edncipe","countryCode":678,"startYear":2000,"endYear":2023,"values":[0.0,0.0,0.0,0.0,0.0,0.0,0.0,0.0,0.0,0.0,24.3401906749687,33.0141257859492,34.9686398981352,46.9343279238913,32.2055881075327,53.864843990838,58.6747543948124,46.6151207020859,48.6611295708007,50.8186890810965,53.4823708735008,55.7701363189442,58.327029153599,60.9354320037764]},"PMTCTOptBPlusStartDurPregLT4Wks":{"countryName":"S\u00e3o Tom\u00e9 & Pr\u00edncipe","countryCode":678,"startYear":2000,"endYear":2023,"values":[0.0,0.0,0.0,0.0,0.0,0.0,0.0,0.0,0.0,0.0,0.0,0.0,0.0,0.0,0.0,0.0,0.0,0.0,0.0,0.0,26.7411854367504,27.8850681594721,29.1635145767995,30.4677160018882]},"AdultHIVPrev":{"countryName":"S\u00e3o Tom\u00e9 & Pr\u00edncipe","countryCode":678,"startYear":1970,"endYear":2023,"values":[0.0,0.0,0.0,0.0,0.0,0.00235974827280023,0.00367080367697026,0.00606841164133605,0.00940400231160045,0.0153390757734429,0.0306212283747279,0.0478597562827431,0.0757781394692533,0.118617531283811,0.181930493395596,0.280543059148105,0.423354684770776,0.625039694199998,0.891748452045068,1.22673660791167,1.62124038000716,2.04349575233308,2.41461316896338,2.73944651665419,2.93834554238125,3.04093841156271,3.04316109750812,2.9734806131322,2.83993528332873,2.67841610884114,2.49172981547424,2.31697724806162,2.13932631447582,1.95027241356278,1.77026376129052,1.60949008127272,1.46738123638104,1.33694886858383,1.22012543944805,1.11848139268566,1.02887029676623,0.9493794677906,0.880032180398149,0.81030577920863,0.746274173718149,0.690564492443775,0.643369660044046,0.602205983395689,0.564632539368852,0.529353612116583,0.493567656965354,0.461003511521073,0.428109636132993,0.396739735863278]},"SexRatio":{"countryName":"S\u00e3o Tom\u00e9 & Pr\u00edncipe","countryCode":678,"startYear":1970,"endYear":2023,"values":[0.24,0.24,0.24,0.24,0.24,0.29263,0.34526,0.39263,0.44,0.48211,0.52947,0.56632,0.60316,0.64,0.67158,0.69789,0.72421,0.75053,0.77158,0.78737,0.80316,0.81368,0.82421,0.82947,0.83474,0.84,0.84,0.84,0.84,0.84,0.85,0.93167,1.01333,1.095,1.17667,1.25833,1.34,1.42167,1.50333,1.585,1.66667,1.74833,1.83,1.91167,1.99333,2.075,2.15667,2.23833,2.32,2.40167,2.48333,2.565,2.64667,2.72833]},"PercNotBFNotRecARVs":{"countryName":"S\u00e3o Tom\u00e9 & Pr\u00edncipe","countryCode":678,"<2":9.04345,"2-3":9.04433,"4-5":9.0742,"6-7":9.36135,"8-9":10.8373,"10-11":15.87151,"12-13":27.76621,"14-15":46.52153,"16-17":65.96839,"18-19":80.3288,"20-21":88.99607,"22-23":93.80151,"24-25":96.42065,"26-27":97.86879,"28-29":98.69106,"30-31":99.1722,"32-33":99.46223,"34-35":99.64203},"PercNotBFRecARVs":{"countryName":"S\u00e3o Tom\u00e9 & Pr\u00edncipe","countryCode":678,"<2":9.04345,"2-3":9.04433,"4-5":9.0742,"6-7":9.36135,"8-9":10.8373,"10-11":15.87151,"12-13":27.76621,"14-15":46.52153,"16-17":65.96839,"18-19":80.3288,"20-21":88.99607,"22-23":93.80151,"24-25":96.42065,"26-27":97.86879,"28-29":98.69106,"30-31":99.1722,"32-33":99.46223,"34-35":99.64203},"LocalAdjustmentFactor":{"countryName":"S\u00e3o Tom\u00e9 & Pr\u00edncipe","countryCode":678,"value":1.8},"NewARTPatAllocation":{"countryName":"S\u00e3o Tom\u00e9 & Pr\u00edncipe","countryCode":678,"NewARTPatAllocationMethod":3.0,"ExpectedMortality":0.2,"ProportionEligible":0.8}}