{"countryCode":678,"subnatCode":0,"Incidence":{"countryName":"S\u00e3o Tom\u00e9 and Pr\u00edncipe","countryCode":678,"startYear":1970,"endYear":2022,"values":[0.0,0.0,0.0,0.0,0.0,0.00242,0.0015,0.00272,0.00388,0.00683,0.01696,0.02028,0.03288,0.05059,0.07509,0.11636,0.16825,0.24033,0.32418,0.41795,0.51155,0.5777,0.56916,0.56528,0.47476,0.40718,0.3282,0.2704,0.21415,0.18728,0.15563,0.1373,0.11239,0.08434,0.07515,0.07029,0.06296,0.05371,0.04641,0.04178,0.03849,0.0354,0.03,0.02184,0.01886,0.0157,0.01573,0.01392,0.01163,0.01001,0.00968,0.00871,0.00718]},"AdultARTMale":{"countryName":"S\u00e3o Tom\u00e9 and Pr\u00edncipe","countryCode":678,"startYear":2000,"endYear":2022,"values":[0.0,0.0,0.0,0.0,0.0,2.82244,5.62761,6.89999,11.48254,13.38265,17.35517,19.49879,25.09986,22.79766,28.8077,41.48786,50.31126,61.88761,68.47294,71.97755,74.59693,80.17608,90.78579]},"AdultARTFemale":{"countryName":"S\u00e3o Tom\u00e9 and Pr\u00edncipe","countryCode":678,"startYear":2000,"endYear":2022,"values":[0.0,0.0,0.0,0.0,0.0,4.71419,7.46179,12.70346,18.22408,19.41105,25.2326,26.28931,30.43041,34.61114,42.52975,51.91172,57.17508,69.41503,79.96217,82.39132,85.25633,87.82642,96.37351]},"MedianCD4AtInit":{"countryName":"S\u00e3o Tom\u00e9 and Pr\u00edncipe","countryCode":678,"startYear":2000,"endYear":2022,"values":[0.0,0.0,0.0,0.0,0.0,128.88403,128.77163,127.62713,125.97987,155.33727,156.30351,181.78601,181.49669,206.82736,198.13955,196.59575,203.31548,205.23651,213.35928,212.97054,214.87641,205.04547,240.22588]},"PercLostToFollowup":{"countryName":"S\u00e3o Tom\u00e9 and Pr\u00edncipe","countryCode":678,"startYear":2000,"endYear":2022,"values":[0.0,0.0,0.0,0.0,0.0,0.0,0.0,0.0,0.0,0.0,0.0,0.0,0.0,0.0,0.0,0.0,0.0,0.0,0.0,0.0,0.0,0.0,0.0]},"ChildART":{"countryName":"S\u00e3o Tom\u00e9 and Pr\u00edncipe","countryCode":678,"startYear":2000,"endYear":2022,"values":[0.0,0.0,0.0,0.0,0.0,2.41635,2.53991,3.27437,4.78768,6.19441,6.01722,7.30886,12.81428,11.4036,21.39325,23.46041,32.21262,33.67463,21.64351,23.93683,31.90815,36.85702,35.51924]},"ChildCotrim":{"countryName":"S\u00e3o Tom\u00e9 and Pr\u00edncipe","countryCode":678,"startYear":2000,"endYear":2022,"values":[0.0,0.0,0.0,0.0,0.0,0.0,0.0,7.03262,7.58387,7.81687,13.02146,21.96161,12.1088,9.85174,10.14385,8.38763,20.58818,14.80221,19.81663,14.54615,16.57797,19.05291,20.44719]},"PMTCTSingleDoseNevirapine":{"countryName":"S\u00e3o Tom\u00e9 and Pr\u00edncipe","countryCode":678,"startYear":2000,"endYear":2022,"values":[0.0,0.0,0.0,0.0,0.0,0.0,0.0,0.0,0.0,0.0,0.0,0.0,0.0,0.0,0.0,0.0,0.0,0.0,0.0,0.0,0.0,0.0,0.0]},"PMTCTDualARV":{"countryName":"S\u00e3o Tom\u00e9 and Pr\u00edncipe","countryCode":678,"startYear":2000,"endYear":2022,"values":[0.0,0.0,0.0,0.0,0.0,5.7,16.2,20.7,33.8,0.0,0.0,0.0,0.0,0.0,0.0,0.0,0.0,0.0,0.0,0.0,0.0,0.0,0.0]},"PMTCTOptA":{"countryName":"S\u00e3o Tom\u00e9 and Pr\u00edncipe","countryCode":678,"startYear":2000,"endYear":2022,"values":[0.0,0.0,0.0,0.0,0.0,0.0,0.0,0.0,0.0,0.0,0.0,0.0,0.0,0.0,0.0,0.0,0.0,0.0,0.0,0.0,0.0,0.0,0.0]},"PMTCTOptB":{"countryName":"S\u00e3o Tom\u00e9 and Pr\u00edncipe","countryCode":678,"startYear":2000,"endYear":2022,"values":[0.0,0.0,0.0,0.0,0.0,0.0,0.0,0.0,0.0,0.0,0.0,0.0,0.0,0.0,0.0,0.0,0.0,0.0,0.0,0.0,0.0,0.0,0.0]},"PMTCTOptBPlusStartBefPreg":{"countryName":"S\u00e3o Tom\u00e9 and Pr\u00edncipe","countryCode":678,"startYear":2000,"endYear":2022,"values":[0.0,0.0,0.0,0.0,0.0,0.0,0.0,0.0,0.0,0.0,0.0,0.0,0.0,0.0,0.0,0.0,0.0,0.0,0.0,0.0,0.0,0.0,0.0]},"PMTCTOptBPlusStartDurPregGT4Wks":{"countryName":"S\u00e3o Tom\u00e9 and Pr\u00edncipe","countryCode":678,"startYear":2000,"endYear":2022,"values":[0.0,0.0,0.0,0.0,0.0,0.0,0.0,0.0,0.0,22.8,31.4,33.0,44.0,30.1,50.2,55.1,43.9,46.6,48.6,50.7,53.3,55.5,58.0]},"PMTCTOptBPlusStartDurPregLT4Wks":{"countryName":"S\u00e3o Tom\u00e9 and Pr\u00edncipe","countryCode":678,"startYear":2000,"endYear":2022,"values":[0.0,0.0,0.0,0.0,0.0,0.0,0.0,0.0,0.0,0.0,0.0,0.0,0.0,0.0,0.0,0.0,0.0,0.0,0.0,25.3,26.6,27.7,29.0]},"PMTCTPostnatalOptA":{"countryName":"S\u00e3o Tom\u00e9 and Pr\u00edncipe","countryCode":678,"startYear":2000,"endYear":2022,"values":[0.0,0.0,0.0,0.0,0.0,0.0,0.0,0.0,0.0,0.0,0.0,0.0,0.0,0.0,0.0,0.0,0.0,0.0,0.0,0.0,0.0,0.0,0.0]},"PMTCTPostnatalOptB":{"countryName":"S\u00e3o Tom\u00e9 and Pr\u00edncipe","countryCode":678,"startYear":2000,"endYear":2022,"values":[0.0,0.0,0.0,0.0,0.0,0.0,0.0,0.0,0.0,0.0,0.0,0.0,0.0,0.0,0.0,0.0,0.0,0.0,0.0,0.0,0.0,0.0,0.0]},"PercentHIVPopEligible":{"countryName":"S\u00e3o Tom\u00e9 and Pr\u00edncipe","countryCode":678,"TB\/HIV":1.61,"TB\/HIV Year":2013,"DC":42.3,"DC Year":2011,"FSW":1.6,"FSW Year":2015,"MSM":0.8,"MSM Year":2015,"IDU":0.09,"IDU Year":2015,"Other":10,"Other Year":2015},"AdultHIVPrev":{"countryName":"S\u00e3o Tom\u00e9 and Pr\u00edncipe","countryCode":678,"startYear":1970,"endYear":2022,"values":[0.0,0.0,0.0,0.0,0.0,0.00236,0.00367,0.00607,0.0094,0.01534,0.03062,0.04786,0.07578,0.11862,0.18193,0.28054,0.42335,0.62504,0.89175,1.22674,1.62124,2.0435,2.41461,2.73945,2.93835,3.04094,3.04316,2.97348,2.83994,2.67842,2.49173,2.31698,2.13932,1.95027,1.77026,1.60949,1.46738,1.33694,1.22016,1.11819,1.02881,0.94937,0.87998,0.81063,0.74677,0.69103,0.64333,0.60187,0.56432,0.52885,0.49293,0.46031,0.42758]},"SexRatio":{"countryName":"S\u00e3o Tom\u00e9 and Pr\u00edncipe","countryCode":678,"startYear":1970,"endYear":2022,"values":[0.24,0.24,0.24,0.24,0.24,0.29,0.35,0.39,0.44,0.48,0.53,0.57,0.6,0.64,0.67,0.7,0.72,0.75,0.77,0.79,0.8,0.81,0.82,0.83,0.83,0.84,0.84,0.84,0.84,0.84,0.85,0.93,1.01,1.09,1.18,1.26,1.34,1.42,1.5,1.58,1.67,1.75,1.83,1.91,1.99,2.08,2.16,2.24,2.32,2.4,2.48,2.56,2.65]},"PercNotBFNotRecARVs":{"countryName":"S\u00e3o Tom\u00e9 and Pr\u00edncipe","countryCode":678,"<2":9.04,"2-3":9.04,"4-5":9.07,"6-7":9.36,"8-9":10.84,"10-11":15.87,"12-13":27.77,"14-15":46.52,"16-17":65.97,"18-19":80.33,"20-21":89,"22-23":93.8,"24-25":96.42,"26-27":97.87,"28-29":98.69,"30-31":99.17,"32-33":99.46,"34-35":99.64},"PercNotBFRecARVs":{"countryName":"S\u00e3o Tom\u00e9 and Pr\u00edncipe","countryCode":678,"<2":9.04,"2-3":9.04,"4-5":9.07,"6-7":9.36,"8-9":10.84,"10-11":15.87,"12-13":27.77,"14-15":46.52,"16-17":65.97,"18-19":80.33,"20-21":89,"22-23":93.8,"24-25":96.42,"26-27":97.87,"28-29":98.69,"30-31":99.17,"32-33":99.46,"34-35":99.64},"LocalAdjustmentFactor":{"countryName":"S\u00e3o Tom\u00e9 and Pr\u00edncipe","countryCode":678,"value":1.8},"NewARTPatAllocation":{"countryName":"S\u00e3o Tom\u00e9 and Pr\u00edncipe","countryCode":678,"NewARTPatAllocationMethod":3,"ExpectedMortality":0.2,"ProportionEligible":0.8,"NotDefault":0}}