{"countryCode":678,"subnatCode":0,"Incidence":{"countryName":"S\u00e3o Tom\u00e9 & Pr\u00edncipe","countryCode":678,"startYear":1970,"endYear":2023,"values":[0.0,0.0,0.0,0.0,0.0,0.00242355000659593,0.00149969792116428,0.00272269175561038,0.00387704168532323,0.00683014346122821,0.0169576809813815,0.0202786951960443,0.0328822922199415,0.0505870689960211,0.0750896085888851,0.116361744958912,0.168247995592499,0.240331706634607,0.324183450808763,0.417946558608859,0.511552746729268,0.577697608531431,0.569157412394784,0.565283413218804,0.474765027501305,0.407185829265533,0.328210815581606,0.27040770050967,0.214167406737712,0.187309713527505,0.155676016392352,0.137370687794246,0.112496779816557,0.0844756993085292,0.0753322331398878,0.070524578019615,0.0632401355618174,0.0540381803444891,0.0467322514966476,0.0412355103050867,0.0365745715243339,0.0346682875502393,0.0301020620624506,0.0218399632739011,0.0189370258421199,0.0157231617482689,0.0160055262056813,0.0138519331613481,0.0113566715502888,0.0100062482747788,0.00968405311562149,0.00870974136359346,0.00718281867613802,0.00615465454931973]},"AdultARTMale":{"countryName":"S\u00e3o Tom\u00e9 & Pr\u00edncipe","countryCode":678,"startYear":2000,"endYear":2023,"values":[0.0,0.0,0.0,0.0,0.0,2.82300247344419,5.62918323267987,6.90260732953615,11.488245881377,17.7094179487109,17.2976377820347,19.4400541242211,25.0175565279317,24.801878425853,31.1382260376628,43.6920431874001,54.3358688137075,65.6618403963274,71.7730601216395,74.8118195001803,77.0605703886857,82.1164028701958,91.699998283436,94.1523741666243]},"AdultARTFemale":{"countryName":"S\u00e3o Tom\u00e9 & Pr\u00edncipe","countryCode":678,"startYear":2000,"endYear":2023,"values":[0.0,0.0,0.0,0.0,0.0,4.71516858469683,7.46381588706799,12.7077727605809,18.2314770642032,25.7764602418993,25.1313240427772,26.2041817081399,30.3206533529437,36.9335938428416,44.9931867336481,53.749153110654,60.5813419705831,72.4429090921059,82.3469646075272,84.4946238528256,87.0338070043873,89.3595156714251,96.7758082542927,97.7405483108917]},"PercLostToFollowup":{"countryName":"S\u00e3o Tom\u00e9 & Pr\u00edncipe","countryCode":678,"startYear":2000,"endYear":2023,"values":[0.0,0.0,0.0,0.0,0.0,0.0,0.0,0.0,0.0,0.0,0.0,0.0,0.0,0.0,0.0,0.0,0.0,0.0,0.0,0.0,0.0,0.0,0.0,0.0]},"ChildART":{"countryName":"S\u00e3o Tom\u00e9 & Pr\u00edncipe","countryCode":678,"startYear":2000,"endYear":2023,"values":[0.0,0.0,0.0,0.0,0.0,2.49483880222789,2.62359734287308,3.36678231563921,4.92408476959653,6.37092006279179,6.19944134177166,7.52440847568182,13.1852808855316,11.7306456078117,22.003851368848,24.1219912576825,33.0818845452816,34.5781513939352,40.7759072639366,44.0733121770941,57.1604375799616,63.4687916018095,58.1549083196957,60.0991673823789]},"ChildCotrim":{"countryName":"S\u00e3o Tom\u00e9 & Pr\u00edncipe","countryCode":678,"startYear":2000,"endYear":2023,"values":[0.0,0.0,0.0,0.0,0.0,0.0,0.0,7.1782255296599,7.76244837971827,8.01590933557651,11.956741127722,22.9530359570785,12.6980129229867,10.3459906182557,10.6546398445072,8.81215314883292,21.63113152449,15.5322514257312,20.7448321338556,20.573977225342,22.9661858550469,25.7494904175846,27.0140235385297,33.7587397902152]},"PMTCTSingleDoseNevirapine":{"countryName":"S\u00e3o Tom\u00e9 & Pr\u00edncipe","countryCode":678,"startYear":2000,"endYear":2023,"values":[0.0,0.0,0.0,0.0,0.0,0.0,0.0,0.0,0.0,0.0,0.0,0.0,0.0,0.0,0.0,0.0,0.0,0.0,0.0,0.0,0.0,0.0,0.0,0.0]},"PMTCTDualARV":{"countryName":"S\u00e3o Tom\u00e9 & Pr\u00edncipe","countryCode":678,"startYear":2000,"endYear":2023,"values":[0.0,0.0,0.0,0.0,0.0,0.0,6.15895050251647,17.3862144705463,22.2515467940238,36.1491387895765,0.0,0.0,0.0,0.0,0.0,0.0,0.0,0.0,0.0,0.0,0.0,0.0,0.0,0.0]},"PMTCTOptA":{"countryName":"S\u00e3o Tom\u00e9 & Pr\u00edncipe","countryCode":678,"startYear":2000,"endYear":2023,"values":[0.0,0.0,0.0,0.0,0.0,0.0,0.0,0.0,0.0,0.0,0.0,0.0,0.0,0.0,0.0,0.0,0.0,0.0,0.0,0.0,0.0,0.0,0.0,0.0]},"PMTCTOptB":{"countryName":"S\u00e3o Tom\u00e9 & Pr\u00edncipe","countryCode":678,"startYear":2000,"endYear":2023,"values":[0.0,0.0,0.0,0.0,0.0,0.0,0.0,0.0,0.0,0.0,0.0,0.0,0.0,0.0,0.0,0.0,0.0,0.0,0.0,0.0,0.0,0.0,0.0,0.0]},"PMTCTOptBPlusStartBefPreg":{"countryName":"S\u00e3o Tom\u00e9 & Pr\u00edncipe","countryCode":678,"startYear":2000,"endYear":2023,"values":[0.0,0.0,0.0,0.0,0.0,0.0,0.0,0.0,0.0,0.0,0.0,0.0,0.0,0.0,0.0,0.0,0.0,0.0,0.0,0.0,0.0,0.0,0.0,0.0]},"PMTCTOptBPlusStartDurPregGT4Wks":{"countryName":"S\u00e3o Tom\u00e9 & Pr\u00edncipe","countryCode":678,"startYear":2000,"endYear":2023,"values":[0.0,0.0,0.0,0.0,0.0,0.0,0.0,0.0,0.0,0.0,24.3401906749687,33.0141257859492,34.9686398981352,46.9343279238913,32.2055881075327,53.864843990838,58.6747543948124,46.6151207020859,48.6611295708007,50.8186890810965,53.4823708735008,55.7701363189442,58.327029153599,60.9354320037764]},"PMTCTOptBPlusStartDurPregLT4Wks":{"countryName":"S\u00e3o Tom\u00e9 & Pr\u00edncipe","countryCode":678,"startYear":2000,"endYear":2023,"values":[0.0,0.0,0.0,0.0,0.0,0.0,0.0,0.0,0.0,0.0,0.0,0.0,0.0,0.0,0.0,0.0,0.0,0.0,0.0,0.0,26.7411854367504,27.8850681594721,29.1635145767995,30.4677160018882]},"AdultHIVPrev":{"countryName":"S\u00e3o Tom\u00e9 & Pr\u00edncipe","countryCode":678,"startYear":1970,"endYear":2023,"values":[0.0,0.0,0.0,0.0,0.0,0.00235974827280023,0.00367080367697026,0.00606841164133605,0.00940400231160045,0.0153390757734429,0.0306212283747279,0.0478597562827431,0.0757781394692533,0.118617531283811,0.181930493395596,0.280543059148105,0.423354684770776,0.625039694199998,0.891748452045068,1.22673660791167,1.62124038000716,2.04349575233308,2.41461316896338,2.73944651665419,2.93834554238125,3.04093841156271,3.04316109750812,2.9734806131322,2.83993528332873,2.67841610884114,2.49172981547424,2.31697724806162,2.13932631447582,1.95027241356278,1.77026376129052,1.60949008127272,1.46738123638104,1.33694886858383,1.22012543944805,1.11848139268566,1.02887029676623,0.9493794677906,0.880032180398149,0.81030577920863,0.746274173718149,0.690564492443775,0.643369660044046,0.602205983395689,0.564632539368852,0.529353612116583,0.493567656965354,0.461003511521073,0.428109636132993,0.396739735863278]},"SexRatio":{"countryName":"S\u00e3o Tom\u00e9 & Pr\u00edncipe","countryCode":678,"startYear":1970,"endYear":2023,"values":[0.24,0.24,0.24,0.24,0.24,0.29263,0.34526,0.39263,0.44,0.48211,0.52947,0.56632,0.60316,0.64,0.67158,0.69789,0.72421,0.75053,0.77158,0.78737,0.80316,0.81368,0.82421,0.82947,0.83474,0.84,0.84,0.84,0.84,0.84,0.85,0.93167,1.01333,1.095,1.17667,1.25833,1.34,1.42167,1.50333,1.585,1.66667,1.74833,1.83,1.91167,1.99333,2.075,2.15667,2.23833,2.32,2.40167,2.48333,2.565,2.64667,2.72833]},"PercNotBFNotRecARVs":{"countryName":"S\u00e3o Tom\u00e9 & Pr\u00edncipe","countryCode":678,"<2":9.04345,"2-3":9.04433,"4-5":9.0742,"6-7":9.36135,"8-9":10.8373,"10-11":15.87151,"12-13":27.76621,"14-15":46.52153,"16-17":65.96839,"18-19":80.3288,"20-21":88.99607,"22-23":93.80151,"24-25":96.42065,"26-27":97.86879,"28-29":98.69106,"30-31":99.1722,"32-33":99.46223,"34-35":99.64203},"PercNotBFRecARVs":{"countryName":"S\u00e3o Tom\u00e9 & Pr\u00edncipe","countryCode":678,"<2":9.04345,"2-3":9.04433,"4-5":9.0742,"6-7":9.36135,"8-9":10.8373,"10-11":15.87151,"12-13":27.76621,"14-15":46.52153,"16-17":65.96839,"18-19":80.3288,"20-21":88.99607,"22-23":93.80151,"24-25":96.42065,"26-27":97.86879,"28-29":98.69106,"30-31":99.1722,"32-33":99.46223,"34-35":99.64203},"LocalAdjustmentFactor":{"countryName":"S\u00e3o Tom\u00e9 & Pr\u00edncipe","countryCode":678,"value":1.8},"NewARTPatAllocation":{"countryName":"S\u00e3o Tom\u00e9 & Pr\u00edncipe","countryCode":678,"NewARTPatAllocationMethod":3.0,"ExpectedMortality":0.2,"ProportionEligible":0.8}}