{"countryCode":703,"subnatCode":0,"Incidence":{"countryName":"Slovakia","countryCode":703,"startYear":1970,"endYear":2023,"values":[0.0,0.0,0.0,9.96193003839089e-6,9.96573467444355e-6,9.96462948845495e-6,9.96098728849019e-6,9.96066695046235e-6,1.99224313110658e-5,1.99253438338254e-5,2.98983860664295e-5,3.9895475778654e-5,4.98705494721351e-5,5.98452913328067e-5,6.98169289867982e-5,7.97851873137514e-5,9.96545769829984e-5,0.000129433912182962,0.000149196896755977,0.000178896528005618,0.000208750104584447,0.000248319572110823,0.000288116580602726,0.000327922513505838,0.000377782691964156,0.000418113159285581,0.000468216306897203,0.000518317014805683,0.000558512111798003,0.000598799212917396,0.000639103507628753,0.000669888045156045,0.000710598065550286,0.000750980984129467,0.000791431003720576,0.000851403830241138,0.000931474079348168,0.00105217121708667,0.00119257920017907,0.00139440873906007,0.00162633393647573,0.001907812975201,0.00220793453758226,0.00253039093760591,0.00284161642450983,0.00313207415555404,0.0033837434303221,0.00359528924380489,0.00376543918698887,0.00390508632163963,0.00400381601031253,0.00407757505759928,0.00387968506887149,0.00424735613132762]},"AdultARTMale":{"countryName":"Slovakia","countryCode":703,"startYear":2000,"endYear":2023,"values":[24.8129953100337,26.1973910542197,26.8999188519115,29.0630818065689,83.5968644102265,68.9694413647673,85.7166457050506,73.7363852382025,63.6268789302853,66.2653267960094,52.4303888281328,52.8499961995267,59.5169317710025,52.2233902596586,58.4636400965675,51.597344090051,54.2382761432257,69.3573442669213,62.7289020279649,68.0,70.0,72.0,74.0,76.0]},"AdultARTFemale":{"countryName":"Slovakia","countryCode":703,"startYear":2000,"endYear":2023,"values":[35.2240011647403,30.4577495174985,35.7436465668227,39.4257404351182,87.5176886713065,74.4960485576705,94.2058447289351,86.8179904239757,73.0456258356996,79.177354175108,65.5535836253199,68.7237360788619,80.9803354828422,66.8456306505447,72.9222992263357,63.7632089472535,59.0630742748145,64.2213939979186,61.7447888748857,67.0,69.09091,71.18182,73.27273,75.36364]},"PercLostToFollowup":{"countryName":"Slovakia","countryCode":703,"startYear":2000,"endYear":2023,"values":[1.6,1.6,1.6,1.6,1.6,1.6,1.6,1.6,1.6,1.6,1.6,1.6,1.6,1.6,1.6,1.6,1.6,1.6,1.6,1.6,1.6,1.6,1.6,1.6]},"ChildART":{"countryName":"Slovakia","countryCode":703,"startYear":2000,"endYear":2023,"values":[0.0,0.0,0.0,0.0,0.0,0.0,0.0,0.0,0.0,0.0,0.0,0.0,0.0,0.0,0.0,0.0,0.0,0.0,0.0,0.0,0.0,0.0,69.9258320008578,95.0]},"ChildCotrim":{"countryName":"Slovakia","countryCode":703,"startYear":2000,"endYear":2023,"values":[100.0,100.0,100.0,100.0,100.0,100.0,100.0,100.0,100.0,100.0,100.0,100.0,100.0,100.0,90.7690864696574,47.3405275154981,60.7506348441341,35.8575880034854,48.8179545927932,95.0,95.0,95.0,95.0,95.0]},"PMTCTSingleDoseNevirapine":{"countryName":"Slovakia","countryCode":703,"startYear":2000,"endYear":2023,"values":[0.0,0.0,0.0,0.0,0.0,0.0,0.0,0.0,0.0,0.0,0.0,0.0,0.0,0.0,0.0,0.0,0.0,0.0,0.0,0.0,0.0,0.0,0.0,0.0]},"PMTCTDualARV":{"countryName":"Slovakia","countryCode":703,"startYear":2000,"endYear":2023,"values":[0.0,0.0,0.0,0.0,0.0,0.0,0.0,0.0,0.0,0.0,0.0,0.0,0.0,0.0,0.0,0.0,0.0,0.0,0.0,0.0,0.0,0.0,0.0,0.0]},"PMTCTOptA":{"countryName":"Slovakia","countryCode":703,"startYear":2000,"endYear":2023,"values":[0.0,0.0,0.0,0.0,0.0,0.0,0.0,0.0,0.0,0.0,0.0,0.0,0.0,0.0,0.0,0.0,0.0,98.9116422299959,59.3699071751501,0.0,0.0,0.0,0.0,0.0]},"PMTCTOptB":{"countryName":"Slovakia","countryCode":703,"startYear":2000,"endYear":2023,"values":[0.0,0.0,0.0,0.0,0.0,0.0,0.0,0.0,0.0,0.0,0.0,0.0,100.0,100.0,52.6623448435665,44.5922926681352,0.0,0.0,0.0,0.0,0.0,0.0,0.0,0.0]},"PMTCTOptBPlusStartBefPreg":{"countryName":"Slovakia","countryCode":703,"startYear":2000,"endYear":2023,"values":[0.0,0.0,0.0,0.0,0.0,0.0,0.0,0.0,0.0,0.0,0.0,0.0,0.0,0.0,0.0,0.0,37.5688449082945,0.0,0.0,100.0,100.0,100.0,100.0,100.0]},"PMTCTOptBPlusStartDurPregGT4Wks":{"countryName":"Slovakia","countryCode":703,"startYear":2000,"endYear":2023,"values":[0.0,0.0,0.0,0.0,0.0,0.0,0.0,0.0,0.0,0.0,0.0,0.0,0.0,0.0,0.0,0.0,37.5688449082945,0.0,0.0,0.0,0.0,0.0,0.0,0.0]},"PMTCTOptBPlusStartDurPregLT4Wks":{"countryName":"Slovakia","countryCode":703,"startYear":2000,"endYear":2023,"values":[0.0,0.0,0.0,0.0,0.0,0.0,0.0,0.0,0.0,0.0,0.0,0.0,0.0,0.0,0.0,0.0,0.0,0.0,0.0,0.0,0.0,0.0,0.0,0.0]},"AdultHIVPrev":{"countryName":"Slovakia","countryCode":703,"startYear":1970,"endYear":2023,"values":[0.0,0.0,0.0,9.87252783230236e-6,1.94089340013808e-5,2.85213754976114e-5,3.71361627873991e-5,4.52096756984216e-5,6.25852377259123e-5,7.90472233856024e-5,0.000104421467131613,0.000138391372625296,0.000180407359083542,0.000229976472373887,0.00028655643025775,0.000349556550290857,0.000427696260876409,0.000529510440345229,0.000643290808386781,0.000777581027642632,0.000932180410924941,0.00111529094311228,0.00132531719357725,0.00156024979886945,0.00182846097832193,0.0021212980611039,0.0024444975004891,0.00280996853102517,0.00321298689132548,0.00364340906441269,0.00409296477312287,0.00455085192261897,0.00501680545079872,0.00548852078963708,0.0060654870536413,0.00671932884687974,0.00741960250505818,0.00821690466941808,0.00909797360031902,0.0101312709092861,0.011356764835739,0.0127944389054501,0.0144851867695051,0.016465663212176,0.018718222542142,0.0212069101676713,0.0238921937674558,0.0267101425568004,0.0295962392781432,0.0324704366953023,0.0352930304033043,0.0380577630668234,0.0405324388767225,0.0434276912108037]},"SexRatio":{"countryName":"Slovakia","countryCode":703,"startYear":1970,"endYear":2023,"values":[0.27,0.27,0.27,0.27,0.27,0.27,0.27,0.27,0.27,0.27,0.27,0.27,0.27,0.27,0.27,0.27,0.27,0.27,0.27,0.26352,0.25742,0.25139,0.24545,0.23958,0.2338,0.2281,0.22249,0.21697,0.21154,0.2062,0.20095,0.1958,0.19074,0.18577,0.1809,0.17613,0.17145,0.16687,0.16238,0.15799,0.1537,0.1495,0.1454,0.14139,0.13747,0.13365,0.12991,0.12627,0.12,0.11,0.1,0.09,0.12,0.11926]},"PercNotBFNotRecARVs":{"countryName":"Slovakia","countryCode":703,"<2":100.0,"2-3":100.0,"4-5":100.0,"6-7":100.0,"8-9":100.0,"10-11":100.0,"12-13":100.0,"14-15":100.0,"16-17":100.0,"18-19":100.0,"20-21":100.0,"22-23":100.0,"24-25":100.0,"26-27":100.0,"28-29":100.0,"30-31":100.0,"32-33":100.0,"34-35":100.0},"PercNotBFRecARVs":{"countryName":"Slovakia","countryCode":703,"<2":100.0,"2-3":100.0,"4-5":100.0,"6-7":100.0,"8-9":100.0,"10-11":100.0,"12-13":100.0,"14-15":100.0,"16-17":100.0,"18-19":100.0,"20-21":100.0,"22-23":100.0,"24-25":100.0,"26-27":100.0,"28-29":100.0,"30-31":100.0,"32-33":100.0,"34-35":100.0},"LocalAdjustmentFactor":{"countryName":"Slovakia","countryCode":703,"value":1.0},"NewARTPatAllocation":{"countryName":"Slovakia","countryCode":703,"NewARTPatAllocationMethod":3.0,"ExpectedMortality":0.2,"ProportionEligible":0.8}}