{"countryCode":705,"subnatCode":0,"Incidence":{"countryName":"Slovenia","countryCode":705,"startYear":1970,"endYear":2023,"values":[0.0,0.0,0.0,0.0,0.0,0.0,0.0,0.0,0.0,0.0,6.8830500276388e-5,0.000248720331297456,0.000499216375876491,0.000793001409806468,0.00110175126548349,0.00138389671970427,0.00161192030043255,0.00175658383350064,0.0017882686082193,0.00169420359887762,0.00151393294214821,0.00126304119771535,0.000995854030451565,0.000769363997661137,0.000598639925369282,0.000527884646408184,0.000614729542305342,0.000888583159001312,0.00135182147711371,0.00194941333069214,0.00265515022052181,0.00338481207597757,0.00408759245244856,0.00471363794286181,0.00520559930730214,0.00553186919047917,0.00562525057071129,0.00549715842363275,0.00519652863294285,0.00476873140220225,0.00425299101778599,0.0036904427509061,0.00315664205548048,0.00265766745494285,0.00227772688654815,0.00201491748891645,0.00188332323779757,0.001901127649409,0.00203773975488144,0.00229619349361103,0.00267967037682548,0.00315419630086379,0.00372499785477535,0.00375265588303429]},"AdultARTMale":{"countryName":"Slovenia","countryCode":705,"startYear":2000,"endYear":2023,"values":[70.1425823342399,69.5055634859473,66.811775479983,64.0416992253023,62.181921064633,60.2749551670774,78.3121294605452,70.7728556910723,61.4795344735962,60.1282156254229,61.2672518369964,61.1931204246294,62.2296314888359,57.4391363634698,63.444238000258,69.0930171158703,69.2753532494586,75.1454600898697,79.3215128265958,79.9564762945409,85.1873574900429,84.2235815885113,85.4590189744559,87.125]},"AdultARTFemale":{"countryName":"Slovenia","countryCode":705,"startYear":2000,"endYear":2023,"values":[33.3725739181654,36.9000422136483,32.8575127388577,35.2602470685512,36.5438879042341,37.1352563516375,45.0730080291417,43.5383469432996,45.6348029261036,44.5090650129076,46.2014045226975,46.9271973415743,48.0546906738044,45.2306933150348,51.1500230175103,56.7725812249474,63.9219621389012,74.9356267282772,73.787746385191,74.8092421869803,80.0365958880128,79.3477614012815,80.5417820159222,85.375]},"PercLostToFollowup":{"countryName":"Slovenia","countryCode":705,"startYear":2000,"endYear":2023,"values":[0.0,0.0,0.0,0.0,0.0,0.0,0.0,0.0,0.0,0.0,0.0,0.0,0.0,0.0,0.0,0.0,0.0,0.0,0.0,0.0,0.0,0.0,0.0,0.0]},"ChildART":{"countryName":"Slovenia","countryCode":705,"startYear":2000,"endYear":2023,"values":[0.0,0.0,0.0,0.0,0.0,0.0,0.0,0.0,0.0,0.0,0.0,0.0,0.0,0.0,0.0,0.0,0.0,0.0,0.0,0.0,100.0,100.0,90.0,90.0]},"ChildCotrim":{"countryName":"Slovenia","countryCode":705,"startYear":2000,"endYear":2023,"values":[0.0,0.0,0.0,0.0,0.0,0.0,0.0,0.0,0.0,0.0,0.0,0.0,0.0,0.0,0.0,0.0,0.0,0.0,0.0,0.0,0.0,0.0,0.0,0.0]},"PMTCTSingleDoseNevirapine":{"countryName":"Slovenia","countryCode":705,"startYear":2000,"endYear":2023,"values":[0.0,0.0,0.0,0.0,0.0,0.0,0.0,0.0,0.0,0.0,0.0,0.0,0.0,0.0,0.0,0.0,0.0,0.0,0.0,0.0,0.0,0.0,0.0,0.0]},"PMTCTDualARV":{"countryName":"Slovenia","countryCode":705,"startYear":2000,"endYear":2023,"values":[80.0,0.0,0.0,0.0,0.0,0.0,0.0,0.0,0.0,0.0,0.0,0.0,0.0,0.0,0.0,0.0,0.0,0.0,0.0,0.0,0.0,0.0,0.0,0.0]},"PMTCTOptA":{"countryName":"Slovenia","countryCode":705,"startYear":2000,"endYear":2023,"values":[0.0,0.0,0.0,0.0,0.0,0.0,0.0,0.0,0.0,0.0,0.0,0.0,0.0,0.0,0.0,0.0,0.0,0.0,0.0,0.0,0.0,0.0,0.0,0.0]},"PMTCTOptB":{"countryName":"Slovenia","countryCode":705,"startYear":2000,"endYear":2023,"values":[0.0,0.0,0.0,0.0,0.0,0.0,0.0,0.0,0.0,0.0,0.0,0.0,0.0,0.0,0.0,0.0,0.0,0.0,0.0,0.0,0.0,0.0,0.0,0.0]},"PMTCTOptBPlusStartBefPreg":{"countryName":"Slovenia","countryCode":705,"startYear":2000,"endYear":2023,"values":[0.0,0.0,0.0,0.0,0.0,0.0,0.0,0.0,0.0,0.0,0.0,0.0,0.0,0.0,0.0,0.0,0.0,0.0,0.0,0.0,0.0,0.0,0.0,0.0]},"PMTCTOptBPlusStartDurPregGT4Wks":{"countryName":"Slovenia","countryCode":705,"startYear":2000,"endYear":2023,"values":[0.0,80.0,80.0,80.0,80.0,80.0,80.0,80.0,80.0,80.0,80.0,80.0,80.0,80.0,80.0,80.0,80.0,80.0,80.0,80.0,80.0,80.0,80.0,90.0]},"PMTCTOptBPlusStartDurPregLT4Wks":{"countryName":"Slovenia","countryCode":705,"startYear":2000,"endYear":2023,"values":[0.0,0.0,0.0,0.0,0.0,0.0,0.0,0.0,0.0,0.0,0.0,0.0,0.0,0.0,0.0,0.0,0.0,0.0,0.0,0.0,0.0,0.0,0.0,0.0]},"AdultHIVPrev":{"countryName":"Slovenia","countryCode":705,"startYear":1970,"endYear":2023,"values":[0.0,0.0,0.0,0.0,0.0,0.0,0.0,0.0,0.0,0.0,6.85316694686539e-5,0.0003127345279584,0.00079404924976088,0.00154256041232055,0.00255585160128863,0.0037879886053584,0.00516851397877338,0.00659271715715904,0.00793051132904546,0.00906067195075703,0.00988662885987506,0.0103544014796831,0.0104607818084308,0.010256308196868,0.00982025254013167,0.00929167196563087,0.00885372731829799,0.00869321613251658,0.00926187039425607,0.0106232363025873,0.0126992166125742,0.0154416159484562,0.0187491219419518,0.0225093238212919,0.0266076473766735,0.0308450823783345,0.0350744534739374,0.0390845312127922,0.0425112947807774,0.0451455863296394,0.0472491887873913,0.0486222368372996,0.0492272970713047,0.0491906524809106,0.0487172014490771,0.0479164879625441,0.0469821384088127,0.0460515481297642,0.0452292825892714,0.0446138993872492,0.0443392083460179,0.0444380280724057,0.0450599846736496,0.0455158548424408]},"SexRatio":{"countryName":"Slovenia","countryCode":705,"startYear":1970,"endYear":2023,"values":[0.26,0.26,0.26,0.26,0.26,0.26,0.26,0.26,0.26,0.26,0.26,0.26,0.26,0.26,0.25595,0.24864,0.24145,0.23435,0.22737,0.22051,0.21377,0.20715,0.20065,0.19428,0.18805,0.18194,0.17597,0.17014,0.16444,0.15888,0.15346,0.14817,0.14302,0.13585,0.12868,0.12151,0.11434,0.10717,0.1,0.1,0.1,0.1,0.1,0.1,0.1,0.1,0.1,0.1,0.1,0.1,0.1,0.09,0.09,0.1]},"PercNotBFNotRecARVs":{"countryName":"Slovenia","countryCode":705,"<2":100.0,"2-3":100.0,"4-5":100.0,"6-7":100.0,"8-9":100.0,"10-11":100.0,"12-13":100.0,"14-15":100.0,"16-17":100.0,"18-19":100.0,"20-21":100.0,"22-23":100.0,"24-25":100.0,"26-27":100.0,"28-29":100.0,"30-31":100.0,"32-33":100.0,"34-35":100.0},"PercNotBFRecARVs":{"countryName":"Slovenia","countryCode":705,"<2":100.0,"2-3":100.0,"4-5":100.0,"6-7":100.0,"8-9":100.0,"10-11":100.0,"12-13":100.0,"14-15":100.0,"16-17":100.0,"18-19":100.0,"20-21":100.0,"22-23":100.0,"24-25":100.0,"26-27":100.0,"28-29":100.0,"30-31":100.0,"32-33":100.0,"34-35":100.0},"LocalAdjustmentFactor":{"countryName":"Slovenia","countryCode":705,"value":1.0},"NewARTPatAllocation":{"countryName":"Slovenia","countryCode":705,"NewARTPatAllocationMethod":3.0,"ExpectedMortality":0.62,"ProportionEligible":0.38}}