{"countryCode":748,"subnatCode":0,"Incidence":{"countryName":"Swaziland","countryCode":748,"startYear":1970,"endYear":2022,"values":[0.0,0.0,0.0,0.0,0.0,0.0,0.0,0.0,0.0,0.0,0.0,0.0,0.0,0.0,0.0,0.0,0.04534,0.06784,0.15902,0.3643,0.7828,1.51473,2.55504,3.74344,4.73296,5.22485,5.01638,4.77987,4.37045,4.17375,3.91328,3.75009,3.59827,3.4854,3.45395,3.27188,3.25849,3.1283,3.03699,3.06446,2.86404,2.93499,2.97822,3.02177,2.87499,2.38968,1.8269,1.53798,1.54635,1.39528,0.98395,0.96418,0.76814]},"AdultARTMale":{"countryName":"Swaziland","countryCode":748,"startYear":2000,"endYear":2022,"values":[0.0,1.407,3.19875,4.78029,8.1534,16.28968,27.47004,30.76657,38.27567,44.10419,45.59803,49.27734,54.42427,59.47312,69.11539,71.49214,79.89371,70.0138,72.00709,78.54533,85.73474,83.52735,91.72041]},"AdultARTFemale":{"countryName":"Swaziland","countryCode":748,"startYear":2000,"endYear":2022,"values":[0.0,1.56828,3.46006,5.03412,8.38263,16.40836,27.16672,39.49165,47.79183,56.43906,56.25245,59.59967,64.09049,66.58357,73.3171,80.18157,90.30713,82.00805,82.45869,88.04583,92.95777,91.41018,96.64556]},"MedianCD4AtInit":{"countryName":"Swaziland","countryCode":748,"startYear":2000,"endYear":2022,"values":[0.0,141.90046,140.90918,139.72648,138.04755,137.26679,137.36675,138.4891,138.40866,139.74819,196.2457,198.10402,194.00757,205.22883,230.31167,305.3064,332.04843,395.00129,388.30034,373.03446,374.03094,381.25162,375.05111]},"PercLostToFollowup":{"countryName":"Swaziland","countryCode":748,"startYear":2000,"endYear":2022,"values":[0.0,0.0,0.0,0.0,0.0,0.0,0.0,0.0,0.0,0.0,0.0,0.0,0.0,0.0,8.0,2.0,2.0,1.0,5.0,3.0,1.12,3.48,3.4]},"ChildART":{"countryName":"Swaziland","countryCode":748,"startYear":2000,"endYear":2022,"values":[9.38421,17.19927,23.52841,28.50878,32.52083,36.02372,30.63113,34.42665,45.53426,68.73577,72.90113,84.62054,91.71889,93.69222,91.676,81.58254,94.61548,85.27523,79.5986,87.79417,99.77804,88.68558,88.6493]},"ChildCotrim":{"countryName":"Swaziland","countryCode":748,"startYear":2000,"endYear":2022,"values":[0.0,0.0,0.0,0.0,0.0,0.0,0.0,0.0,0.0,0.0,0.0,37.13912,39.47701,41.11845,40.66583,37.11049,40.9427,36.56649,39.31114,49.04908,28.45025,35.57028,36.52244]},"PMTCTSingleDoseNevirapine":{"countryName":"Swaziland","countryCode":748,"startYear":2000,"endYear":2022,"values":[0.0,0.0,1.1,2.2,8.7,15.0,71.5,72.7,70.9,15.0,8.1,1.9,0.9,0.0,0.0,0.0,0.0,0.0,0.0,0.0,0.0,0.0,0.0]},"PMTCTDualARV":{"countryName":"Swaziland","countryCode":748,"startYear":2000,"endYear":2022,"values":[0.0,0.0,0.0,0.0,0.0,0.0,0.0,0.0,0.0,37.0,44.3,0.0,0.0,0.0,0.0,0.0,0.0,0.0,0.0,0.0,0.0,0.0,0.0]},"PMTCTOptA":{"countryName":"Swaziland","countryCode":748,"startYear":2000,"endYear":2022,"values":[0.0,0.0,0.0,0.0,0.0,0.0,0.0,0.0,0.0,0.0,0.0,54.9,49.6,43.1,27.2,0.0,0.0,0.0,0.0,0.0,0.0,0.0,0.0]},"PMTCTOptB":{"countryName":"Swaziland","countryCode":748,"startYear":2000,"endYear":2022,"values":[0.0,0.0,0.0,0.0,0.0,0.0,0.0,0.0,0.0,0.0,0.0,0.0,0.0,0.0,0.0,0.0,0.0,0.0,0.0,0.0,0.0,0.0,0.0]},"PMTCTOptBPlusStartBefPreg":{"countryName":"Swaziland","countryCode":748,"startYear":2000,"endYear":2022,"values":[0.0,0.0,0.0,0.0,0.0,0.0,0.0,0.0,0.0,0.0,13.8,19.8,22.8,27.5,33.5,39.6,41.2,54.6,58.2,75.2678034102307,78.3,88.3,91.75370919881306]},"PMTCTOptBPlusStartDurPregGT4Wks":{"countryName":"Swaziland","countryCode":748,"startYear":2000,"endYear":2022,"values":[0.0,0.0,0.0,0.0,0.0,0.0,0.0,0.0,0.0,15.1,10.6,10.7,10.8,13.3,16.3,44.3,46.1,25.9,36.0,23.73219658976931,10.6,8.7,7.246290801186944]},"PMTCTOptBPlusStartDurPregLT4Wks":{"countryName":"Swaziland","countryCode":748,"startYear":2000,"endYear":2022,"values":[0.0,0.0,0.0,0.0,0.0,0.0,0.0,0.0,0.0,0.0,0.0,0.0,0.0,0.0,0.0,0.0,0.0,0.0,0.0,0.0,0.0,0.0,0.0]},"PMTCTPostnatalOptA":{"countryName":"Swaziland","countryCode":748,"startYear":2000,"endYear":2022,"values":[0.0,0.0,0.0,0.0,0.0,0.0,0.0,0.0,0.0,0.0,0.0,0.0,0.0,0.0,0.0,0.0,0.0,0.0,0.0,0.0,0.0,0.0,0.0]},"PMTCTPostnatalOptB":{"countryName":"Swaziland","countryCode":748,"startYear":2000,"endYear":2022,"values":[0.0,0.0,0.0,0.0,0.0,0.0,0.0,0.0,0.0,0.0,0.0,0.0,0.0,0.0,0.0,0.0,0.0,0.0,0.0,0.0,0.0,0.0,0.0]},"PercentHIVPopEligible":{"countryName":"Swaziland","countryCode":748,"TB\/HIV":6.6,"TB\/HIV Year":2013,"DC":13.1,"DC Year":2011,"FSW":1.6,"FSW Year":2015,"MSM":0.8,"MSM Year":2015,"IDU":0.09,"IDU Year":2015,"Other":10,"Other Year":2015},"AdultHIVPrev":{"countryName":"Swaziland","countryCode":748,"startYear":1970,"endYear":2022,"values":[0.0,0.0,0.0,0.0,0.0,0.0,0.0,0.0,0.0,0.0,0.0,0.0,0.0,0.0,0.0,0.0,0.04438,0.10818,0.26071,0.59377,1.3217,2.70413,4.95576,8.02865,11.35211,14.97092,17.96682,20.4183,22.20574,23.57741,24.55122,25.26228,25.74917,26.07787,26.30929,26.47591,26.72098,26.96172,27.19213,27.53518,27.91713,28.39659,28.91651,29.46134,29.87046,29.93118,29.62758,29.2181,28.8558,28.38456,27.61261,26.82186,25.88794]},"SexRatio":{"countryName":"Swaziland","countryCode":748,"startYear":1970,"endYear":2022,"values":[0.27,0.27,0.27,0.27,0.27,0.27,0.27,0.27,0.27,0.27,0.24,0.24,0.24,0.24,0.24,0.24,0.34,0.44,0.53,0.62,0.7,0.79,0.86,0.93,1.0,1.06,1.13,1.19,1.24,1.28,1.31,1.4,1.48,1.57,1.65,1.74,1.82,1.9,1.99,2.07,2.16,2.24,2.33,2.41,2.49,2.58,2.66,2.75,2.83,2.92,3.0,3.0,3.0]},"PercNotBFNotRecARVs":{"countryName":"Swaziland","countryCode":748,"<2":22.05,"2-3":22.73,"4-5":26.31,"6-7":34.89,"8-9":47.79,"10-11":61.5,"12-13":72.97,"14-15":81.32,"16-17":87.02,"18-19":90.84,"20-21":93.4,"22-23":95.15,"24-25":96.36,"26-27":97.22,"28-29":97.84,"30-31":98.29,"32-33":98.64,"34-35":98.89},"PercNotBFRecARVs":{"countryName":"Swaziland","countryCode":748,"<2":22.05,"2-3":22.73,"4-5":26.31,"6-7":34.89,"8-9":47.79,"10-11":61.5,"12-13":72.97,"14-15":81.32,"16-17":87.02,"18-19":90.84,"20-21":93.4,"22-23":95.15,"24-25":96.36,"26-27":97.22,"28-29":97.84,"30-31":98.29,"32-33":98.64,"34-35":98.89},"LocalAdjustmentFactor":{"countryName":"Swaziland","countryCode":748,"value":1.17},"NewARTPatAllocation":{"countryName":"Swaziland","countryCode":748,"NewARTPatAllocationMethod":3,"ExpectedMortality":0.2,"ProportionEligible":0.8,"NotDefault":0}}