{"countryCode":748,"subnatCode":0,"Incidence":{"countryName":"Eswatini","countryCode":748,"startYear":1970,"endYear":2022,"values":[0.0,0.0,0.0,0.0,0.0,0.0,0.0,0.0,0.0,0.0,0.0,0.0,0.0,0.0,0.0,0.0,0.04534,0.06784,0.15902,0.3643,0.7828,1.51472,2.55504,3.74344,4.73296,5.22485,5.01638,4.77987,4.37045,4.17375,3.91328,3.75008,3.59827,3.48541,3.45394,3.27188,3.25849,3.1283,3.03699,3.09314,2.91385,2.96617,2.99487,3.03622,2.90433,2.42402,1.84413,1.54955,1.56233,1.41013,0.99336,0.96697,0.76863]},"AdultARTMale":{"countryName":"Eswatini","countryCode":748,"startYear":2000,"endYear":2022,"values":[0.0,1.407,3.19875,4.78029,8.1534,16.28968,27.47004,30.76656,38.27567,33.03513,45.78463,49.53306,54.71099,49.43612,58.28635,72.10488,70.50524,70.35759,72.41932,79.05263,86.32304,84.11128,92.36886]},"AdultARTFemale":{"countryName":"Eswatini","countryCode":748,"startYear":2000,"endYear":2022,"values":[0.0,1.56828,3.46006,5.03412,8.38263,16.40836,27.16672,39.49165,47.79183,41.44151,56.48195,59.90283,64.42735,54.34126,63.52515,80.81269,81.52265,82.15108,82.59535,88.19018,93.11217,91.56861,96.82041]},"MedianCD4AtInit":{"countryName":"Eswatini","countryCode":748,"startYear":2000,"endYear":2022,"values":[0.0,141.90043,140.90917,139.72648,138.04756,137.26678,137.36674,138.48908,138.40864,186.93585,190.35993,192.0608,191.07889,255.84022,267.57336,284.3474,379.91248,387.34177,355.53614,349.97289,359.5006,373.61295,376.07086]},"PercLostToFollowup":{"countryName":"Eswatini","countryCode":748,"startYear":2000,"endYear":2022,"values":[0.0,0.0,0.0,0.0,0.0,0.0,0.0,0.0,0.0,0.0,0.0,0.0,0.0,0.0,8.0,2.0,2.0,1.0,5.0,3.0,1.12,3.48,3.4]},"ChildART":{"countryName":"Eswatini","countryCode":748,"startYear":2000,"endYear":2022,"values":[9.38421,17.19927,23.52841,28.50878,32.52083,36.02372,30.63113,34.42665,45.53426,68.68076,72.84887,83.84003,91.09186,93.09333,90.93146,82.24008,95.03164,91.03932,78.62987,86.63276,98.60248,87.5644,87.47544]},"ChildCotrim":{"countryName":"Eswatini","countryCode":748,"startYear":2000,"endYear":2022,"values":[0.0,0.0,0.0,0.0,0.0,0.0,0.0,0.0,0.0,0.0,0.0,37.11774,39.59635,41.32938,40.90986,39.70221,40.81293,39.39135,40.15585,48.40027,28.09551,35.33781,36.33015]},"PMTCTSingleDoseNevirapine":{"countryName":"Eswatini","countryCode":748,"startYear":2000,"endYear":2022,"values":[0.0,0.0,1.1,2.2,8.7,15.0,71.5,72.7,70.9,15.0,8.1,1.9,0.9,0.0,0.0,0.0,0.0,0.0,0.0,0.0,0.0,0.0,0.0]},"PMTCTDualARV":{"countryName":"Eswatini","countryCode":748,"startYear":2000,"endYear":2022,"values":[0.0,0.0,0.0,0.0,0.0,0.0,0.0,0.0,0.0,37.0,44.3,0.0,0.0,0.0,0.0,0.0,0.0,0.0,0.0,0.0,0.0,0.0,0.0]},"PMTCTOptA":{"countryName":"Eswatini","countryCode":748,"startYear":2000,"endYear":2022,"values":[0.0,0.0,0.0,0.0,0.0,0.0,0.0,0.0,0.0,0.0,0.0,54.9,49.6,43.1,27.2,0.0,0.0,0.0,0.0,0.0,0.0,0.0,0.0]},"PMTCTOptB":{"countryName":"Eswatini","countryCode":748,"startYear":2000,"endYear":2022,"values":[0.0,0.0,0.0,0.0,0.0,0.0,0.0,0.0,0.0,0.0,0.0,0.0,0.0,0.0,0.0,0.0,0.0,0.0,0.0,0.0,0.0,0.0,0.0]},"PMTCTOptBPlusStartBefPreg":{"countryName":"Eswatini","countryCode":748,"startYear":2000,"endYear":2022,"values":[0.0,0.0,0.0,0.0,0.0,0.0,0.0,0.0,0.0,0.0,13.8,19.8,22.8,27.5,33.5,39.6,41.2,54.6,58.2,75.8,78.3,88.3,92.68051434223541]},"PMTCTOptBPlusStartDurPregGT4Wks":{"countryName":"Eswatini","countryCode":748,"startYear":2000,"endYear":2022,"values":[0.0,0.0,0.0,0.0,0.0,0.0,0.0,0.0,0.0,15.1,10.6,10.7,10.8,13.3,16.3,44.3,46.1,25.9,36.0,23.9,10.6,8.7,7.319485657764589]},"PMTCTOptBPlusStartDurPregLT4Wks":{"countryName":"Eswatini","countryCode":748,"startYear":2000,"endYear":2022,"values":[0.0,0.0,0.0,0.0,0.0,0.0,0.0,0.0,0.0,0.0,0.0,0.0,0.0,0.0,0.0,0.0,0.0,0.0,0.0,0.0,0.0,0.0,0.0]},"PMTCTPostnatalOptA":{"countryName":"Eswatini","countryCode":748,"startYear":2000,"endYear":2022,"values":[0.0,0.0,0.0,0.0,0.0,0.0,0.0,0.0,0.0,0.0,0.0,0.0,0.0,0.0,0.0,0.0,0.0,0.0,0.0,0.0,0.0,0.0,0.0]},"PMTCTPostnatalOptB":{"countryName":"Eswatini","countryCode":748,"startYear":2000,"endYear":2022,"values":[0.0,0.0,0.0,0.0,0.0,0.0,0.0,0.0,0.0,0.0,0.0,0.0,0.0,0.0,0.0,0.0,0.0,0.0,0.0,0.0,0.0,0.0,0.0]},"PercentHIVPopEligible":{"countryName":"Eswatini","countryCode":748,"TB\/HIV":6.6,"TB\/HIV Year":2013,"DC":13.1,"DC Year":2011,"FSW":1.6,"FSW Year":2015,"MSM":0.8,"MSM Year":2015,"IDU":0.09,"IDU Year":2015,"Other":10,"Other Year":2015},"AdultHIVPrev":{"countryName":"Eswatini","countryCode":748,"startYear":1970,"endYear":2022,"values":[0.0,0.0,0.0,0.0,0.0,0.0,0.0,0.0,0.0,0.0,0.0,0.0,0.0,0.0,0.0,0.0,0.04438,0.10818,0.26071,0.59377,1.3217,2.70413,4.95576,8.02865,11.35211,14.97093,17.96682,20.4183,22.20574,23.57741,24.55122,25.26228,25.74916,26.07788,26.30929,26.47591,26.72098,26.96172,27.19213,27.53503,27.91669,28.396,28.91585,29.46064,29.86962,29.93016,29.62651,29.21702,28.85465,28.38337,27.61202,26.82131,25.88756]},"SexRatio":{"countryName":"Eswatini","countryCode":748,"startYear":1970,"endYear":2022,"values":[0.27,0.27,0.27,0.27,0.27,0.27,0.27,0.27,0.27,0.27,0.24,0.24,0.24,0.24,0.24,0.24,0.34,0.44,0.53,0.62,0.7,0.79,0.86,0.93,1.0,1.06,1.13,1.19,1.24,1.28,1.31,1.4,1.48,1.57,1.65,1.74,1.82,1.9,1.99,2.07,2.16,2.24,2.33,2.41,2.49,2.58,2.66,2.75,2.83,2.92,3.0,3.0,3.0]},"PercNotBFNotRecARVs":{"countryName":"Eswatini","countryCode":748,"<2":22.05,"2-3":22.73,"4-5":26.31,"6-7":34.89,"8-9":47.79,"10-11":61.5,"12-13":72.97,"14-15":81.32,"16-17":87.02,"18-19":90.84,"20-21":93.4,"22-23":95.15,"24-25":96.36,"26-27":97.22,"28-29":97.84,"30-31":98.29,"32-33":98.64,"34-35":98.89},"PercNotBFRecARVs":{"countryName":"Eswatini","countryCode":748,"<2":22.05,"2-3":22.73,"4-5":26.31,"6-7":34.89,"8-9":47.79,"10-11":61.5,"12-13":72.97,"14-15":81.32,"16-17":87.02,"18-19":90.84,"20-21":93.4,"22-23":95.15,"24-25":96.36,"26-27":97.22,"28-29":97.84,"30-31":98.29,"32-33":98.64,"34-35":98.89},"LocalAdjustmentFactor":{"countryName":"Eswatini","countryCode":748,"value":1.17},"NewARTPatAllocation":{"countryName":"Eswatini","countryCode":748,"NewARTPatAllocationMethod":3,"ExpectedMortality":0.2,"ProportionEligible":0.8,"NotDefault":0}}