{"countryCode":148,"subnatCode":0,"Incidence":{"countryName":"Chad","countryCode":148,"startYear":1970,"endYear":2023,"values":[0.0,0.0,0.0,0.0,0.0,0.0,0.0118772363774976,0.00664747028256435,0.00974268179383463,0.0145672709254189,0.0201580784526426,0.0301254630611412,0.0400571555286014,0.0564499737113287,0.0787718553083779,0.107563937811711,0.143523762315227,0.18287215997058,0.226680665862284,0.276132267557473,0.308156326150457,0.345787735342953,0.347123813961488,0.351045005875098,0.352193522340783,0.317436960655165,0.273602271460274,0.259678929305129,0.252736144733721,0.224595073089859,0.197479927945752,0.187497289076092,0.174074742809436,0.164710522916037,0.145284582241801,0.133113204813706,0.129213709304706,0.117843216462565,0.108996113217021,0.0989437124287808,0.0990561888219465,0.0938705760426576,0.0870879216919002,0.081122320137133,0.0742328994900158,0.0691031526824192,0.0664364690167075,0.0603351889671117,0.0566382473854547,0.0557315648752229,0.0498767806469427,0.0422669595664696,0.0399080756166688,0.0361523265902158]},"AdultARTMale":{"countryName":"Chad","countryCode":148,"startYear":2000,"endYear":2023,"values":[0.0,0.0819755642305188,0.282132048567939,0.780280148628064,1.34819732108971,4.69777789982195,10.8155213834215,16.5875382100332,21.750610304034,26.5615109505297,22.9295235275605,26.3703327621265,29.8270040633775,25.9133556855473,28.8106110690553,32.0570613784509,35.0297709298466,32.1449102759395,34.8294155881687,36.9413845209863,46.3891348760369,50.7463235624575,53.5527783867401,62.3911253282382]},"AdultARTFemale":{"countryName":"Chad","countryCode":148,"startYear":2000,"endYear":2023,"values":[0.0,0.0770765571835983,0.267993242706921,0.747645142200393,1.3006535523171,4.55659931143392,16.4279573233007,27.0006949336776,35.7817776056731,43.3138987250313,37.7990940566136,42.8727471063145,47.7399687100419,40.1798559391287,43.9654045299128,48.1164066477154,51.7207834881203,49.2388776631314,52.3812943876089,53.8138521762586,57.1159930127806,61.9556745778219,64.901475006873,68.7739276185289]},"PercLostToFollowup":{"countryName":"Chad","countryCode":148,"startYear":2000,"endYear":2023,"values":[5.0,5.0,5.0,5.0,5.0,5.0,5.0,5.0,5.0,5.0,5.0,5.0,5.0,5.0,5.0,5.0,5.0,5.0,5.0,5.0,5.0,5.0,5.0,5.0]},"ChildART":{"countryName":"Chad","countryCode":148,"startYear":2000,"endYear":2023,"values":[0.0,0.0,0.0,0.0,0.0,0.0,0.0,1.05094391822088,7.67440810699786,12.5298214607285,12.2576630830285,17.4142430595785,17.3512390714908,14.8082351123695,15.815326826919,16.1088512173379,16.3144508968768,16.0679623389458,15.90598367518,16.2467293761593,14.112478161336,16.0519334518281,17.2884355921708,22.9211603229126]},"ChildCotrim":{"countryName":"Chad","countryCode":148,"startYear":2000,"endYear":2023,"values":[0.0,0.0,0.0,0.0,0.0,0.0,0.0,0.273184050864568,1.37407685943983,2.52695341024238,2.083098080752,3.2085044839311,4.36254273420789,5.57554883504897,6.84496149368067,8.2636796638075,17.3,31.84,35.36,38.88,42.4,45.92,49.44,52.96]},"PMTCTSingleDoseNevirapine":{"countryName":"Chad","countryCode":148,"startYear":2000,"endYear":2023,"values":[0.0,0.0,0.0,0.0,0.0,0.0,0.0,0.0,0.0,0.0,0.0,0.0,0.0,0.0,0.0,0.0,0.0,0.0,0.0,0.0,0.0,0.0,0.0,0.0]},"PMTCTDualARV":{"countryName":"Chad","countryCode":148,"startYear":2000,"endYear":2023,"values":[0.0,0.0,0.0,0.0,0.0,0.0,0.0,0.0,0.0,0.0,0.0,0.0,0.0,0.0,0.0,0.0,0.0,0.0,0.0,0.0,0.0,0.0,0.0,0.0]},"PMTCTOptA":{"countryName":"Chad","countryCode":148,"startYear":2000,"endYear":2023,"values":[0.0,0.0,0.0,0.0,0.0,0.0,0.0,0.0,0.0,0.0,0.0,0.0,0.0,0.0,0.0,0.0,0.0,0.0,0.0,0.0,0.0,0.0,0.0,0.0]},"PMTCTOptB":{"countryName":"Chad","countryCode":148,"startYear":2000,"endYear":2023,"values":[0.0,0.0,0.0,0.0,0.0,0.0,0.0,0.0,0.0,0.0,0.0,16.9357119780932,20.3583834549878,17.8285174176237,23.0965410070727,32.8043079009537,0.0,0.0,0.0,0.0,0.0,0.0,0.0,0.0]},"PMTCTOptBPlusStartBefPreg":{"countryName":"Chad","countryCode":148,"startYear":2000,"endYear":2023,"values":[0.0,0.0,0.0,0.0,0.0,0.0,0.0,0.0,0.0,0.0,0.0,0.0,0.0,2.55620369279386,4.37103721017808,11.5564305191661,19.8412462775712,15.177008395891,14.9475859458045,17.5085979137954,23.9592314244356,24.4795379222669,28.191213682669,27.6840319340793]},"PMTCTOptBPlusStartDurPregGT4Wks":{"countryName":"Chad","countryCode":148,"startYear":2000,"endYear":2023,"values":[0.0,0.0,0.0,0.0,0.0,0.0,0.0,3.02842417616825,3.48155871267453,7.66262033686225,10.4741258363151,0.0,0.0,7.66861107838157,18.7306664967454,21.2478773817876,31.6181992318875,33.5966815812124,38.9314106407332,46.2921878693539,48.172488435058,47.6069399842741,44.6380674950096,41.8623959526546]},"PMTCTOptBPlusStartDurPregLT4Wks":{"countryName":"Chad","countryCode":148,"startYear":2000,"endYear":2023,"values":[0.0,0.0,0.0,0.0,0.0,0.0,0.0,0.0,0.0,0.0,0.0,0.0,0.0,0.0,0.0,0.0,0.0,0.0,0.0,0.0,0.0,0.0,0.0,0.0]},"AdultHIVPrev":{"countryName":"Chad","countryCode":148,"startYear":1970,"endYear":2023,"values":[0.0,0.0,0.0,0.0,0.0,0.0,0.0116007560439174,0.0174435729952092,0.0258723412640672,0.0385051107824125,0.0541120197596669,0.0794345092590931,0.116225579008032,0.163502725647713,0.225146459739736,0.313585309951025,0.432459309941745,0.579178242617631,0.756899152389298,0.96798022312199,1.18675888525197,1.44168246191919,1.66614980306582,1.85493576197275,2.04124649304663,2.19309917448239,2.27519320571547,2.32824540407616,2.35187769421941,2.33978937800123,2.2995800420035,2.24773557168717,2.18034796388013,2.11060863722607,2.02708359621869,1.93701736242835,1.86506269505268,1.79923076534867,1.74257849241188,1.69162940120135,1.64879496419267,1.6032981736245,1.55663787030367,1.50938445723356,1.45829695124791,1.40511843562549,1.35491108325407,1.30396443327511,1.25397367680911,1.20505623686555,1.15480639962419,1.10317178991164,1.05366340245164,1.00536392961127]},"SexRatio":{"countryName":"Chad","countryCode":148,"startYear":1970,"endYear":2023,"values":[0.21757,0.21757,0.21757,0.21757,0.21757,0.21757,0.30822,0.39887,0.48046,0.56205,0.63457,0.71616,0.77962,0.84307,0.90653,0.96092,1.00625,1.05157,1.0969,1.13316,1.16036,1.18755,1.20568,1.22381,1.23288,1.24195,1.25103,1.25106,1.25112,1.25123,1.25143,1.25176,1.25231,1.25321,1.25469,1.25708,1.26088,1.26686,1.27615,1.2903,1.31136,1.33607,1.36823,1.40804,1.4543,1.50431,1.55432,1.60058,1.64038,1.67255,1.69726,1.71551,1.7286,1.73779]},"PercNotBFNotRecARVs":{"countryName":"Chad","countryCode":148,"<2":15.78776,"2-3":15.7897,"4-5":15.8191,"6-7":15.98309,"8-9":16.54981,"10-11":18.01968,"12-13":21.11958,"14-15":26.59989,"16-17":34.7773,"18-19":45.08197,"20-21":56.13406,"22-23":66.43852,"24-25":75.05654,"26-27":81.74282,"28-29":86.69698,"30-31":90.27949,"32-33":92.84532,"34-35":94.68239},"PercNotBFRecARVs":{"countryName":"Chad","countryCode":148,"<2":15.78776,"2-3":15.7897,"4-5":15.8191,"6-7":15.98309,"8-9":16.54981,"10-11":18.01968,"12-13":21.11958,"14-15":26.59989,"16-17":34.7773,"18-19":45.08197,"20-21":56.13406,"22-23":66.43852,"24-25":75.05654,"26-27":81.74282,"28-29":86.69698,"30-31":90.27949,"32-33":92.84532,"34-35":94.68239},"LocalAdjustmentFactor":{"countryName":"Chad","countryCode":148,"value":1.18689},"NewARTPatAllocation":{"countryName":"Chad","countryCode":148,"NewARTPatAllocationMethod":3.0,"ExpectedMortality":0.2,"ProportionEligible":0.8}}