{"countryName":"Thailand","subnatCode":0,"Incidence":{"countryName":"Thailand","countryCode":764,"startYear":1970,"endYear":2020,"values":[0.0,0.0,0.0,0.0,0.0,0.0,0.0,0.0,0.0,0.0,0.0,0.0,0.0,0.0,2e-5,0.00012,0.00082,0.00508,0.03276,0.18229,0.45783,0.49711,0.46739,0.36326,0.2871,0.2275,0.18282,0.14932,0.12848,0.11348,0.10021,0.08993,0.07999,0.07183,0.06466,0.05856,0.05227,0.04803,0.04383,0.04146,0.03916,0.03722,0.0356,0.03314,0.03128,0.0296,0.02651,0.02456,0.02233,0.02055,0.01906]},"AdultARTMale":{"countryName":"Thailand","countryCode":764,"startYear":2000,"endYear":2020,"values":[0.25375,0.99657,3.223,6.10254,14.52431,27.2632,33.77878,39.27578,43.89067,47.82505,52.65241,57.47183,50.81458,55.502,60.22767,50.91598,57.09898,62.80089,69.38225,74.36662,78.23985]},"AdultARTFemale":{"countryName":"Thailand","countryCode":764,"startYear":2000,"endYear":2020,"values":[0.52171,1.91026,5.76693,10.18732,22.63614,39.21962,45.64993,50.272,53.67098,56.36467,60.39669,62.48512,56.31706,59.91477,63.75882,55.73524,61.32623,66.31743,71.82214,75.75281,79.43793]},"MedianCD4AtInit":{"countryName":"Thailand","countryCode":764,"startYear":2000,"endYear":2020,"values":[0.0,0.0,0.0,0.0,0.0,0.0,0.0,0.0,0.0,0.0,0.0,0.0,0.0,0.0,0.0,0.0,0.0,0.0,0.0,0.0,0.0]},"PercLostToFollowup":{"countryName":"Thailand","countryCode":764,"startYear":2000,"endYear":2020,"values":[0.0,0.0,0.0,0.0,0.0,0.0,0.0,0.0,0.0,0.0,0.0,0.0,0.0,0.0,0.0,0.0,0.0,0.0,0.0,0.0,0.0]},"ChildART":{"countryName":"Thailand","countryCode":764,"startYear":2000,"endYear":2020,"values":[15.81852,32.49003,51.13069,70.04729,87.12804,100.0,100.0,100.0,100.0,74.52975,56.7123,58.50594,58.47021,58.57797,61.19308,62.35637,69.14844,72.24346,80.57223,80.93365,78.927]},"ChildCotrim":{"countryName":"Thailand","countryCode":764,"startYear":2000,"endYear":2020,"values":[0.0,0.0,0.0,0.0,0.0,0.0,0.0,0.0,0.0,0.0,0.0,0.0,0.0,0.0,0.0,0.0,0.0,0.0,0.0,0.0,0.0]},"PMTCTSingleDoseNevirapine":{"countryName":"Thailand","countryCode":764,"startYear":2000,"endYear":2020,"values":[18.67491,21.84533,31.38038,47.99505,21.61802,0.0,0.0,0.0,0.0,0.0,0.0,0.0,0.0,0.0,0.0,0.0,0.0,0.0,0.0,0.0,0.0]},"PMTCTDualARV":{"countryName":"Thailand","countryCode":764,"startYear":2000,"endYear":2020,"values":[0.0,0.0,0.0,0.0,0.0,0.0,0.0,0.0,0.0,0.0,0.0,0.0,0.0,0.0,0.0,0.0,0.0,0.0,0.0,0.0,0.0]},"PMTCTOptA":{"countryName":"Thailand","countryCode":764,"startYear":2000,"endYear":2020,"values":[0.0,0.0,0.0,0.0,29.88309,85.0,70.0,58.0,45.0,39.5179,32.03581,23.17721,14.3186,5.46,5.12,2.0,1.0,1.0,1.0,0.0,0.0]},"PMTCTOptB":{"countryName":"Thailand","countryCode":764,"startYear":2000,"endYear":2020,"values":[0.0,0.0,0.0,0.0,0.0,0.0,15.5,31.5,47.17,43.585,40.0,27.0,9.5,0.0,0.0,0.0,0.0,0.0,0.0,0.0,0.0]},"PMTCTOptBPlusStartBefPreg":{"countryName":"Thailand","countryCode":764,"startYear":2000,"endYear":2020,"values":[0.0,0.0,0.0,0.0,0.0,0.0,0.0,0.0,0.0,1.6975,3.395,6.79,10.185,13.58,17.71,26.5,30.8,34.5,35.0,35.0,35.5]},"PMTCTOptBPlusStartDurPregGT4Wks":{"countryName":"Thailand","countryCode":764,"startYear":2000,"endYear":2020,"values":[0.0,0.0,0.0,0.0,0.0,0.0,0.0,0.0,0.0,8.3775,16.755,33.51,50.265,67.02,66.61,62.47,58.03,54.47,54.47,52.44,52.3]},"PMTCTOptBPlusStartDurPregLT4Wks":{"countryName":"Thailand","countryCode":764,"startYear":2000,"endYear":2020,"values":[0.0,0.0,0.0,0.0,0.0,0.0,0.0,0.0,0.0,0.99375,1.9875,3.975,10.0,7.95,5.48,5.23,7.0,7.0,7.2,9.76,10.2]},"PMTCTPostnatalOptA":{"countryName":"Thailand","countryCode":764,"startYear":2000,"endYear":2020,"values":[0.0,0.0,0.0,0.0,0.0,0.0,0.0,0.0,0.0,0.0,0.0,0.0,0.0,0.0,0.0,0.0,0.0,0.0,0.0,0.0,0.0]},"PMTCTPostnatalOptB":{"countryName":"Thailand","countryCode":764,"startYear":2000,"endYear":2020,"values":[0.0,0.0,0.0,0.0,0.0,0.0,0.0,0.0,0.0,0.0,0.0,0.0,0.0,0.0,0.0,0.0,0.0,0.0,0.0,0.0,0.0]},"PercentHIVPopEligible":{"countryName":"Thailand","countryCode":764,"TB\/HIV":5,"TB\/HIV Year":2009,"DC":40,"DC Year":2011,"FSW":2,"FSW Year":2015,"MSM":5,"MSM Year":2015,"IDU":0.5,"IDU Year":2015,"Other":10,"Other Year":2015},"AdultHIVPrev":{"countryName":"Thailand","countryCode":764,"startYear":1970,"endYear":2020,"values":[0.0,0.0,0.0,0.0,0.0,0.0,0.0,0.0,0.0,0.0,0.0,0.0,0.0,0.0,2e-5,0.00014,0.00093,0.00583,0.03755,0.21436,0.65482,1.11685,1.52859,1.815,2.0047,2.11709,2.17342,2.18996,2.18187,2.15549,2.11169,2.05328,1.98277,1.90684,1.83111,1.76967,1.72568,1.68817,1.65085,1.61237,1.57092,1.52831,1.48396,1.43514,1.38444,1.33241,1.27687,1.22024,1.16209,1.10332,1.04425]},"SexRatio":{"countryName":"Thailand","countryCode":764,"startYear":1970,"endYear":2020,"values":[0.0,0.0,0.0,0.0,0.0,0.0,0.0,0.0,0.0,0.0,0.0,0.0,0.0,0.0,0.14668,0.15378,0.16292,0.15567,0.13644,0.11798,0.14543,0.2395,0.33732,0.48405,0.6706,0.87195,1.09722,1.40205,1.55881,1.57518,1.558,1.46045,1.37247,1.24876,1.10245,0.9402,0.8056,0.69703,0.62747,0.54278,0.4809,0.42765,0.3758,0.35169,0.32389,0.29731,0.30143,0.28513,0.27758,0.26192,0.25569]},"PercNotBFNotRecARVs":{"countryName":"Thailand","countryCode":764,"<2":100,"2-3":100,"4-5":100,"6-7":100,"8-9":100,"10-11":100,"12-13":100,"14-15":100,"16-17":100,"18-19":100,"20-21":100,"22-23":100,"24-25":100,"26-27":100,"28-29":100,"30-31":100,"32-33":100,"34-35":100},"PercNotBFRecARVs":{"countryName":"Thailand","countryCode":764,"<2":100,"2-3":100,"4-5":100,"6-7":100,"8-9":100,"10-11":100,"12-13":100,"14-15":100,"16-17":100,"18-19":100,"20-21":100,"22-23":100,"24-25":100,"26-27":100,"28-29":100,"30-31":100,"32-33":100,"34-35":100},"LocalAdjustmentFactor":{"countryName":"Thailand","countryCode":764,"value":1}}