{"countryCode":762,"subnatCode":0,"Incidence":{"countryName":"Tajikistan","countryCode":762,"startYear":1970,"endYear":2022,"values":[0.0,0.0,0.0,0.0,0.0,0.0,1e-5,1e-5,1e-5,1e-5,1e-5,1e-5,1e-5,1e-5,1e-5,1e-5,0.0,0.0,0.0,0.0,0.0,0.0,0.0,1e-5,1e-5,2e-5,2e-5,1e-5,0.0,3e-5,0.00015,0.00045,0.00103,0.00201,0.00339,0.00501,0.00679,0.00868,0.01061,0.01254,0.01439,0.01612,0.01764,0.01891,0.01992,0.02063,0.02105,0.02114,0.02091,0.02036,0.01952,0.0184,0.01705]},"AdultARTMale":{"countryName":"Tajikistan","countryCode":762,"startYear":2000,"endYear":2022,"values":[0.0,0.0,0.0,0.0,0.0,0.0,27.43103,28.59586,36.18499,31.33162,38.61879,39.75247,37.1887,24.84406,30.70987,38.09395,35.42272,39.98912,44.44017,46.09466,48.80142,50.9854,53.04267]},"AdultARTFemale":{"countryName":"Tajikistan","countryCode":762,"startYear":2000,"endYear":2022,"values":[0.0,0.0,0.0,0.0,0.0,0.0,29.12269,39.68808,39.72361,33.03994,42.79303,48.85378,49.95703,34.23796,46.65221,55.24476,50.74839,56.53378,61.21801,66.78769,69.76507,70.53046,71.78558]},"MedianCD4AtInit":{"countryName":"Tajikistan","countryCode":762,"startYear":2000,"endYear":2022,"values":[0.0,0.0,0.0,0.0,0.0,0.0,161.13178,164.38341,163.65974,222.61556,223.06177,222.53487,221.084,278.76236,280.47561,292.30423,358.4936,357.56142,347.26671,346.11362,336.0842,324.36848,317.13261]},"PercLostToFollowup":{"countryName":"Tajikistan","countryCode":762,"startYear":2000,"endYear":2022,"values":[0.0,0.0,0.0,0.0,0.0,0.0,0.0,9.5,3.5,5.0,7.2,10.9,14.3,12.4,4.6,2.0,2.2,5.7,2.7,4.2,1.2,1.3,1.4]},"ChildART":{"countryName":"Tajikistan","countryCode":762,"startYear":2000,"endYear":2022,"values":[0.0,0.0,0.0,0.0,0.0,0.0,0.0,18.68773,17.14819,22.66777,26.93224,58.45021,99.0,99.0,99.0,99.0,99.0,99.0,99.0,99.0,99.0,99.0,99.0]},"ChildCotrim":{"countryName":"Tajikistan","countryCode":762,"startYear":2000,"endYear":2022,"values":[0.0,0.0,0.0,0.0,0.0,0.0,0.0,0.0,0.0,0.62046,1.9227,4.49503,10.12399,24.15542,37.043,45.32713,54.64126,75.16703,88.38658,86.26479,7.04005,7.35089,8.80919]},"PMTCTSingleDoseNevirapine":{"countryName":"Tajikistan","countryCode":762,"startYear":2000,"endYear":2022,"values":[0.0,0.0,0.0,0.0,0.0,0.0,0.0,2.3,1.6,1.2,6.6,1.5,0.0,1.8,0.0,0.0,0.9,0.4,0.4,0.0,0.0,0.0,0.0]},"PMTCTDualARV":{"countryName":"Tajikistan","countryCode":762,"startYear":2000,"endYear":2022,"values":[0.0,0.0,0.0,0.0,0.0,0.0,10.7,16.3,32.5,28.9,4.7,7.7,0.0,10.5,5.2,0.0,0.0,0.0,0.0,0.0,0.0,0.0,0.0]},"PMTCTOptA":{"countryName":"Tajikistan","countryCode":762,"startYear":2000,"endYear":2022,"values":[0.0,0.0,0.0,0.0,0.0,0.0,0.0,0.0,0.0,0.0,0.0,0.0,0.0,0.0,0.0,0.0,0.4,0.0,0.0,0.0,0.0,0.0,0.0]},"PMTCTOptB":{"countryName":"Tajikistan","countryCode":762,"startYear":2000,"endYear":2022,"values":[0.0,0.0,0.0,0.0,0.0,0.0,0.0,0.0,0.0,0.0,32.8,38.7,55.0,49.8,76.1,4.6,0.0,0.0,0.0,0.0,0.0,0.0,0.0]},"PMTCTOptBPlusStartBefPreg":{"countryName":"Tajikistan","countryCode":762,"startYear":2000,"endYear":2022,"values":[0.0,0.0,0.0,0.0,0.0,0.0,0.0,0.0,0.0,0.0,0.0,0.0,0.0,0.0,0.0,38.7,42.0,42.7,58.1,51.9,56.6,65.2,84.4]},"PMTCTOptBPlusStartDurPregGT4Wks":{"countryName":"Tajikistan","countryCode":762,"startYear":2000,"endYear":2022,"values":[0.0,0.0,0.0,0.0,0.0,0.0,0.0,0.0,0.0,0.0,0.0,0.0,0.0,0.0,0.0,25.8,26.1,22.4,28.0,20.2,22.8,11.8,11.6]},"PMTCTOptBPlusStartDurPregLT4Wks":{"countryName":"Tajikistan","countryCode":762,"startYear":2000,"endYear":2022,"values":[0.0,0.0,0.0,0.0,0.0,0.0,0.0,0.0,0.0,0.0,0.0,0.0,0.0,0.0,0.0,7.8,8.1,4.3,6.8,2.8,3.9,4.9,2.6]},"PMTCTPostnatalOptA":{"countryName":"Tajikistan","countryCode":762,"startYear":2000,"endYear":2022,"values":[0.0,0.0,0.0,0.0,0.0,0.0,0.0,0.0,0.0,0.0,0.0,0.0,0.0,0.0,0.0,0.0,0.0,0.0,0.0,0.0,0.0,0.0,0.0]},"PMTCTPostnatalOptB":{"countryName":"Tajikistan","countryCode":762,"startYear":2000,"endYear":2022,"values":[0.0,0.0,0.0,0.0,0.0,0.0,0.0,0.0,0.0,0.0,0.0,0.0,0.0,0.0,0.0,0.0,0.0,0.0,0.0,0.0,0.0,0.0,0.0]},"PercentHIVPopEligible":{"countryName":"Tajikistan","countryCode":762,"TB\/HIV":2.05,"TB\/HIV Year":2014,"DC":10.3,"DC Year":2015,"FSW":0,"FSW Year":2018,"MSM":0,"MSM Year":2018,"IDU":0,"IDU Year":2018,"Other":0,"Other Year":2018},"AdultHIVPrev":{"countryName":"Tajikistan","countryCode":762,"startYear":1970,"endYear":2022,"values":[0.0,0.0,0.0,0.0,0.0,0.0,1e-5,2e-5,3e-5,3e-5,4e-5,5e-5,5e-5,6e-5,6e-5,7e-5,6e-5,5e-5,5e-5,4e-5,4e-5,3e-5,3e-5,3e-5,4e-5,5e-5,7e-5,7e-5,6e-5,9e-5,0.00022,0.00065,0.00161,0.00346,0.00659,0.01103,0.01718,0.02507,0.03476,0.04606,0.05887,0.07337,0.08898,0.10541,0.12179,0.13977,0.15657,0.17266,0.18885,0.20223,0.21293,0.22204,0.22978]},"SexRatio":{"countryName":"Tajikistan","countryCode":762,"startYear":1970,"endYear":2022,"values":[0.46,0.46,0.46,0.46,0.46,0.46,0.46,0.46,0.46,0.46,0.46,0.46,0.47,0.48,0.48,0.49,0.49,0.5,0.51,0.51,0.52,0.52,0.53,0.54,0.54,0.55,0.55,0.56,0.56,0.57,0.57,0.58,0.58,0.59,0.59,0.6,0.6,0.61,0.61,0.62,0.62,0.63,0.63,0.63,0.64,0.64,0.65,0.65,0.65,0.66,0.66,0.66,0.68]},"PercNotBFNotRecARVs":{"countryName":"Tajikistan","countryCode":762,"<2":4.6,"2-3":6.3,"4-5":5.7,"6-7":9.5,"8-9":14.9,"10-11":16.2,"12-13":19.2,"14-15":28.4,"16-17":29.9,"18-19":41.1,"20-21":47.5,"22-23":53.2,"24-25":67.5,"26-27":75.6,"28-29":87.4,"30-31":85.5,"32-33":93.5,"34-35":92.2},"PercNotBFRecARVs":{"countryName":"Tajikistan","countryCode":762,"<2":4.6,"2-3":6.3,"4-5":5.7,"6-7":9.5,"8-9":14.9,"10-11":16.2,"12-13":19.2,"14-15":28.4,"16-17":29.9,"18-19":41.1,"20-21":47.5,"22-23":53.2,"24-25":67.5,"26-27":75.6,"28-29":87.4,"30-31":85.5,"32-33":93.5,"34-35":92.2},"LocalAdjustmentFactor":{"countryName":"Tajikistan","countryCode":762,"value":1.19},"NewARTPatAllocation":{"countryName":"Tajikistan","countryCode":762,"NewARTPatAllocationMethod":3,"ExpectedMortality":0.2,"ProportionEligible":0.8,"NotDefault":0}}