{"countryName":"Timor-Leste","subnatCode":0,"Incidence":{"countryName":"Timor-Leste","countryCode":626,"startYear":1970,"endYear":2020,"values":[0.0,0.0,0.0,0.0,0.0,0.0,0.0,0.0,0.0,0.00038,0.00082,0.00104,0.00122,0.00138,0.00156,0.00176,0.00193,0.00214,0.0021,0.00203,0.00229,0.00276,0.00299,0.00333,0.00359,0.00401,0.00442,0.00482,0.00529,0.00548,0.00596,0.00669,0.0074,0.00809,0.00884,0.00955,0.01035,0.01133,0.01189,0.01247,0.0136,0.01435,0.0154,0.01596,0.01627,0.0171,0.01783,0.0184,0.01909,0.01887,0.01842]},"AdultARTMale":{"countryName":"Timor-Leste","countryCode":626,"startYear":2000,"endYear":2020,"values":[0.0,0.0,0.0,0.0,0.0,2.5344,6.66279,5.79402,20.19359,11.91636,16.50222,9.45216,17.7506,19.0142,20.82756,23.31318,24.76942,26.37456,34.82705,45.83991,52.31206]},"AdultARTFemale":{"countryName":"Timor-Leste","countryCode":626,"startYear":2000,"endYear":2020,"values":[0.0,0.0,0.0,0.0,0.0,0.0,5.64092,5.08429,29.7109,19.45771,26.21234,15.98755,17.651,32.21494,33.77225,29.07934,37.24509,31.2192,35.06554,40.43993,47.24549]},"MedianCD4AtInit":{"countryName":"Timor-Leste","countryCode":626,"startYear":2000,"endYear":2020,"values":[0.0,0.0,0.0,0.0,0.0,0.0,0.0,0.0,0.0,0.0,0.0,0.0,0.0,0.0,0.0,0.0,0.0,0.0,0.0,0.0,0.0]},"PercLostToFollowup":{"countryName":"Timor-Leste","countryCode":626,"startYear":2000,"endYear":2020,"values":[0.0,0.0,0.0,0.0,0.0,0.0,0.0,0.0,0.0,0.0,0.0,0.0,0.0,0.0,0.0,0.0,0.0,0.0,0.0,0.0,0.0]},"ChildART":{"countryName":"Timor-Leste","countryCode":626,"startYear":2000,"endYear":2020,"values":[0.0,0.0,0.0,0.0,0.0,0.0,0.0,0.0,28.24542,21.62887,28.67934,41.47286,50.64356,45.76132,80.57701,67.47098,53.15547,52.58238,58.72335,57.51255,73.83935]},"ChildCotrim":{"countryName":"Timor-Leste","countryCode":626,"startYear":2000,"endYear":2020,"values":[0.0,0.0,0.0,0.0,0.0,0.0,0.0,0.0,0.0,0.0,0.0,0.0,0.0,0.0,0.0,0.0,0.0,0.0,0.0,0.0,0.0]},"PMTCTSingleDoseNevirapine":{"countryName":"Timor-Leste","countryCode":626,"startYear":2000,"endYear":2020,"values":[0.0,0.0,0.0,0.0,0.0,0.0,0.0,0.0,0.0,0.0,0.0,0.0,0.0,0.0,0.0,0.0,0.0,0.0,0.0,0.0,0.0]},"PMTCTDualARV":{"countryName":"Timor-Leste","countryCode":626,"startYear":2000,"endYear":2020,"values":[0.0,0.0,0.0,0.0,0.0,0.0,0.0,0.0,0.0,0.0,0.0,0.0,0.0,0.0,0.0,0.0,0.0,0.0,0.0,0.0,0.0]},"PMTCTOptA":{"countryName":"Timor-Leste","countryCode":626,"startYear":2000,"endYear":2020,"values":[0.0,0.0,0.0,0.0,0.0,0.0,0.0,0.0,0.0,0.0,0.0,0.0,0.0,0.0,0.0,0.0,0.0,0.0,0.0,0.0,0.0]},"PMTCTOptB":{"countryName":"Timor-Leste","countryCode":626,"startYear":2000,"endYear":2020,"values":[0.0,0.0,0.0,0.0,0.0,0.0,0.0,0.0,0.0,0.0,0.0,0.0,0.0,0.0,0.0,0.0,0.0,0.0,0.0,0.0,0.0]},"PMTCTOptBPlusStartBefPreg":{"countryName":"Timor-Leste","countryCode":626,"startYear":2000,"endYear":2020,"values":[0.0,0.0,0.0,0.0,0.0,0.0,0.0,0.0,0.0,0.0,0.0,0.0,0.0,0.0,0.0,0.0,0.0,0.0,0.0,0.0,0.0]},"PMTCTOptBPlusStartDurPregGT4Wks":{"countryName":"Timor-Leste","countryCode":626,"startYear":2000,"endYear":2020,"values":[0.0,0.0,0.0,0.0,0.0,0.0,0.0,0.0,0.0,0.0,0.0,0.0,0.0,0.0,38.28,34.78028,20.12997,22.28493,27.56292,35.93732,28.55132]},"PMTCTOptBPlusStartDurPregLT4Wks":{"countryName":"Timor-Leste","countryCode":626,"startYear":2000,"endYear":2020,"values":[0.0,0.0,0.0,0.0,0.0,0.0,0.0,0.0,0.0,0.0,0.0,0.0,0.0,0.0,0.0,0.0,0.0,0.0,0.0,0.0,0.0]},"PMTCTPostnatalOptA":{"countryName":"Timor-Leste","countryCode":626,"startYear":2000,"endYear":2020,"values":[0.0,0.0,0.0,0.0,0.0,0.0,0.0,0.0,0.0,0.0,0.0,0.0,0.0,0.0,0.0,0.0,0.0,0.0,0.0,0.0,0.0]},"PMTCTPostnatalOptB":{"countryName":"Timor-Leste","countryCode":626,"startYear":2000,"endYear":2020,"values":[0.0,0.0,0.0,0.0,0.0,0.0,0.0,0.0,0.0,0.0,0.0,0.0,0.0,0.0,0.0,0.0,0.0,0.0,0.0,0.0,0.0]},"PercentHIVPopEligible":{"countryName":"Timor-Leste","countryCode":626,"TB\/HIV":5,"TB\/HIV Year":2010,"DC":40,"DC Year":2011,"FSW":2,"FSW Year":2015,"MSM":5,"MSM Year":2015,"IDU":0.5,"IDU Year":2015,"Other":10,"Other Year":2015},"AdultHIVPrev":{"countryName":"Timor-Leste","countryCode":626,"startYear":1970,"endYear":2020,"values":[0.0,0.0,0.0,0.0,0.0,0.0,0.0,0.0,0.0,0.00038,0.00117,0.00212,0.00317,0.00431,0.00553,0.00689,0.00826,0.00972,0.01102,0.01215,0.01347,0.01514,0.01692,0.01888,0.0209,0.0231,0.02543,0.02786,0.03044,0.03292,0.03562,0.03876,0.0423,0.04614,0.05028,0.05461,0.05924,0.06444,0.06967,0.07562,0.08213,0.08919,0.09669,0.1045,0.11272,0.12105,0.12923,0.13738,0.14557,0.15322,0.15321]},"SexRatio":{"countryName":"Timor-Leste","countryCode":626,"startYear":1970,"endYear":2020,"values":[0.0,0.0,0.0,0.0,0.0,0.0,0.0,0.0,0.0,1.08333,1.07737,1.06606,1.05879,1.04945,1.04223,1.03361,1.02986,1.02504,1.02084,1.01323,1.00649,0.99784,0.98874,0.98088,0.97096,0.95808,0.94695,0.93557,0.90446,0.87335,0.84223,0.81112,0.78001,0.7489,0.71779,0.68667,0.65556,0.62445,0.59334,0.56222,0.53111,0.5,0.5,0.5,0.5,0.5,0.5,0.5,0.5,0.5,0.5]},"PercNotBFNotRecARVs":{"countryName":"Timor-Leste","countryCode":626,"<2":4.6,"2-3":7.1,"4-5":9.7,"6-7":11.5,"8-9":11.9,"10-11":19.4,"12-13":35.4,"14-15":39.6,"16-17":44.4,"18-19":58.7,"20-21":52.7,"22-23":70.9,"24-25":76.8,"26-27":75.4,"28-29":80.9,"30-31":80.3,"32-33":80.2,"34-35":83.3},"PercNotBFRecARVs":{"countryName":"Timor-Leste","countryCode":626,"<2":4.6,"2-3":7.1,"4-5":9.7,"6-7":11.5,"8-9":11.9,"10-11":19.4,"12-13":35.4,"14-15":39.6,"16-17":44.4,"18-19":58.7,"20-21":52.7,"22-23":70.9,"24-25":76.8,"26-27":75.4,"28-29":80.9,"30-31":80.3,"32-33":80.2,"34-35":83.3},"LocalAdjustmentFactor":{"countryName":"Timor-Leste","countryCode":626,"value":1}}