{"countryCode":788,"subnatCode":0,"Incidence":{"countryName":"Tunisia","countryCode":788,"startYear":1970,"endYear":2022,"values":[0.0,0.0,0.0,0.0,0.0,0.0,0.0,0.0,0.0,0.0,0.0,0.00118,0.00038,0.00043,0.00052,0.00068,0.00084,0.00094,0.00111,0.00126,0.00144,0.00159,0.00179,0.00197,0.00218,0.00241,0.00261,0.00284,0.00316,0.00347,0.0039,0.00439,0.00492,0.00558,0.0065,0.00732,0.00805,0.00869,0.00932,0.00876,0.00888,0.00828,0.0079,0.00783,0.00738,0.00741,0.00718,0.00718,0.00755,0.00775,0.00784,0.00841,0.00829]},"AdultARTMale":{"countryName":"Tunisia","countryCode":788,"startYear":2000,"endYear":2022,"values":[0.0,8.122,10.95719,13.63598,16.04538,18.23611,20.26441,22.19845,24.09436,17.39305,17.56838,18.47106,14.25649,12.07018,13.03478,13.79914,13.7852,13.88089,16.01216,18.72851,20.635,21.96941,26.23815]},"AdultARTFemale":{"countryName":"Tunisia","countryCode":788,"startYear":2000,"endYear":2022,"values":[0.0,8.14043,9.29312,10.43524,11.43056,12.36453,13.25899,14.1615,15.09998,13.93474,11.83156,12.21189,14.5069,12.63501,16.06251,15.79349,14.89453,16.32538,18.61852,21.09689,23.01668,23.2711,26.43339]},"MedianCD4AtInit":{"countryName":"Tunisia","countryCode":788,"startYear":2000,"endYear":2022,"values":[0.0,141.4417,142.64794,142.17074,142.08402,142.04657,141.98326,141.84541,141.62854,192.17238,206.3145,206.82397,205.79633,238.73689,238.33598,245.92927,277.87249,277.28904,270.97019,269.48426,268.66828,268.83872,267.6976]},"PercLostToFollowup":{"countryName":"Tunisia","countryCode":788,"startYear":2000,"endYear":2022,"values":[6.2,6.2,6.2,6.2,6.2,6.2,6.2,6.2,6.2,6.2,6.2,6.2,6.2,6.2,6.2,6.2,6.2,6.2,6.2,6.2,6.2,6.2,6.2]},"ChildART":{"countryName":"Tunisia","countryCode":788,"startYear":2000,"endYear":2022,"values":[0.0,0.0,0.0,0.0,0.0,62.37126,33.40036,30.77892,29.25961,27.83948,32.08112,27.45487,15.54029,25.24323,18.75423,19.50357,18.26263,18.29739,16.22293,22.01187,23.15727,23.80966,18.13898]},"ChildCotrim":{"countryName":"Tunisia","countryCode":788,"startYear":2000,"endYear":2022,"values":[0.0,0.0,0.0,0.0,0.0,0.0,0.0,0.0,0.0,0.0,0.0,0.0,0.0,0.0,0.0,0.0,0.0,0.0,0.0,0.0,0.0,0.0,0.67644]},"PMTCTSingleDoseNevirapine":{"countryName":"Tunisia","countryCode":788,"startYear":2000,"endYear":2022,"values":[0.0,0.0,0.0,0.0,0.0,0.0,0.0,0.0,0.0,0.0,0.0,0.0,0.0,0.0,0.0,0.0,0.0,0.0,0.0,0.0,0.0,0.0,0.0]},"PMTCTDualARV":{"countryName":"Tunisia","countryCode":788,"startYear":2000,"endYear":2022,"values":[0.0,0.0,0.6,0.0,0.0,0.0,0.0,0.0,0.0,0.0,0.0,0.0,0.0,0.0,0.0,0.0,0.0,0.0,0.0,0.0,0.0,0.0,0.0]},"PMTCTOptA":{"countryName":"Tunisia","countryCode":788,"startYear":2000,"endYear":2022,"values":[0.0,0.0,0.0,0.0,0.0,0.0,0.0,0.0,0.0,0.0,0.0,0.0,0.0,0.0,0.0,0.0,0.0,0.0,0.0,0.0,0.0,0.0,0.0]},"PMTCTOptB":{"countryName":"Tunisia","countryCode":788,"startYear":2000,"endYear":2022,"values":[0.0,0.0,0.0,0.0,0.0,0.0,0.0,0.0,0.0,0.0,0.0,0.0,0.0,0.0,0.0,0.0,0.0,0.0,0.0,0.0,0.0,0.0,0.0]},"PMTCTOptBPlusStartBefPreg":{"countryName":"Tunisia","countryCode":788,"startYear":2000,"endYear":2022,"values":[0.0,0.0,0.0,0.0,0.0,0.0,0.0,0.0,0.0,0.0,1.3,0.0,0.0,0.0,0.0,8.3,9.2,9.2,8.3,13.9,18.6,21.5,17.7]},"PMTCTOptBPlusStartDurPregGT4Wks":{"countryName":"Tunisia","countryCode":788,"startYear":2000,"endYear":2022,"values":[0.0,0.0,3.3,5.8,2.5,0.0,0.0,1.8,3.1,2.8,7.5,10.2,9.5,12.0,25.8,7.4,2.8,1.8,3.7,3.7,9.3,9.4,22.4]},"PMTCTOptBPlusStartDurPregLT4Wks":{"countryName":"Tunisia","countryCode":788,"startYear":2000,"endYear":2022,"values":[0.0,0.0,0.0,0.0,0.0,0.0,0.0,0.0,0.0,0.0,0.0,0.0,0.0,0.0,0.0,0.9,0.0,0.0,0.0,0.0,0.0,0.0,0.0]},"PMTCTPostnatalOptA":{"countryName":"Tunisia","countryCode":788,"startYear":2000,"endYear":2022,"values":[0.0,0.0,0.0,0.0,0.0,0.0,0.0,0.0,0.0,0.0,0.0,0.0,0.0,0.0,0.0,0.0,0.0,0.0,0.0,0.0,0.0,0.0,0.0]},"PMTCTPostnatalOptB":{"countryName":"Tunisia","countryCode":788,"startYear":2000,"endYear":2022,"values":[0.0,0.0,0.0,0.0,0.0,0.0,0.0,0.0,0.0,0.0,0.0,0.0,0.0,0.0,0.0,0.0,0.0,0.0,0.0,0.0,0.0,0.0,0.0]},"PercentHIVPopEligible":{"countryName":"Tunisia","countryCode":788,"TB\/HIV":0,"TB\/HIV Year":2009,"DC":2,"DC Year":2011,"FSW":8.44,"FSW Year":2015,"MSM":17.87,"MSM Year":2015,"IDU":5.35,"IDU Year":2015,"Other":10,"Other Year":2010},"AdultHIVPrev":{"countryName":"Tunisia","countryCode":788,"startYear":1970,"endYear":2022,"values":[0.0,0.0,0.0,0.0,0.0,0.0,0.0,0.0,0.0,0.0,0.0,0.00115,0.00146,0.00179,0.00219,0.00272,0.00336,0.00405,0.00485,0.00573,0.00671,0.00776,0.00892,0.01017,0.01153,0.01301,0.01455,0.01618,0.01799,0.01995,0.02216,0.02477,0.02781,0.03136,0.03564,0.04051,0.04585,0.05156,0.05763,0.06288,0.06799,0.07228,0.07569,0.07863,0.08092,0.08299,0.0846,0.08592,0.08734,0.08888,0.09042,0.09236,0.09417]},"SexRatio":{"countryName":"Tunisia","countryCode":788,"startYear":1970,"endYear":2022,"values":[0.0,0.0,0.0,0.0,0.0,0.0,0.0,0.11,0.0,0.01,0.24,1.15,1.11,1.12,1.11,1.1,1.07,1.02,0.94,0.8,0.67,0.67,0.67,0.67,0.67,0.7,0.7,0.7,0.7,0.7,0.7,0.7,0.7,0.67,0.64,0.6,0.57,0.55,0.53,0.53,0.53,0.54,0.55,0.56,0.57,0.58,0.58,0.58,0.57,0.56,0.55,0.53,0.52]},"PercNotBFNotRecARVs":{"countryName":"Tunisia","countryCode":788,"<2":0.9,"2-3":3.4,"4-5":12.9,"6-7":18.5,"8-9":28.1,"10-11":37.6,"12-13":36.8,"14-15":45.5,"16-17":45.5,"18-19":45.5,"20-21":60.9,"22-23":71.4,"24-25":81.6,"26-27":75.9,"28-29":89.3,"30-31":81.6,"32-33":97,"34-35":96.5},"PercNotBFRecARVs":{"countryName":"Tunisia","countryCode":788,"<2":1.8,"2-3":4.1,"4-5":12.9,"6-7":19.5,"8-9":28.9,"10-11":39.2,"12-13":40.1,"14-15":48,"16-17":51.2,"18-19":52.5,"20-21":70.7,"22-23":79.4,"24-25":87.7,"26-27":83.3,"28-29":93.5,"30-31":89.5,"32-33":98.5,"34-35":98.3},"LocalAdjustmentFactor":{"countryName":"Tunisia","countryCode":788,"value":1.1},"NewARTPatAllocation":{"countryName":"Tunisia","countryCode":788,"NewARTPatAllocationMethod":3,"ExpectedMortality":0.2,"ProportionEligible":0.8,"NotDefault":0}}