{"countryCode":788,"subnatCode":0,"Incidence":{"countryName":"Tunisia","countryCode":788,"startYear":1970,"endYear":2023,"values":[0.0,0.0,0.0,0.0,0.0,0.0,0.0,0.0,0.0,0.0,0.0,0.0,2.26997265789714e-5,1.0528361781143e-5,1.27982155918383e-5,0.000491984215341894,0.000285250697865882,0.000463645030763175,0.000718846159854921,0.00105820274841383,0.00148136046048232,0.00193956613272934,0.00255893139046965,0.00296466031297074,0.00340590646315073,0.00391500347820481,0.00423046872215247,0.00397226997172387,0.00410795575023699,0.00430968737852378,0.00444984644627922,0.00477972400526716,0.00496383252706101,0.00541167478073111,0.00596113992324145,0.00639375181566383,0.00702864859685738,0.00718534990029416,0.00763538710293974,0.00760789121051766,0.00808338794774561,0.00796777324916405,0.00840129677543592,0.00823099221164274,0.00789307272621978,0.00817308517777312,0.00836378927142431,0.00861309920307844,0.00899994610594402,0.00927343883957431,0.0100880145416978,0.0105314091642986,0.0115882490659028,0.0126301709046184]},"AdultARTMale":{"countryName":"Tunisia","countryCode":788,"startYear":2000,"endYear":2023,"values":[0.0,1.72807481578798,2.39439480224284,3.05758186814423,3.6952670248415,4.33587020931809,4.97213853597321,5.68083392079598,6.4423651858743,7.34086639958769,8.46018974662315,9.29089791657074,7.2276074173305,8.14979195363909,8.83413507239891,10.0355399513375,11.7318901752733,11.6777714144612,13.3458412676773,15.502882239954,16.9019336712465,17.8815782384489,21.0582831501592,24.0338985280065]},"AdultARTFemale":{"countryName":"Tunisia","countryCode":788,"startYear":2000,"endYear":2023,"values":[0.0,1.88803179506503,2.37828437637751,2.95508808166902,3.59237078575257,4.31977762354417,5.1278045421927,6.05455931058977,7.08888231406227,11.3475740295366,11.1716390724678,12.194351384557,14.7929155991825,16.6874881747778,21.1554848395805,21.3543034256309,23.3238325968845,24.6970913213602,27.1952207254765,29.7246141394531,31.1057184915165,30.2868242276401,32.9060331493301,28.6299308854997]},"PercLostToFollowup":{"countryName":"Tunisia","countryCode":788,"startYear":2000,"endYear":2023,"values":[6.2,6.2,6.2,6.2,6.2,6.2,6.2,6.2,6.2,6.2,6.2,6.2,6.2,6.2,6.2,6.2,6.2,6.2,6.2,6.2,6.2,6.2,6.2,6.2]},"ChildART":{"countryName":"Tunisia","countryCode":788,"startYear":2000,"endYear":2023,"values":[0.0,0.0,0.0,0.0,0.0,11.9535466053243,6.84144818406871,10.8529707891206,11.4193694930091,11.8942293758523,19.0079792645756,17.2273254395915,10.2404806198904,17.0339897854464,14.1812178435961,14.9366346880786,14.1502569085269,14.1040881706998,19.2167767072681,25.8365013292572,26.694484296673,26.8449046486122,19.8763624004153,22.5625304790928]},"ChildCotrim":{"countryName":"Tunisia","countryCode":788,"startYear":2000,"endYear":2023,"values":[0.0,0.0,0.0,0.0,0.0,0.0,0.0,0.0,0.0,0.0,0.0,0.0,0.0,0.0,0.0,0.0,0.0,0.0,0.0,0.0,0.0,0.0,0.648380289304043,0.0]},"PMTCTSingleDoseNevirapine":{"countryName":"Tunisia","countryCode":788,"startYear":2000,"endYear":2023,"values":[0.0,0.0,0.0,0.0,0.0,0.0,0.0,0.0,0.0,0.0,0.0,0.0,0.0,0.0,0.0,0.0,0.0,0.0,0.0,0.0,0.0,0.0,0.0,0.0]},"PMTCTDualARV":{"countryName":"Tunisia","countryCode":788,"startYear":2000,"endYear":2023,"values":[0.0,0.0,0.0,0.32136560721378,0.0,0.0,0.0,0.0,0.0,0.0,0.0,0.0,0.0,0.0,0.0,0.0,0.0,0.0,0.0,0.0,0.0,0.0,0.0,0.0]},"PMTCTOptA":{"countryName":"Tunisia","countryCode":788,"startYear":2000,"endYear":2023,"values":[0.0,0.0,0.0,0.0,0.0,0.0,0.0,0.0,0.0,0.0,0.0,0.0,0.0,0.0,0.0,0.0,0.0,0.0,0.0,0.0,0.0,0.0,0.0,0.0]},"PMTCTOptB":{"countryName":"Tunisia","countryCode":788,"startYear":2000,"endYear":2023,"values":[0.0,0.0,0.0,0.0,0.0,0.0,0.0,0.0,0.0,0.0,0.0,0.0,0.0,0.0,0.0,0.0,0.0,0.0,0.0,0.0,0.0,0.0,0.0,0.0]},"PMTCTOptBPlusStartBefPreg":{"countryName":"Tunisia","countryCode":788,"startYear":2000,"endYear":2023,"values":[0.0,0.0,0.0,0.0,0.0,0.0,0.0,0.0,0.0,0.0,0.0,1.34405711705125,0.0,0.0,0.0,0.0,9.33849620742917,9.92995311771235,9.60993559709461,8.27302983999133,13.2003907315657,16.863673724339,18.398781264729,14.530743037193]},"PMTCTOptBPlusStartDurPregGT4Wks":{"countryName":"Tunisia","countryCode":788,"startYear":2000,"endYear":2023,"values":[0.0,0.0,0.0,1.87254170384442,3.61675032812967,1.75213002066287,0.0,0.0,1.61179134974148,3.08330932206199,2.88808664259928,8.06434270230748,11.4432667627647,10.7949717021811,13.6301046303624,28.8600041814939,8.30088551771482,2.9789859353137,1.92198711941892,3.67690215110726,3.52010419508417,8.43183686216948,7.99947011509958,18.3546227838227]},"PMTCTOptBPlusStartDurPregLT4Wks":{"countryName":"Tunisia","countryCode":788,"startYear":2000,"endYear":2023,"values":[0.0,0.0,0.0,0.0,0.0,0.0,0.0,0.0,0.0,0.0,0.0,0.0,0.0,0.0,0.0,0.0,1.03761068971435,0.0,0.0,0.0,0.0,0.0,0.0,0.0]},"AdultHIVPrev":{"countryName":"Tunisia","countryCode":788,"startYear":1970,"endYear":2023,"values":[0.0,0.0,0.0,0.0,0.0,0.0,0.0,0.0,0.0,0.0,0.0,0.0,2.22009534815321e-5,3.11162313218057e-5,4.15158375868591e-5,0.000521355757728273,0.000772255952517185,0.00118037498437188,0.00181030001967352,0.00272942588956807,0.00399935965060234,0.00562873470045992,0.00775188507190971,0.0101292613950131,0.0127691373804043,0.0157056340990818,0.0187046634310827,0.0211938078831533,0.0235698119656042,0.0258898971589662,0.0280959348954505,0.0304546705487491,0.0328644154760365,0.0355298596021726,0.0385549854689829,0.0417826483578587,0.0454120133420406,0.0489645605790849,0.0527461093970232,0.0563489960982755,0.0602444409704935,0.0637264645766707,0.0672873450011838,0.0703115018385229,0.0728289429415713,0.0753946037995722,0.0779197274645827,0.080433271259803,0.0830455731165293,0.0857769026717293,0.0891022961518994,0.0925731645294871,0.096868034384511,0.101988155388987]},"SexRatio":{"countryName":"Tunisia","countryCode":788,"startYear":1970,"endYear":2023,"values":[0.0,0.0,0.0,0.0,0.0,0.0,0.0,0.11111,0.0,0.01391,0.23601,0.0,0.0,0.0,0.0,1.24506,0.98055,0.97099,0.96032,0.9536,0.9466,0.93741,0.91941,0.89927,0.87805,0.84059,0.78753,0.72663,0.65564,0.58215,0.50397,0.43636,0.37865,0.32956,0.29064,0.25852,0.2368,0.22369,0.21532,0.21729,0.22787,0.24117,0.26042,0.27905,0.2995,0.32031,0.33915,0.35593,0.36707,0.38067,0.38726,0.38853,0.3884,0.38564]},"PercNotBFNotRecARVs":{"countryName":"Tunisia","countryCode":788,"<2":0.9,"2-3":3.4,"4-5":12.9,"6-7":18.5,"8-9":28.1,"10-11":37.6,"12-13":36.8,"14-15":45.5,"16-17":45.5,"18-19":45.5,"20-21":60.9,"22-23":71.4,"24-25":81.6,"26-27":75.9,"28-29":89.3,"30-31":81.6,"32-33":97.0,"34-35":96.5},"PercNotBFRecARVs":{"countryName":"Tunisia","countryCode":788,"<2":0.9,"2-3":3.4,"4-5":12.9,"6-7":18.5,"8-9":28.1,"10-11":37.6,"12-13":36.8,"14-15":45.5,"16-17":45.5,"18-19":45.5,"20-21":60.9,"22-23":71.4,"24-25":81.6,"26-27":75.9,"28-29":89.3,"30-31":81.6,"32-33":97.0,"34-35":96.5},"LocalAdjustmentFactor":{"countryName":"Tunisia","countryCode":788,"value":1.5},"NewARTPatAllocation":{"countryName":"Tunisia","countryCode":788,"NewARTPatAllocationMethod":3.0,"ExpectedMortality":0.2,"ProportionEligible":0.8}}