{"countryCode":834,"subnatCode":0,"Incidence":{"countryName":"United Republic of Tanzania","countryCode":834,"startYear":1970,"endYear":2022,"values":[0.0,0.0,0.0,0.0,0.0,0.0,0.02315,0.01906,0.0328,0.05569,0.0923,0.14898,0.23073,0.34583,0.50184,0.6734,0.88548,1.03203,1.18491,1.24282,1.266,1.24991,1.18774,1.12,1.03098,0.95229,0.86693,0.82442,0.74434,0.69731,0.65861,0.60831,0.58794,0.55535,0.52837,0.50469,0.48227,0.4514,0.43162,0.44005,0.44214,0.45207,0.42754,0.39354,0.37649,0.34668,0.32807,0.28251,0.25175,0.20461,0.14695,0.10955,0.08617]},"AdultARTMale":{"countryName":"United Republic of Tanzania","countryCode":834,"startYear":2000,"endYear":2022,"values":[0.0,0.0,0.0,0.0,0.0,2.71484,11.94661,27.97311,29.94667,27.65417,25.02413,28.6776,41.37914,36.40425,41.32676,47.06668,44.7718,55.58362,58.62167,69.72222,78.89013,84.47975,92.04052]},"AdultARTFemale":{"countryName":"United Republic of Tanzania","countryCode":834,"startYear":2000,"endYear":2022,"values":[0.0,0.0,0.0,0.0,0.0,2.37754,10.46372,24.59697,26.56931,24.52419,33.12449,33.95166,52.99145,47.90855,57.21108,61.72915,58.32501,67.58519,71.3229,79.40618,87.58291,91.70828,98.06442]},"MedianCD4AtInit":{"countryName":"United Republic of Tanzania","countryCode":834,"startYear":2000,"endYear":2022,"values":[0.0,0.0,0.0,0.0,0.0,131.11014,131.52074,132.35033,133.3,170.52059,171.4981,168.44278,172.53412,224.85302,242.43147,240.82147,297.84305,300.33051,301.53835,296.99083,310.56371,323.65712,370.46309]},"PercLostToFollowup":{"countryName":"United Republic of Tanzania","countryCode":834,"startYear":2000,"endYear":2022,"values":[3.0,3.0,3.0,3.0,3.0,3.0,3.0,3.0,3.0,3.0,3.0,3.0,3.0,3.0,3.0,3.0,3.0,3.0,3.0,3.0,3.0,3.0,3.0]},"ChildART":{"countryName":"United Republic of Tanzania","countryCode":834,"startYear":2000,"endYear":2022,"values":[3.43992,6.73117,9.90521,12.98882,16.01997,19.14438,22.30229,20.73948,23.95547,25.54983,27.98861,29.9666,52.4034,64.29741,67.29476,78.93596,55.58362,57.20972,56.35671,62.37763,66.42482,67.57032,71.58554]},"ChildCotrim":{"countryName":"United Republic of Tanzania","countryCode":834,"startYear":2000,"endYear":2022,"values":[0.0,0.0,0.0,0.0,0.0,0.00636,0.01882,0.04048,0.05533,0.05721,9.73865,22.83554,30.54457,30.04351,29.42977,27.90171,27.73379,22.37477,25.69663,25.01696,22.20173,30.34562,26.59189]},"PMTCTSingleDoseNevirapine":{"countryName":"United Republic of Tanzania","countryCode":834,"startYear":2000,"endYear":2022,"values":[0.0,0.0,0.0,0.6,1.6,16.1,21.2,61.7,73.8,39.9,33.6,23.015873015873016,0.0,0.0,0.0,0.0,0.0,0.0,0.0,0.0,0.0,0.0,0.0]},"PMTCTDualARV":{"countryName":"United Republic of Tanzania","countryCode":834,"startYear":2000,"endYear":2022,"values":[0.0,0.0,0.0,0.0,0.0,0.0,0.0,0.0,0.0,36.6,40.4,53.07539682539682,0.0,0.0,0.0,0.0,0.0,0.0,0.0,0.0,0.0,0.0,0.0]},"PMTCTOptA":{"countryName":"United Republic of Tanzania","countryCode":834,"startYear":2000,"endYear":2022,"values":[0.0,0.0,0.0,0.0,0.0,0.0,0.0,0.0,0.0,0.0,0.0,0.19841269841269846,64.67289719626169,45.650048875855326,2.1,0.0,0.0,0.0,0.0,0.0,0.0,0.0,0.0]},"PMTCTOptB":{"countryName":"United Republic of Tanzania","countryCode":834,"startYear":2000,"endYear":2022,"values":[0.0,0.0,0.0,0.0,0.0,0.0,0.0,0.0,0.0,0.0,0.0,0.0,0.0,0.0,0.0,0.0,0.0,0.0,0.0,0.0,0.0,0.0,0.0]},"PMTCTOptBPlusStartBefPreg":{"countryName":"United Republic of Tanzania","countryCode":834,"startYear":2000,"endYear":2022,"values":[0.0,0.0,0.0,0.0,0.0,0.0,0.0,0.0,0.0,0.0,0.1,0.09920634920634923,0.09345794392523366,12.316715542521992,35.2,30.7,35.0,44.7,52.4,58.2,65.5,67.4,68.3]},"PMTCTOptBPlusStartDurPregGT4Wks":{"countryName":"United Republic of Tanzania","countryCode":834,"startYear":2000,"endYear":2022,"values":[0.0,0.0,0.0,0.0,0.0,0.0,0.0,0.0,0.0,9.5,19.7,23.611111111111114,35.23364485981308,42.03323558162268,50.4,49.8,39.1,39.4,38.1,26.8,26.1,13.8,20.3]},"PMTCTOptBPlusStartDurPregLT4Wks":{"countryName":"United Republic of Tanzania","countryCode":834,"startYear":2000,"endYear":2022,"values":[0.0,0.0,0.0,0.0,0.0,0.0,0.0,0.0,0.0,0.0,0.0,0.0,0.0,0.0,5.9,7.3,9.2,7.7,3.1,6.2,4.7,7.8,3.0]},"PMTCTPostnatalOptA":{"countryName":"United Republic of Tanzania","countryCode":834,"startYear":2000,"endYear":2022,"values":[0.0,0.0,0.0,0.0,0.0,0.0,0.0,0.0,0.0,0.0,0.0,0.0,0.0,0.0,0.0,0.0,0.0,0.0,0.0,0.0,0.0,0.0,0.0]},"PMTCTPostnatalOptB":{"countryName":"United Republic of Tanzania","countryCode":834,"startYear":2000,"endYear":2022,"values":[0.0,0.0,0.0,0.0,0.0,0.0,0.0,0.0,0.0,0.0,0.0,0.0,0.0,0.0,0.0,0.0,0.0,0.0,0.0,0.0,0.0,0.0,0.0]},"PercentHIVPopEligible":{"countryName":"United Republic of Tanzania","countryCode":834,"TB\/HIV":1.85,"TB\/HIV Year":2012,"DC":32,"DC Year":2011,"FSW":2.6,"FSW Year":2015,"MSM":3.2,"MSM Year":2015,"IDU":0.3,"IDU Year":2015,"Other":10,"Other Year":2012},"AdultHIVPrev":{"countryName":"United Republic of Tanzania","countryCode":834,"startYear":1970,"endYear":2022,"values":[0.0,0.0,0.0,0.0,0.0,0.0,0.02285,0.04033,0.07006,0.12003,0.20217,0.33336,0.53508,0.835,1.2645,1.82882,2.53976,3.32702,4.18394,5.00847,5.7682,6.42996,6.95571,7.36301,7.63481,7.77281,7.78272,7.75007,7.6237,7.46021,7.26596,7.0322,6.79615,6.5547,6.31307,6.08493,5.89701,5.76585,5.66711,5.58835,5.52921,5.48344,5.44809,5.42143,5.38961,5.3394,5.27606,5.17753,5.06397,4.91433,4.7205,4.50378,4.2791]},"SexRatio":{"countryName":"United Republic of Tanzania","countryCode":834,"startYear":1970,"endYear":2022,"values":[0.27,0.27,0.27,0.27,0.27,0.27,0.38,0.49,0.59,0.69,0.78,0.88,0.96,1.04,1.12,1.19,1.24,1.3,1.35,1.4,1.43,1.47,1.49,1.51,1.52,1.54,1.54,1.54,1.54,1.54,1.55,1.55,1.55,1.55,1.55,1.56,1.56,1.57,1.58,1.6,1.62,1.65,1.69,1.74,1.79,1.86,1.92,1.98,2.02,2.06,2.09,2.12,2.13]},"PercNotBFNotRecARVs":{"countryName":"United Republic of Tanzania","countryCode":834,"<2":7.5,"2-3":7.5,"4-5":7.51,"6-7":7.62,"8-9":8.18,"10-11":10.19,"12-13":15.62,"14-15":26.67,"16-17":43.14,"18-19":60.85,"20-21":75.28,"22-23":85.02,"24-25":90.99,"26-27":94.51,"28-29":96.59,"30-31":97.83,"32-33":98.59,"34-35":99.06},"PercNotBFRecARVs":{"countryName":"United Republic of Tanzania","countryCode":834,"<2":7.5,"2-3":7.5,"4-5":7.51,"6-7":7.62,"8-9":8.18,"10-11":10.19,"12-13":15.62,"14-15":26.67,"16-17":43.14,"18-19":60.85,"20-21":75.28,"22-23":85.02,"24-25":90.99,"26-27":94.51,"28-29":96.59,"30-31":97.83,"32-33":98.59,"34-35":99.06},"LocalAdjustmentFactor":{"countryName":"United Republic of Tanzania","countryCode":834,"value":0.85},"NewARTPatAllocation":{"countryName":"United Republic of Tanzania","countryCode":834,"NewARTPatAllocationMethod":3,"ExpectedMortality":0.2,"ProportionEligible":0.8,"NotDefault":0}}