{"countryName":"United Republic of Tanzania","subnatCode":0,"Incidence":{"countryName":"United Republic of Tanzania","countryCode":834,"startYear":1970,"endYear":2020,"values":[0.0,0.0,0.0,0.0,0.0,0.0,0.01745,0.01278,0.02021,0.03178,0.05025,0.07898,0.11829,0.17573,0.25283,0.34564,0.45994,0.57091,0.68549,0.7823,0.85915,0.90231,0.92274,0.91515,0.89105,0.84634,0.80008,0.7552,0.71505,0.66935,0.63864,0.60128,0.57159,0.54024,0.5168,0.49766,0.47659,0.4556,0.43236,0.42892,0.41972,0.41484,0.41127,0.38165,0.36474,0.34121,0.32354,0.30342,0.27894,0.24708,0.20827]},"AdultARTMale":{"countryName":"United Republic of Tanzania","countryCode":834,"startYear":2000,"endYear":2020,"values":[0.0,0.0,0.0,0.0,0.0,3.02641,13.27763,31.14649,32.88535,40.35417,35.06964,38.97971,41.80694,45.75018,51.04238,45.98123,42.7247,48.25889,55.57483,66.22632,73.72233]},"AdultARTFemale":{"countryName":"United Republic of Tanzania","countryCode":834,"startYear":2000,"endYear":2020,"values":[0.0,0.0,0.0,0.0,0.0,2.82284,12.32991,28.89714,30.57901,37.55609,49.11378,48.52398,56.62499,64.10918,70.82448,65.0685,61.57177,68.03544,74.65587,82.30483,89.74359]},"MedianCD4AtInit":{"countryName":"United Republic of Tanzania","countryCode":834,"startYear":2000,"endYear":2020,"values":[0.0,0.0,0.0,0.0,0.0,0.0,0.0,0.0,0.0,0.0,0.0,0.0,0.0,0.0,0.0,0.0,0.0,0.0,0.0,0.0,0.0]},"PercLostToFollowup":{"countryName":"United Republic of Tanzania","countryCode":834,"startYear":2000,"endYear":2020,"values":[3.0,3.0,3.0,3.0,3.0,3.0,3.0,3.0,3.0,3.0,3.0,3.0,3.0,3.0,3.0,3.0,3.33333,3.66667,4.0,4.33333,4.66667]},"ChildART":{"countryName":"United Republic of Tanzania","countryCode":834,"startYear":2000,"endYear":2020,"values":[3.63821,6.9178,9.90508,12.67554,15.31826,17.9604,18.21915,18.46682,21.47305,18.52312,24.29768,25.88676,43.71205,51.24954,53.28047,46.93239,40.01973,41.76025,46.69457,50.44293,54.71663]},"ChildCotrim":{"countryName":"United Republic of Tanzania","countryCode":834,"startYear":2000,"endYear":2020,"values":[0.0,0.0,0.0,0.0,0.0,0.00579,0.01687,0.03576,0.0483,0.0473,7.6374,19.18274,25.34376,24.98756,24.35504,20.45133,18.85184,18.66992,21.38754,21.55287,18.63101]},"PMTCTSingleDoseNevirapine":{"countryName":"United Republic of Tanzania","countryCode":834,"startYear":2000,"endYear":2020,"values":[0.0,0.0,0.0,0.48068,1.33964,13.52442,17.56039,50.70411,60.09602,32.06584,26.79589,18.46068,0.0,0.0,0.0,0.0,0.0,0.0,0.0,0.0,0.0]},"PMTCTDualARV":{"countryName":"United Republic of Tanzania","countryCode":834,"startYear":2000,"endYear":2020,"values":[0.0,0.0,0.0,0.0,0.0,0.0,0.0,0.0,0.0,29.36453,32.26739,42.60808,0.0,0.0,0.0,0.0,0.0,0.0,0.0,0.0,0.0]},"PMTCTOptA":{"countryName":"United Republic of Tanzania","countryCode":834,"startYear":2000,"endYear":2020,"values":[0.0,0.0,0.0,0.0,0.0,0.0,0.0,0.0,0.0,0.0,0.0,0.1223,55.20726,38.47059,1.73794,0.0,0.0,0.0,0.0,0.0,0.0]},"PMTCTOptB":{"countryName":"United Republic of Tanzania","countryCode":834,"startYear":2000,"endYear":2020,"values":[0.0,0.0,0.0,0.0,0.0,0.0,0.0,0.0,0.0,0.0,0.0,0.0,0.0,0.0,0.0,0.0,0.0,0.0,0.0,0.0,0.0]},"PMTCTOptBPlusStartBefPreg":{"countryName":"United Republic of Tanzania","countryCode":834,"startYear":2000,"endYear":2020,"values":[0.0,0.0,0.0,0.0,0.0,0.0,0.0,0.0,0.0,0.0,0.0634,0.07221,0.08421,10.33665,29.71152,26.24355,30.32421,39.2581,46.46197,52.72674,57.40291]},"PMTCTOptBPlusStartDurPregGT4Wks":{"countryName":"United Republic of Tanzania","countryCode":834,"startYear":2000,"endYear":2020,"values":[0.0,0.0,0.0,0.0,0.0,0.0,0.0,0.0,0.0,7.63785,15.73277,18.96428,30.07666,35.38128,42.47897,42.60998,33.90074,32.2102,31.35095,20.20178,24.2097]},"PMTCTOptBPlusStartDurPregLT4Wks":{"countryName":"United Republic of Tanzania","countryCode":834,"startYear":2000,"endYear":2020,"values":[0.0,0.0,0.0,0.0,0.0,0.0,0.0,0.0,0.0,0.0,0.0,0.0,0.0,0.0,5.01503,6.22156,7.9576,9.20785,5.33337,7.95667,2.74301]},"PMTCTPostnatalOptA":{"countryName":"United Republic of Tanzania","countryCode":834,"startYear":2000,"endYear":2020,"values":[0.0,0.0,0.0,0.0,0.0,0.0,0.0,0.0,0.0,0.0,52.21438,63.51146,51.30642,38.47059,1.73794,0.0,0.0,0.0,0.0,0.0,0.0]},"PMTCTPostnatalOptB":{"countryName":"United Republic of Tanzania","countryCode":834,"startYear":2000,"endYear":2020,"values":[0.0,0.0,0.0,0.0,0.0,0.0,0.0,0.0,0.0,0.0,0.0,0.0,0.0,0.0,0.0,0.0,0.0,0.0,0.0,0.0,0.0]},"PercentHIVPopEligible":{"countryName":"United Republic of Tanzania","countryCode":834,"TB\/HIV":1.85,"TB\/HIV Year":2012,"DC":32,"DC Year":2011,"FSW":2.6,"FSW Year":2015,"MSM":3.2,"MSM Year":2015,"IDU":0.3,"IDU Year":2015,"Other":10,"Other Year":2012},"AdultHIVPrev":{"countryName":"United Republic of Tanzania","countryCode":834,"startYear":1970,"endYear":2020,"values":[0.0,0.0,0.0,0.0,0.0,0.0,0.01694,0.02833,0.04613,0.07383,0.11736,0.18505,0.28606,0.43571,0.64983,0.93917,1.31336,1.76384,2.28549,2.85255,3.43893,4.00884,4.53996,5.00767,5.40071,5.7055,5.92612,6.06983,6.1476,6.16086,6.13029,6.05563,5.95012,5.81838,5.67318,5.52436,5.38887,5.29611,5.24962,5.21399,5.18923,5.17228,5.15495,5.14209,5.12861,5.09978,5.05669,4.99595,4.9154,4.81212,4.68114]},"SexRatio":{"countryName":"United Republic of Tanzania","countryCode":834,"startYear":1970,"endYear":2020,"values":[0.2509,0.2509,0.2509,0.2509,0.2509,0.2509,0.35545,0.45999,0.55408,0.64817,0.7318,0.82589,0.89907,0.97225,1.04543,1.10815,1.16043,1.2127,1.26497,1.30679,1.33815,1.36951,1.39042,1.41133,1.42178,1.43224,1.44269,1.44269,1.44269,1.44269,1.44269,1.44269,1.44269,1.44269,1.44269,1.44269,1.44269,1.44269,1.44269,1.44269,1.44269,1.49496,1.54723,1.59951,1.65178,1.70405,1.75632,1.80859,1.86086,1.91313,1.9654]},"PercNotBFNotRecARVs":{"countryName":"United Republic of Tanzania","countryCode":834,"<2":7.4993,"2-3":7.49962,"4-5":7.51056,"6-7":7.61717,"8-9":8.17694,"10-11":10.19093,"12-13":15.62053,"14-15":26.67232,"16-17":43.13568,"18-19":60.85014,"20-21":75.27648,"22-23":85.01979,"24-25":90.98793,"26-27":94.51276,"28-29":96.58921,"30-31":97.82941,"32-33":98.58561,"34-35":99.05737},"PercNotBFRecARVs":{"countryName":"United Republic of Tanzania","countryCode":834,"<2":7.4993,"2-3":7.49962,"4-5":7.51056,"6-7":7.61717,"8-9":8.17694,"10-11":10.19093,"12-13":15.62053,"14-15":26.67232,"16-17":43.13568,"18-19":60.85014,"20-21":75.27648,"22-23":85.01979,"24-25":90.98793,"26-27":94.51276,"28-29":96.58921,"30-31":97.82941,"32-33":98.58561,"34-35":99.05737},"LocalAdjustmentFactor":{"countryName":"United Republic of Tanzania","countryCode":834,"value":0.97334}}