{"countryCode":800,"subnatCode":0,"Incidence":{"countryName":"Uganda","countryCode":800,"startYear":1970,"endYear":2023,"values":[0.0,0.00212681500238614,0.00219777749936008,0.00427882072585912,0.00837652993724374,0.0159294947393382,0.0636554353549872,0.0940456872373956,0.170450247711572,0.310331435121645,0.54112956470636,0.889408813249687,1.2827506472487,1.73180324904599,2.1243671456511,2.23447494906151,2.148301940367,1.81430020936159,1.50629611452172,1.30102530044483,1.20370442815978,1.10558582727557,1.04530365074545,0.998062739649359,0.958567940028965,0.92450792404477,0.895674913955185,0.856633062657031,0.821665853912335,0.795353313733773,0.778903552481613,0.763351574303281,0.743763613780689,0.71986771477173,0.71410750453331,0.666741757157106,0.659763287016307,0.664518865315495,0.660491811260996,0.641820322237839,0.624819890306574,0.602478448515919,0.570990666958347,0.510559459796298,0.443196816815149,0.397958627472786,0.368170395300181,0.309663974231073,0.260030632727546,0.230483656012866,0.210972610284734,0.199965196394438,0.174622102310199,0.156485810989304]},"AdultARTMale":{"countryName":"Uganda","countryCode":800,"startYear":2000,"endYear":2023,"values":[0.0,1.58711674525428,3.59320511723666,5.51441613014269,15.2105031592661,26.3834594111271,24.5952285150898,29.3632854726862,38.4458602701659,42.3359334678227,47.486719970339,40.8165750438601,43.712530353758,40.6821908310728,46.6348628192585,50.1121271576423,56.2893730607265,61.2351864498045,66.5824211520534,70.2232153333109,73.1992828245972,74.6102006642747,76.9294095878239,79.0285643160487]},"AdultARTFemale":{"countryName":"Uganda","countryCode":800,"startYear":2000,"endYear":2023,"values":[0.0,1.203219110787,2.7771101415827,4.33663030362039,12.1552883831112,21.4068453109979,20.2304293662586,24.3579949740804,32.376554016884,35.7499802644542,40.1256723319884,34.5404879821611,45.1161663554896,53.0965057523278,57.6505347425498,60.8370456731619,66.991713902838,71.8678305653909,76.1425145499111,78.7837071975428,79.965748713934,81.8706923384808,84.242315270197,86.3822869820823]},"PercLostToFollowup":{"countryName":"Uganda","countryCode":800,"startYear":2000,"endYear":2023,"values":[0.0,0.0,0.0,0.0,0.0,0.0,0.0,0.0,0.0,0.0,0.0,0.0,0.0,0.0,0.0,0.0,0.0,0.0,0.0,0.0,2.21,2.04,1.97,2.1]},"ChildART":{"countryName":"Uganda","countryCode":800,"startYear":2000,"endYear":2023,"values":[2.84740643359955,5.68528168368629,8.49705256987783,11.2764301562954,14.0348576734708,16.7618273377269,19.405572790451,17.3390767294886,28.1845628686035,37.207411817995,32.7404595202851,37.5674252185533,56.5257561803505,36.9209889657037,47.9019929709152,54.0845466059095,59.0895723676206,62.0891730911518,67.1746492742852,69.854437713522,69.3067978006162,71.8671288620676,76.357647377467,76.6197138326951]},"ChildCotrim":{"countryName":"Uganda","countryCode":800,"startYear":2000,"endYear":2023,"values":[0.0,0.643695117790398,1.29967019125437,1.96240723357984,2.62024548974299,3.25849534042839,3.88596815994076,4.53999479545753,5.18780655345261,8.19530681265572,10.166447221912,28.7249115246596,35.8241636947835,29.2950694121748,20.1949459799954,24.5674176116555,25.2852897123496,29.5766287963432,33.4159628045847,36.65063319886,22.9086807748361,26.1524837552811,25.4784718643248,27.6834774419217]},"PMTCTSingleDoseNevirapine":{"countryName":"Uganda","countryCode":800,"startYear":2000,"endYear":2023,"values":[0.0,0.0,0.0,0.0,5.07427249837366,12.2369533396306,19.1661201376161,27.9202693702252,18.1613839815409,28.0133853540985,31.0214414287974,37.1061444802899,21.9617392606432,7.19293299451895,0.0,0.0,0.0,0.0,0.0,0.0,0.0,0.0,0.0,0.0]},"PMTCTDualARV":{"countryName":"Uganda","countryCode":800,"startYear":2000,"endYear":2023,"values":[0.0,0.0,0.0,0.0,0.0,0.0,0.0,0.0,18.1613839815409,28.0133853540985,31.0214414287974,37.1061444802899,6.32652723843851,0.0,0.0,0.0,0.0,0.0,0.0,0.0,0.0,0.0,0.0,0.0]},"PMTCTOptA":{"countryName":"Uganda","countryCode":800,"startYear":2000,"endYear":2023,"values":[0.0,0.0,0.0,0.0,0.0,0.0,0.0,0.0,0.0,0.0,0.0,0.0,34.9642042995125,62.0092300035611,14.3883257240568,0.705878553942208,0.0,0.0,0.0,0.0,0.0,0.0,0.0,0.0]},"PMTCTOptB":{"countryName":"Uganda","countryCode":800,"startYear":2000,"endYear":2023,"values":[0.0,0.0,0.0,0.0,0.0,0.0,0.0,0.0,0.0,0.0,0.0,0.0,5.08246797808434,9.87635000107697,0.0,0.0,0.0,0.0,0.0,0.0,0.0,0.0,0.0,0.0]},"PMTCTOptBPlusStartBefPreg":{"countryName":"Uganda","countryCode":800,"startYear":2000,"endYear":2023,"values":[0.0,0.0,0.0,0.0,0.0,0.0,0.0,0.0,0.0,0.0,0.0,0.0,15.3254768985331,20.921487000843,27.8238508602766,44.9016463749495,48.8515168273029,61.4763912749232,66.2549567704609,69.8784297889524,72.6984967181876,73.3249733249733,74.7506070935893,75.7938208999737]},"PMTCTOptBPlusStartDurPregGT4Wks":{"countryName":"Uganda","countryCode":800,"startYear":2000,"endYear":2023,"values":[0.0,0.0,0.0,0.0,0.0,0.0,0.0,0.0,0.0,0.0,0.0,0.0,0.0,0.0,57.7878234156667,54.3924750711083,46.2395323115816,33.6019574157947,30.4426964831307,27.9186414741451,25.5145034935422,24.8908248908249,23.9439991791411,22.0468499963329]},"PMTCTOptBPlusStartDurPregLT4Wks":{"countryName":"Uganda","countryCode":800,"startYear":2000,"endYear":2023,"values":[0.0,0.0,0.0,0.0,0.0,0.0,0.0,0.0,0.0,0.0,0.0,0.0,0.0,0.0,0.0,0.0,4.9089508611155,4.92165130928211,3.30234674640837,2.20292873690251,1.78699978827017,1.78420178420178,1.30539372726962,1.2810331615388]},"AdultHIVPrev":{"countryName":"Uganda","countryCode":800,"startYear":1970,"endYear":2023,"values":[0.0,0.00208120324943471,0.00410996816171744,0.00804005727346056,0.0157206024636064,0.0302906570031335,0.0906087817674199,0.176899089683235,0.332019095348299,0.612736233127764,1.09747268695798,1.87772805430671,2.97515096866937,4.40998898716597,6.0906813128718,7.72651529282945,9.09755268309503,10.0223226688498,10.5568577673557,10.8199866077927,10.9267457425477,10.8910583597145,10.7606279881168,10.5608433267678,10.3117087422862,10.0301825790995,9.73126140066984,9.41499337294452,9.09417411232293,8.78262033395144,8.49041738245673,8.22384439215283,7.98249197737341,7.76014443911175,7.58235377829314,7.45197719238323,7.35199447048717,7.26544031767928,7.21967525114279,7.19320421453888,7.17508809476458,7.15148459611913,7.11388752733209,7.04682698844318,6.9404660934993,6.81075189839105,6.65907759924034,6.46967018748749,6.25677328429494,6.03727443932363,5.81522328713524,5.59110321119555,5.35703706518679,5.12132869725543]},"SexRatio":{"countryName":"Uganda","countryCode":800,"startYear":1970,"endYear":2023,"values":[0.24282,0.34399,0.44517,0.53622,0.62727,0.70821,0.79926,0.87009,0.94091,1.01173,1.07242,1.12301,1.1736,1.22418,1.26465,1.295,1.32537,1.34559,1.36582,1.37595,1.38606,1.39619,1.39619,1.39619,1.39619,1.39619,1.3962,1.39623,1.3963,1.39643,1.39665,1.39702,1.39763,1.39865,1.40028,1.40295,1.40719,1.41388,1.42424,1.44003,1.46354,1.49111,1.52702,1.57143,1.62305,1.67887,1.73469,1.78632,1.83074,1.86664,1.89421,1.91458,1.92918,1.93945]},"PercNotBFNotRecARVs":{"countryName":"Uganda","countryCode":800,"<2":12.50122,"2-3":12.51496,"4-5":12.6822,"6-7":13.48043,"8-9":15.88363,"10-11":21.21877,"12-13":30.39128,"14-15":42.7735,"16-17":56.13227,"18-19":68.10208,"20-21":77.49443,"22-23":84.28985,"24-25":89.00625,"26-27":92.22924,"28-29":94.43139,"30-31":95.94855,"32-33":97.00693,"34-35":97.75589},"PercNotBFRecARVs":{"countryName":"Uganda","countryCode":800,"<2":12.50122,"2-3":12.51496,"4-5":12.6822,"6-7":13.48043,"8-9":15.88363,"10-11":21.21877,"12-13":30.39128,"14-15":42.7735,"16-17":56.13227,"18-19":68.10208,"20-21":77.49443,"22-23":84.28985,"24-25":89.00625,"26-27":92.22924,"28-29":94.43139,"30-31":95.94855,"32-33":97.00693,"34-35":97.75589},"LocalAdjustmentFactor":{"countryName":"Uganda","countryCode":800,"value":0.86352},"NewARTPatAllocation":{"countryName":"Uganda","countryCode":800,"NewARTPatAllocationMethod":3.0,"ExpectedMortality":0.2,"ProportionEligible":0.8}}