{"countryName":"Uganda","subnatCode":0,"Incidence":{"countryName":"Uganda","countryCode":800,"startYear":1970,"endYear":2022,"values":[0.0,0.00245,0.00223,0.00403,0.00736,0.01306,0.04753,0.06345,0.11139,0.19242,0.32086,0.5144,0.74928,1.02809,1.35121,1.69873,1.95489,1.89112,1.6409,1.30469,1.11545,0.99754,0.9273,0.86987,0.83734,0.79931,0.78071,0.75425,0.7289,0.70419,0.6859,0.66131,0.635,0.62099,0.59374,0.57085,0.55941,0.55877,0.54964,0.53779,0.51675,0.50155,0.47569,0.42792,0.38784,0.35934,0.34585,0.30979,0.27495,0.25446,0.23711,0.23475,0.21938]},"AdultARTMale":{"countryName":"Uganda","countryCode":800,"startYear":2000,"endYear":2022,"values":[0.0,1.78961,4.04068,6.18172,16.99556,29.31708,27.18639,32.32883,42.18311,46.29084,51.89918,44.98472,48.07745,45.15455,51.79602,55.38318,61.80836,67.03349,72.24221,75.46064,77.11887,78.59022,80.43219]},"AdultARTFemale":{"countryName":"Uganda","countryCode":800,"startYear":2000,"endYear":2022,"values":[0.0,1.33558,3.07499,4.78963,13.39425,23.49429,22.1225,26.56808,35.22979,38.80194,43.56904,37.80106,49.68783,58.73975,63.89371,67.16524,73.53511,78.63542,82.64175,84.76375,85.06127,86.45966,87.99919]},"MedianCD4AtInit":{"countryName":"Uganda","countryCode":800,"startYear":2000,"endYear":2022,"values":[0.0,131.43872,131.74972,131.65852,131.35105,132.18384,137.72528,129.55822,129.96159,130.65456,139.5826,180.13735,202.21839,250.17199,284.75214,287.8874,289.89931,324.47701,333.40225,336.14416,333.33041,336.67667,341.05811]},"PercLostToFollowup":{"countryName":"Uganda","countryCode":800,"startYear":2000,"endYear":2022,"values":[0.0,0.0,0.0,0.0,0.0,0.0,0.0,0.0,0.0,0.0,0.0,0.0,0.0,0.0,0.0,0.0,0.0,0.0,0.0,0.0,2.21,2.04,1.97]},"ChildART":{"countryName":"Uganda","countryCode":800,"startYear":2000,"endYear":2022,"values":[2.54429,5.06233,7.56727,10.05651,12.53322,14.98398,17.38401,15.77276,25.67544,34.05105,29.81786,34.68079,53.01634,34.02254,44.30124,50.49097,55.41551,58.57648,63.77484,66.66874,66.37399,69.16961,71.88223]},"ChildCotrim":{"countryName":"Uganda","countryCode":800,"startYear":2000,"endYear":2022,"values":[0.0,0.60114,1.21491,1.83792,2.46035,3.06853,3.66965,4.28357,4.89355,7.70592,9.45166,26.73493,33.24944,27.44232,18.81849,22.77394,23.31232,27.49567,31.2848,34.43803,21.54532,24.67344,24.0651]},"PMTCTSingleDoseNevirapine":{"countryName":"Uganda","countryCode":800,"startYear":2000,"endYear":2022,"values":[0.0,0.0,0.0,4.7,11.4,18.0,26.0,17.0,26.4,29.3,35.2,20.9,7.092537313432836,0.0,0.0,0.0,0.0,0.0,0.0,0.0,0.0,0.0,0.0]},"PMTCTDualARV":{"countryName":"Uganda","countryCode":800,"startYear":2000,"endYear":2022,"values":[0.0,0.0,0.0,0.0,0.0,0.0,0.0,17.0,26.4,29.3,35.2,6.0,0.0,0.0,0.0,0.0,0.0,0.0,0.0,0.0,0.0,0.0,0.0]},"PMTCTOptA":{"countryName":"Uganda","countryCode":800,"startYear":2000,"endYear":2022,"values":[0.0,0.0,0.0,0.0,0.0,0.0,0.0,0.0,0.0,0.0,0.0,33.2,61.46865671641791,14.253672869735555,0.7032359905288083,0.0,0.0,0.0,0.0,0.0,0.0,0.0,0.0]},"PMTCTOptB":{"countryName":"Uganda","countryCode":800,"startYear":2000,"endYear":2022,"values":[0.0,0.0,0.0,0.0,0.0,0.0,0.0,0.0,0.0,0.0,0.0,4.8,9.75223880597015,0.0,0.0,0.0,0.0,0.0,0.0,0.0,0.0,0.0,0.0]},"PMTCTOptBPlusStartBefPreg":{"countryName":"Uganda","countryCode":800,"startYear":2000,"endYear":2022,"values":[0.0,0.0,0.0,0.0,0.0,0.0,0.0,0.0,0.0,0.0,0.0,14.6,20.686567164179102,27.53770812928502,44.46014206787687,58.9359375,60.84375000000001,65.60830860534125,69.13676042677014,71.92226487523992,72.5740922473013,75.05946481665015,74.3]},"PMTCTOptBPlusStartDurPregGT4Wks":{"countryName":"Uganda","countryCode":800,"startYear":2000,"endYear":2022,"values":[0.0,0.0,0.0,0.0,0.0,0.0,0.0,0.0,0.0,0.0,0.0,0.0,0.0,57.20861900097944,53.83662194159432,40.0640625,33.28124999999999,30.160237388724035,27.65470417070805,25.272552783109404,24.67713444553484,22.665014866204167,22.1]},"PMTCTOptBPlusStartDurPregLT4Wks":{"countryName":"Uganda","countryCode":800,"startYear":2000,"endYear":2022,"values":[0.0,0.0,0.0,0.0,0.0,0.0,0.0,0.0,0.0,0.0,0.0,0.0,0.0,0.0,0.0,0.0,4.875,3.2314540059347183,2.2085354025218233,1.8051823416506714,1.7487733071638862,1.275520317145689,1.3]},"PMTCTPostnatalOptA":{"countryName":"Uganda","countryCode":800,"startYear":2000,"endYear":2022,"values":[0.0,0.0,0.0,0.0,0.0,0.0,0.0,0.0,0.0,0.0,0.0,2.28597,68.46006,13.84659,0.84898,0.0,0.0,0.0,0.0,0.0,0.0,0.0,0.0]},"PMTCTPostnatalOptB":{"countryName":"Uganda","countryCode":800,"startYear":2000,"endYear":2022,"values":[0.0,0.0,0.0,0.0,0.0,0.0,0.0,0.0,0.0,0.0,0.0,4.43026,4.56692,0.0,0.0,0.0,0.0,0.0,0.0,0.0,0.0,0.0,0.0]},"PercentHIVPopEligible":{"countryName":"Uganda","countryCode":800,"TB\/HIV":5,"TB\/HIV Year":2010,"DC":40,"DC Year":2014,"FSW":2,"FSW Year":2014,"MSM":5,"MSM Year":2015,"IDU":0.5,"IDU Year":2015,"Other":10,"Other Year":2015},"AdultHIVPrev":{"countryName":"Uganda","countryCode":800,"startYear":1970,"endYear":2022,"values":[0.0,0.0024,0.00444,0.0081,0.01477,0.02657,0.0713,0.12877,0.22912,0.40151,0.68661,1.13583,1.77913,2.64183,3.74472,5.08463,6.52188,7.76029,8.6427,9.11793,9.34512,9.40574,9.35611,9.22047,9.0334,8.80093,8.55054,8.28411,8.01174,7.74192,7.48674,7.24869,7.02959,6.83589,6.6776,6.57792,6.49635,6.4168,6.36634,6.33616,6.30574,6.27709,6.23901,6.17893,6.10007,6.01159,5.91443,5.7927,5.65395,5.51236,5.36751,5.22477,5.07487]},"SexRatio":{"countryName":"Uganda","countryCode":800,"startYear":1970,"endYear":2022,"values":[0.25,0.35,0.45,0.54,0.63,0.72,0.81,0.88,0.95,1.02,1.08,1.14,1.19,1.24,1.28,1.31,1.34,1.36,1.38,1.39,1.4,1.41,1.41,1.41,1.41,1.41,1.41,1.41,1.41,1.41,1.41,1.41,1.41,1.42,1.42,1.42,1.43,1.43,1.44,1.46,1.48,1.51,1.54,1.59,1.64,1.7,1.75,1.81,1.85,1.89,1.91,1.94,1.95]},"PercNotBFNotRecARVs":{"countryName":"Uganda","countryCode":800,"<2":10.94,"2-3":10.94,"4-5":11.01,"6-7":11.45,"8-9":13.05,"10-11":17.21,"12-13":25.49,"14-15":38.12,"16-17":52.95,"18-19":66.73,"20-21":77.49,"22-23":85.03,"24-25":90.04,"26-27":93.29,"28-29":95.41,"30-31":96.8,"32-33":97.73,"34-35":98.36},"PercNotBFRecARVs":{"countryName":"Uganda","countryCode":800,"<2":10.94,"2-3":10.94,"4-5":11.01,"6-7":11.45,"8-9":13.05,"10-11":17.21,"12-13":25.49,"14-15":38.12,"16-17":52.95,"18-19":66.73,"20-21":77.49,"22-23":85.03,"24-25":90.04,"26-27":93.29,"28-29":95.41,"30-31":96.8,"32-33":97.73,"34-35":98.36},"LocalAdjustmentFactor":{"countryName":"Uganda","countryCode":800,"value":1.1},"NewARTPatAllocation":{"countryName":"Uganda","countryCode":800,"NewARTPatAllocationMethod":3,"ExpectedMortality":0.2,"ProportionEligible":0.8,"NotDefault":0}}