{"countryName":"Ukraine","subnatCode":0,"Incidence":{"countryName":"Ukraine","countryCode":804,"startYear":1970,"endYear":2020,"values":[0.0,0.0,0.0,0.0,0.0,0.0,0.0,0.0,0.0,0.0,0.0,0.0,0.0,0.0,0.0,0.0,0.0,0.00127,0.00063,0.00134,0.00286,0.00612,0.01256,0.02378,0.04161,0.06508,0.09162,0.10496,0.11681,0.12018,0.11771,0.10768,0.09607,0.08421,0.07608,0.06384,0.05658,0.05172,0.04856,0.04659,0.04566,0.04547,0.04578,0.04615,0.04665,0.04754,0.0483,0.04685,0.04526,0.0431,0.04109]},"AdultARTMale":{"countryName":"Ukraine","countryCode":804,"startYear":2000,"endYear":2020,"values":[0.0,0.0,0.0,0.0,1.6731,3.81061,5.50454,8.37205,10.9448,16.17048,13.25104,15.99717,24.42472,32.08113,37.2855,37.24099,43.71884,48.71905,55.82145,53.73343,56.23304]},"AdultARTFemale":{"countryName":"Ukraine","countryCode":804,"startYear":2000,"endYear":2020,"values":[0.0,0.0,0.0,0.0,1.80726,3.80044,5.45289,8.35057,11.14572,16.63031,13.60879,16.42863,24.83337,33.22331,38.43092,35.90978,43.5945,49.40056,55.93398,55.40711,56.75587]},"MedianCD4AtInit":{"countryName":"Ukraine","countryCode":804,"startYear":2000,"endYear":2020,"values":[0.0,0.0,0.0,0.0,0.0,0.0,0.0,0.0,0.0,0.0,0.0,0.0,0.0,0.0,0.0,0.0,0.0,0.0,0.0,0.0,0.0]},"PercLostToFollowup":{"countryName":"Ukraine","countryCode":804,"startYear":2000,"endYear":2020,"values":[0.0,0.0,0.0,0.0,11.79,9.63,5.15,5.36,4.82,4.58,5.62,3.65,2.77,3.77,4.71,4.3,3.75,3.75,3.75,3.75,1.03]},"ChildART":{"countryName":"Ukraine","countryCode":804,"startYear":2000,"endYear":2020,"values":[0.0,0.0,0.0,0.0,39.97027,73.84251,96.4955,100.0,100.0,100.0,100.0,100.0,100.0,100.0,100.0,92.26458,82.8576,89.73325,90.93385,90.22824,90.93355]},"ChildCotrim":{"countryName":"Ukraine","countryCode":804,"startYear":2000,"endYear":2020,"values":[0.0,0.0,0.0,0.0,0.0,0.0,0.0,0.0,36.91315,34.50389,40.22134,36.41219,47.76753,49.66726,46.25235,35.81382,38.22813,40.4768,43.22366,42.86157,43.0991]},"PMTCTSingleDoseNevirapine":{"countryName":"Ukraine","countryCode":804,"startYear":2000,"endYear":2020,"values":[0.0,14.43919,27.70603,38.92229,45.87327,56.16146,64.61641,37.05384,6.43801,3.92039,6.75819,4.06686,4.46268,4.9855,3.69924,3.69199,0.0,0.0,0.0,0.0,0.0]},"PMTCTDualARV":{"countryName":"Ukraine","countryCode":804,"startYear":2000,"endYear":2020,"values":[0.0,0.0,0.0,0.0,0.0,0.0,0.0,0.0,0.0,0.0,0.0,0.0,0.0,0.0,0.0,0.0,0.0,0.0,0.0,0.0,0.0]},"PMTCTOptA":{"countryName":"Ukraine","countryCode":804,"startYear":2000,"endYear":2020,"values":[0.0,0.0,0.0,0.0,0.0,0.0,0.0,0.0,58.0351,39.58179,46.81112,57.79219,56.3002,51.39502,47.10371,46.79389,27.64987,11.25149,0.0,0.0,0.0]},"PMTCTOptB":{"countryName":"Ukraine","countryCode":804,"startYear":2000,"endYear":2020,"values":[0.0,0.0,0.0,0.0,0.0,0.0,0.0,0.0,0.0,0.0,0.0,0.0,0.0,0.0,0.0,0.0,0.0,0.0,0.0,0.0,0.0]},"PMTCTOptBPlusStartBefPreg":{"countryName":"Ukraine","countryCode":804,"startYear":2000,"endYear":2020,"values":[0.0,0.0,0.0,0.0,0.0,0.0,0.0,0.0,6.99582,10.43864,14.8633,19.26406,9.04279,12.42459,16.82471,17.74447,18.0509,20.84835,36.17685,43.85459,53.90084]},"PMTCTOptBPlusStartDurPregGT4Wks":{"countryName":"Ukraine","countryCode":804,"startYear":2000,"endYear":2020,"values":[0.0,0.0,0.0,0.0,0.0,0.0,0.0,0.0,6.80989,24.37256,17.2263,8.37154,20.01159,28.79061,28.7993,22.95333,38.18459,54.2057,54.54414,45.70026,38.53153]},"PMTCTOptBPlusStartDurPregLT4Wks":{"countryName":"Ukraine","countryCode":804,"startYear":2000,"endYear":2020,"values":[0.0,0.0,0.0,0.0,0.0,0.0,0.0,0.0,0.0,0.0,0.0,0.0,0.0,0.0,0.0,0.0,4.28633,3.50782,3.82962,3.33022,2.77081]},"PMTCTPostnatalOptA":{"countryName":"Ukraine","countryCode":804,"startYear":2000,"endYear":2020,"values":[0.0,0.0,0.0,0.0,0.0,0.0,0.0,0.0,0.0,0.0,0.0,0.0,0.0,0.0,0.0,0.0,0.0,0.0,0.0,0.0,0.0]},"PMTCTPostnatalOptB":{"countryName":"Ukraine","countryCode":804,"startYear":2000,"endYear":2020,"values":[0.0,0.0,0.0,0.0,0.0,0.0,0.0,0.0,0.0,0.0,0.0,0.0,0.0,0.0,0.0,0.0,0.0,0.0,0.0,0.0,0.0]},"PercentHIVPopEligible":{"countryName":"Ukraine","countryCode":804,"TB\/HIV":23,"TB\/HIV Year":2010,"DC":42.7,"DC Year":2016,"FSW":5.2,"FSW Year":2016,"MSM":7.5,"MSM Year":2016,"IDU":22.6,"IDU Year":2016,"Other":38.4,"Other Year":2016},"AdultHIVPrev":{"countryName":"Ukraine","countryCode":804,"startYear":1970,"endYear":2020,"values":[0.0,0.0,0.0,0.0,0.0,0.0,0.0,0.0,0.0,0.0,0.0,0.0,0.0,0.0,0.0,0.0,0.0,0.00128,0.00191,0.00322,0.00602,0.01197,0.02416,0.04709,0.08706,0.14922,0.23607,0.33322,0.43737,0.5403,0.63602,0.71515,0.77764,0.82261,0.85508,0.8721,0.87896,0.87861,0.87489,0.86965,0.86658,0.86546,0.8659,0.87585,0.89244,0.90927,0.91979,0.93805,0.9556,0.97115,1.00183]},"SexRatio":{"countryName":"Ukraine","countryCode":804,"startYear":1970,"endYear":2020,"values":[0.48,0.48,0.48,0.48,0.48,0.48,0.48,0.48,0.48,0.48,0.48,0.48,0.48,0.48,0.48,0.48,0.48,0.512,0.544,0.572,0.6,0.626,0.654,0.676,0.698,0.72,0.738,0.754,0.77,0.786,0.798,0.808,0.818,0.824,0.83,0.834,0.836,0.84,0.84,0.84,0.84,0.84,0.84,0.84,0.84,0.76,0.76,0.76,0.76,0.76,0.76]},"PercNotBFNotRecARVs":{"countryName":"Ukraine","countryCode":804,"<2":9,"2-3":10.2,"4-5":33,"6-7":35.1,"8-9":43.4,"10-11":48.6,"12-13":75.3,"14-15":73.1,"16-17":86.1,"18-19":95.7,"20-21":95.7,"22-23":95.7,"24-25":100,"26-27":100,"28-29":100,"30-31":100,"32-33":100,"34-35":100},"PercNotBFRecARVs":{"countryName":"Ukraine","countryCode":804,"<2":100,"2-3":100,"4-5":100,"6-7":100,"8-9":100,"10-11":100,"12-13":100,"14-15":100,"16-17":100,"18-19":100,"20-21":100,"22-23":100,"24-25":100,"26-27":100,"28-29":100,"30-31":100,"32-33":100,"34-35":100},"LocalAdjustmentFactor":{"countryName":"Ukraine","countryCode":804,"value":1.45}}