{"countryCode":804,"subnatCode":0,"Incidence":{"countryName":"Ukraine","countryCode":804,"startYear":1970,"endYear":2023,"values":[0.0,0.0,0.0,0.0,0.0,0.0,0.0,0.0,0.0,0.0,0.0,0.0,0.0,0.0,0.0,0.0,0.0,0.00127062851903455,0.000643492894698892,0.00134433476430666,0.00288468483017426,0.00616785210023564,0.0126530007532227,0.023957565805973,0.0419425565571321,0.0656679394463427,0.0925957442472616,0.106487844647606,0.118951141222452,0.122487629701669,0.120397594836123,0.110792477325516,0.0990631450991306,0.0872105988800096,0.0780037379535967,0.0653543126239839,0.0574865421551054,0.0530120551988873,0.0488438124911745,0.0468584282037886,0.0459483000247595,0.0457780722418809,0.0461158863883956,0.0464990623958839,0.0470190854973833,0.0479008017864886,0.0485810447182841,0.0470979656941108,0.0454837058964219,0.0432899122123939,0.0413054153226464,0.0381568063701569,0.0288522749587208,0.0259841047842152]},"AdultARTMale":{"countryName":"Ukraine","countryCode":804,"startYear":2000,"endYear":2023,"values":[0.0,0.0,0.0,0.0,0.47948189094554,1.17849912391452,1.83279588393114,2.97841489905905,4.14697250600151,6.48002605595609,9.14213752111154,11.2813089535228,17.4873455286781,23.4189189039094,27.7858134759382,28.2796892094803,38.3643691880038,43.0306073081685,49.6403690789059,53.6780870969968,57.3800060279963,60.52008,65.09474,70.01519]},"AdultARTFemale":{"countryName":"Ukraine","countryCode":804,"startYear":2000,"endYear":2023,"values":[0.0,0.0,0.0,0.0,0.501798726508149,1.14132644520212,1.76626023987331,2.89506290220285,4.12358838907721,6.52514161319588,9.56281177177535,11.8048414354328,18.1500360934705,24.7168478339161,29.1597168384396,27.8412068153003,38.6379250084624,44.0634402210986,50.2222009397769,55.2378323653847,57.8918757820216,60.88517,65.38903,70.22606]},"PercLostToFollowup":{"countryName":"Ukraine","countryCode":804,"startYear":2000,"endYear":2023,"values":[0.0,0.0,0.0,0.0,11.79,9.63,5.15,5.36,4.82,4.58,5.62,3.65,2.77,3.77,4.71,4.3,3.75,3.75,3.75,3.75,1.03,1.03,1.03,1.03]},"ChildART":{"countryName":"Ukraine","countryCode":804,"startYear":2000,"endYear":2023,"values":[0.0,0.0,0.0,0.0,6.80102664317116,13.2758669378179,20.2258307902378,26.6344916828209,35.0495097224201,45.4494360928054,53.8200894474104,60.0228953999898,66.1943023154471,74.5489068425788,78.418156656248,78.2698384424232,83.5156839499752,89.7832053356277,91.1975395240312,91.2424649646773,92.3287186987648,100.0,100.0,100.0]},"ChildCotrim":{"countryName":"Ukraine","countryCode":804,"startYear":2000,"endYear":2023,"values":[0.0,0.0,0.0,0.0,0.0,0.0,0.0,0.0,36.6016410772601,34.2597847017356,39.8419420357016,36.0816912815613,45.561283375956,48.1874355399256,47.3691486519479,35.717557408369,35.365892694408,37.7460656477029,40.8501431422056,40.4656381867757,41.0153412063042,98.35,98.35,98.35]},"PMTCTSingleDoseNevirapine":{"countryName":"Ukraine","countryCode":804,"startYear":2000,"endYear":2023,"values":[0.0,0.0,12.7826566722205,25.4325383496956,36.9530905464154,47.090869198963,48.7193952133918,59.6908164201369,35.6604130189036,6.59058034380683,3.94943090615878,6.85327222757725,4.03669411606862,4.94906326409711,5.10831773201391,3.83631713554987,3.90249897338563,0.0,0.0,0.0,0.0,0.0,0.0,0.0]},"PMTCTDualARV":{"countryName":"Ukraine","countryCode":804,"startYear":2000,"endYear":2023,"values":[0.0,0.0,0.0,0.0,0.0,0.0,0.0,0.0,0.0,0.0,0.0,0.0,0.0,0.0,0.0,0.0,0.0,0.0,0.0,0.0,0.0,0.0,0.0,0.0]},"PMTCTOptA":{"countryName":"Ukraine","countryCode":804,"startYear":2000,"endYear":2023,"values":[0.0,0.0,0.0,0.0,0.0,0.0,0.0,0.0,0.0,59.4103939295511,39.8749771007357,47.4696932966103,57.3635479651857,62.4363402317936,52.6611393420701,48.849104859335,49.4619055929109,30.0558493790089,12.5094417771249,0.0,0.0,0.0,0.0,0.0]},"PMTCTOptB":{"countryName":"Ukraine","countryCode":804,"startYear":2000,"endYear":2023,"values":[0.0,0.0,0.0,0.0,0.0,0.0,0.0,0.0,0.0,0.0,0.0,0.0,0.0,0.0,0.0,0.0,0.0,0.0,0.0,0.0,0.0,0.0,0.0,0.0]},"PMTCTOptBPlusStartBefPreg":{"countryName":"Ukraine","countryCode":804,"startYear":2000,"endYear":2023,"values":[0.0,0.0,0.0,0.0,0.0,0.0,0.0,0.0,0.0,7.16160535554461,10.5159545814589,15.0724064026087,19.1211826550619,10.0283650351441,12.7306766515111,17.4481386757602,18.756196616272,19.621613459222,23.1792597634961,38.2618953991349,47.2138228941685,56.6166439290587,53.5204977380497,51.1685949113677]},"PMTCTOptBPlusStartDurPregGT4Wks":{"countryName":"Ukraine","countryCode":804,"startYear":2000,"endYear":2023,"values":[0.0,0.0,0.0,0.0,0.0,0.0,0.0,0.0,0.0,6.97126368496535,24.5530885250353,17.4686554332301,8.30945221553307,22.192641584267,29.4998662744049,29.8664393293549,24.2620478810486,41.5072592406619,60.2660753850897,57.6877703499803,49.2008639308855,40.4729422464757,38.2596329211761,36.5820723800729]},"PMTCTOptBPlusStartDurPregLT4Wks":{"countryName":"Ukraine","countryCode":804,"startYear":2000,"endYear":2023,"values":[0.0,0.0,0.0,0.0,0.0,0.0,0.0,0.0,0.0,0.0,0.0,0.0,0.0,0.0,0.0,0.0,0.0,4.6593128949992,3.90000243639775,4.05033425088478,3.585313174946,2.91041382446567,2.74050741429772,2.60473616630266]},"AdultHIVPrev":{"countryName":"Ukraine","countryCode":804,"startYear":1970,"endYear":2023,"values":[0.0,0.0,0.0,0.0,0.0,0.0,0.0,0.0,0.0,0.0,0.0,0.0,0.0,0.0,0.0,0.0,0.0,0.00127128971737925,0.00190084449182454,0.003208350761383,0.00600631074260766,0.0119700323939698,0.0241744199556838,0.0471533507553372,0.0871491680107294,0.149251093990423,0.235896986335715,0.332899534202699,0.437136567860863,0.539908290018272,0.635542759640563,0.714927047495275,0.777395154277495,0.822285337080177,0.854372158391463,0.870870553985734,0.876347875200412,0.875727435182818,0.870722723776195,0.865781288658959,0.863291980731457,0.861425534407206,0.865313472825704,0.877921795265104,0.894739310135774,0.907453532137827,0.922111157475124,0.941575304918772,0.959489686258357,0.974748148254188,0.985298496963175,0.987887143266918,0.978646197179483,0.962226455838393]},"SexRatio":{"countryName":"Ukraine","countryCode":804,"startYear":1970,"endYear":2023,"values":[0.48,0.48,0.48,0.48,0.48,0.48,0.48,0.48,0.48,0.48,0.48,0.48,0.48,0.48,0.48,0.48,0.48,0.512,0.544,0.572,0.6,0.626,0.654,0.676,0.698,0.72,0.738,0.754,0.77,0.786,0.798,0.808,0.818,0.824,0.83,0.834,0.836,0.84,0.84,0.84,0.84,0.84,0.84,0.84,0.84,0.76,0.76,0.76,0.76,0.76,0.76,0.76,0.76,0.76]},"PercNotBFNotRecARVs":{"countryName":"Ukraine","countryCode":804,"<2":9.0,"2-3":10.2,"4-5":33.0,"6-7":35.1,"8-9":43.4,"10-11":48.6,"12-13":75.3,"14-15":73.1,"16-17":86.1,"18-19":95.7,"20-21":95.7,"22-23":95.7,"24-25":100.0,"26-27":100.0,"28-29":100.0,"30-31":100.0,"32-33":100.0,"34-35":100.0},"PercNotBFRecARVs":{"countryName":"Ukraine","countryCode":804,"<2":100.0,"2-3":100.0,"4-5":100.0,"6-7":100.0,"8-9":100.0,"10-11":100.0,"12-13":100.0,"14-15":100.0,"16-17":100.0,"18-19":100.0,"20-21":100.0,"22-23":100.0,"24-25":100.0,"26-27":100.0,"28-29":100.0,"30-31":100.0,"32-33":100.0,"34-35":100.0},"LocalAdjustmentFactor":{"countryName":"Ukraine","countryCode":804,"value":1.45},"NewARTPatAllocation":{"countryName":"Ukraine","countryCode":804,"NewARTPatAllocationMethod":3.0,"ExpectedMortality":0.5,"ProportionEligible":0.5}}