{"countryCode":858,"subnatCode":0,"Incidence":{"countryName":"Uruguay","countryCode":858,"startYear":1970,"endYear":2022,"values":[0.0,0.0,0.0,0.0,0.0,0.0,0.0,1e-5,2e-5,5e-5,0.00014,0.00035,0.00085,0.00192,0.00395,0.00721,0.01126,0.01522,0.01857,0.02114,0.02297,0.02416,0.02489,0.02535,0.02579,0.02635,0.02709,0.02807,0.02927,0.03061,0.03206,0.03353,0.03497,0.03628,0.0375,0.03865,0.03962,0.04048,0.04123,0.04188,0.04245,0.04293,0.04334,0.04371,0.044,0.04424,0.04446,0.04462,0.04476,0.04488,0.04496,0.04506,0.04516]},"AdultARTMale":{"countryName":"Uruguay","countryCode":858,"startYear":2000,"endYear":2022,"values":[29.35832,32.09815,34.57402,36.9284,39.1284,41.27036,47.14929,48.54562,49.06736,36.40769,49.69208,42.53353,39.45736,57.3249,59.18092,55.31126,53.64776,55.3097,59.72328,57.5534,59.40697,64.07568,66.9535]},"AdultARTFemale":{"countryName":"Uruguay","countryCode":858,"startYear":2000,"endYear":2022,"values":[49.67117,53.18002,55.69598,57.44349,57.28467,56.5598,59.56418,58.04634,56.31393,43.16996,52.21665,42.44119,40.97186,51.97885,52.66768,57.9864,52.37973,58.03555,66.9841,74.00064,67.62628,80.57135,84.36932]},"MedianCD4AtInit":{"countryName":"Uruguay","countryCode":858,"startYear":2000,"endYear":2022,"values":[153.23653,151.81463,150.37347,148.69357,145.79783,142.89328,141.81526,140.62873,138.44823,183.35121,187.45416,225.95012,228.47103,259.31152,261.68906,265.72943,282.93507,282.34828,285.63485,297.70881,277.01234,298.79357,309.89718]},"PercLostToFollowup":{"countryName":"Uruguay","countryCode":858,"startYear":2000,"endYear":2022,"values":[5.0,5.0,5.0,5.0,5.0,5.0,5.0,5.0,5.0,5.0,5.0,5.0,5.0,5.0,5.0,5.0,5.0,5.0,5.0,5.0,5.0,5.0,5.0]},"ChildART":{"countryName":"Uruguay","countryCode":858,"startYear":2000,"endYear":2022,"values":[99.0,99.0,99.0,99.0,99.0,99.0,99.0,99.0,99.0,99.0,99.0,99.0,99.0,99.0,99.0,85.44001,95.61524,88.88669,79.45843,84.05005,87.45874,89.71305,86.80503]},"ChildCotrim":{"countryName":"Uruguay","countryCode":858,"startYear":2000,"endYear":2022,"values":[91.24744,89.00861,84.41094,79.65318,74.3258,68.06454,62.57481,57.81737,51.85478,47.74371,43.08441,40.55972,53.17972,44.85273,46.73398,36.6005,41.12773,32.3763,36.44007,27.6457,26.99315,26.28557,28.22349]},"PMTCTSingleDoseNevirapine":{"countryName":"Uruguay","countryCode":858,"startYear":2000,"endYear":2022,"values":[0.0,0.0,0.0,0.0,0.0,0.0,0.0,0.0,0.0,0.0,0.0,0.0,0.0,0.0,0.0,0.0,0.0,0.0,0.0,0.0,0.0,0.0,0.0]},"PMTCTDualARV":{"countryName":"Uruguay","countryCode":858,"startYear":2000,"endYear":2022,"values":[0.0,0.0,0.0,0.0,0.0,0.0,0.0,0.0,0.0,0.0,0.0,0.0,0.0,0.0,0.0,0.0,0.0,0.0,0.0,0.0,0.0,0.0,0.0]},"PMTCTOptA":{"countryName":"Uruguay","countryCode":858,"startYear":2000,"endYear":2022,"values":[4.245709123757904,5.509641873278237,6.7763794772507255,7.8,8.6,8.28193832599119,10.1,8.1,7.3,6.6,0.0,0.0,0.0,0.0,0.0,0.0,0.0,0.0,0.0,0.0,0.0,0.0,0.0]},"PMTCTOptB":{"countryName":"Uruguay","countryCode":858,"startYear":2000,"endYear":2022,"values":[95.30261969286359,93.1129476584022,90.9002904162633,86.7,81.7,87.84140969162996,71.9,80.1,72.4,67.2,72.6,80.8,83.7,32.9,0.0,0.0,0.0,0.0,0.0,0.0,0.0,0.0,0.0]},"PMTCTOptBPlusStartBefPreg":{"countryName":"Uruguay","countryCode":858,"startYear":2000,"endYear":2022,"values":[0.0,0.4591368227731864,0.9680542110358179,1.4,1.8,1.8502202643171806,2.4,2.8,3.1,3.4,3.6,4.2,4.1,16.8,28.6,26.6,33.3,60.2,54.2,42.2,42.0,42.4,47.6]},"PMTCTOptBPlusStartDurPregGT4Wks":{"countryName":"Uruguay","countryCode":858,"startYear":2000,"endYear":2022,"values":[0.45167118337850043,0.9182736455463728,1.355275895450145,1.7,2.0,2.0264317180616738,2.6,2.9,3.2,3.4,3.6,4.2,4.1,27.8,51.8,40.4,42.6,0.0,0.6,0.6,0.6,0.6,1.2]},"PMTCTOptBPlusStartDurPregLT4Wks":{"countryName":"Uruguay","countryCode":858,"startYear":2000,"endYear":2022,"values":[0.0,0.0,0.0,0.0,0.0,0.0,0.0,0.0,0.0,0.0,5.8,5.6,4.1,3.5,3.0,2.3,2.3,0.6,13.2,10.3,9.9,7.8,6.1]},"PMTCTPostnatalOptA":{"countryName":"Uruguay","countryCode":858,"startYear":2000,"endYear":2022,"values":[0.0,0.0,0.0,0.0,0.0,0.0,0.0,0.0,0.0,0.0,0.0,0.0,0.0,0.0,0.0,0.0,0.0,0.0,0.0,0.0,0.0,0.0,0.0]},"PMTCTPostnatalOptB":{"countryName":"Uruguay","countryCode":858,"startYear":2000,"endYear":2022,"values":[0.0,0.0,0.0,0.0,0.0,0.0,0.0,0.0,0.0,0.0,0.0,0.0,0.0,0.0,0.0,0.0,0.0,0.0,0.0,0.0,0.0,0.0,0.0]},"PercentHIVPopEligible":{"countryName":"Uruguay","countryCode":858,"TB\/HIV":5,"TB\/HIV Year":2009,"DC":40,"DC Year":2011,"FSW":2,"FSW Year":2015,"MSM":5,"MSM Year":2015,"IDU":0.5,"IDU Year":2015,"Other":10,"Other Year":2015},"AdultHIVPrev":{"countryName":"Uruguay","countryCode":858,"startYear":1970,"endYear":2022,"values":[0.0,0.0,0.0,0.0,0.0,0.0,0.0,1e-5,3e-5,8e-5,0.00021,0.00055,0.00137,0.00322,0.00701,0.01389,0.02448,0.03851,0.05517,0.07339,0.09227,0.11106,0.12934,0.14674,0.16325,0.179,0.19565,0.21344,0.23121,0.24929,0.26782,0.28691,0.30657,0.32604,0.34555,0.36544,0.3854,0.40555,0.42485,0.44223,0.45969,0.47805,0.494,0.51115,0.53052,0.54868,0.5657,0.58122,0.59653,0.61123,0.62448,0.63705,0.65062]},"SexRatio":{"countryName":"Uruguay","countryCode":858,"startYear":1970,"endYear":2022,"values":[0.35,0.35,0.35,0.35,0.35,0.35,0.35,0.35,0.35,0.35,0.35,0.36,0.37,0.37,0.38,0.39,0.39,0.4,0.4,0.41,0.42,0.42,0.43,0.43,0.44,0.44,0.45,0.45,0.46,0.46,0.46,0.47,0.47,0.48,0.48,0.48,0.49,0.49,0.49,0.5,0.5,0.5,0.51,0.51,0.51,0.51,0.52,0.52,0.52,0.52,0.52,0.52,0.52]},"PercNotBFNotRecARVs":{"countryName":"Uruguay","countryCode":858,"<2":43,"2-3":43,"4-5":43,"6-7":43,"8-9":46.71,"10-11":50.43,"12-13":54.14,"14-15":57.86,"16-17":61.57,"18-19":65.29,"20-21":69,"22-23":57,"24-25":86,"26-27":86,"28-29":86,"30-31":86,"32-33":86,"34-35":86},"PercNotBFRecARVs":{"countryName":"Uruguay","countryCode":858,"<2":100,"2-3":100,"4-5":100,"6-7":100,"8-9":100,"10-11":100,"12-13":100,"14-15":100,"16-17":100,"18-19":100,"20-21":100,"22-23":100,"24-25":100,"26-27":100,"28-29":100,"30-31":100,"32-33":100,"34-35":100},"LocalAdjustmentFactor":{"countryName":"Uruguay","countryCode":858,"value":1.32},"NewARTPatAllocation":{"countryName":"Uruguay","countryCode":858,"NewARTPatAllocationMethod":3,"ExpectedMortality":0.2,"ProportionEligible":0.8,"NotDefault":0}}