{"countryCode":840,"subnatCode":0,"Incidence":{"countryName":"United States","countryCode":840,"startYear":1970,"endYear":2023,"values":[0.0,0.0,0.0,0.0,0.0,0.0,0.0,1.36151330291656e-5,2.72639494250574e-5,9.55408153573734e-5,0.000560127836740903,0.00262784092582627,0.0115577173785068,0.0421389412685406,0.0965031014315636,0.10263370421287,0.082088833101549,0.0546981722034749,0.0401401174817124,0.0316359675486014,0.0282220314681989,0.0260999299778506,0.0250861584610831,0.0246098244222809,0.0244120768611098,0.0242921622710057,0.0242602879891491,0.0242917120392376,0.0243684881724147,0.0243633714163564,0.0243885929328161,0.0244322144621921,0.0244756568691151,0.0245251470778108,0.0244999114511024,0.0244714895112277,0.0244651172811226,0.0244595714684863,0.0244810643986583,0.0236098168042335,0.0229393585443153,0.0222573260488191,0.0221508610411627,0.0214274051063027,0.0215724080536961,0.0217013654355837,0.0217010926423369,0.0209394531480241,0.0206195725507998,0.0198497441440567,0.0196711351320409,0.019748571779086,0.0197500556841664,0.0197427976546921]},"AdultARTMale":{"countryName":"United States","countryCode":840,"startYear":2000,"endYear":2023,"values":[45.0,49.0,52.0,54.33333,56.66667,59.0,61.33333,63.66667,66.0,67.0,70.0,71.0,67.0,66.0,68.0,71.05556,74.11111,77.16667,78.58333,80.0,83.0,84.0,85.0,85.0]},"AdultARTFemale":{"countryName":"United States","countryCode":840,"startYear":2000,"endYear":2023,"values":[45.0,49.0,52.0,54.33333,56.66667,59.0,61.33333,63.66667,66.0,67.0,70.0,71.0,67.0,66.0,68.0,71.05556,74.11111,77.16667,77.0,78.5,83.0,84.0,85.0,85.0]},"PercLostToFollowup":{"countryName":"United States","countryCode":840,"startYear":2000,"endYear":2023,"values":[0.0,0.0,0.0,0.0,0.0,0.0,0.0,0.0,0.0,0.0,0.0,0.0,0.0,0.0,0.0,0.0,0.0,0.0,0.0,0.0,0.0,0.0,0.0,0.0]},"ChildART":{"countryName":"United States","countryCode":840,"startYear":2000,"endYear":2023,"values":[81.5705915748601,100.0,100.0,100.0,100.0,100.0,100.0,100.0,100.0,100.0,100.0,97.9410160750279,94.6158672001223,90.7803674569201,89.9262498215701,85.2093023803356,87.1206136609168,89.7394550187745,91.9984913246243,91.8157072924048,91.9255066016847,100.0,100.0,100.0]},"ChildCotrim":{"countryName":"United States","countryCode":840,"startYear":2000,"endYear":2023,"values":[0.0,0.0,0.0,0.0,0.0,0.0,0.0,0.0,0.0,0.0,0.0,0.0,0.0,0.0,0.0,0.0,0.0,0.0,0.0,0.0,0.0,0.0,0.0,0.0]},"PMTCTSingleDoseNevirapine":{"countryName":"United States","countryCode":840,"startYear":2000,"endYear":2023,"values":[0.0,0.0,0.0,0.0,0.0,0.0,0.0,0.0,0.0,0.0,0.0,0.0,0.0,0.0,0.0,0.0,0.0,0.0,0.0,0.0,0.0,0.0,0.0,0.0]},"PMTCTDualARV":{"countryName":"United States","countryCode":840,"startYear":2000,"endYear":2023,"values":[33.33333,45.0,50.0,0.0,0.0,0.0,0.0,0.0,0.0,0.0,0.0,0.0,0.0,0.0,0.0,0.0,0.0,0.0,0.0,0.0,0.0,0.0,0.0,0.0]},"PMTCTOptA":{"countryName":"United States","countryCode":840,"startYear":2000,"endYear":2023,"values":[0.0,0.0,0.0,0.0,0.0,0.0,0.0,0.0,0.0,0.0,0.0,0.0,0.0,0.0,0.0,0.0,0.0,0.0,0.0,0.0,0.0,0.0,0.0,0.0]},"PMTCTOptB":{"countryName":"United States","countryCode":840,"startYear":2000,"endYear":2023,"values":[0.0,0.0,0.0,0.0,0.0,0.0,0.0,0.0,0.0,0.0,0.0,0.0,0.0,0.0,0.0,0.0,0.0,0.0,0.0,0.0,0.0,0.0,0.0,0.0]},"PMTCTOptBPlusStartBefPreg":{"countryName":"United States","countryCode":840,"startYear":2000,"endYear":2023,"values":[0.0,0.0,0.0,0.0,0.0,0.0,0.0,0.0,0.0,0.0,0.0,88.0,90.0,92.0,94.0,93.0,92.0,93.0,92.0,90.0,93.0,93.0,93.0,93.0]},"PMTCTOptBPlusStartDurPregGT4Wks":{"countryName":"United States","countryCode":840,"startYear":2000,"endYear":2023,"values":[0.0,0.0,0.0,60.0,61.5,63.0,70.0,80.0,85.0,86.66667,88.33333,0.0,0.0,0.0,0.0,0.0,0.0,0.0,0.0,0.0,0.0,0.0,0.0,0.0]},"PMTCTOptBPlusStartDurPregLT4Wks":{"countryName":"United States","countryCode":840,"startYear":2000,"endYear":2023,"values":[0.0,0.0,0.0,0.0,0.0,0.0,0.0,0.0,0.0,0.0,0.0,0.0,0.0,0.0,0.0,0.0,0.0,0.0,0.0,0.0,0.0,0.0,0.0,0.0]},"AdultHIVPrev":{"countryName":"United States","countryCode":840,"startYear":1970,"endYear":2023,"values":[0.0,0.0,0.0,0.0,0.0,0.0,0.0,1.34804002798196e-5,3.99675765452505e-5,0.000133038627814319,0.000682977812814084,0.00326871845209484,0.0146367151128974,0.0559957153332255,0.149932045420744,0.246710810849348,0.319576929398889,0.361463311445163,0.38521662637206,0.396914787481679,0.401855429746403,0.40168843224693,0.397937378030972,0.391608685489926,0.383532349881572,0.377735131770551,0.375057595961676,0.376078167795961,0.383364496756738,0.391589203173792,0.398938585521475,0.406122574318096,0.413028912171091,0.419524242706753,0.425523924108247,0.431076504345489,0.43621844560392,0.440970186924073,0.445349977419493,0.448085486654578,0.449674592940271,0.449876783187078,0.450159196229378,0.449043862870801,0.447081814023654,0.444887663813931,0.443002203892599,0.440142186197684,0.436663108865817,0.432359123714027,0.428463662387096,0.425532268905276,0.422895226438261,0.420227171958485]},"SexRatio":{"countryName":"United States","countryCode":840,"startYear":1970,"endYear":2023,"values":[0.31497,0.31497,0.31497,0.31497,0.31497,0.31497,0.31497,0.31497,0.31497,0.31497,0.31497,0.31497,0.31497,0.31497,0.31497,0.31497,0.31497,0.31497,0.31497,0.31497,0.31497,0.31497,0.31497,0.31497,0.31497,0.31497,0.31497,0.3006,0.28623,0.27186,0.25749,0.24311,0.22874,0.21437,0.2,0.2,0.2,0.2,0.2,0.2,0.2,0.2,0.2,0.2,0.2,0.21,0.21,0.216,0.218,0.216,0.216,0.216,0.216,0.216]},"PercNotBFNotRecARVs":{"countryName":"United States","countryCode":840,"<2":100.0,"2-3":100.0,"4-5":100.0,"6-7":100.0,"8-9":100.0,"10-11":100.0,"12-13":100.0,"14-15":100.0,"16-17":100.0,"18-19":100.0,"20-21":100.0,"22-23":100.0,"24-25":100.0,"26-27":100.0,"28-29":100.0,"30-31":100.0,"32-33":100.0,"34-35":100.0},"PercNotBFRecARVs":{"countryName":"United States","countryCode":840,"<2":100.0,"2-3":100.0,"4-5":100.0,"6-7":100.0,"8-9":100.0,"10-11":100.0,"12-13":100.0,"14-15":100.0,"16-17":100.0,"18-19":100.0,"20-21":100.0,"22-23":100.0,"24-25":100.0,"26-27":100.0,"28-29":100.0,"30-31":100.0,"32-33":100.0,"34-35":100.0},"LocalAdjustmentFactor":{"countryName":"United States","countryCode":840,"value":1.0},"NewARTPatAllocation":{"countryName":"United States","countryCode":840,"NewARTPatAllocationMethod":3.0,"ExpectedMortality":0.485,"ProportionEligible":0.515}}