{"countryName":"Yemen","subnatCode":0,"Incidence":{"countryName":"Yemen","countryCode":887,"startYear":1970,"endYear":2022,"values":[0.0,0.00311,0.00062,0.00069,0.00076,0.00083,0.00092,0.00101,0.00109,0.00118,0.00127,0.00135,0.00144,0.00153,0.00163,0.00173,0.00184,0.00194,0.00205,0.00217,0.00229,0.00244,0.0026,0.00276,0.0029,0.00303,0.00314,0.00325,0.00336,0.00345,0.00356,0.00367,0.00376,0.00385,0.00395,0.00404,0.00413,0.00422,0.00426,0.00429,0.00435,0.00436,0.00443,0.00452,0.00455,0.00453,0.00455,0.00451,0.00448,0.00445,0.0044,0.00438,0.00434]},"AdultARTMale":{"countryName":"Yemen","countryCode":887,"startYear":2000,"endYear":2022,"values":[0.0,0.0,0.0,0.0,0.0,0.0,0.0,6.63174,16.28253,17.54179,26.57835,20.86312,22.18771,25.84225,18.83938,20.19139,24.03361,26.3812,28.9859,31.66809,33.21473,34.6114,38.92379]},"AdultARTFemale":{"countryName":"Yemen","countryCode":887,"startYear":2000,"endYear":2022,"values":[0.0,0.0,0.0,0.0,0.0,0.0,0.0,6.08361,15.85436,17.91828,31.50983,26.15845,27.67815,28.27803,21.79717,23.26152,27.31382,29.82825,31.7755,34.58161,35.94128,37.28721,41.07871]},"MedianCD4AtInit":{"countryName":"Yemen","countryCode":887,"startYear":2000,"endYear":2022,"values":[0.0,0.0,0.0,0.0,0.0,0.0,0.0,137.02917,138.00626,147.32606,149.15239,190.18872,194.13754,196.75791,295.69685,304.24849,298.53785,297.3668,293.8191,291.70652,290.99732,288.63689,286.89507]},"PercLostToFollowup":{"countryName":"Yemen","countryCode":887,"startYear":2000,"endYear":2022,"values":[0.0,0.0,0.0,0.0,0.0,0.0,0.0,0.0,0.0,0.0,0.0,0.0,0.0,0.0,0.0,0.0,0.0,0.0,0.0,0.0,0.0,0.0,0.0]},"ChildART":{"countryName":"Yemen","countryCode":887,"startYear":2000,"endYear":2022,"values":[0.0,0.0,0.0,0.0,0.0,0.0,0.0,0.0,0.0,18.14233,25.63842,31.00571,28.8899,29.56682,31.14069,33.44011,35.04283,36.24556,38.1386,40.62248,39.09905,39.3574,42.21934]},"ChildCotrim":{"countryName":"Yemen","countryCode":887,"startYear":2000,"endYear":2022,"values":[0.0,0.0,0.0,0.0,0.0,0.0,0.0,0.0,0.0,14.18915,17.15561,22.04737,20.69811,21.69319,55.85132,53.85439,120.22532,21.43613,21.79824,23.89103,23.39417,24.02828,25.5992]},"PMTCTSingleDoseNevirapine":{"countryName":"Yemen","countryCode":887,"startYear":2000,"endYear":2022,"values":[0.0,0.0,0.0,0.0,0.0,0.0,0.0,0.73386,1.03929,0.0,0.0,0.0,0.0,0.0,0.0,0.0,0.0,0.0,0.0,0.0,0.0,0.0,0.0]},"PMTCTDualARV":{"countryName":"Yemen","countryCode":887,"startYear":2000,"endYear":2022,"values":[0.0,0.0,0.0,0.0,0.0,0.0,0.0,0.0,0.0,2.61035,3.67597,0.0,0.0,0.0,0.0,0.0,0.0,0.0,0.0,0.0,0.0,0.0,0.0]},"PMTCTOptA":{"countryName":"Yemen","countryCode":887,"startYear":2000,"endYear":2022,"values":[0.0,0.0,0.0,0.0,0.0,0.0,0.0,0.0,0.0,0.0,0.61266,0.0,0.0,0.0,0.0,0.0,0.0,0.0,0.0,0.0,0.0,0.0,0.0]},"PMTCTOptB":{"countryName":"Yemen","countryCode":887,"startYear":2000,"endYear":2022,"values":[0.0,0.0,0.0,0.0,0.0,0.0,0.0,0.0,0.0,3.91552,4.28863,2.87356,5.44402,6.75834,0.0,0.0,0.0,0.0,0.0,0.0,0.0,0.0,0.0]},"PMTCTOptBPlusStartBefPreg":{"countryName":"Yemen","countryCode":887,"startYear":2000,"endYear":2022,"values":[0.0,0.0,0.0,0.0,0.0,0.0,0.0,0.0,0.0,0.0,0.0,0.0,0.0,0.0,0.0,0.0,0.0,0.90045,0.87779,1.71704,1.68474,3.73584,16.37288]},"PMTCTOptBPlusStartDurPregGT4Wks":{"countryName":"Yemen","countryCode":887,"startYear":2000,"endYear":2022,"values":[0.0,0.0,0.0,0.0,0.0,0.0,0.0,0.0,0.0,0.0,0.0,0.0,0.0,0.0,4.97837,2.39653,0.0,2.25114,2.19447,5.15113,1.68474,3.32075,7.3678]},"PMTCTOptBPlusStartDurPregLT4Wks":{"countryName":"Yemen","countryCode":887,"startYear":2000,"endYear":2022,"values":[0.0,0.0,0.0,0.0,0.0,0.0,0.0,0.0,0.0,0.0,0.0,0.0,0.0,0.0,0.0,0.0,0.0,0.0,0.0,0.0,0.0,0.0,0.0]},"PMTCTPostnatalOptA":{"countryName":"Yemen","countryCode":887,"startYear":2000,"endYear":2022,"values":[0.0,0.0,0.0,0.0,0.0,0.0,0.0,0.0,0.0,2.67843,3.80104,0.0,0.0,0.0,0.0,0.0,0.0,0.0,0.0,0.0,0.0,0.0,0.0]},"PMTCTPostnatalOptB":{"countryName":"Yemen","countryCode":887,"startYear":2000,"endYear":2022,"values":[0.0,0.0,0.0,0.0,0.0,0.0,0.0,0.0,0.0,0.0,0.0,7.18123,5.67044,2.71037,0.0,0.0,0.0,0.0,0.0,0.0,0.0,0.0,0.0]},"PercentHIVPopEligible":{"countryName":"Yemen","countryCode":887,"TB\/HIV":5,"TB\/HIV Year":2009,"DC":40,"DC Year":2011,"FSW":2,"FSW Year":2015,"MSM":5,"MSM Year":2015,"IDU":0.5,"IDU Year":2015,"Other":10,"Other Year":2015},"AdultHIVPrev":{"countryName":"Yemen","countryCode":887,"startYear":1970,"endYear":2022,"values":[0.0,0.00302,0.00342,0.00384,0.00427,0.00472,0.0052,0.00571,0.00624,0.00679,0.00734,0.00788,0.00846,0.00907,0.00973,0.01043,0.01114,0.01187,0.01262,0.01343,0.01428,0.01531,0.01642,0.01757,0.0187,0.01976,0.02067,0.02155,0.02239,0.02323,0.02407,0.02492,0.02577,0.0266,0.02744,0.02829,0.02917,0.03015,0.03128,0.03251,0.03385,0.03526,0.03665,0.03806,0.03948,0.04081,0.04206,0.04324,0.04433,0.04534,0.04626,0.04707,0.04783]},"SexRatio":{"countryName":"Yemen","countryCode":887,"startYear":1970,"endYear":2022,"values":[0.41,0.41,0.41,0.41,0.41,0.41,0.41,0.41,0.41,0.41,0.41,0.42,0.42,0.42,0.43,0.43,0.43,0.44,0.44,0.45,0.45,0.45,0.46,0.46,0.46,0.47,0.47,0.47,0.48,0.48,0.48,0.49,0.49,0.49,0.49,0.5,0.5,0.5,0.51,0.51,0.51,0.51,0.52,0.52,0.52,0.52,0.53,0.53,0.53,0.53,0.53,0.53,0.53]},"PercNotBFNotRecARVs":{"countryName":"Yemen","countryCode":887,"<2":6.3,"2-3":5.5,"4-5":8.2,"6-7":8.7,"8-9":18.5,"10-11":21,"12-13":25.2,"14-15":32,"16-17":33.1,"18-19":38.6,"20-21":53.3,"22-23":56.5,"24-25":72.9,"26-27":77.8,"28-29":86.5,"30-31":84.4,"32-33":83.5,"34-35":83.3},"PercNotBFRecARVs":{"countryName":"Yemen","countryCode":887,"<2":6.3,"2-3":5.5,"4-5":8.2,"6-7":8.7,"8-9":18.5,"10-11":21,"12-13":25.2,"14-15":32,"16-17":33.1,"18-19":38.6,"20-21":53.3,"22-23":56.5,"24-25":72.9,"26-27":77.8,"28-29":86.5,"30-31":84.4,"32-33":83.5,"34-35":83.3},"LocalAdjustmentFactor":{"countryName":"Yemen","countryCode":887,"nan":1},"NewARTPatAllocation":{"countryName":"Yemen","countryCode":887,"NewARTPatAllocationMethod":3,"ExpectedMortality":0.2,"ProportionEligible":0.8,"NotDefault":0}}