{"countryName":"South Africa","subnatCode":0,"Incidence":{"countryName":"South Africa","countryCode":710,"startYear":1970,"endYear":2020,"values":[0.0,0.00177,0.00353,0.00529,0.00706,0.00882,0.01059,0.01235,0.01412,0.01588,0.01765,0.01941,0.02118,0.02294,0.02471,0.02647,0.02823,0.03,0.07,0.15,0.31,0.53001,0.81,1.11986,1.40977,1.65958,1.85917,2.01835,2.13943,2.19914,2.19927,2.15975,2.09055,2.00039,1.93076,1.86101,1.79112,1.73098,1.65918,1.6089,1.54877,1.48891,1.4089,1.29938,1.21934,1.13931,1.07933,1.0094,0.91937,0.84935,0.77937]},"AdultARTMale":{"countryName":"South Africa","countryCode":710,"startYear":2000,"endYear":2020,"values":[0.41975,1.15399,1.86357,2.61567,3.68274,5.68702,10.45665,18.44583,27.76467,36.65838,33.02837,42.38125,51.28813,54.68046,59.09161,52.69445,48.46511,52.52284,55.74674,59.51486,63.39256]},"AdultARTFemale":{"countryName":"South Africa","countryCode":710,"startYear":2000,"endYear":2020,"values":[2.01742,5.11648,7.6547,10.04001,13.26414,19.18453,32.70639,52.48583,71.08217,85.08262,64.14344,78.54262,91.11334,81.49487,84.62247,71.6841,63.18028,67.69241,70.95684,74.54844,78.15105]},"MedianCD4AtInit":{"countryName":"South Africa","countryCode":710,"startYear":2000,"endYear":2020,"values":[0.0,0.0,0.0,0.0,0.0,0.0,0.0,0.0,0.0,0.0,0.0,0.0,0.0,0.0,0.0,0.0,0.0,0.0,0.0,0.0,0.0]},"PercLostToFollowup":{"countryName":"South Africa","countryCode":710,"startYear":2000,"endYear":2020,"values":[0.0,0.0,0.0,0.0,0.0,0.0,0.0,0.0,0.0,0.0,0.0,0.0,0.0,0.0,0.0,0.0,0.0,0.0,0.0,0.0,0.0]},"ChildART":{"countryName":"South Africa","countryCode":710,"startYear":2000,"endYear":2020,"values":[0.0,1.02407,1.9611,2.86589,3.84657,11.26421,17.2797,21.20314,28.02669,32.39392,41.43391,51.05303,56.28374,61.76324,62.6563,51.36222,44.87785,46.21393,47.50737,48.48764,48.78509]},"ChildCotrim":{"countryName":"South Africa","countryCode":710,"startYear":2000,"endYear":2020,"values":[0.0,0.0,0.0,0.0,0.0,2.57469,12.47453,22.09162,31.55172,26.9884,22.81084,28.32951,29.8078,31.45598,35.26931,33.07214,32.55671,33.42866,34.83488,36.36356,80.0]},"PMTCTSingleDoseNevirapine":{"countryName":"South Africa","countryCode":710,"startYear":2000,"endYear":2020,"values":[0.30628,1.25025,3.39922,7.30363,13.95215,21.26241,26.74318,33.2953,37.0494,29.16033,13.34558,4.44085,2.97689,3.60273,4.60936,4.31125,3.40116,2.38532,1.80695,1.55401,1.31615]},"PMTCTDualARV":{"countryName":"South Africa","countryCode":710,"startYear":2000,"endYear":2020,"values":[0.0,0.0,0.0,0.0,0.10049,0.77362,2.00122,3.12556,7.42628,21.7264,38.18285,41.11844,35.43892,25.17013,11.33525,2.62362,0.0,0.0,0.0,0.0,0.0]},"PMTCTOptA":{"countryName":"South Africa","countryCode":710,"startYear":2000,"endYear":2020,"values":[0.0,0.0,0.0,0.0,0.0,0.0,0.0,0.0,0.0,0.0,0.0,0.0,0.0,0.0,0.0,0.0,0.0,0.0,0.0,0.0,0.0]},"PMTCTOptB":{"countryName":"South Africa","countryCode":710,"startYear":2000,"endYear":2020,"values":[0.0,0.0,0.0,0.0,0.0,0.0,0.0,0.0,0.0,0.0,0.0,0.0,0.0,0.0,0.0,0.0,0.0,0.0,0.0,0.0,0.0]},"PMTCTOptBPlusStartBefPreg":{"countryName":"South Africa","countryCode":710,"startYear":2000,"endYear":2020,"values":[0.0,0.16501,0.48118,0.78295,1.08647,1.72579,2.84485,5.03333,8.57788,13.11254,18.92547,24.78998,30.39111,40.1891,45.19224,49.25944,53.94243,56.94418,64.67104,71.59079,66.59606]},"PMTCTOptBPlusStartDurPregGT4Wks":{"countryName":"South Africa","countryCode":710,"startYear":2000,"endYear":2020,"values":[0.0,0.01397,0.04449,0.09256,0.22238,0.82075,1.84957,3.34963,5.13563,6.80926,11.01074,18.61395,21.39625,27.0504,34.93679,39.74335,38.70071,32.42614,27.56053,22.12466,28.69008]},"PMTCTOptBPlusStartDurPregLT4Wks":{"countryName":"South Africa","countryCode":710,"startYear":2000,"endYear":2020,"values":[0.0,0.0031,0.01112,0.02325,0.05529,0.205,0.46157,0.83545,1.28103,1.69876,2.74685,3.17831,2.6963,3.40894,3.92636,4.06234,3.9557,3.31453,2.81718,2.26148,1.46231]},"PMTCTPostnatalOptA":{"countryName":"South Africa","countryCode":710,"startYear":2000,"endYear":2020,"values":[0.0,0.0,0.0,0.0,0.0,0.0,0.0,0.0,0.0,0.0,0.0,0.0,0.0,0.0,0.0,0.0,0.0,0.0,0.0,0.0,0.0]},"PMTCTPostnatalOptB":{"countryName":"South Africa","countryCode":710,"startYear":2000,"endYear":2020,"values":[0.0,0.0,0.0,0.0,0.0,0.0,0.0,0.0,0.0,0.0,0.0,0.0,0.0,0.0,0.0,0.0,0.0,0.0,0.0,0.0,0.0]},"PercentHIVPopEligible":{"countryName":"South Africa","countryCode":710,"TB\/HIV":6.06,"TB\/HIV Year":2013,"DC":19.7,"DC Year":2011,"FSW":0.7,"FSW Year":2015,"MSM":1.6,"MSM Year":2015,"IDU":0.7,"IDU Year":2015,"Other":10,"Other Year":2015},"AdultHIVPrev":{"countryName":"South Africa","countryCode":710,"startYear":1970,"endYear":2020,"values":[0.0,0.00171,0.00505,0.00993,0.01625,0.02388,0.03272,0.04267,0.0536,0.0654,0.07797,0.09125,0.10501,0.11921,0.13376,0.1486,0.16321,0.17899,0.23214,0.35996,0.63623,1.1068,1.80829,2.77315,3.94768,5.26994,6.66859,8.16626,9.57619,10.91621,12.13329,13.19653,14.06992,14.80031,15.39118,15.86047,16.23828,16.52153,16.89245,17.29345,17.69458,18.06595,18.43181,18.72685,18.98009,19.17018,19.31692,19.38787,19.38029,19.29863,19.11532]},"SexRatio":{"countryName":"South Africa","countryCode":710,"startYear":1970,"endYear":2020,"values":[0.24,0.30812,0.37625,0.44438,0.5125,0.58062,0.64875,0.71688,0.785,0.85313,0.92125,0.98938,1.0575,1.12563,1.19375,1.26188,1.11956,0.9818,0.96491,0.97719,1.00768,1.0551,1.11358,1.18606,1.25271,1.30864,1.35596,1.38069,1.39796,1.42153,1.44954,1.47907,1.50716,1.53183,1.55101,1.56639,1.57836,1.58801,1.60037,1.61273,1.64293,1.68104,1.70431,1.72602,1.74536,1.79225,1.87416,1.97094,2.05626,2.10776,2.1601]},"PercNotBFNotRecARVs":{"countryName":"South Africa","countryCode":710,"<2":48.21799,"2-3":48.24829,"4-5":48.54747,"6-7":49.76823,"8-9":52.92003,"10-11":58.74218,"12-13":66.73794,"14-15":75.1841,"16-17":82.4481,"18-19":87.89974,"20-21":91.69463,"22-23":94.25136,"24-25":95.96168,"26-27":97.11347,"28-29":97.89965,"30-31":98.44513,"32-33":98.83013,"34-35":99.10649},"PercNotBFRecARVs":{"countryName":"South Africa","countryCode":710,"<2":59.4,"2-3":59.76,"4-5":61.13,"6-7":63.93,"8-9":68.09,"10-11":73.03,"12-13":77.99,"14-15":82.44,"16-17":86.14,"18-19":89.07,"20-21":91.35,"22-23":93.1,"24-25":94.45,"26-27":95.49,"28-29":96.3,"30-31":96.93,"32-33":97.44,"34-35":97.84},"LocalAdjustmentFactor":{"countryName":"South Africa","countryCode":710,"value":1.25}}