{"countryCode":894,"subnatCode":0,"Incidence":{"countryName":"Zambia","countryCode":894,"startYear":1970,"endYear":2023,"values":[0.0,0.0,0.0,0.0,0.0,0.0,0.0333916409387707,0.0233959988544002,0.0374256943229564,0.0598456659659651,0.0958087182295724,0.151777392568817,0.239246895127227,0.368521921206451,0.559274419797871,0.820943916730868,1.18596258752981,1.57551528346692,1.98476657733249,2.35817463032198,2.55856090402705,2.61066230156383,2.54467640680351,2.38355353507773,2.24528259079745,1.98328350809529,1.82620138187297,1.67132875215926,1.56481589310725,1.49290853276332,1.40840979957125,1.36079133335318,1.29086876117894,1.23659620134665,1.16427496483245,1.1203427663412,1.05734607814365,0.998081539749028,0.903532900638216,0.889183171576535,0.921047805744221,0.919757785051844,0.934657858539894,0.936553833297264,0.909188234735822,0.864175929153822,0.838558694933438,0.864851156556146,0.811599947952951,0.646529589368633,0.479807824796004,0.35912542599564,0.288112705067394,0.209215068118653]},"AdultARTMale":{"countryName":"Zambia","countryCode":894,"startYear":2000,"endYear":2023,"values":[0.0,0.0,0.0607158718068327,6.33004467591584,11.8188408424476,19.1530461409639,27.1342824901325,47.6986672010281,58.2070977429119,52.6210887968471,59.518004774308,68.348127017433,77.4147905337022,67.8718910545952,66.4585575685723,72.5614141086995,66.5498783796239,66.4606116433366,72.7037937589647,80.1115691876941,88.1812551859061,89.1988952323759,94.8443274695327,94.2795387331903]},"AdultARTFemale":{"countryName":"Zambia","countryCode":894,"startYear":2000,"endYear":2023,"values":[0.0,0.0,0.0580449967639771,6.03893163636806,11.3209771656124,18.4906331870522,26.377425784559,46.724835825499,59.742653792167,50.8908304242103,58.4190294332836,66.4985991923955,67.4875378398692,58.5994703637601,63.9327223236511,70.645968505224,66.9293730759571,69.9784134972043,77.3893636045298,83.3960684651344,89.5551400872436,90.6335915548867,95.5399057000315,96.9662952419333]},"PercLostToFollowup":{"countryName":"Zambia","countryCode":894,"startYear":2000,"endYear":2023,"values":[5.0,5.0,5.0,5.0,5.0,5.0,5.0,5.0,5.0,5.0,5.0,5.0,5.0,5.0,5.0,5.0,5.0,5.0,5.0,5.0,5.0,4.0,3.0,2.0]},"ChildART":{"countryName":"Zambia","countryCode":894,"startYear":2000,"endYear":2023,"values":[0.0,0.0,0.0,0.0,0.0,21.9716735188652,30.0318597739456,40.630957752024,60.3258374244738,66.0097856669235,55.7418974888943,62.688803895991,72.8832548708766,82.9500872534476,90.8007352766383,100.0,65.2487696463809,61.245661657041,56.9410075615945,63.3038150389653,70.6405023045646,68.1203784546207,73.0439778407902,71.474666093925]},"ChildCotrim":{"countryName":"Zambia","countryCode":894,"startYear":2000,"endYear":2023,"values":[0.0,0.0,0.0,0.0,0.0,0.0,0.0,0.0,0.36772077728676,19.8840984449446,24.9170057538148,26.1124030837349,28.7061573920479,29.0472061062566,27.7682179501216,32.7938305030149,24.1991673937545,25.911277399887,24.626655640256,29.6426486990875,29.943358491679,26.3101116730884,27.2959200934906,29.0289623821756]},"PMTCTSingleDoseNevirapine":{"countryName":"Zambia","countryCode":894,"startYear":2000,"endYear":2023,"values":[0.0,0.0,0.0,0.0,0.0,2.48804148621248,5.3452587820017,7.11801414751808,7.81528656663361,11.0000268932508,17.0516547639469,15.2155772884498,14.2541175095283,11.6444897595795,12.3016794667002,9.66729790947235,2.55336310073555,0.0,0.0,0.0,0.0,0.0,0.0,0.0]},"PMTCTDualARV":{"countryName":"Zambia","countryCode":894,"startYear":2000,"endYear":2023,"values":[0.0,0.0,0.0,0.0,0.0,4.45152089241517,12.1619536608559,16.6188828165229,15.826354851961,22.5839863475494,28.2745170568521,27.2656525357335,28.2792225540488,30.2355460694934,30.9949654820009,18.0721102075675,1.39844597569187,0.0,0.0,0.0,0.0,0.0,0.0,0.0]},"PMTCTOptA":{"countryName":"Zambia","countryCode":894,"startYear":2000,"endYear":2023,"values":[0.0,0.0,0.0,0.0,0.0,0.0,0.0,0.0,0.0,0.0,0.0,0.0,0.0,0.0,0.0,0.0,0.0,0.0,0.0,0.0,0.0,0.0,0.0,0.0]},"PMTCTOptB":{"countryName":"Zambia","countryCode":894,"startYear":2000,"endYear":2023,"values":[0.0,0.0,0.0,0.0,0.0,0.0,0.0,0.0,0.0,0.0,0.0,0.0,0.0,0.0,0.0,0.0,0.0,0.0,0.0,0.0,0.0,0.0,0.0,0.0]},"PMTCTOptBPlusStartBefPreg":{"countryName":"Zambia","countryCode":894,"startYear":2000,"endYear":2023,"values":[0.0,0.0,0.0,0.0,0.0,2.68293806929913,7.48870549850604,9.74730063233806,9.42349354161829,14.5943685359164,12.4685473728369,15.6658675484089,16.977457405913,18.5077732232068,25.4385188238002,32.0652779324942,38.7745898035831,40.5885032249698,45.2243726327283,53.8184071369071,64.2159701920773,70.0982940759584,70.1283305641518,69.0897724495192]},"PMTCTOptBPlusStartDurPregGT4Wks":{"countryName":"Zambia","countryCode":894,"startYear":2000,"endYear":2023,"values":[0.0,0.0,0.0,0.0,0.0,3.64705414520646,9.08139121786448,12.490638273742,15.9502167556244,22.082909082326,24.0559528737973,25.3721242630846,26.4471228339862,27.2051773918135,28.7208476723311,40.195313950466,43.6008888437017,46.8696216694037,46.7783569419743,33.5196844182567,28.1577509995477,24.7608824648641,24.3227960061885,24.2369868650853]},"PMTCTOptBPlusStartDurPregLT4Wks":{"countryName":"Zambia","countryCode":894,"startYear":2000,"endYear":2023,"values":[0.0,0.0,0.0,0.0,0.0,0.0,0.0,0.0,0.0,0.0,0.0,0.0,0.0,0.0,0.0,0.0,0.0,0.0,0.0,0.0,0.0,0.0,0.0,0.0]},"AdultHIVPrev":{"countryName":"Zambia","countryCode":894,"startYear":1970,"endYear":2023,"values":[0.0,0.0,0.0,0.0,0.0,0.0,0.0322845358133578,0.0525750354713257,0.0847126347106596,0.13584802524421,0.217630187165829,0.347239592638611,0.551763770962155,0.863622126008893,1.33175019346551,2.00938368718069,2.97371526227945,4.21079067355131,5.70343829851957,7.38025932354086,9.05284954053361,10.5834582090337,11.8768477085369,12.8748862464854,13.6252411660082,14.0522245530758,14.2655265139598,14.2903053849515,14.181864861255,13.9950316166133,13.7326024415599,13.4466729913104,13.1160058277036,12.8108080779194,12.5342562135101,12.3129298806576,12.1237360380254,12.0139234507024,11.9399642999357,11.9057105962015,11.9152313901415,11.9351815473253,11.9822591153536,12.0307176154364,12.0495765782286,12.0230216260576,11.9835918183755,11.9681702389842,11.8913640277307,11.6572811473767,11.2786965453096,10.8158023148352,10.3212441486431,9.78445798481781]},"SexRatio":{"countryName":"Zambia","countryCode":894,"startYear":1970,"endYear":2023,"values":[0.26384,0.26384,0.26384,0.26384,0.26384,0.37378,0.48371,0.58266,0.6816,0.76955,0.86849,0.94544,1.0224,1.09935,1.16531,1.22028,1.27525,1.33021,1.37419,1.40717,1.44015,1.46214,1.48412,1.49512,1.50611,1.5171,1.5171,1.5171,1.5171,1.5171,1.5171,1.5171,1.5171,1.5171,1.5171,1.5171,1.5171,1.5171,1.5171,1.5171,1.5171,1.57207,1.62704,1.68201,1.73697,1.79194,1.84691,1.90188,1.95684,2.01181,2.06678,2.06678,2.06678,2.06678]},"PercNotBFNotRecARVs":{"countryName":"Zambia","countryCode":894,"<2":8.49447,"2-3":8.49453,"4-5":8.49832,"6-7":8.55142,"8-9":8.91904,"10-11":10.57419,"12-13":15.94511,"14-15":28.44807,"16-17":48.00616,"18-19":67.91654,"20-21":82.15777,"22-23":90.42373,"24-25":94.82531,"26-27":97.13167,"28-29":98.35927,"30-31":99.03108,"32-33":99.4103,"34-35":99.63101},"PercNotBFRecARVs":{"countryName":"Zambia","countryCode":894,"<2":8.49447,"2-3":8.49453,"4-5":8.49832,"6-7":8.55142,"8-9":8.91904,"10-11":10.57419,"12-13":15.94511,"14-15":28.44807,"16-17":48.00616,"18-19":67.91654,"20-21":82.15777,"22-23":90.42373,"24-25":94.82531,"26-27":97.13167,"28-29":98.35927,"30-31":99.03108,"32-33":99.4103,"34-35":99.63101},"LocalAdjustmentFactor":{"countryName":"Zambia","countryCode":894,"value":0.73019},"NewARTPatAllocation":{"countryName":"Zambia","countryCode":894,"NewARTPatAllocationMethod":3.0,"ExpectedMortality":0.2,"ProportionEligible":0.8}}