{"countryCode":716,"subnatCode":0,"Incidence":{"countryName":"Zimbabwe","countryCode":716,"startYear":1970,"endYear":2022,"values":[0.0,0.0,0.0,0.0,0.0,0.0,0.023,0.02046,0.03692,0.06444,0.10386,0.19336,0.32805,0.55229,0.89871,1.40344,2.09765,2.96993,3.8673,4.561,5.02698,5.12026,4.93874,4.54717,4.03126,3.49161,3.04798,2.63154,2.3555,2.12462,1.93088,1.80509,1.67458,1.56806,1.49083,1.39095,1.29697,1.23007,1.17065,1.10236,1.07058,0.88451,0.84258,0.77424,0.69558,0.62786,0.52281,0.4063,0.30479,0.2472,0.20691,0.17969,0.16317]},"AdultARTMale":{"countryName":"Zimbabwe","countryCode":716,"startYear":2000,"endYear":2022,"values":[0.0,0.0,0.0,0.0,2.52909,5.35845,11.96504,20.01048,30.06398,31.12592,42.97256,52.05052,60.19937,67.08078,66.56145,73.34851,71.14364,83.13025,89.02294,96.13846,99.0,99.0,99.0]},"AdultARTFemale":{"countryName":"Zimbabwe","countryCode":716,"startYear":2000,"endYear":2022,"values":[0.0,0.0,0.0,0.0,2.21287,5.77224,11.36004,18.89069,27.07487,29.49638,49.9045,66.82445,73.08802,63.93189,70.95205,75.38309,75.88466,85.29654,89.25091,93.2407,95.95962,96.63455,99.0]},"MedianCD4AtInit":{"countryName":"Zimbabwe","countryCode":716,"startYear":2000,"endYear":2022,"values":[0.0,0.0,0.0,0.0,130.86434,130.82621,130.21113,129.94398,129.71972,167.79458,177.11568,185.25082,193.33329,251.81711,281.00888,273.55131,326.00899,329.5167,335.2545,351.25379,381.54849,392.8806,425.19997]},"PercLostToFollowup":{"countryName":"Zimbabwe","countryCode":716,"startYear":2000,"endYear":2022,"values":[0.0,0.0,0.0,0.0,0.3,1.77,2.27,2.47,2.67,2.87,3.07,3.28,3.48,3.68,3.88,4.08,4.28,4.52,4.73,4.75,4.76,4.76,4.76]},"ChildART":{"countryName":"Zimbabwe","countryCode":716,"startYear":2000,"endYear":2022,"values":[0.0,0.0,0.0,0.0,1.52167,3.58626,13.37657,16.15988,24.13627,36.24248,39.16655,49.006,60.06765,60.55572,73.52384,80.46018,90.70255,100.10565,81.12307,98.29657,99.32642,99.44859,107.08203]},"ChildCotrim":{"countryName":"Zimbabwe","countryCode":716,"startYear":2000,"endYear":2022,"values":[0.0,0.0,65.10085,64.8983,60.98881,66.02431,68.23186,69.17148,69.87516,70.01182,71.10602,72.75197,72.95772,73.22433,83.74816,84.26166,83.28664,98.41416,98.0324,98.30597,98.1143,96.98706,96.44718]},"PMTCTSingleDoseNevirapine":{"countryName":"Zimbabwe","countryCode":716,"startYear":2000,"endYear":2022,"values":[0.0,0.0,1.52027,8.05639,7.07565,11.24051,13.8109,22.38832,36.03462,33.42696,26.30967,4.33474,5.67242,3.92352,0.75131,0.0,0.0,0.0,0.0,0.0,0.0,0.0,0.0]},"PMTCTDualARV":{"countryName":"Zimbabwe","countryCode":716,"startYear":2000,"endYear":2022,"values":[0.0,0.0,0.4141,0.05535,0.0,0.0,0.0,0.0,0.84627,8.97937,23.98943,0.0,0.0,0.0,0.0,0.0,0.0,0.0,0.0,0.0,0.0,0.0,0.0]},"PMTCTOptA":{"countryName":"Zimbabwe","countryCode":716,"startYear":2000,"endYear":2022,"values":[0.0,0.0,0.0,0.0,0.0,0.0,0.0,0.0,0.0,0.0,0.0,35.35926,49.97558,38.79413,4.58688,0.0,0.0,0.0,0.0,0.0,0.0,0.0,0.0]},"PMTCTOptB":{"countryName":"Zimbabwe","countryCode":716,"startYear":2000,"endYear":2022,"values":[0.0,0.0,0.0,0.0,0.0,0.0,0.0,0.0,0.0,0.0,0.0,0.0,0.0,0.0,0.0,0.0,0.0,0.0,0.0,0.0,0.0,0.0,0.0]},"PMTCTOptBPlusStartBefPreg":{"countryName":"Zimbabwe","countryCode":716,"startYear":2000,"endYear":2022,"values":[0.0,0.0,0.0,0.0,0.0,0.0,0.0,0.0,0.0,0.0,0.0,5.42291,17.08771,23.9585,31.2606,39.03528,47.20815,56.94046,63.433989043398896,67.35760020000001,69.77668,66.97634,66.38519]},"PMTCTOptBPlusStartDurPregGT4Wks":{"countryName":"Zimbabwe","countryCode":716,"startYear":2000,"endYear":2022,"values":[0.0,0.0,0.0,0.0,0.0,0.0,0.0,0.0,0.01305,1.25971,5.69215,8.79637,10.09182,13.55005,45.34734,43.08374,36.80347,33.04014,23.20367182036718,21.4707042,19.67467,20.01849,24.42599]},"PMTCTOptBPlusStartDurPregLT4Wks":{"countryName":"Zimbabwe","countryCode":716,"startYear":2000,"endYear":2022,"values":[0.0,0.0,0.0,0.0,0.0,0.0,0.0,0.0,0.0,0.0,0.0,0.0,0.0,0.0,3.08282,3.34541,8.08823,7.93229,12.362339136233912,10.1716956,8.54705,8.58197,4.24837]},"PMTCTPostnatalOptA":{"countryName":"Zimbabwe","countryCode":716,"startYear":2000,"endYear":2022,"values":[0.0,0.0,0.0,0.0,0.0,0.0,0.0,0.0,0.0,0.0,0.0,35.31838,49.854,38.72442,4.51315,0.0,0.0,0.0,0.15823,0.0,0.0,0.0,0.0]},"PMTCTPostnatalOptB":{"countryName":"Zimbabwe","countryCode":716,"startYear":2000,"endYear":2022,"values":[0.0,0.0,0.0,0.0,0.0,0.0,0.0,0.0,0.0,0.0,0.0,0.0,0.0,0.0,0.0,0.57247,0.0,0.0,0.0,0.0,0.0,0.0,0.0]},"PercentHIVPopEligible":{"countryName":"Zimbabwe","countryCode":716,"TB\/HIV":4.1,"TB\/HIV Year":2010,"DC":11,"DC Year":2014,"FSW":0.4,"FSW Year":2014,"MSM":0.8,"MSM Year":2014,"IDU":0.1,"IDU Year":2014,"Other":10,"Other Year":2014},"AdultHIVPrev":{"countryName":"Zimbabwe","countryCode":716,"startYear":1970,"endYear":2022,"values":[0.0,0.0,0.0,0.0,0.0,0.0,0.02228,0.04023,0.07159,0.12805,0.22968,0.39981,0.68863,1.16778,1.94328,3.13612,4.85972,7.18933,10.05092,13.18314,16.30434,19.10295,21.3525,22.90112,23.88677,24.35334,24.26152,23.80658,23.15757,22.38662,21.50132,20.59128,19.67584,18.862,18.12041,17.43159,16.7991,16.27522,15.87296,15.54852,15.34711,15.11062,14.88068,14.62339,14.31967,13.98115,13.56633,13.07623,12.53854,11.9966,11.44759,10.88698,10.3282]},"SexRatio":{"countryName":"Zimbabwe","countryCode":716,"startYear":1970,"endYear":2022,"values":[0.0,0.0,0.0,0.0,0.0,0.0,0.35,0.45,0.54,0.63,0.72,0.81,0.88,0.95,1.02,1.09,1.14,1.19,1.24,1.28,1.31,1.34,1.35,1.37,1.38,1.39,1.4,1.4,1.4,1.4,1.4,1.4,1.4,1.4,1.4,1.4,1.4,1.4,1.4,1.4,1.39,1.45,1.5,1.55,1.6,1.65,1.7,1.75,1.8,1.85,1.9,1.9,1.9]},"PercNotBFNotRecARVs":{"countryName":"Zimbabwe","countryCode":716,"<2":10.68,"2-3":10.68,"4-5":10.68,"6-7":10.72,"8-9":11.05,"10-11":13.02,"12-13":20.77,"14-15":39.73,"16-17":64.89,"18-19":83.29,"20-21":92.57,"22-23":96.65,"24-25":98.43,"26-27":99.22,"28-29":99.6,"30-31":99.78,"32-33":99.88,"34-35":99.93},"PercNotBFRecARVs":{"countryName":"Zimbabwe","countryCode":716,"<2":10.68,"2-3":10.68,"4-5":10.68,"6-7":10.72,"8-9":11.05,"10-11":13.02,"12-13":20.77,"14-15":39.73,"16-17":64.89,"18-19":83.29,"20-21":92.57,"22-23":96.65,"24-25":98.43,"26-27":99.22,"28-29":99.6,"30-31":99.78,"32-33":99.88,"34-35":99.93},"LocalAdjustmentFactor":{"countryName":"Zimbabwe","countryCode":716,"value":1.03},"NewARTPatAllocation":{"countryName":"Zimbabwe","countryCode":716,"NewARTPatAllocationMethod":3,"ExpectedMortality":0.2,"ProportionEligible":0.8,"NotDefault":0}}