{"year":[2000,2001,2002,2003,2004,2005,2006,2007,2008,2009,2010,2011,2012,2013,2014,2015,2016,2017,2018,2019,2020,2021,2022,2023,2024,2025,2026,2027,2028,2029,2030,2031,2032,2033,2034,2035,2036,2037,2038,2039,2040,2041,2042,2043,2044,2045,2046,2047,2048,2049,2050],"iHat":[48000,52000,56000,60000,65000,71000,75000,79000,82000,86000,90000,93000,96000,98000,101000,103000,106000,108000,111000,114000,110000,112000,120000,125000,null,null,null,null,null,null,null,null,null,null,null,null,null,null,null,null,null,null,null,null,null,null,null,null,null,null,null],"sEi":[8163.265306122449,9183.673469387755,10204.081632653062,11224.489795918367,13010.204081632653,14795.91836734694,11224.489795918367,17091.83673469388,17857.14285714286,18877.551020408162,19642.857142857145,20153.061224489797,20663.26530612245,21173.469387755104,21173.469387755104,21428.571428571428,21938.775510204083,22193.877551020407,22448.979591836734,22448.979591836734,22704.081632653062,24234.69387755102,26785.714285714286,28571.428571428572,null,null,null,null,null,null,null,null,null,null,null,null,null,null,null,null,null,null,null,null,null,null,null,null,null,null,null],"nHat":[16062,21713,29996,37053,36480,38317,54699,42383,45923,42686,49987,48926,53426,60807,55206,61060,60916,57877,70362,78305,66058,63970,69252,68268,null,null,null,null,null,null,null,null,null,null,null,null,null,null,null,null,null,null,null,null,null,null,null,null,null,null,null],"sEn":[1229.234693877551,1661.709183673469,2295.612244897958,2835.6887755102034,2791.8367346938776,2932.423469387754,4186.147959183672,3243.596938775511,3514.5153061224496,3266.7857142857133,3825.5357142857138,3744.3367346938767,4088.724489795917,4653.596938775508,4224.948979591835,4672.95918367347,4661.938775510203,4429.362244897957,5384.846938775508,5992.7295918367345,5055.45918367347,4895.663265306122,5299.897959183671,5224.591836734694,null,null,null,null,null,null,null,null,null,null,null,null,null,null,null,null,null,null,null,null,null,null,null,null,null,null,null],"mHat":[14000,15000,14000,13000,16000,18000,15000,19000,21000,22000,25000,24000,25000,23000,26000,24000,26000,29000,23000,20000,21000,21000,23000,22000,null,null,null,null,null,null,null,null,null,null,null,null,null,null,null,null,null,null,null,null,null,null,null,null,null,null,null],"sEm":[3596.9387755102043,3469.387755102041,2959.183673469388,2780.612244897959,3341.8367346938776,4081.6326530612246,2908.1632653061224,3826.530612244898,4846.938775510204,4591.836734693878,5612.244897959184,4336.734693877551,5612.244897959184,5102.040816326531,5867.34693877551,5357.142857142857,5612.244897959184,6377.551020408164,4336.734693877551,4081.6326530612246,4081.6326530612246,4336.734693877551,4591.836734693878,4846.938775510204,null,null,null,null,null,null,null,null,null,null,null,null,null,null,null,null,null,null,null,null,null,null,null,null,null,null,null],"pHat":[null,null,null,null,null,null,null,null,null,null,null,null,null,null,null,null,null,null,null,null,null,null,null,null],"sEp":[null,null,null,null,null,null,null,null,null,null,null,null,null,null,null,null,null,null,null,null,null,null,null,null,null,null,null,null,null,null,null,null,null,null,null,null,null,null,null,null,null,null,null,null,null,null,null,null,null,null,null],"modelType":"IPn2","hRd":[1,1,1,1,1,1,1,1,1,1,1,1,1,1,1,1,1,1,1,1,1,1,1,1,1,1,1,1,1,1,1,1,1,1,1,1,1,1,1,1,1,1,1,1,1,1,1,1,1,1,1],"hRi":[1,1,1,1,1,1,1,1,1,1,1,1,1,1,1,1,1,1,1,1,1,1,1,1,1,1,1,1,1,1,1,1,1,1,1,1,1,1,1,1,1,1,1,1,1,1,1,1,1,1,1],"oRt":[1,1,1,1,1,1,1,1,1,1,1,1,1,1,1,1,1,1,1,1,1,1,1,1,1,1,1,1,1,1,1,1,1,1,1,1,1,1,1,1,1,1,1,1,1,1,1,1,1,1,1],"tXf":[0.026756649721767677,0.026756649721767677,0.026756649721767677,0.026756649721767677,0.026756649721767677,0.026756649721767677,0.026756649721767677,0.026756649721767677,0.026756649721767677,0.026756649721767677,0.026756649721767677,0.026756649721767677,0.026756649721767677,0.026756649721767677,0.026756649721767677,0.026756649721767677,0.026756649721767677,0.026756649721767677,0.026756649721767677,0.026756649721767677,0.026756649721767677,0.026756649721767677,0.026756649721767677,0.026756649721767677,0.026756649721767677,0.026756649721767677,0.026756649721767677,0.026756649721767677,0.026756649721767677,0.026756649721767677,0.026756649721767677,0.026756649721767677,0.026756649721767677,0.026756649721767677,0.026756649721767677,0.026756649721767677,0.026756649721767677,0.026756649721767677,0.026756649721767677,0.026756649721767677,0.026756649721767677,0.026756649721767677,0.026756649721767677,0.026756649721767677,0.026756649721767677,0.026756649721767677,0.026756649721767677,0.026756649721767677,0.026756649721767677,0.026756649721767677,0.026756649721767677]}