{"year":[2000,2001,2002,2003,2004,2005,2006,2007,2008,2009,2010,2011,2012,2013,2014,2015,2016,2017,2018,2019,2020,2021,2022],"iHat":[710,640,680,630,620,570,530,490,480,500,490,480,470,540,470,480,480,580,500,470,440,440,430],"sEi":[73.9795918367347,61.224489795918366,71.42857142857143,61.224489795918366,58.673469387755105,48.46938775510204,43.36734693877551,38.26530612244898,38.26530612244898,40.816326530612244,38.26530612244898,38.26530612244898,35.714285714285715,48.46938775510204,35.714285714285715,35.714285714285715,35.714285714285715,53.57142857142857,40.816326530612244,38.26530612244898,33.16326530612245,35.714285714285715,35.714285714285715],"nHat":[604,555,594,555,547,506,469,438,427,445,431,422,408,474,411,416,416,507,442,420,241,269,296],"sEn":[46.22448979591835,42.474489795918366,45.45918367346937,42.474489795918366,41.86224489795917,38.72448979591837,35.892857142857125,33.5204081632653,32.67857142857142,34.05612244897958,32.984693877551024,32.29591836734693,31.224489795918362,36.27551020408161,31.454081632653065,31.836734693877556,31.836734693877556,38.80102040816326,33.82653061224489,32.14285714285713,18.443877551020403,20.586734693877542,22.653061224489793],"mHat":[23,21,20,19,26,12,11,17,17,6,10,10,10,11,11,11,11,11,11,10,10,10,10],"sEm":[2.5510204081632653,2.0408163265306123,2.0408163265306123,2.0408163265306123,2.806122448979592,1.530612244897959,1.2755102040816326,3.061224489795918,2.5510204081632653,1.2755102040816326,2.5510204081632653,2.5510204081632653,2.5510204081632653,2.806122448979592,2.806122448979592,2.5510204081632653,2.5510204081632653,2.806122448979592,2.806122448979592,2.5510204081632653,2.5510204081632653,2.5510204081632653,2.5510204081632653],"pHat":["","","","","","","","","","","","","","","","","","","","","","",""],"sEp":[0.0305,0.0305,0.0305,0.0305,0.0305,0.0305,0.0305,0.0305,0.0305,0.0305,0.0305,0.0305,0.0305,0.0305,0.0305,0.0305,0.0305,0.0305,0.0305,0.0305,0.0305,0.0305,0.0305]}