{"year":[2000,2001,2002,2003,2004,2005,2006,2007,2008,2009],"iHat":[6,10,17,10,13,9,6,6,6,5],"sEi":[0.5102040816326531,0.7653061224489796,1.2755102040816326,0.7653061224489796,1.0204081632653061,0.7653061224489796,0.5102040816326531,0.5102040816326531,0.5102040816326531,0.25510204081632654],"nHat":[5,9,15,9,11,0,5,0,0,0],"sEn":[0.3826530612244898,0.6887755102040817,1.1479591836734695,0.6887755102040817,0.8418367346938773,0.0,0.3826530612244898,0.0,0.0,0.0],"mHat":[0,1,2,1,1,1,1,1,1,1],"sEm":[0.25510204081632654,0.0,0.25510204081632654,0.0,0.25510204081632654,0.0,0.25510204081632654,0.25510204081632654,0.25510204081632654,0.25510204081632654],"pHat":["","","","","","","","","",""],"sEp":[0.0305,0.0305,0.0305,0.0305,0.0305,0.0305,0.0305,0.0305,0.0305,0.0305]}