{"year":[2000,2001,2002,2003,2004,2005,2006,2007,2008,2009,2010,2011,2012,2013,2014,2015,2016,2017,2018,2019,2020,2021,2022,2023,2024,2025,2026,2027,2028,2029,2030,2031,2032,2033,2034,2035,2036,2037,2038,2039,2040,2041,2042,2043,2044,2045,2046,2047,2048,2049,2050],"iHat":[130,85,100,130,110,120,100,110,110,130,150,120,91,93,69,70,74,76,94,92,71,76,71,null,null,null,null,null,null,null,null,null,null,null,null,null,null,null,null,null,null,null,null,null,null,null,null,null,null,null,null],"sEi":[10.204081632653061,6.377551020408164,7.908163265306123,10.204081632653061,7.3979591836734695,10.204081632653061,7.908163265306123,8.928571428571429,7.142857142857143,10.204081632653061,10.204081632653061,10.204081632653061,5.612244897959184,7.653061224489796,5.357142857142858,5.357142857142858,5.612244897959184,5.86734693877551,7.3979591836734695,7.908163265306123,5.357142857142858,5.86734693877551,5.357142857142858,null,null,null,null,null,null,null,null,null,null,null,null,null,null,null,null,null,null,null,null,null,null,null,null,null,null,null,null],"nHat":[118.70967741935483,76.38709677419355,92.90322580645162,120.77419354838709,94.96774193548387,106.32258064516128,92.90322580645162,100.12903225806451,96.0,119.74193548387096,135.2258064516129,106.32258064516128,81.54838709677419,83.61290322580645,61.935483870967744,62.96774193548387,68.12903225806451,68.12903225806451,84.64516129032258,82.58064516129032,64.0,68.12903225806451,64.0,null,null,null,null,null,null,null,null,null,null,null,null,null,null,null,null,null,null,null,null,null,null,null,null,null,null,null,null],"sEn":[8.801020408163266,5.663265306122448,6.8877551020408125,8.954081632653056,7.040816326530611,7.882653061224488,6.8877551020408125,7.423469387755101,7.117346938775508,8.87755102040816,10.025510204081629,7.882653061224488,6.04591836734694,6.198979591836734,4.591836734693878,4.668367346938773,5.051020408163263,5.051020408163263,6.275510204081631,6.122448979591836,4.744897959183674,5.051020408163263,4.744897959183674,null,null,null,null,null,null,null,null,null,null,null,null,null,null,null,null,null,null,null,null,null,null,null,null,null,null,null,null],"mHat":[22,23,24,26,27,28,54,43,58,59,58,58,59,59,60,60,62,62,62,62,63,63,64,null,null,null,null,null,null,null,null,null,null,null,null,null,null,null,null,null,null,null,null,null,null,null,null,null,null,null,null],"sEm":[3.316326530612245,3.316326530612245,3.5714285714285716,3.5714285714285716,4.081632653061225,4.081632653061225,10.459183673469388,7.3979591836734695,11.989795918367347,13.26530612244898,13.775510204081632,14.03061224489796,14.285714285714286,14.540816326530612,14.540816326530612,14.795918367346939,14.795918367346939,15.051020408163266,15.051020408163266,15.306122448979592,15.306122448979592,15.561224489795919,15.561224489795919,null,null,null,null,null,null,null,null,null,null,null,null,null,null,null,null,null,null,null,null,null,null,null,null,null,null,null,null],"pHat":[null,null,null,null,null,null,null,null,null,null,null,null,null,null,null,null,null,null,null,null,null,null,null],"sEp":[null,null,null,null,null,null,null,null,null,null,null,null,null,null,null,null,null,null,null,null,null,null,null,null,null,null,null,null,null,null,null,null,null,null,null,null,null,null,null,null,null,null,null,null,null,null,null,null,null,null,null],"modelType":"IP","hRd":[1,1,1,1,1,1,1,1,1,1,1,1,1,1,1,1,1,1,1,1,1,1,1,1,1,1,1,1,1,1,1,1,1,1,1,1,1,1,1,1,1,1,1,1,1,1,1,1,1,1,1],"hRi":[1,1,1,1,1,1,1,1,1,1,1,1,1,1,1,1,1,1,1,1,1,1,1,1,1,1,1,1,1,1,1,1,1,1,1,1,1,1,1,1,1,1,1,1,1,1,1,1,1,1,1],"oRt":[1,1,1,1,1,1,1,1,1,1,1,1,1,1,1,1,1,1,1,1,1,1,1,1,1,1,1,1,1,1,1,1,1,1,1,1,1,1,1,1,1,1,1,1,1,1,1,1,1,1,1],"tXf":[0.030193548387096772,0.030193548387096772,0.030193548387096772,0.030193548387096772,0.030193548387096772,0.030193548387096772,0.030193548387096772,0.030193548387096772,0.030193548387096772,0.030193548387096772,0.030193548387096772,0.030193548387096772,0.030193548387096772,0.030193548387096772,0.030193548387096772,0.030193548387096772,0.030193548387096772,0.030193548387096772,0.030193548387096772,0.030193548387096772,0.030193548387096772,0.030193548387096772,0.030193548387096772,0.030193548387096772,0.030193548387096772,0.030193548387096772,0.030193548387096772,0.030193548387096772,0.030193548387096772,0.030193548387096772,0.030193548387096772,0.030193548387096772,0.030193548387096772,0.030193548387096772,0.030193548387096772,0.030193548387096772,0.030193548387096772,0.030193548387096772,0.030193548387096772,0.030193548387096772,0.030193548387096772,0.030193548387096772,0.030193548387096772,0.030193548387096772,0.030193548387096772,0.030193548387096772,0.030193548387096772,0.030193548387096772,0.030193548387096772,0.030193548387096772,0.030193548387096772]}