{"year":[2000,2001,2002,2003,2004,2005,2006,2007,2008,2009,2010,2011,2012,2013,2014,2015,2016,2017,2018,2019,2020,2021,2022],"iHat":[1700,1800,1800,2000,2100,2800,2300,2200,2100,2000,1800,1600,1500,1700,1600,1400,1300,1000,880,740,700,700,690],"sEi":[446.42857142857144,497.44897959183675,522.9591836734694,596.9387755102041,698.9795918367347,1247.4489795918369,803.5714285714286,755.1020408163265,729.5918367346939,655.6122448979592,533.1632653061224,413.265306122449,392.8571428571429,512.7551020408164,464.2857142857143,346.9387755102041,257.6530612244898,178.57142857142858,142.85714285714286,94.38775510204081,91.83673469387756,91.83673469387756,89.28571428571429],"nHat":[1333,1389,1433,1538,1660,2206,1767,1682,1655,1560,1410,1261,1213,1493,1423,1247,1050,863,749,627,397,404,447],"sEn":[102.01530612244895,106.30102040816328,109.66836734693874,117.70408163265303,127.04081632653056,168.82653061224482,135.22959183673467,128.72448979591834,126.65816326530607,119.38775510204076,107.90816326530607,96.50510204081631,92.83163265306119,114.26020408163262,108.90306122448976,95.43367346938773,80.35714285714286,66.04591836734693,57.321428571428555,47.984693877551024,30.38265306122448,30.918367346938773,34.20918367346938],"mHat":[170,160,180,170,190,200,200,200,200,180,170,140,160,120,100,96,71,62,49,46,46,47,47],"sEm":[2.5510204081632653,0.0,2.5510204081632653,2.5510204081632653,7.653061224489796,2.5510204081632653,5.1020408163265305,2.5510204081632653,10.204081632653061,10.204081632653061,2.5510204081632653,2.5510204081632653,5.1020408163265305,7.653061224489796,7.3979591836734695,6.887755102040816,4.081632653061225,4.081632653061225,4.336734693877551,3.5714285714285716,3.826530612244898,3.826530612244898,3.826530612244898],"pHat":["","","","","","","","","","","","","","","","","","","","","","",""],"sEp":[0.0305,0.0305,0.0305,0.0305,0.0305,0.0305,0.0305,0.0305,0.0305,0.0305,0.0305,0.0305,0.0305,0.0305,0.0305,0.0305,0.0305,0.0305,0.0305,0.0305,0.0305,0.0305,0.0305]}