{"year":[2000,2001,2002,2003,2004,2005,2006,2007,2008,2009,2010,2011,2012,2013,2014,2015,2016,2017,2018,2019,2020,2021,2022,2023,2024,2025,2026,2027,2028,2029,2030,2031,2032,2033,2034,2035,2036,2037,2038,2039,2040,2041,2042,2043,2044,2045,2046,2047,2048,2049,2050],"iHat":[1200,1100,1200,1100,1200,1200,1300,1300,1400,1500,1400,1400,1500,1400,1500,1400,1600,1600,1700,1700,1900,1700,1500,1600,null,null,null,null,null,null,null,null,null,null,null,null,null,null,null,null,null,null,null,null,null,null,null,null,null,null,null],"sEi":[102.04081632653062,86.73469387755102,76.53061224489797,94.38775510204081,76.53061224489797,102.04081632653062,102.04081632653062,102.04081632653062,102.04081632653062,102.04081632653062,127.55102040816327,102.04081632653062,102.04081632653062,127.55102040816327,127.55102040816327,127.55102040816327,102.04081632653062,127.55102040816327,127.55102040816327,127.55102040816327,127.55102040816327,153.06122448979593,102.04081632653062,127.55102040816327,null,null,null,null,null,null,null,null,null,null,null,null,null,null,null,null,null,null,null,null,null,null,null,null,null,null,null],"nHat":[1043,1012,1013,949,1082,1073,1203,1133,1227,1314,1281,1268,1325,1256,1343,1254,1376,1434,1438,1502,1611,1468,1272,1434,null,null,null,null,null,null,null,null,null,null,null,null,null,null,null,null,null,null,null,null,null,null,null,null,null,null,null],"sEn":[79.82142857142854,77.44897959183675,77.5255102040816,72.62755102040815,82.8061224489796,82.11734693877548,92.06632653061222,86.70918367346935,93.90306122448978,100.56122448979593,98.03571428571428,97.04081632653057,101.40306122448973,96.12244897959182,102.78061224489792,95.96938775510205,105.30612244897958,109.74489795918369,110.05102040816324,114.94897959183672,123.2908163265306,112.34693877551017,97.34693877551018,109.74489795918369,null,null,null,null,null,null,null,null,null,null,null,null,null,null,null,null,null,null,null,null,null,null,null,null,null,null,null],"mHat":[73,100,82,65,76,72,69,60,72,65,63,63,39,58,51,57,55,56,60,60,61,61,62,62,null,null,null,null,null,null,null,null,null,null,null,null,null,null,null,null,null,null,null,null,null,null,null,null,null,null,null],"sEm":[8.418367346938776,8.16326530612245,6.887755102040816,5.612244897959184,5.612244897959184,4.591836734693878,4.336734693877551,3.5714285714285716,3.5714285714285716,3.826530612244898,3.5714285714285716,3.316326530612245,1.0204081632653061,1.7857142857142858,1.2755102040816326,1.530612244897959,1.2755102040816326,1.7857142857142858,1.530612244897959,1.530612244897959,1.2755102040816326,1.2755102040816326,1.2755102040816326,1.2755102040816326,null,null,null,null,null,null,null,null,null,null,null,null,null,null,null,null,null,null,null,null,null,null,null,null,null,null,null],"pHat":[null,null,null,null,null,null,null,null,null,null,null,null,null,null,null,null,null,null,null,null,null,null,null,null],"sEp":[null,null,null,null,null,null,null,null,null,null,null,null,null,null,null,null,null,null,null,null,null,null,null,null,null,null,null,null,null,null,null,null,null,null,null,null,null,null,null,null,null,null,null,null,null,null,null,null,null,null,null],"modelType":"IPn2","hRd":[1,1,1,1,1,1,1,1,1,1,1,1,1,1,1,1,1,1,1,1,1,1,1,1,1,1,1,1,1,1,1,1,1,1,1,1,1,1,1,1,1,1,1,1,1,1,1,1,1,1,1],"hRi":[1,1,1,1,1,1,1,1,1,1,1,1,1,1,1,1,1,1,1,1,1,1,1,1,1,1,1,1,1,1,1,1,1,1,1,1,1,1,1,1,1,1,1,1,1,1,1,1,1,1,1],"oRt":[1,1,1,1,1,1,1,1,1,1,1,1,1,1,1,1,1,1,1,1,1,1,1,1,1,1,1,1,1,1,1,1,1,1,1,1,1,1,1,1,1,1,1,1,1,1,1,1,1,1,1],"tXf":[0.01644920845568324,0.01644920845568324,0.01644920845568324,0.01644920845568324,0.01644920845568324,0.01644920845568324,0.01644920845568324,0.01644920845568324,0.01644920845568324,0.01644920845568324,0.01644920845568324,0.01644920845568324,0.01644920845568324,0.01644920845568324,0.01644920845568324,0.01644920845568324,0.01644920845568324,0.01644920845568324,0.01644920845568324,0.01644920845568324,0.01644920845568324,0.01644920845568324,0.01644920845568324,0.01644920845568324,0.01644920845568324,0.01644920845568324,0.01644920845568324,0.01644920845568324,0.01644920845568324,0.01644920845568324,0.01644920845568324,0.01644920845568324,0.01644920845568324,0.01644920845568324,0.01644920845568324,0.01644920845568324,0.01644920845568324,0.01644920845568324,0.01644920845568324,0.01644920845568324,0.01644920845568324,0.01644920845568324,0.01644920845568324,0.01644920845568324,0.01644920845568324,0.01644920845568324,0.01644920845568324,0.01644920845568324,0.01644920845568324,0.01644920845568324,0.01644920845568324]}