{"year":[2000,2001,2002,2003,2004,2005,2006,2007,2008,2009,2010,2011,2012,2013,2014,2015,2016,2017,2018,2019,2020,2021,2022],"iHat":[1200,1100,1200,1100,1200,1200,1300,1300,1400,1500,1400,1400,1500,1400,1500,1400,1600,1600,1700,1700,1900,1700,1500],"sEi":[102.04081632653062,86.73469387755102,76.53061224489797,94.38775510204081,76.53061224489797,102.04081632653062,102.04081632653062,102.04081632653062,102.04081632653062,102.04081632653062,127.55102040816327,102.04081632653062,102.04081632653062,127.55102040816327,127.55102040816327,127.55102040816327,102.04081632653062,127.55102040816327,127.55102040816327,127.55102040816327,127.55102040816327,153.06122448979593,102.04081632653062],"nHat":[1043,980,1013,949,1071,1046,1163,1120,1215,1294,1257,1239,1305,1263,1344,1277,1398,1450,1451,1526,1627,1486,1285],"sEn":[79.82142857142854,75.0,77.5255102040816,72.62755102040815,81.96428571428568,80.05102040816323,89.0051020408163,85.71428571428572,92.98469387755102,99.03061224489797,96.19897959183672,94.82142857142858,99.87244897959178,96.65816326530609,102.85714285714288,97.72959183673467,106.98979591836732,110.96938775510199,111.04591836734693,116.78571428571428,124.51530612244896,113.72448979591836,98.34183673469383],"mHat":[72,100,81,65,75,71,69,59,72,65,62,63,38,58,51,57,55,56,60,60,60,61,62],"sEm":[8.16326530612245,8.418367346938776,6.63265306122449,5.86734693877551,5.612244897959184,4.591836734693878,4.336734693877551,3.316326530612245,3.5714285714285716,3.5714285714285716,3.5714285714285716,3.5714285714285716,1.0204081632653061,1.530612244897959,1.2755102040816326,1.530612244897959,1.530612244897959,1.530612244897959,1.530612244897959,1.2755102040816326,1.2755102040816326,1.530612244897959,1.2755102040816326],"pHat":["","","","","","","","","","","","","","","","","","","","","","",""],"sEp":[0.0305,0.0305,0.0305,0.0305,0.0305,0.0305,0.0305,0.0305,0.0305,0.0305,0.0305,0.0305,0.0305,0.0305,0.0305,0.0305,0.0305,0.0305,0.0305,0.0305,0.0305,0.0305,0.0305]}