{"year":[2000,2001,2002,2003,2004,2005,2006,2007,2008,2009,2010,2011,2012,2013,2014,2015,2016,2017,2018,2019,2020,2021,2022,2023,2024,2025,2026,2027,2028,2029,2030,2031,2032,2033,2034,2035,2036,2037,2038,2039,2040,2041,2042,2043,2044,2045,2046,2047,2048,2049,2050],"iHat":[1400,1200,1200,1100,1000,1100,980,930,870,760,760,770,710,720,650,650,710,650,540,530,440,450,420,470,null,null,null,null,null,null,null,null,null,null,null,null,null,null,null,null,null,null,null,null,null,null,null,null,null,null,null],"sEi":[102.04081632653062,76.53061224489797,102.04081632653062,94.38775510204081,81.63265306122449,73.9795918367347,66.3265306122449,76.53061224489797,63.775510204081634,58.673469387755105,58.673469387755105,58.673469387755105,53.57142857142857,56.12244897959184,51.02040816326531,51.02040816326531,53.57142857142857,51.02040816326531,40.816326530612244,40.816326530612244,33.16326530612245,33.16326530612245,33.16326530612245,38.26530612244898,null,null,null,null,null,null,null,null,null,null,null,null,null,null,null,null,null,null,null,null,null,null,null,null,null,null,null],"nHat":[1215,1013,1044,971,915,954,873,874,0,696,691,690,648,649,582,583,634,570,482,474,388,396,372,421,null,null,null,null,null,null,null,null,null,null,null,null,null,null,null,null,null,null,null,null,null,null,null,null,null,null,null],"sEn":[92.98469387755102,77.5255102040816,79.89795918367345,74.31122448979588,70.02551020408163,73.01020408163264,66.81122448979592,66.8877551020408,0.0,53.26530612244897,52.88265306122448,52.806122448979565,49.59183673469387,49.66836734693876,44.5408163265306,44.61734693877549,48.52040816326529,43.62244897959184,36.887755102040806,36.27551020408161,29.693877551020403,30.306122448979597,28.469387755102034,32.21938775510205,null,null,null,null,null,null,null,null,null,null,null,null,null,null,null,null,null,null,null,null,null,null,null,null,null,null,null],"mHat":[89,68,78,55,54,62,63,53,54,52,43,60,46,72,74,67,42,39,51,43,43,43,44,44,null,null,null,null,null,null,null,null,null,null,null,null,null,null,null,null,null,null,null,null,null,null,null,null,null,null,null],"sEm":[4.081632653061225,3.316326530612245,3.316326530612245,2.806122448979592,2.5510204081632653,2.0408163265306123,1.7857142857142858,1.2755102040816326,1.2755102040816326,1.2755102040816326,1.0204081632653061,1.2755102040816326,1.0204081632653061,1.2755102040816326,1.2755102040816326,1.2755102040816326,1.0204081632653061,0.7653061224489796,1.0204081632653061,0.7653061224489796,1.0204081632653061,0.7653061224489796,0.7653061224489796,1.0204081632653061,null,null,null,null,null,null,null,null,null,null,null,null,null,null,null,null,null,null,null,null,null,null,null,null,null,null,null],"pHat":[null,null,null,null,null,null,null,null,null,null,null,null,null,null,null,null,null,null,null,null,null,null,null,null],"sEp":[null,null,null,null,null,null,null,null,null,null,null,null,null,null,null,null,null,null,null,null,null,null,null,null,null,null,null,null,null,null,null,null,null,null,null,null,null,null,null,null,null,null,null,null,null,null,null,null,null,null,null],"modelType":"IPn2","hRd":[1,1,1,1,1,1,1,1,1,1,1,1,1,1,1,1,1,1,1,1,1,1,1,1,1,1,1,1,1,1,1,1,1,1,1,1,1,1,1,1,1,1,1,1,1,1,1,1,1,1,1],"hRi":[1,1,1,1,1,1,1,1,1,1,1,1,1,1,1,1,1,1,1,1,1,1,1,1,1,1,1,1,1,1,1,1,1,1,1,1,1,1,1,1,1,1,1,1,1,1,1,1,1,1,1],"oRt":[1,1,1,1,1,1,1,1,1,1,1,1,1,1,1,1,1,1,1,1,1,1,1,1,1,1,1,1,1,1,1,1,1,1,1,1,1,1,1,1,1,1,1,1,1,1,1,1,1,1,1],"tXf":[0.03962894178449605,0.03962894178449605,0.03962894178449605,0.03962894178449605,0.03962894178449605,0.03962894178449605,0.03962894178449605,0.03962894178449605,0.03962894178449605,0.03962894178449605,0.03962894178449605,0.03962894178449605,0.03962894178449605,0.03962894178449605,0.03962894178449605,0.03962894178449605,0.03962894178449605,0.03962894178449605,0.03962894178449605,0.03962894178449605,0.03962894178449605,0.03962894178449605,0.03962894178449605,0.03962894178449605,0.03962894178449605,0.03962894178449605,0.03962894178449605,0.03962894178449605,0.03962894178449605,0.03962894178449605,0.03962894178449605,0.03962894178449605,0.03962894178449605,0.03962894178449605,0.03962894178449605,0.03962894178449605,0.03962894178449605,0.03962894178449605,0.03962894178449605,0.03962894178449605,0.03962894178449605,0.03962894178449605,0.03962894178449605,0.03962894178449605,0.03962894178449605,0.03962894178449605,0.03962894178449605,0.03962894178449605,0.03962894178449605,0.03962894178449605,0.03962894178449605]}