{"year":[2000,2001,2002,2003,2004,2005,2006,2007,2008,2009,2010,2011,2012,2013,2014,2015,2016,2017,2018,2019,2020,2021,2022],"iHat":[18000,17000,17000,16000,15000,14000,14000,13000,13000,13000,13000,13000,13000,13000,13000,13000,13000,13000,13000,13000,13000,13000,12000],"sEi":[9617.34693877551,8750.0,7653.061224489796,6785.714285714286,5943.877551020409,5102.040816326531,4540.816326530612,4234.693877551021,3928.5714285714284,3596.9387755102043,3520.408163265306,3239.795918367347,3188.775510204082,3163.265306122449,3112.2448979591836,3086.734693877551,2831.6326530612246,2806.122448979592,2525.5102040816328,2500.0,2500.0,2551.0204081632655,2602.0408163265306],"nHat":[6421,6478,6371,6822,6871,6585,6114,6284,6808,7277,7611,6742,6921,7467,7226,6892,7590,7807,7262,6817,7166,6871,7698],"sEn":[491.4030612244899,495.7653061224489,487.57653061224494,522.0918367346937,525.841836734694,503.95408163265284,467.9081632653061,480.91836734693874,521.0204081632652,556.9132653061223,582.4744897959184,515.9693877551019,529.6683673469388,571.4540816326529,553.0102040816328,527.4489795918366,580.8673469387755,597.4744897959182,555.7653061224488,521.7091836734693,548.4183673469388,525.841836734694,589.1326530612242],"mHat":[7300,6500,5900,5200,4700,4500,4400,4100,3700,3300,3000,3300,3100,2700,2900,3000,2600,2500,2700,2900,2800,2800,2500],"sEm":[1734.6938775510205,1581.6326530612246,1403.061224489796,1224.4897959183675,1096.938775510204,1071.4285714285716,1045.9183673469388,969.3877551020408,841.8367346938776,765.3061224489796,484.6938775510204,561.2244897959184,561.2244897959184,510.2040816326531,561.2244897959184,561.2244897959184,510.2040816326531,484.6938775510204,535.7142857142858,586.7346938775511,561.2244897959184,612.2448979591837,535.7142857142858],"pHat":["","","","","","","","","","","","","","","","","","","","","","",""],"sEp":[0.0305,0.0305,0.0305,0.0305,0.0305,0.0305,0.0305,0.0305,0.0305,0.0305,0.0305,0.0305,0.0305,0.0305,0.0305,0.0305,0.0305,0.0305,0.0305,0.0305,0.0305,0.0305,0.0305]}