{"year":[2000,2001,2002,2003,2004,2005,2006,2007,2008,2009,2010,2011,2012,2013,2014,2015,2016,2017,2018,2019,2020,2021,2022,2023,2024,2025,2026,2027,2028,2029,2030,2031,2032,2033,2034,2035,2036,2037,2038,2039,2040,2041,2042,2043,2044,2045,2046,2047,2048,2049,2050],"iHat":[1500,1500,1400,1200,1300,1200,1200,1100,1100,1100,1200,1100,1000,1000,1000,1100,1100,1100,1000,1000,890,940,910,null,null,null,null,null,null,null,null,null,null,null,null,null,null,null,null,null,null,null,null,null,null,null,null,null,null,null,null],"sEi":[102.04081632653062,127.55102040816327,102.04081632653062,102.04081632653062,102.04081632653062,76.53061224489797,102.04081632653062,91.83673469387756,71.42857142857143,76.53061224489797,81.63265306122449,89.28571428571429,79.08163265306122,79.08163265306122,84.18367346938776,73.9795918367347,84.18367346938776,76.53061224489797,76.53061224489797,81.63265306122449,58.673469387755105,76.53061224489797,58.673469387755105,null,null,null,null,null,null,null,null,null,null,null,null,null,null,null,null,null,null,null,null,null,null,null,null,null,null,null,null],"nHat":[12602810.015267175,13026848.223918574,11942099.318066157,10492480.325699745,11123606.961832061,10610816.569974555,10285391.89821883,9417592.773536894,9259811.114503816,9052722.6870229,9871215.043256996,9496483.603053436,8963970.503816793,8934386.442748092,8737159.368956743,9151336.223918574,9723294.737913486,9032999.979643766,9003415.918575063,8825911.55216285,7672133.170483461,8056725.96437659,7751024.0,null,null,null,null,null,null,null,null,null,null,null,null,null,null,null,null,null,null,null,null,null,null,null,null,null,null,null,null],"sEn":[97.80612244897956,101.0969387755102,92.67857142857142,81.42857142857142,86.32653061224487,82.34693877551017,79.82142857142854,73.08673469387755,71.86224489795917,70.2551020408163,76.60714285714282,73.6989795918367,69.56632653061223,69.33673469387752,67.80612244897958,71.02040816326527,75.45918367346935,70.1020408163265,69.87244897959181,68.49489795918367,59.54081632653061,62.52551020408164,60.15306122448978,null,null,null,null,null,null,null,null,null,null,null,null,null,null,null,null,null,null,null,null,null,null,null,null,null,null,null,null],"mHat":[120,120,100,110,92,100,75,99,91,69,75,64,68,64,48,67,39,39,40,40,40,40,40,null,null,null,null,null,null,null,null,null,null,null,null,null,null,null,null,null,null,null,null,null,null,null,null,null,null,null,null],"sEm":[7.653061224489796,7.653061224489796,8.16326530612245,5.357142857142858,3.5714285714285716,3.061224489795918,2.806122448979592,1.530612244897959,2.806122448979592,2.295918367346939,3.316326530612245,2.5510204081632653,3.5714285714285716,3.061224489795918,2.806122448979592,3.061224489795918,3.316326530612245,3.061224489795918,3.061224489795918,3.061224489795918,3.061224489795918,3.061224489795918,3.316326530612245,null,null,null,null,null,null,null,null,null,null,null,null,null,null,null,null,null,null,null,null,null,null,null,null,null,null,null,null],"pHat":[null,null,null,null,null,null,null,null,null,null,null,null,null,null,null,null,null,null,null,null,null,null,null],"sEp":[null,null,null,null,null,null,null,null,null,null,null,null,null,null,null,null,null,null,null,null,null,null,null,null,null,null,null,null,null,null,null,null,null,null,null,null,null,null,null,null,null,null,null,null,null,null,null,null,null,null,null],"modelType":"IP","hRd":[1,1,1,1,1,1,1,1,1,1,1,1,1,1,1,1,1,1,1,1,1,1,1,1,1,1,1,1,1,1,1,1,1,1,1,1,1,1,1,1,1,1,1,1,1,1,1,1,1,1,1],"hRi":[1,1,1,1,1,1,1,1,1,1,1,1,1,1,1,1,1,1,1,1,1,1,1,1,1,1,1,1,1,1,1,1,1,1,1,1,1,1,1,1,1,1,1,1,1,1,1,1,1,1,1],"oRt":[1,1,1,1,1,1,1,1,1,1,1,1,1,1,1,1,1,1,1,1,1,1,1,1,1,1,1,1,1,1,1,1,1,1,1,1,1,1,1,1,1,1,1,1,1,1,1,1,1,1,1],"tXf":[0.031028219631149483,0.031028219631149483,0.031028219631149483,0.031028219631149483,0.031028219631149483,0.031028219631149483,0.031028219631149483,0.031028219631149483,0.031028219631149483,0.031028219631149483,0.031028219631149483,0.031028219631149483,0.031028219631149483,0.031028219631149483,0.031028219631149483,0.031028219631149483,0.031028219631149483,0.031028219631149483,0.031028219631149483,0.031028219631149483,0.031028219631149483,0.031028219631149483,0.031028219631149483,0.031028219631149483,0.031028219631149483,0.031028219631149483,0.031028219631149483,0.031028219631149483,0.031028219631149483,0.031028219631149483,0.031028219631149483,0.031028219631149483,0.031028219631149483,0.031028219631149483,0.031028219631149483,0.031028219631149483,0.031028219631149483,0.031028219631149483,0.031028219631149483,0.031028219631149483,0.031028219631149483,0.031028219631149483,0.031028219631149483,0.031028219631149483,0.031028219631149483,0.031028219631149483,0.031028219631149483,0.031028219631149483,0.031028219631149483,0.031028219631149483,0.031028219631149483]}