{"year":[2000,2001,2002,2003,2004,2005,2006,2007,2008,2009,2010,2011,2012,2013,2014,2015,2016,2017,2018,2019,2020,2021,2022],"iHat":[6000,6000,6000,5900,5900,5900,6000,6000,6200,6300,6500,6600,6600,6600,6500,6600,6600,6700,6700,6800,6800,6900,6900],"sEi":[1811.2244897959183,1785.7142857142858,1709.1836734693877,1658.1632653061224,1607.142857142857,1556.1224489795918,1530.6122448979593,1479.591836734694,1556.1224489795918,1581.6326530612246,1607.142857142857,1581.6326530612246,1556.1224489795918,1530.6122448979593,1454.0816326530612,1428.5714285714287,1403.061224489796,1403.061224489796,1377.5510204081634,1352.0408163265306,1403.061224489796,1454.0816326530612,1454.0816326530612],"nHat":[2697,2659,2841,2940,3116,3270,3608,3565,3872,3878,3756,4212,3966,3866,3886,3985,3891,3563,4003,4266,3908,3711,4146],"sEn":[206.4030612244898,203.49489795918362,217.42346938775503,224.9999999999999,238.46938775510196,250.2551020408162,276.12244897959187,272.8316326530612,296.32653061224477,296.78571428571433,287.4489795918367,322.34693877551007,303.52040816326524,295.8673469387754,297.3979591836734,304.9744897959184,297.7806122448979,272.67857142857144,306.35204081632656,326.47959183673464,299.08163265306126,284.00510204081627,317.29591836734687],"mHat":[1800,1800,1600,1600,1500,1400,1300,1300,1200,1300,1400,1300,1400,1400,1400,1300,1400,1600,1400,1300,1600,1700,1500],"sEm":[408.16326530612247,382.6530612244898,359.6938775510204,344.38775510204084,334.18367346938777,316.3265306122449,219.3877551020408,242.3469387755102,216.83673469387756,232.14285714285714,265.3061224489796,211.73469387755102,244.89795918367346,265.3061224489796,318.8775510204082,255.10204081632654,244.89795918367346,280.6122448979592,247.44897959183675,234.69387755102042,306.12244897959187,306.12244897959187,288.265306122449],"pHat":["","","","","","","","","","","","","","","","","","","","","","",""],"sEp":[0.0305,0.0305,0.0305,0.0305,0.0305,0.0305,0.0305,0.0305,0.0305,0.0305,0.0305,0.0305,0.0305,0.0305,0.0305,0.0305,0.0305,0.0305,0.0305,0.0305,0.0305,0.0305,0.0305]}