{"year":[2000,2001,2002,2003,2004,2005,2006,2007,2008,2009,2010,2011,2012,2013,2014,2015,2016,2017,2018,2019,2020,2021,2022,2023,2024,2025,2026,2027,2028,2029,2030,2031,2032,2033,2034,2035,2036,2037,2038,2039,2040,2041,2042,2043,2044,2045,2046,2047,2048,2049,2050],"iHat":[6000,6000,6000,5900,5900,5900,6000,6000,6200,6300,6500,6600,6600,6600,6500,6600,6600,6700,6700,6800,6800,6900,6900,null,null,null,null,null,null,null,null,null,null,null,null,null,null,null,null,null,null,null,null,null,null,null,null,null,null,null,null],"sEi":[1811.2244897959183,1785.7142857142858,1709.1836734693877,1658.1632653061224,1607.142857142857,1556.1224489795918,1530.6122448979593,1479.591836734694,1556.1224489795918,1581.6326530612246,1607.142857142857,1581.6326530612246,1556.1224489795918,1530.6122448979593,1454.0816326530612,1428.5714285714287,1403.061224489796,1403.061224489796,1377.5510204081634,1352.0408163265306,1403.061224489796,1454.0816326530612,1454.0816326530612,null,null,null,null,null,null,null,null,null,null,null,null,null,null,null,null,null,null,null,null,null,null,null,null,null,null,null,null],"nHat":[2746.438494934877,2707.741919922817,2893.078147612156,2993.8929088277855,3173.119150988905,3329.942112879884,3674.1379643029427,3630.3497346840327,3942.9773275446214,3949.087313072841,3824.8509406657017,4289.209840810419,4038.7004341534007,3936.8673420164014,3957.233960443801,4058.0487216594306,3962.3256150506513,3628.3130728412925,4076.3786782440907,4344.1997105643995,3979.637240713941,3779.026049204052,4222.0,null,null,null,null,null,null,null,null,null,null,null,null,null,null,null,null,null,null,null,null,null,null,null,null,null,null,null,null],"sEn":[206.4030612244898,203.49489795918362,217.42346938775503,224.9999999999999,238.46938775510196,250.2551020408162,276.12244897959187,272.8316326530612,296.32653061224477,296.78571428571433,287.4489795918367,322.34693877551007,303.52040816326524,295.8673469387754,297.3979591836734,304.9744897959184,297.7806122448979,272.67857142857144,306.35204081632656,326.47959183673464,299.08163265306126,284.00510204081627,317.29591836734687,null,null,null,null,null,null,null,null,null,null,null,null,null,null,null,null,null,null,null,null,null,null,null,null,null,null,null,null],"mHat":[1800,1800,1600,1600,1500,1400,1300,1300,1200,1300,1400,1300,1400,1400,1400,1300,1400,1600,1400,1300,1600,1700,1500,null,null,null,null,null,null,null,null,null,null,null,null,null,null,null,null,null,null,null,null,null,null,null,null,null,null,null,null],"sEm":[408.16326530612247,382.6530612244898,359.6938775510204,344.38775510204084,334.18367346938777,316.3265306122449,219.3877551020408,242.3469387755102,216.83673469387756,232.14285714285714,265.3061224489796,211.73469387755102,244.89795918367346,265.3061224489796,318.8775510204082,255.10204081632654,244.89795918367346,280.6122448979592,247.44897959183675,234.69387755102042,306.12244897959187,306.12244897959187,288.265306122449,null,null,null,null,null,null,null,null,null,null,null,null,null,null,null,null,null,null,null,null,null,null,null,null,null,null,null,null],"pHat":[null,null,null,null,null,null,null,null,null,null,null,null,null,null,null,null,null,null,null,null,null,null,null],"sEp":[null,null,null,null,null,null,null,null,null,null,null,null,null,null,null,null,null,null,null,null,null,null,null,null,null,null,null,null,null,null,null,null,null,null,null,null,null,null,null,null,null,null,null,null,null,null,null,null,null,null,null],"modelType":"IP","hRd":[1,1,1,1,1,1,1,1,1,1,1,1,1,1,1,1,1,1,1,1,1,1,1,1,1,1,1,1,1,1,1,1,1,1,1,1,1,1,1,1,1,1,1,1,1,1,1,1,1,1,1],"hRi":[1,1,1,1,1,1,1,1,1,1,1,1,1,1,1,1,1,1,1,1,1,1,1,1,1,1,1,1,1,1,1,1,1,1,1,1,1,1,1,1,1,1,1,1,1,1,1,1,1,1,1],"oRt":[1,1,1,1,1,1,1,1,1,1,1,1,1,1,1,1,1,1,1,1,1,1,1,1,1,1,1,1,1,1,1,1,1,1,1,1,1,1,1,1,1,1,1,1,1,1,1,1,1,1,1],"tXf":[0.03174529667149059,0.03174529667149059,0.03174529667149059,0.03174529667149059,0.03174529667149059,0.03174529667149059,0.03174529667149059,0.03174529667149059,0.03174529667149059,0.03174529667149059,0.03174529667149059,0.03174529667149059,0.03174529667149059,0.03174529667149059,0.03174529667149059,0.03174529667149059,0.03174529667149059,0.03174529667149059,0.03174529667149059,0.03174529667149059,0.03174529667149059,0.03174529667149059,0.03174529667149059,0.03174529667149059,0.03174529667149059,0.03174529667149059,0.03174529667149059,0.03174529667149059,0.03174529667149059,0.03174529667149059,0.03174529667149059,0.03174529667149059,0.03174529667149059,0.03174529667149059,0.03174529667149059,0.03174529667149059,0.03174529667149059,0.03174529667149059,0.03174529667149059,0.03174529667149059,0.03174529667149059,0.03174529667149059,0.03174529667149059,0.03174529667149059,0.03174529667149059,0.03174529667149059,0.03174529667149059,0.03174529667149059,0.03174529667149059,0.03174529667149059,0.03174529667149059]}