{"year":[2000,2001,2002,2003,2004,2005,2006,2007,2008,2009,2010,2011,2012,2013,2014,2015,2016,2017,2018,2019,2020,2021,2022,2023,2024,2025,2026,2027,2028,2029,2030,2031,2032,2033,2034,2035,2036,2037,2038,2039,2040,2041,2042,2043,2044,2045,2046,2047,2048,2049,2050],"iHat":[8400,8400,8500,8600,8700,8900,9000,9100,9200,9300,9400,9400,9500,9500,9800,9700,9800,9800,9800,9900,9900,9900,9900,null,null,null,null,null,null,null,null,null,null,null,null,null,null,null,null,null,null,null,null,null,null,null,null,null,null,null,null],"sEi":[2500.0,2474.4897959183672,2448.979591836735,2423.469387755102,2372.4489795918366,2346.9387755102043,2321.4285714285716,2270.408163265306,2244.8979591836737,2219.387755102041,2193.877551020408,2168.3673469387754,2142.857142857143,2117.3469387755104,2321.4285714285716,2040.8163265306123,2015.3061224489795,1989.795918367347,1964.2857142857142,1938.7755102040817,1938.7755102040817,1964.2857142857142,1964.2857142857142,null,null,null,null,null,null,null,null,null,null,null,null,null,null,null,null,null,null,null,null,null,null,null,null,null,null,null,null],"nHat":[2424.7525137417883,2502.7690038879205,2471.5624078294677,2725.3760557715514,2991.6723421370157,3617.8847030433035,4066.21946641641,4093.265183000402,4408.451803190776,4905.676900388792,4993.05536935246,5498.602225499397,5419.5455154846495,5540.211020244001,5769.059391339321,5851.236760959914,5913.64995307682,5857.478080171605,6243.399651427805,5125.163292666577,5929.253251106046,7177.517093444161,7759.0,null,null,null,null,null,null,null,null,null,null,null,null,null,null,null,null,null,null,null,null,null,null,null,null,null,null,null,null],"sEn":[178.39285714285708,184.13265306122443,181.83673469387747,200.51020408163254,220.10204081632648,266.1734693877551,299.158163265306,301.1479591836735,324.3367346938776,360.91836734693874,367.34693877551024,404.54081632653066,398.72448979591815,407.60204081632656,424.43877551020415,430.4846938775508,435.07653061224465,430.9438775510205,459.3367346938774,377.0663265306121,436.22448979591815,528.0612244897957,570.8418367346936,null,null,null,null,null,null,null,null,null,null,null,null,null,null,null,null,null,null,null,null,null,null,null,null,null,null,null,null],"mHat":[3400,3200,3200,3100,3000,2800,2800,2900,2600,2400,2400,2200,2100,2100,2100,2000,2000,2000,1900,2400,2100,1600,1400,null,null,null,null,null,null,null,null,null,null,null,null,null,null,null,null,null,null,null,null,null,null,null,null,null,null,null,null],"sEm":[790.8163265306123,765.3061224489796,739.795918367347,714.2857142857143,688.7755102040817,637.7551020408164,459.18367346938777,484.6938775510204,459.18367346938777,408.16326530612247,433.6734693877551,382.6530612244898,408.16326530612247,382.6530612244898,408.16326530612247,408.16326530612247,408.16326530612247,408.16326530612247,382.6530612244898,484.6938775510204,408.16326530612247,331.6326530612245,293.36734693877554,null,null,null,null,null,null,null,null,null,null,null,null,null,null,null,null,null,null,null,null,null,null,null,null,null,null,null,null],"pHat":[null,null,null,null,null,null,null,null,null,null,null,null,null,null,null,null,null,null,null,null,null,null,null],"sEp":[null,null,null,null,null,null,null,null,null,null,null,null,null,null,null,null,null,null,null,null,null,null,null,null,null,null,null,null,null,null,null,null,null,null,null,null,null,null,null,null,null,null,null,null,null,null,null,null,null,null,null],"modelType":"IPn2","hRd":[1,1,1,1,1,1,1,1,1,1,1,1,1,1,1,1,1,1,1,1,1,1,1,1,1,1,1,1,1,1,1,1,1,1,1,1,1,1,1,1,1,1,1,1,1,1,1,1,1,1,1],"hRi":[1,1,1,1,1,1,1,1,1,1,1,1,1,1,1,1,1,1,1,1,1,1,1,1,1,1,1,1,1,1,1,1,1,1,1,1,1,1,1,1,1,1,1,1,1,1,1,1,1,1,1],"oRt":[1,1,1,1,1,1,1,1,1,1,1,1,1,1,1,1,1,1,1,1,1,1,1,1,1,1,1,1,1,1,1,1,1,1,1,1,1,1,1,1,1,1,1,1,1,1,1,1,1,1,1],"tXf":[0.014157744347508746,0.014157744347508746,0.014157744347508746,0.014157744347508746,0.014157744347508746,0.014157744347508746,0.014157744347508746,0.014157744347508746,0.014157744347508746,0.014157744347508746,0.014157744347508746,0.014157744347508746,0.014157744347508746,0.014157744347508746,0.014157744347508746,0.014157744347508746,0.014157744347508746,0.014157744347508746,0.014157744347508746,0.014157744347508746,0.014157744347508746,0.014157744347508746,0.014157744347508746,0.014157744347508746,0.014157744347508746,0.014157744347508746,0.014157744347508746,0.014157744347508746,0.014157744347508746,0.014157744347508746,0.014157744347508746,0.014157744347508746,0.014157744347508746,0.014157744347508746,0.014157744347508746,0.014157744347508746,0.014157744347508746,0.014157744347508746,0.014157744347508746,0.014157744347508746,0.014157744347508746,0.014157744347508746,0.014157744347508746,0.014157744347508746,0.014157744347508746,0.014157744347508746,0.014157744347508746,0.014157744347508746,0.014157744347508746,0.014157744347508746,0.014157744347508746]}