{"year":[2000,2001,2002,2003,2004,2005,2006,2007,2008,2009,2010,2011,2012,2013,2014,2015,2016,2017,2018,2019,2020,2021,2022,2023,2024,2025,2026,2027,2028,2029,2030,2031,2032,2033,2034,2035,2036,2037,2038,2039,2040,2041,2042,2043,2044,2045,2046,2047,2048,2049,2050],"iHat":[8400,8400,8500,8600,8800,8900,9100,9200,9300,9400,9400,9500,9500,9500,9800,9700,9800,9800,9900,9900,9900,9900,9900,9800,null,null,null,null,null,null,null,null,null,null,null,null,null,null,null,null,null,null,null,null,null,null,null,null,null,null,null],"sEi":[2500.0,2474.4897959183672,2448.979591836735,2397.9591836734694,2372.4489795918366,2346.9387755102043,2321.4285714285716,2270.408163265306,2500.0,2474.4897959183672,2448.979591836735,2168.3673469387754,2142.857142857143,2117.3469387755104,2321.4285714285716,2040.8163265306123,2015.3061224489795,1989.795918367347,1964.2857142857142,1938.7755102040817,1938.7755102040817,1964.2857142857142,1989.795918367347,2015.3061224489795,null,null,null,null,null,null,null,null,null,null,null,null,null,null,null,null,null,null,null,null,null,null,null,null,null,null,null],"nHat":[2421,2493,2470,2765,3099,3645,4219,4219,4549,5111,5135,5543,5405,5520,5792,5866,5918,5839,6166,5101,5922,7194,7759,9084,null,null,null,null,null,null,null,null,null,null,null,null,null,null,null,null,null,null,null,null,null,null,null,null,null,null,null],"sEn":[185.2806122448979,190.79081632653063,189.03061224489795,211.60714285714275,237.16836734693874,278.9540816326531,322.88265306122435,322.88265306122435,348.13775510204067,391.14795918367355,392.9846938775508,424.2091836734693,413.64795918367327,422.4489795918365,443.26530612244886,448.9285714285715,452.90816326530603,446.86224489795916,471.8877551020409,390.3826530612245,453.2142857142856,550.5612244897957,593.801020408163,695.2040816326528,null,null,null,null,null,null,null,null,null,null,null,null,null,null,null,null,null,null,null,null,null,null,null,null,null,null,null],"mHat":[3400,3200,3200,3100,3000,2800,2800,2900,2700,2400,2400,2200,2200,2100,2100,2000,2000,2100,1900,2400,2100,1600,1300,830,null,null,null,null,null,null,null,null,null,null,null,null,null,null,null,null,null,null,null,null,null,null,null,null,null,null,null],"sEm":[790.8163265306123,765.3061224489796,765.3061224489796,714.2857142857143,688.7755102040817,637.7551020408164,459.18367346938777,510.2040816326531,459.18367346938777,408.16326530612247,433.6734693877551,382.6530612244898,408.16326530612247,382.6530612244898,408.16326530612247,408.16326530612247,408.16326530612247,408.16326530612247,382.6530612244898,484.6938775510204,433.6734693877551,334.18367346938777,298.46938775510205,209.18367346938777,null,null,null,null,null,null,null,null,null,null,null,null,null,null,null,null,null,null,null,null,null,null,null,null,null,null,null],"pHat":[null,null,null,null,null,null,null,null,null,null,null,null,null,null,null,null,null,null,null,null,null,null,null,null],"sEp":[null,null,null,null,null,null,null,null,null,null,null,null,null,null,null,null,null,null,null,null,null,null,null,null,null,null,null,null,null,null,null,null,null,null,null,null,null,null,null,null,null,null,null,null,null,null,null,null,null,null,null],"modelType":"IPn2","hRd":[1,1,1,1,1,1,1,1,1,1,1,1,1,1,1,1,1,1,1,1,1,1,1,1,1,1,1,1,1,1,1,1,1,1,1,1,1,1,1,1,1,1,1,1,1,1,1,1,1,1,1],"hRi":[1,1,1,1,1,1,1,1,1,1,1,1,1,1,1,1,1,1,1,1,1,1,1,1,1,1,1,1,1,1,1,1,1,1,1,1,1,1,1,1,1,1,1,1,1,1,1,1,1,1,1],"oRt":[1,1,1,1,1,1,1,1,1,1,1,1,1,1,1,1,1,1,1,1,1,1,1,1,1,1,1,1,1,1,1,1,1,1,1,1,1,1,1,1,1,1,1,1,1,1,1,1,1,1,1],"tXf":[0.0678420559759181,0.0678420559759181,0.0678420559759181,0.0678420559759181,0.0678420559759181,0.0678420559759181,0.0678420559759181,0.0678420559759181,0.0678420559759181,0.0678420559759181,0.0678420559759181,0.0678420559759181,0.0678420559759181,0.0678420559759181,0.0678420559759181,0.0678420559759181,0.0678420559759181,0.0678420559759181,0.0678420559759181,0.0678420559759181,0.0678420559759181,0.0678420559759181,0.0678420559759181,0.0678420559759181,0.0678420559759181,0.0678420559759181,0.0678420559759181,0.0678420559759181,0.0678420559759181,0.0678420559759181,0.0678420559759181,0.0678420559759181,0.0678420559759181,0.0678420559759181,0.0678420559759181,0.0678420559759181,0.0678420559759181,0.0678420559759181,0.0678420559759181,0.0678420559759181,0.0678420559759181,0.0678420559759181,0.0678420559759181,0.0678420559759181,0.0678420559759181,0.0678420559759181,0.0678420559759181,0.0678420559759181,0.0678420559759181,0.0678420559759181,0.0678420559759181]}