{"year":[2000,2001,2002,2003,2004,2005,2006,2007,2008,2009,2010,2011,2012,2013,2014,2015,2016,2017,2018,2019,2020,2021,2022,2023,2024,2025,2026,2027,2028,2029,2030,2031,2032,2033,2034,2035,2036,2037,2038,2039,2040,2041,2042,2043,2044,2045,2046,2047,2048,2049,2050],"iHat":[286000,291000,297000,302000,307000,312000,315000,319000,322000,324000,328000,332000,336000,341000,345000,349000,353000,358000,362000,366000,370000,375000,379000,null,null,null,null,null,null,null,null,null,null,null,null,null,null,null,null,null,null,null,null,null,null,null,null,null,null,null,null],"sEi":[42857.142857142855,43622.448979591834,44387.755102040814,45153.0612244898,46173.4693877551,46683.67346938776,47193.87755102041,47704.08163265306,48214.28571428572,48724.489795918365,49234.69387755102,49744.897959183676,50255.102040816324,51020.40816326531,51785.71428571429,52295.91836734694,53061.22448979592,53826.5306122449,54336.73469387755,54846.93877551021,55612.244897959186,56122.448979591834,56632.65306122449,null,null,null,null,null,null,null,null,null,null,null,null,null,null,null,null,null,null,null,null,null,null,null,null,null,null,null,null],"nHat":[75557,76302,83485,88156,98336,123118,145186,147342,151062,160875,153892,154358,168683,184506,191475,208235,223902,244325,268886,293738,231940,308955,264657,null,null,null,null,null,null,null,null,null,null,null,null,null,null,null,null,null,null,null,null,null,null,null,null,null,null,null,null],"sEn":[5782.423469387753,5839.438775510202,6389.158163265302,6746.632653061225,7525.714285714286,9422.295918367341,11111.173469387755,11276.173469387753,11560.867346938774,12311.862244897959,11777.448979591834,11813.112244897959,12909.41326530612,14120.35714285714,14653.698979591829,15936.352040816319,17135.357142857145,18698.341836734693,20578.010204081624,22479.948979591827,17750.510204081635,23644.51530612245,20254.362244897962,null,null,null,null,null,null,null,null,null,null,null,null,null,null,null,null,null,null,null,null,null,null,null,null,null,null,null,null],"mHat":[92000,94000,94000,94000,92000,84000,77000,78000,78000,75000,79000,81000,77000,72000,71000,67000,62000,56000,47000,39000,44000,44000,42000,null,null,null,null,null,null,null,null,null,null,null,null,null,null,null,null,null,null,null,null,null,null,null,null,null,null,null,null],"sEm":[18877.551020408162,19387.755102040817,19132.65306122449,19387.755102040817,18877.551020408162,17091.83673469388,15561.224489795919,15561.224489795919,15561.224489795919,15051.020408163266,16071.428571428572,16326.530612244898,15306.122448979591,14285.714285714286,14285.714285714286,13265.30612244898,12500.0,11224.489795918367,9693.877551020409,8418.367346938776,8928.57142857143,8673.469387755102,8673.469387755102,null,null,null,null,null,null,null,null,null,null,null,null,null,null,null,null,null,null,null,null,null,null,null,null,null,null,null,null],"pHat":[null,null,null,null,null,null,null,null,null,null,null,null,null,null,null,null,null,null,null,null,null,null,null],"sEp":[null,null,null,null,null,null,null,null,null,null,null,null,null,null,null,null,null,null,null,null,null,null,null,null,null,null,null,null,null,null,null,null,null,null,null,null,null,null,null,null,null,null,null,null,null,null,null,null,null,null,null],"modelType":"IPn2","hRd":[1,1,1,1,1,1,1,1,1,1,1,1,1,1,1,1,1,1,1,1,1,1,1,1,1,1,1,1,1,1,1,1,1,1,1,1,1,1,1,1,1,1,1,1,1,1,1,1,1,1,1],"hRi":[1,1,1,1,1,1,1,1,1,1,1,1,1,1,1,1,1,1,1,1,1,1,1,1,1,1,1,1,1,1,1,1,1,1,1,1,1,1,1,1,1,1,1,1,1,1,1,1,1,1,1],"oRt":[1,1,1,1,1,1,1,1,1,1,1,1,1,1,1,1,1,1,1,1,1,1,1,1,1,1,1,1,1,1,1,1,1,1,1,1,1,1,1,1,1,1,1,1,1,1,1,1,1,1,1],"tXf":[0.02176776416889874,0.02176776416889874,0.02176776416889874,0.02176776416889874,0.02176776416889874,0.02176776416889874,0.02176776416889874,0.02176776416889874,0.02176776416889874,0.02176776416889874,0.02176776416889874,0.02176776416889874,0.02176776416889874,0.02176776416889874,0.02176776416889874,0.02176776416889874,0.02176776416889874,0.02176776416889874,0.02176776416889874,0.02176776416889874,0.02176776416889874,0.02176776416889874,0.02176776416889874,0.02176776416889874,0.02176776416889874,0.02176776416889874,0.02176776416889874,0.02176776416889874,0.02176776416889874,0.02176776416889874,0.02176776416889874,0.02176776416889874,0.02176776416889874,0.02176776416889874,0.02176776416889874,0.02176776416889874,0.02176776416889874,0.02176776416889874,0.02176776416889874,0.02176776416889874,0.02176776416889874,0.02176776416889874,0.02176776416889874,0.02176776416889874,0.02176776416889874,0.02176776416889874,0.02176776416889874,0.02176776416889874,0.02176776416889874,0.02176776416889874,0.02176776416889874]}