{"year":[2000,2001,2002,2003,2004,2005,2006,2007,2008,2009,2010,2011,2012,2013,2014,2015,2016,2017,2018,2019,2020,2021,2022,2023,2024,2025,2026,2027,2028,2029,2030,2031,2032,2033,2034,2035,2036,2037,2038,2039,2040,2041,2042,2043,2044,2045,2046,2047,2048,2049,2050],"iHat":[3400,3400,2400,2500,3200,2900,2400,3200,2300,2200,1700,1700,1800,1600,1500,1400,1200,980,850,910,850,810,780,null,null,null,null,null,null,null,null,null,null,null,null,null,null,null,null,null,null,null,null,null,null,null,null,null,null,null,null],"sEi":[1326.530612244898,1301.0204081632653,612.2448979591837,688.7755102040817,1173.4693877551022,943.8775510204082,663.265306122449,1147.9591836734694,612.2448979591837,612.2448979591837,357.14285714285717,382.6530612244898,408.16326530612247,331.6326530612245,308.6734693877551,270.40816326530614,196.42857142857144,142.85714285714286,109.6938775510204,127.55102040816327,117.34693877551021,99.48979591836735,107.14285714285714,null,null,null,null,null,null,null,null,null,null,null,null,null,null,null,null,null,null,null,null,null,null,null,null,null,null,null,null],"nHat":[2476,2469,1691,1780,2353,2111,1778,2373,1719,1725,1321,1360,1409,1265,1202,1100,907,770,667,582,357,362,433,null,null,null,null,null,null,null,null,null,null,null,null,null,null,null,null,null,null,null,null,null,null,null,null,null,null,null,null],"sEn":[189.4897959183673,188.95408163265301,129.41326530612244,136.22448979591832,180.07653061224488,161.55612244897952,136.07142857142853,181.60714285714283,131.5561224489796,132.01530612244892,101.0969387755102,104.08163265306116,107.83163265306123,96.81122448979592,91.98979591836735,84.18367346938776,69.41326530612245,58.9285714285714,51.04591836734694,44.5408163265306,27.321428571428562,27.704081632653054,33.13775510204081,null,null,null,null,null,null,null,null,null,null,null,null,null,null,null,null,null,null,null,null,null,null,null,null,null,null,null,null],"mHat":[210,210,210,220,210,210,210,210,210,200,190,190,170,150,140,130,120,110,100,95,88,81,75,null,null,null,null,null,null,null,null,null,null,null,null,null,null,null,null,null,null,null,null,null,null,null,null,null,null,null,null],"sEm":[7.653061224489796,7.653061224489796,7.653061224489796,7.653061224489796,7.653061224489796,7.653061224489796,7.653061224489796,5.1020408163265305,7.653061224489796,5.1020408163265305,7.653061224489796,7.653061224489796,5.1020408163265305,5.1020408163265305,5.1020408163265305,5.1020408163265305,5.1020408163265305,5.1020408163265305,3.5714285714285716,3.061224489795918,3.5714285714285716,3.5714285714285716,3.316326530612245,null,null,null,null,null,null,null,null,null,null,null,null,null,null,null,null,null,null,null,null,null,null,null,null,null,null,null,null],"pHat":[null,null,null,null,null,null,null,null,null,null,null,null,null,null,null,null,null,null,null,null,null,null,null],"sEp":[null,null,null,null,null,null,null,null,null,null,null,null,null,null,null,null,null,null,null,null,null,null,null,null,null,null,null,null,null,null,null,null,null,null,null,null,null,null,null,null,null,null,null,null,null,null,null,null,null,null,null],"modelType":"IPn2","hRd":[1,1,1,1,1,1,1,1,1,1,1,1,1,1,1,1,1,1,1,1,1,1,1,1,1,1,1,1,1,1,1,1,1,1,1,1,1,1,1,1,1,1,1,1,1,1,1,1,1,1,1],"hRi":[1,1,1,1,1,1,1,1,1,1,1,1,1,1,1,1,1,1,1,1,1,1,1,1,1,1,1,1,1,1,1,1,1,1,1,1,1,1,1,1,1,1,1,1,1,1,1,1,1,1,1],"oRt":[1,1,1,1,1,1,1,1,1,1,1,1,1,1,1,1,1,1,1,1,1,1,1,1,1,1,1,1,1,1,1,1,1,1,1,1,1,1,1,1,1,1,1,1,1,1,1,1,1,1,1],"tXf":[0.014157744347508746,0.014157744347508746,0.014157744347508746,0.014157744347508746,0.014157744347508746,0.014157744347508746,0.014157744347508746,0.014157744347508746,0.014157744347508746,0.014157744347508746,0.014157744347508746,0.014157744347508746,0.014157744347508746,0.014157744347508746,0.014157744347508746,0.014157744347508746,0.014157744347508746,0.014157744347508746,0.014157744347508746,0.014157744347508746,0.014157744347508746,0.014157744347508746,0.014157744347508746,0.014157744347508746,0.014157744347508746,0.014157744347508746,0.014157744347508746,0.014157744347508746,0.014157744347508746,0.014157744347508746,0.014157744347508746,0.014157744347508746,0.014157744347508746,0.014157744347508746,0.014157744347508746,0.014157744347508746,0.014157744347508746,0.014157744347508746,0.014157744347508746,0.014157744347508746,0.014157744347508746,0.014157744347508746,0.014157744347508746,0.014157744347508746,0.014157744347508746,0.014157744347508746,0.014157744347508746,0.014157744347508746,0.014157744347508746,0.014157744347508746,0.014157744347508746]}