{"year":[2000,2001,2002,2003,2004,2005,2006,2007,2008,2009,2010,2011,2012,2013,2014,2015,2016,2017,2018,2019,2020,2021,2022,2023,2024,2025,2026,2027,2028,2029,2030,2031,2032,2033,2034,2035,2036,2037,2038,2039,2040,2041,2042,2043,2044,2045,2046,2047,2048,2049,2050],"iHat":[120,150,150,110,94,120,97,72,100,100,170,85,96,140,83,89,140,130,110,100,100,110,110,null,null,null,null,null,null,null,null,null,null,null,null,null,null,null,null,null,null,null,null,null,null,null,null,null,null,null,null],"sEi":[15.816326530612246,28.06122448979592,25.510204081632654,13.520408163265307,8.418367346938776,12.5,10.204081632653061,4.846938775510204,9.438775510204081,9.183673469387756,25.510204081632654,6.377551020408164,7.142857142857143,15.306122448979592,5.612244897959184,5.86734693877551,15.306122448979592,12.755102040816327,8.928571428571429,7.908163265306123,7.653061224489796,9.693877551020408,9.438775510204081,null,null,null,null,null,null,null,null,null,null,null,null,null,null,null,null,null,null,null,null,null,null,null,null,null,null,null,null],"nHat":[106.0,136.0,135.0,99.0,83.0,102.0,85.0,63.0,88.0,88.0,145.0,74.0,84.0,121.0,72.0,78.0,120.0,117.0,99.0,91.0,78.0,72.0,75.0,null,null,null,null,null,null,null,null,null,null,null,null,null,null,null,null,null,null,null,null,null,null,null,null,null,null,null,null],"sEn":[8.112244897959183,10.408163265306118,10.331632653061225,7.576530612244899,6.352040816326529,7.806122448979591,6.505102040816323,4.821428571428569,6.734693877551019,6.734693877551019,11.096938775510205,5.663265306122448,6.42857142857143,9.260204081632649,5.510204081632653,5.969387755102039,9.183673469387756,8.954081632653056,7.576530612244899,6.9642857142857135,5.969387755102039,5.510204081632653,5.7397959183673475,null,null,null,null,null,null,null,null,null,null,null,null,null,null,null,null,null,null,null,null,null,null,null,null,null,null,null,null],"mHat":[7,20,16,17,10,10,16,9,18,15,18,17,11,19,10,11,15,13,14,11,11,12,11,null,null,null,null,null,null,null,null,null,null,null,null,null,null,null,null,null,null,null,null,null,null,null,null,null,null,null,null],"sEm":[0.0,0.25510204081632654,0.0,0.7653061224489796,0.7653061224489796,1.2755102040816326,0.7653061224489796,0.7653061224489796,1.2755102040816326,1.0204081632653061,1.530612244897959,1.2755102040816326,1.0204081632653061,1.2755102040816326,1.2755102040816326,1.0204081632653061,1.7857142857142858,1.530612244897959,1.530612244897959,1.0204081632653061,1.0204081632653061,1.0204081632653061,1.0204081632653061,null,null,null,null,null,null,null,null,null,null,null,null,null,null,null,null,null,null,null,null,null,null,null,null,null,null,null,null],"pHat":[null,null,null,null,null,null,null,null,null,null,null,null,null,null,null,null,null,null,null,null,null,null,null],"sEp":[null,null,null,null,null,null,null,null,null,null,null,null,null,null,null,null,null,null,null,null,null,null,null,null,null,null,null,null,null,null,null,null,null,null,null,null,null,null,null,null,null,null,null,null,null,null,null,null,null,null,null],"modelType":"IPn2","hRd":[1,1,1,1,1,1,1,1,1,1,1,1,1,1,1,1,1,1,1,1,1,1,1,1,1,1,1,1,1,1,1,1,1,1,1,1,1,1,1,1,1,1,1,1,1,1,1,1,1,1,1],"hRi":[1,1,1,1,1,1,1,1,1,1,1,1,1,1,1,1,1,1,1,1,1,1,1,1,1,1,1,1,1,1,1,1,1,1,1,1,1,1,1,1,1,1,1,1,1,1,1,1,1,1,1],"oRt":[1,1,1,1,1,1,1,1,1,1,1,1,1,1,1,1,1,1,1,1,1,1,1,1,1,1,1,1,1,1,1,1,1,1,1,1,1,1,1,1,1,1,1,1,1,1,1,1,1,1,1],"tXf":[0.029012987120518988,0.029012987120518988,0.029012987120518988,0.029012987120518988,0.029012987120518988,0.029012987120518988,0.029012987120518988,0.029012987120518988,0.029012987120518988,0.029012987120518988,0.029012987120518988,0.029012987120518988,0.029012987120518988,0.029012987120518988,0.029012987120518988,0.029012987120518988,0.029012987120518988,0.029012987120518988,0.029012987120518988,0.029012987120518988,0.029012987120518988,0.029012987120518988,0.029012987120518988,0.029012987120518988,0.029012987120518988,0.029012987120518988,0.029012987120518988,0.029012987120518988,0.029012987120518988,0.029012987120518988,0.029012987120518988,0.029012987120518988,0.029012987120518988,0.029012987120518988,0.029012987120518988,0.029012987120518988,0.029012987120518988,0.029012987120518988,0.029012987120518988,0.029012987120518988,0.029012987120518988,0.029012987120518988,0.029012987120518988,0.029012987120518988,0.029012987120518988,0.029012987120518988,0.029012987120518988,0.029012987120518988,0.029012987120518988,0.029012987120518988,0.029012987120518988]}