{"year":[2000,2001,2002,2003,2004,2005,2006,2007,2008,2009,2010,2011,2012,2013,2014,2015,2016,2017,2018,2019,2020,2021,2022,2023,2024,2025,2026,2027,2028,2029,2030,2031,2032,2033,2034,2035,2036,2037,2038,2039,2040,2041,2042,2043,2044,2045,2046,2047,2048,2049,2050],"iHat":[120,150,150,110,94,120,97,72,100,100,170,84,96,140,82,89,140,130,110,100,100,110,110,110,null,null,null,null,null,null,null,null,null,null,null,null,null,null,null,null,null,null,null,null,null,null,null,null,null,null,null],"sEi":[15.816326530612246,28.06122448979592,25.510204081632654,13.520408163265307,8.418367346938776,12.755102040816327,10.459183673469388,5.1020408163265305,9.438775510204081,9.438775510204081,25.510204081632654,6.122448979591836,7.3979591836734695,15.306122448979592,5.612244897959184,5.86734693877551,15.306122448979592,12.755102040816327,8.928571428571429,7.908163265306123,8.16326530612245,7.653061224489796,9.948979591836736,9.693877551020408,null,null,null,null,null,null,null,null,null,null,null,null,null,null,null,null,null,null,null,null,null,null,null,null,null,null,null],"nHat":[106,136,140,105,83,106,87,63,88,94,145,76,84,124,87,84,120,122,104,91,81,72,75,81,null,null,null,null,null,null,null,null,null,null,null,null,null,null,null,null,null,null,null,null,null,null,null,null,null,null,null],"sEn":[8.112244897959183,10.408163265306118,10.714285714285715,8.035714285714283,6.352040816326529,8.112244897959183,6.658163265306121,4.821428571428569,6.734693877551019,7.193877551020409,11.096938775510205,5.816326530612244,6.42857142857143,9.489795918367347,6.658163265306121,6.42857142857143,9.183673469387756,9.336734693877546,7.959183673469389,6.9642857142857135,6.198979591836734,5.510204081632653,5.7397959183673475,6.198979591836734,null,null,null,null,null,null,null,null,null,null,null,null,null,null,null,null,null,null,null,null,null,null,null,null,null,null,null],"mHat":[7,20,16,17,10,10,16,9,18,15,18,17,11,19,10,11,14,13,14,11,11,12,11,11,null,null,null,null,null,null,null,null,null,null,null,null,null,null,null,null,null,null,null,null,null,null,null,null,null,null,null],"sEm":[0.0,0.25510204081632654,0.0,0.7653061224489796,0.7653061224489796,1.2755102040816326,0.7653061224489796,0.7653061224489796,1.2755102040816326,1.0204081632653061,1.530612244897959,1.530612244897959,1.0204081632653061,1.2755102040816326,1.530612244897959,1.0204081632653061,1.7857142857142858,1.2755102040816326,1.530612244897959,1.0204081632653061,1.0204081632653061,1.0204081632653061,1.2755102040816326,1.2755102040816326,null,null,null,null,null,null,null,null,null,null,null,null,null,null,null,null,null,null,null,null,null,null,null,null,null,null,null],"pHat":[null,null,null,null,null,null,null,null,null,null,null,null,null,null,null,null,null,null,null,null,null,null,null,null],"sEp":[null,null,null,null,null,null,null,null,null,null,null,null,null,null,null,null,null,null,null,null,null,null,null,null,null,null,null,null,null,null,null,null,null,null,null,null,null,null,null,null,null,null,null,null,null,null,null,null,null,null,null],"modelType":"IPn2","hRd":[1,1,1,1,1,1,1,1,1,1,1,1,1,1,1,1,1,1,1,1,1,1,1,1,1,1,1,1,1,1,1,1,1,1,1,1,1,1,1,1,1,1,1,1,1,1,1,1,1,1,1],"hRi":[1,1,1,1,1,1,1,1,1,1,1,1,1,1,1,1,1,1,1,1,1,1,1,1,1,1,1,1,1,1,1,1,1,1,1,1,1,1,1,1,1,1,1,1,1,1,1,1,1,1,1],"oRt":[1,1,1,1,1,1,1,1,1,1,1,1,1,1,1,1,1,1,1,1,1,1,1,1,1,1,1,1,1,1,1,1,1,1,1,1,1,1,1,1,1,1,1,1,1,1,1,1,1,1,1],"tXf":[0.02296540254692867,0.02296540254692867,0.02296540254692867,0.02296540254692867,0.02296540254692867,0.02296540254692867,0.02296540254692867,0.02296540254692867,0.02296540254692867,0.02296540254692867,0.02296540254692867,0.02296540254692867,0.02296540254692867,0.02296540254692867,0.02296540254692867,0.02296540254692867,0.02296540254692867,0.02296540254692867,0.02296540254692867,0.02296540254692867,0.02296540254692867,0.02296540254692867,0.02296540254692867,0.02296540254692867,0.02296540254692867,0.02296540254692867,0.02296540254692867,0.02296540254692867,0.02296540254692867,0.02296540254692867,0.02296540254692867,0.02296540254692867,0.02296540254692867,0.02296540254692867,0.02296540254692867,0.02296540254692867,0.02296540254692867,0.02296540254692867,0.02296540254692867,0.02296540254692867,0.02296540254692867,0.02296540254692867,0.02296540254692867,0.02296540254692867,0.02296540254692867,0.02296540254692867,0.02296540254692867,0.02296540254692867,0.02296540254692867,0.02296540254692867,0.02296540254692867]}