{"year":[2000,2001,2002,2003,2004,2005,2006,2007,2008,2009,2010,2011,2012,2013,2014,2015,2016,2017,2018,2019,2020,2021,2022],"iHat":[0,0,0,3,7,5,3,3,2,2,1,1,3,0,0,0,2,2,2,2,3,2,1],"sEi":[0.0,0.0,0.0,0.25510204081632654,0.5102040816326531,0.5102040816326531,0.25510204081632654,0.0,0.25510204081632654,0.0,0.0,0.0,0.25510204081632654,0.0,0.0,0.0,0.25510204081632654,0.25510204081632654,0.25510204081632654,0.25510204081632654,0.25510204081632654,0.25510204081632654,0.0],"nHat":[0,0,0,0,6,0,3,0,0,0,1,1,3,0,0,0,2,2,2,2,3,2,1],"sEn":[0.0,0.0,0.0,0.0,0.4591836734693877,0.0,0.22959183673469385,0.0,0.0,0.0,0.07653061224489795,0.07653061224489795,0.22959183673469385,0.0,0.0,0.0,0.1530612244897959,0.1530612244897959,0.1530612244897959,0.1530612244897959,0.22959183673469385,0.1530612244897959,0.07653061224489795],"mHat":[0,0,0,0,1,0,0,0,0,0,0,0,0,0,0,0,0,0,0,0,0,0,0],"sEm":[0.0,0.0,0.0,0.0,0.25510204081632654,0.25510204081632654,0.0,0.0,0.0,0.0,0.0,0.0,0.0,0.0,0.0,0.0,0.0,0.0,0.0,0.0,0.25510204081632654,0.0,0.0],"pHat":["","","","","","","","","","","","","","","","","","","","","","",""],"sEp":[0.0305,0.0305,0.0305,0.0305,0.0305,0.0305,0.0305,0.0305,0.0305,0.0305,0.0305,0.0305,0.0305,0.0305,0.0305,0.0305,0.0305,0.0305,0.0305,0.0305,0.0305,0.0305,0.0305]}