{"year":[2000,2001,2002,2003,2004,2005,2006,2007,2008,2009,2010,2011,2012,2013,2014,2015,2016,2017,2018,2019,2020,2021,2022],"iHat":[350,250,260,240,210,190,230,240,260,240,270,260,280,240,230,240,280,270,290,280,360,270,260],"sEi":[28.06122448979592,20.408163265306122,20.408163265306122,17.857142857142858,17.857142857142858,15.306122448979592,17.857142857142858,17.857142857142858,20.408163265306122,17.857142857142858,20.408163265306122,20.408163265306122,20.408163265306122,17.857142857142858,17.857142857142858,17.857142857142858,20.408163265306122,22.95918367346939,20.408163265306122,20.408163265306122,28.06122448979592,20.408163265306122,20.408163265306122],"nHat":[307,216,230,209,185,163,202,209,223,213,237,230,243,212,200,212,242,239,252,243,316,241,224],"sEn":[23.494897959183664,16.530612244897956,17.602040816326532,15.994897959183671,14.158163265306115,12.47448979591837,15.459183673469386,15.994897959183671,17.066326530612248,16.301020408163268,18.137755102040806,17.602040816326532,18.596938775510207,16.224489795918366,15.306122448979584,16.224489795918366,18.520408163265298,18.290816326530603,19.285714285714278,18.596938775510207,24.18367346938776,18.443877551020403,17.14285714285713],"mHat":[19,16,12,12,16,15,13,11,11,15,16,9,20,24,22,19,20,23,18,23,23,24,24],"sEm":[1.2755102040816326,1.0204081632653061,0.7653061224489796,0.7653061224489796,1.0204081632653061,0.7653061224489796,0.7653061224489796,0.7653061224489796,1.0204081632653061,1.2755102040816326,1.2755102040816326,0.7653061224489796,1.7857142857142858,1.530612244897959,1.530612244897959,1.2755102040816326,1.2755102040816326,1.530612244897959,1.7857142857142858,1.7857142857142858,1.7857142857142858,1.7857142857142858,2.0408163265306123],"pHat":["","","","","","","","","","","","","","","","","","","","","","",""],"sEp":[0.0305,0.0305,0.0305,0.0305,0.0305,0.0305,0.0305,0.0305,0.0305,0.0305,0.0305,0.0305,0.0305,0.0305,0.0305,0.0305,0.0305,0.0305,0.0305,0.0305,0.0305,0.0305,0.0305]}