{"year":[2000,2001,2002,2003,2004,2005,2006,2007,2008,2009,2010,2011,2012,2013,2014,2015,2016,2017,2018,2019,2020,2021,2022,2023,2024,2025,2026,2027,2028,2029,2030,2031,2032,2033,2034,2035,2036,2037,2038,2039,2040,2041,2042,2043,2044,2045,2046,2047,2048,2049,2050],"iHat":[21000,21000,22000,22000,23000,23000,24000,24000,25000,24000,24000,25000,25000,25000,25000,25000,25000,26000,26000,27000,27000,28000,28000,28000,null,null,null,null,null,null,null,null,null,null,null,null,null,null,null,null,null,null,null,null,null,null,null,null,null,null,null],"sEi":[4336.734693877551,4081.6326530612246,4336.734693877551,4591.836734693878,4336.734693877551,4591.836734693878,4846.938775510204,4591.836734693878,4846.938775510204,4846.938775510204,4846.938775510204,4846.938775510204,5102.040816326531,5102.040816326531,5102.040816326531,5102.040816326531,5102.040816326531,5102.040816326531,5357.142857142857,5357.142857142857,5357.142857142857,5357.142857142857,5357.142857142857,5612.244897959184,null,null,null,null,null,null,null,null,null,null,null,null,null,null,null,null,null,null,null,null,null,null,null,null,null,null,null],"nHat":[0,2578,4837,3932,4091,3338,6375,0,6935,8996,6760,5724,8283,8848,10186,10799,10618,9819,11032,12241,12785,13428,14496,14916,null,null,null,null,null,null,null,null,null,null,null,null,null,null,null,null,null,null,null,null,null,null,null,null,null,null,null],"sEn":[0.0,197.29591836734696,370.1785714285713,300.9183673469386,313.0867346938775,255.45918367346943,487.8826530612243,0.0,530.7397959183671,688.469387755102,517.34693877551,438.0612244897959,633.9030612244895,677.1428571428569,779.5408163265305,826.4540816326528,812.6020408163265,751.4540816326528,844.2857142857144,936.8112244897958,978.4438775510199,1027.6530612244896,1109.3877551020403,1141.5306122448974,null,null,null,null,null,null,null,null,null,null,null,null,null,null,null,null,null,null,null,null,null,null,null,null,null,null,null],"mHat":[11000,12000,10000,11000,11000,12000,11000,11000,11000,9700,11000,7900,10000,9900,8900,8700,8300,8800,8300,7800,8400,8200,7400,7300,null,null,null,null,null,null,null,null,null,null,null,null,null,null,null,null,null,null,null,null,null,null,null,null,null,null,null],"sEm":[2653.061224489796,2857.1428571428573,2551.0204081632655,2704.081632653061,2678.5714285714284,3061.2244897959185,2729.591836734694,2678.5714285714284,2729.591836734694,2372.4489795918366,2755.1020408163267,2704.081632653061,2576.530612244898,2372.4489795918366,2270.408163265306,2040.8163265306123,1301.0204081632653,1505.1020408163265,1326.530612244898,1403.061224489796,1275.5102040816328,1326.530612244898,1224.4897959183675,1275.5102040816328,null,null,null,null,null,null,null,null,null,null,null,null,null,null,null,null,null,null,null,null,null,null,null,null,null,null,null],"pHat":[null,null,null,null,null,null,null,null,null,null,null,null,null,null,null,null,null,null,null,null,null,null,null,null],"sEp":[null,null,null,null,null,null,null,null,null,null,null,null,null,null,null,null,null,null,null,null,null,null,null,null,null,null,null,null,null,null,null,null,null,null,null,null,null,null,null,null,null,null,null,null,null,null,null,null,null,null,null],"modelType":"IPn2","hRd":[1,1,1,1,1,1,1,1,1,1,1,1,1,1,1,1,1,1,1,1,1,1,1,1,1,1,1,1,1,1,1,1,1,1,1,1,1,1,1,1,1,1,1,1,1,1,1,1,1,1,1],"hRi":[1,1,1,1,1,1,1,1,1,1,1,1,1,1,1,1,1,1,1,1,1,1,1,1,1,1,1,1,1,1,1,1,1,1,1,1,1,1,1,1,1,1,1,1,1,1,1,1,1,1,1],"oRt":[1,1,1,1,1,1,1,1,1,1,1,1,1,1,1,1,1,1,1,1,1,1,1,1,1,1,1,1,1,1,1,1,1,1,1,1,1,1,1,1,1,1,1,1,1,1,1,1,1,1,1],"tXf":[0.03811360561919944,0.03811360561919944,0.03811360561919944,0.03811360561919944,0.03811360561919944,0.03811360561919944,0.03811360561919944,0.03811360561919944,0.03811360561919944,0.03811360561919944,0.03811360561919944,0.03811360561919944,0.03811360561919944,0.03811360561919944,0.03811360561919944,0.03811360561919944,0.03811360561919944,0.03811360561919944,0.03811360561919944,0.03811360561919944,0.03811360561919944,0.03811360561919944,0.03811360561919944,0.03811360561919944,0.03811360561919944,0.03811360561919944,0.03811360561919944,0.03811360561919944,0.03811360561919944,0.03811360561919944,0.03811360561919944,0.03811360561919944,0.03811360561919944,0.03811360561919944,0.03811360561919944,0.03811360561919944,0.03811360561919944,0.03811360561919944,0.03811360561919944,0.03811360561919944,0.03811360561919944,0.03811360561919944,0.03811360561919944,0.03811360561919944,0.03811360561919944,0.03811360561919944,0.03811360561919944,0.03811360561919944,0.03811360561919944,0.03811360561919944,0.03811360561919944]}