{"year":[2000,2001,2002,2003,2004,2005,2006,2007,2008,2009,2010,2011,2012,2013,2014,2015,2016,2017,2018,2019,2020,2021,2022,2023,2024,2025,2026,2027,2028,2029,2030,2031,2032,2033,2034,2035,2036,2037,2038,2039,2040,2041,2042,2043,2044,2045,2046,2047,2048,2049,2050],"iHat":[660,630,680,660,630,590,540,480,530,580,580,600,480,540,490,610,660,610,540,460,400,410,400,null,null,null,null,null,null,null,null,null,null,null,null,null,null,null,null,null,null,null,null,null,null,null,null,null,null,null,null],"sEi":[51.02040816326531,48.46938775510204,53.57142857142857,51.02040816326531,48.46938775510204,43.36734693877551,40.816326530612244,38.26530612244898,40.816326530612244,45.91836734693878,45.91836734693878,45.91836734693878,35.714285714285715,40.816326530612244,35.714285714285715,48.46938775510204,51.02040816326531,45.91836734693878,40.816326530612244,33.16326530612245,30.612244897959183,30.612244897959183,30.612244897959183,null,null,null,null,null,null,null,null,null,null,null,null,null,null,null,null,null,null,null,null,null,null,null,null,null,null,null,null],"nHat":[577,549,594,572,551,514,473,420,463,503,508,524,416,466,423,531,573,529,473,402,351,355,346,null,null,null,null,null,null,null,null,null,null,null,null,null,null,null,null,null,null,null,null,null,null,null,null,null,null,null,null],"sEn":[44.158163265306115,42.01530612244896,45.45918367346937,43.77551020408163,42.16836734693878,39.33673469387753,36.19897959183672,32.14285714285713,35.433673469387735,38.49489795918365,38.87755102040814,40.102040816326515,31.836734693877556,35.663265306122454,32.37244897959183,40.63775510204082,43.852040816326515,40.484693877551,36.19897959183672,30.765306122448973,26.862244897959187,27.168367346938762,26.4795918367347,null,null,null,null,null,null,null,null,null,null,null,null,null,null,null,null,null,null,null,null,null,null,null,null,null,null,null,null],"mHat":[68,58,53,44,43,41,42,35,40,34,35,32,28,25,17,22,31,22,22,21,21,21,21,null,null,null,null,null,null,null,null,null,null,null,null,null,null,null,null,null,null,null,null,null,null,null,null,null,null,null,null],"sEm":[5.86734693877551,5.1020408163265305,5.357142857142858,4.591836734693878,3.826530612244898,3.061224489795918,2.295918367346939,2.0408163265306123,1.7857142857142858,2.0408163265306123,2.0408163265306123,2.0408163265306123,1.530612244897959,1.530612244897959,1.2755102040816326,1.530612244897959,1.7857142857142858,1.530612244897959,1.530612244897959,1.0204081632653061,1.2755102040816326,1.2755102040816326,1.2755102040816326,null,null,null,null,null,null,null,null,null,null,null,null,null,null,null,null,null,null,null,null,null,null,null,null,null,null,null,null],"pHat":[null,null,null,null,null,null,null,null,null,null,null,null,null,null,null,null,null,null,null,null,null,null,null],"sEp":[null,null,null,null,null,null,null,null,null,null,null,null,null,null,null,null,null,null,null,null,null,null,null,null,null,null,null,null,null,null,null,null,null,null,null,null,null,null,null,null,null,null,null,null,null,null,null,null,null,null,null],"modelType":"IPn2","hRd":[1,1,1,1,1,1,1,1,1,1,1,1,1,1,1,1,1,1,1,1,1,1,1,1,1,1,1,1,1,1,1,1,1,1,1,1,1,1,1,1,1,1,1,1,1,1,1,1,1,1,1],"hRi":[1,1,1,1,1,1,1,1,1,1,1,1,1,1,1,1,1,1,1,1,1,1,1,1,1,1,1,1,1,1,1,1,1,1,1,1,1,1,1,1,1,1,1,1,1,1,1,1,1,1,1],"oRt":[1,1,1,1,1,1,1,1,1,1,1,1,1,1,1,1,1,1,1,1,1,1,1,1,1,1,1,1,1,1,1,1,1,1,1,1,1,1,1,1,1,1,1,1,1,1,1,1,1,1,1],"tXf":[0.024505002042749992,0.024505002042749992,0.024505002042749992,0.024505002042749992,0.024505002042749992,0.024505002042749992,0.024505002042749992,0.024505002042749992,0.024505002042749992,0.024505002042749992,0.024505002042749992,0.024505002042749992,0.024505002042749992,0.024505002042749992,0.024505002042749992,0.024505002042749992,0.024505002042749992,0.024505002042749992,0.024505002042749992,0.024505002042749992,0.024505002042749992,0.024505002042749992,0.024505002042749992,0.024505002042749992,0.024505002042749992,0.024505002042749992,0.024505002042749992,0.024505002042749992,0.024505002042749992,0.024505002042749992,0.024505002042749992,0.024505002042749992,0.024505002042749992,0.024505002042749992,0.024505002042749992,0.024505002042749992,0.024505002042749992,0.024505002042749992,0.024505002042749992,0.024505002042749992,0.024505002042749992,0.024505002042749992,0.024505002042749992,0.024505002042749992,0.024505002042749992,0.024505002042749992,0.024505002042749992,0.024505002042749992,0.024505002042749992,0.024505002042749992,0.024505002042749992]}