{"year":[2000,2001,2002,2003,2004,2005,2006,2007,2008,2009,2010,2011,2012,2013,2014,2015,2016,2017,2018,2019,2020,2021,2022,2023,2024,2025,2026,2027,2028,2029,2030,2031,2032,2033,2034,2035,2036,2037,2038,2039,2040,2041,2042,2043,2044,2045,2046,2047,2048,2049,2050],"iHat":[159000,164000,169000,174000,179000,185000,191000,197000,204000,210000,217000,225000,232000,239000,247000,255000,263000,271000,280000,288000,296000,305000,314000,null,null,null,null,null,null,null,null,null,null,null,null,null,null,null,null,null,null,null,null,null,null,null,null,null,null,null,null],"sEi":[32397.95918367347,33418.36734693878,34438.77551020408,35459.183673469386,36224.489795918365,37755.102040816324,38775.510204081635,40306.12244897959,41581.63265306123,42602.04081632653,44132.65306122449,45663.26530612245,47193.87755102041,48469.38775510204,50000.0,51275.510204081635,53061.22448979592,54336.73469387755,55867.34693877551,57397.95918367347,58928.57142857143,60969.38775510204,62755.10204081633,null,null,null,null,null,null,null,null,null,null,null,null,null,null,null,null,null,null,null,null,null,null,null,null,null,null,null,null],"nHat":[61350.135858444664,67104.72712833417,70800.37309411226,80438.60973010644,94179.65680852186,97593.80634600348,96177.2761050401,100343.42324382803,105421.41774141921,112306.01610204173,114780.16863789046,110720.58800410049,109566.4526480849,113849.21973573852,117332.73803590749,120869.53958857543,132246.01666930038,152103.57899684363,171647.47387571365,180474.3975915819,202754.83989124844,216129.9416128784,248120.00000000003,null,null,null,null,null,null,null,null,null,null,null,null,null,null,null,null,null,null,null,null,null,null,null,null,null,null,null,null],"sEn":[4670.204081632651,5108.265306122449,5389.591836734691,6123.290816326531,7169.311224489796,7429.209183673466,7321.377551020409,7638.520408163262,8025.076530612246,8549.158163265305,8737.5,8428.4693877551,8340.612244897959,8666.632653061224,8931.811224489791,9201.045918367345,10067.066326530607,11578.698979591836,13066.454081632646,13738.39285714285,15434.464285714288,16452.627551020407,18887.83163265305,null,null,null,null,null,null,null,null,null,null,null,null,null,null,null,null,null,null,null,null,null,null,null,null,null,null,null,null],"mHat":[55000,53000,53000,50000,46000,47000,51000,47000,47000,53000,55000,61000,65000,66000,67000,69000,67000,59000,55000,54000,51000,49000,39000,null,null,null,null,null,null,null,null,null,null,null,null,null,null,null,null,null,null,null,null,null,null,null,null,null,null,null,null],"sEm":[13010.204081632653,12244.897959183674,11989.795918367347,11479.591836734695,10204.081632653062,10714.285714285714,11734.69387755102,9693.877551020409,9948.979591836734,11989.795918367347,12244.897959183674,13520.408163265307,14540.816326530612,14795.91836734694,15051.020408163266,15306.122448979591,14540.816326530612,11479.591836734695,11734.69387755102,10459.183673469388,9948.979591836734,9693.877551020409,8163.265306122449,null,null,null,null,null,null,null,null,null,null,null,null,null,null,null,null,null,null,null,null,null,null,null,null,null,null,null,null],"pHat":[null,null,null,null,null,null,null,null,null,null,null,null,null,null,null,null,null,null,null,null,null,null,null],"sEp":[null,null,null,null,null,null,null,null,null,null,null,null,null,null,null,null,null,null,null,null,null,null,null,null,null,null,null,null,null,null,null,null,null,null,null,null,null,null,null,null,null,null,null,null,null,null,null,null,null,null,null],"modelType":"IPn2","hRd":[1,1,1,1,1,1,1,1,1,1,1,1,1,1,1,1,1,1,1,1,1,1,1,1,1,1,1,1,1,1,1,1,1,1,1,1,1,1,1,1,1,1,1,1,1,1,1,1,1,1,1],"hRi":[1,1,1,1,1,1,1,1,1,1,1,1,1,1,1,1,1,1,1,1,1,1,1,1,1,1,1,1,1,1,1,1,1,1,1,1,1,1,1,1,1,1,1,1,1,1,1,1,1,1,1],"oRt":[1,1,1,1,1,1,1,1,1,1,1,1,1,1,1,1,1,1,1,1,1,1,1,1,1,1,1,1,1,1,1,1,1,1,1,1,1,1,1,1,1,1,1,1,1,1,1,1,1,1,1],"tXf":[0.04366172298055754,0.04366172298055754,0.04366172298055754,0.04366172298055754,0.04366172298055754,0.04366172298055754,0.04366172298055754,0.04366172298055754,0.04366172298055754,0.04366172298055754,0.04366172298055754,0.04366172298055754,0.04366172298055754,0.04366172298055754,0.04366172298055754,0.04366172298055754,0.04366172298055754,0.04366172298055754,0.04366172298055754,0.04366172298055754,0.04366172298055754,0.04366172298055754,0.04366172298055754,0.04366172298055754,0.04366172298055754,0.04366172298055754,0.04366172298055754,0.04366172298055754,0.04366172298055754,0.04366172298055754,0.04366172298055754,0.04366172298055754,0.04366172298055754,0.04366172298055754,0.04366172298055754,0.04366172298055754,0.04366172298055754,0.04366172298055754,0.04366172298055754,0.04366172298055754,0.04366172298055754,0.04366172298055754,0.04366172298055754,0.04366172298055754,0.04366172298055754,0.04366172298055754,0.04366172298055754,0.04366172298055754,0.04366172298055754,0.04366172298055754,0.04366172298055754]}