{"year":[2000,2001,2002,2003,2004,2005,2006,2007,2008,2009,2010,2011,2012,2013,2014,2015,2016,2017,2018,2019,2020,2021,2022],"iHat":[11000,12000,13000,14000,15000,16000,16000,16000,16000,17000,17000,18000,18000,18000,19000,19000,20000,20000,20000,21000,21000,22000,22000],"sEi":[892.8571428571429,1275.5102040816328,1785.7142857142858,3137.7551020408164,2806.122448979592,3469.387755102041,3622.4489795918366,3571.4285714285716,3571.4285714285716,3316.326530612245,3571.4285714285716,2806.122448979592,2806.122448979592,3826.530612244898,3826.530612244898,4081.6326530612246,4081.6326530612246,4081.6326530612246,4336.734693877551,4336.734693877551,4591.836734693878,4846.938775510204,4591.836734693878],"nHat":[9239,9735,9888,7782,9729,9853,8478,9002,8886,9765,10150,10975,11303,10699,10017,9951,10436,10014,10718,11829,11187,12012,13761],"sEn":[707.066326530612,745.0255102040817,756.734693877551,595.5612244897958,744.566326530612,754.0561224489795,648.8265306122446,688.9285714285713,680.0510204081634,747.3214285714286,776.7857142857143,839.9234693877546,865.0255102040816,818.801020408163,766.607142857143,761.5561224489794,798.673469387755,766.3775510204079,820.2551020408163,905.2806122448977,856.1479591836736,919.2857142857144,1053.1377551020407],"mHat":[1700,2000,2400,4000,3400,3700,4700,4600,4700,4400,4300,4100,4100,4700,5200,5400,5300,5700,5500,5100,5900,5700,5100],"sEm":[280.6122448979592,306.12244897959187,382.6530612244898,714.2857142857143,561.2244897959184,663.265306122449,841.8367346938776,841.8367346938776,867.3469387755102,816.3265306122449,790.8163265306123,663.265306122449,688.7755102040817,867.3469387755102,969.3877551020408,1020.4081632653061,1020.4081632653061,1096.938775510204,1071.4285714285716,994.8979591836735,1198.9795918367347,1147.9591836734694,1020.4081632653061],"pHat":["","","","","","","","","","","","","","","","","","","","","","",""],"sEp":[0.0305,0.0305,0.0305,0.0305,0.0305,0.0305,0.0305,0.0305,0.0305,0.0305,0.0305,0.0305,0.0305,0.0305,0.0305,0.0305,0.0305,0.0305,0.0305,0.0305,0.0305,0.0305,0.0305]}