{"year":[2000,2001,2002,2003,2004,2005,2006,2007,2008,2009,2010,2011,2012,2013,2014,2015,2016,2017,2018,2019,2020,2021,2022,2023,2024,2025,2026,2027,2028,2029,2030,2031,2032,2033,2034,2035,2036,2037,2038,2039,2040,2041,2042,2043,2044,2045,2046,2047,2048,2049,2050],"iHat":[210,210,210,210,210,220,210,210,220,210,220,230,230,240,250,250,260,260,270,270,280,290,290,300,null,null,null,null,null,null,null,null,null,null,null,null,null,null,null,null,null,null,null,null,null,null,null,null,null,null,null],"sEi":[45.91836734693878,45.91836734693878,45.91836734693878,45.91836734693878,43.36734693877551,43.36734693877551,43.36734693877551,43.36734693877551,43.36734693877551,40.816326530612244,43.36734693877551,45.91836734693878,45.91836734693878,45.91836734693878,48.46938775510204,51.02040816326531,51.02040816326531,51.02040816326531,53.57142857142857,53.57142857142857,56.12244897959184,56.12244897959184,58.673469387755105,61.224489795918366,null,null,null,null,null,null,null,null,null,null,null,null,null,null,null,null,null,null,null,null,null,null,null,null,null,null,null],"nHat":[121,139,111,73,91,112,116,0,137,129,0,119,122,121,150,0,163,130,122,193,156,135,109,111,null,null,null,null,null,null,null,null,null,null,null,null,null,null,null,null,null,null,null,null,null,null,null,null,null,null,null],"sEn":[9.260204081632649,10.637755102040817,8.494897959183673,5.586734693877549,6.9642857142857135,8.571428571428566,8.87755102040816,0.0,10.484693877551015,9.872448979591837,0.0,9.107142857142858,9.336734693877546,9.260204081632649,11.479591836734695,0.0,12.47448979591837,9.948979591836736,9.336734693877546,14.770408163265309,11.938775510204078,10.331632653061225,8.341836734693878,8.494897959183673,null,null,null,null,null,null,null,null,null,null,null,null,null,null,null,null,null,null,null,null,null,null,null,null,null,null,null],"mHat":[43,35,47,62,56,50,49,45,41,44,48,54,55,57,50,50,50,65,71,73,58,71,86,87,null,null,null,null,null,null,null,null,null,null,null,null,null,null,null,null,null,null,null,null,null,null,null,null,null,null,null],"sEm":[9.948979591836736,8.16326530612245,10.96938775510204,15.051020408163266,13.26530612244898,11.73469387755102,11.73469387755102,10.459183673469388,9.693877551020408,10.204081632653061,11.224489795918368,13.010204081632653,12.755102040816327,13.520408163265307,11.73469387755102,11.479591836734695,11.479591836734695,15.561224489795919,17.346938775510203,17.091836734693878,13.520408163265307,17.091836734693878,20.153061224489797,19.89795918367347,null,null,null,null,null,null,null,null,null,null,null,null,null,null,null,null,null,null,null,null,null,null,null,null,null,null,null],"pHat":[null,null,null,null,null,null,null,null,null,null,null,null,null,null,null,null,null,null,null,null,null,null,null,null],"sEp":[null,null,null,null,null,null,null,null,null,null,null,null,null,null,null,null,null,null,null,null,null,null,null,null,null,null,null,null,null,null,null,null,null,null,null,null,null,null,null,null,null,null,null,null,null,null,null,null,null,null,null],"modelType":"IPn2","hRd":[1,1,1,1,1,1,1,1,1,1,1,1,1,1,1,1,1,1,1,1,1,1,1,1,1,1,1,1,1,1,1,1,1,1,1,1,1,1,1,1,1,1,1,1,1,1,1,1,1,1,1],"hRi":[1,1,1,1,1,1,1,1,1,1,1,1,1,1,1,1,1,1,1,1,1,1,1,1,1,1,1,1,1,1,1,1,1,1,1,1,1,1,1,1,1,1,1,1,1,1,1,1,1,1,1],"oRt":[1,1,1,1,1,1,1,1,1,1,1,1,1,1,1,1,1,1,1,1,1,1,1,1,1,1,1,1,1,1,1,1,1,1,1,1,1,1,1,1,1,1,1,1,1,1,1,1,1,1,1],"tXf":[0.035919332273249234,0.035919332273249234,0.035919332273249234,0.035919332273249234,0.035919332273249234,0.035919332273249234,0.035919332273249234,0.035919332273249234,0.035919332273249234,0.035919332273249234,0.035919332273249234,0.035919332273249234,0.035919332273249234,0.035919332273249234,0.035919332273249234,0.035919332273249234,0.035919332273249234,0.035919332273249234,0.035919332273249234,0.035919332273249234,0.035919332273249234,0.035919332273249234,0.035919332273249234,0.035919332273249234,0.035919332273249234,0.035919332273249234,0.035919332273249234,0.035919332273249234,0.035919332273249234,0.035919332273249234,0.035919332273249234,0.035919332273249234,0.035919332273249234,0.035919332273249234,0.035919332273249234,0.035919332273249234,0.035919332273249234,0.035919332273249234,0.035919332273249234,0.035919332273249234,0.035919332273249234,0.035919332273249234,0.035919332273249234,0.035919332273249234,0.035919332273249234,0.035919332273249234,0.035919332273249234,0.035919332273249234,0.035919332273249234,0.035919332273249234,0.035919332273249234]}