{"year":[2000,2001,2002,2003,2004,2005,2006,2007,2008,2009,2010,2011,2012,2013,2014,2015,2016,2017,2018,2019,2020,2021,2022],"iHat":[1400,1100,1000,960,900,890,880,880,940,820,960,930,850,870,840,800,780,820,820,730,720,740,740],"sEi":[204.08163265306123,117.34693877551021,122.44897959183673,107.14285714285714,91.83673469387756,94.38775510204081,68.87755102040816,68.87755102040816,84.18367346938776,71.42857142857143,107.14285714285714,86.73469387755102,73.9795918367347,71.42857142857143,73.9795918367347,66.3265306122449,66.3265306122449,68.87755102040816,71.42857142857143,56.12244897959184,51.02040816326531,51.02040816326531,53.57142857142857],"nHat":[1183,926,898,840,784,772,765,762,817,712,827,805,734,758,733,701,686,713,716,636,580,512,720],"sEn":[90.53571428571425,70.86734693877547,68.72448979591833,64.28571428571426,59.999999999999986,59.081632653061234,58.545918367346914,58.31632653061225,62.52551020408164,54.489795918367356,63.29081632653062,61.60714285714283,56.173469387755084,58.01020408163265,56.096938775510196,53.64795918367346,52.49999999999999,54.56632653061224,54.79591836734693,48.67346938775509,44.38775510204082,39.18367346938775,55.1020408163265],"mHat":[57,41,40,52,43,43,52,45,65,38,47,55,56,60,56,64,56,60,55,53,58,59,54],"sEm":[1.530612244897959,1.0204081632653061,1.0204081632653061,0.25510204081632654,0.25510204081632654,0.25510204081632654,2.0408163265306123,2.5510204081632653,3.5714285714285716,0.25510204081632654,0.25510204081632654,3.061224489795918,3.061224489795918,2.806122448979592,3.5714285714285716,3.061224489795918,2.806122448979592,4.081632653061225,3.316326530612245,2.806122448979592,3.061224489795918,3.061224489795918,2.806122448979592],"pHat":["","","","","","","","","","","","","","","","","","","","","","",""],"sEp":[0.0305,0.0305,0.0305,0.0305,0.0305,0.0305,0.0305,0.0305,0.0305,0.0305,0.0305,0.0305,0.0305,0.0305,0.0305,0.0305,0.0305,0.0305,0.0305,0.0305,0.0305,0.0305,0.0305]}