{"year":[2000,2001,2002,2003,2004,2005,2006,2007,2008,2009,2010,2011,2012,2013,2014,2015,2016,2017,2018,2019,2020,2021,2022],"iHat":[6,1,0,0,1,1,0,1,1,2,5,2,7,6,0,8,3,5,3,5,2,2,7],"sEi":[0.5102040816326531,0.0,0.0,0.0,0.0,0.25510204081632654,0.0,0.0,0.0,0.25510204081632654,0.25510204081632654,0.25510204081632654,0.5102040816326531,0.5102040816326531,0.0,0.5102040816326531,0.25510204081632654,0.25510204081632654,0.25510204081632654,0.25510204081632654,0.25510204081632654,0.25510204081632654,0.5102040816326531],"nHat":[5,1,0,0,1,0,0,1,1,2,4,2,6,5,0,7,3,4,3,4,2,2,6],"sEn":[0.3826530612244898,0.07653061224489795,0.0,0.0,0.07653061224489795,0.0,0.0,0.07653061224489795,0.07653061224489795,0.1530612244897959,0.3061224489795918,0.1530612244897959,0.4591836734693877,0.3826530612244898,0.0,0.5357142857142854,0.22959183673469385,0.3061224489795918,0.22959183673469385,0.3061224489795918,0.1530612244897959,0.1530612244897959,0.4591836734693877],"mHat":[0,0,0,0,0,0,0,0,0,0,0,0,1,1,0,1,0,0,0,0,0,0,1],"sEm":[0.25510204081632654,0.0,0.0,0.0,0.0,0.0,0.0,0.0,0.0,0.0,0.25510204081632654,0.0,0.25510204081632654,0.25510204081632654,0.0,0.25510204081632654,0.0,0.25510204081632654,0.0,0.0,0.0,0.0,0.25510204081632654],"pHat":["","","","","","","","","","","","","","","","","","","","","","",""],"sEp":[0.0305,0.0305,0.0305,0.0305,0.0305,0.0305,0.0305,0.0305,0.0305,0.0305,0.0305,0.0305,0.0305,0.0305,0.0305,0.0305,0.0305,0.0305,0.0305,0.0305,0.0305,0.0305,0.0305]}