{"year":[2000,2001,2002,2003,2004,2005,2006,2007,2008,2009,2010,2011,2012,2013,2014,2015,2016,2017,2018,2019,2020,2021,2022,2023,2024,2025,2026,2027,2028,2029,2030,2031,2032,2033,2034,2035,2036,2037,2038,2039,2040,2041,2042,2043,2044,2045,2046,2047,2048,2049,2050],"iHat":[6,1,0,0,1,1,0,1,1,2,5,2,7,6,0,8,3,5,3,5,2,2,7,null,null,null,null,null,null,null,null,null,null,null,null,null,null,null,null,null,null,null,null,null,null,null,null,null,null,null,null],"sEi":[0.5102040816326531,0.0,0.0,0.0,0.0,0.25510204081632654,0.0,0.0,0.0,0.25510204081632654,0.25510204081632654,0.25510204081632654,0.5102040816326531,0.5102040816326531,0.0,0.5102040816326531,0.25510204081632654,0.25510204081632654,0.25510204081632654,0.25510204081632654,0.25510204081632654,0.25510204081632654,0.5102040816326531,null,null,null,null,null,null,null,null,null,null,null,null,null,null,null,null,null,null,null,null,null,null,null,null,null,null,null,null],"nHat":[5,1,0,0,1,0,0,1,1,2,4,2,6,5,0,7,3,4,3,4,2,2,6,null,null,null,null,null,null,null,null,null,null,null,null,null,null,null,null,null,null,null,null,null,null,null,null,null,null,null,null],"sEn":[0.3826530612244898,0.07653061224489795,0.0,0.0,0.07653061224489795,0.0,0.0,0.07653061224489795,0.07653061224489795,0.1530612244897959,0.3061224489795918,0.1530612244897959,0.4591836734693877,0.3826530612244898,0.0,0.5357142857142854,0.22959183673469385,0.3061224489795918,0.22959183673469385,0.3061224489795918,0.1530612244897959,0.1530612244897959,0.4591836734693877,null,null,null,null,null,null,null,null,null,null,null,null,null,null,null,null,null,null,null,null,null,null,null,null,null,null,null,null],"mHat":[0,0,0,0,0,0,0,0,0,0,0,0,1,1,0,1,0,0,0,0,0,0,1,null,null,null,null,null,null,null,null,null,null,null,null,null,null,null,null,null,null,null,null,null,null,null,null,null,null,null,null],"sEm":[0.25510204081632654,0.0,0.0,0.0,0.0,0.0,0.0,0.0,0.0,0.0,0.25510204081632654,0.0,0.25510204081632654,0.25510204081632654,0.0,0.25510204081632654,0.0,0.25510204081632654,0.0,0.0,0.0,0.0,0.25510204081632654,null,null,null,null,null,null,null,null,null,null,null,null,null,null,null,null,null,null,null,null,null,null,null,null,null,null,null,null],"pHat":[null,null,null,null,null,null,null,null,null,null,null,null,null,null,null,null,null,null,null,null,null,null,null],"sEp":[null,null,null,null,null,null,null,null,null,null,null,null,null,null,null,null,null,null,null,null,null,null,null,null,null,null,null,null,null,null,null,null,null,null,null,null,null,null,null,null,null,null,null,null,null,null,null,null,null,null,null],"modelType":"IPn2","hRd":[1,1,1,1,1,1,1,1,1,1,1,1,1,1,1,1,1,1,1,1,1,1,1,1,1,1,1,1,1,1,1,1,1,1,1,1,1,1,1,1,1,1,1,1,1,1,1,1,1,1,1],"hRi":[1,1,1,1,1,1,1,1,1,1,1,1,1,1,1,1,1,1,1,1,1,1,1,1,1,1,1,1,1,1,1,1,1,1,1,1,1,1,1,1,1,1,1,1,1,1,1,1,1,1,1],"oRt":[1,1,1,1,1,1,1,1,1,1,1,1,1,1,1,1,1,1,1,1,1,1,1,1,1,1,1,1,1,1,1,1,1,1,1,1,1,1,1,1,1,1,1,1,1,1,1,1,1,1,1],"tXf":[0.04985983017884432,0.04985983017884432,0.04985983017884432,0.04985983017884432,0.04985983017884432,0.04985983017884432,0.04985983017884432,0.04985983017884432,0.04985983017884432,0.04985983017884432,0.04985983017884432,0.04985983017884432,0.04985983017884432,0.04985983017884432,0.04985983017884432,0.04985983017884432,0.04985983017884432,0.04985983017884432,0.04985983017884432,0.04985983017884432,0.04985983017884432,0.04985983017884432,0.04985983017884432,0.04985983017884432,0.04985983017884432,0.04985983017884432,0.04985983017884432,0.04985983017884432,0.04985983017884432,0.04985983017884432,0.04985983017884432,0.04985983017884432,0.04985983017884432,0.04985983017884432,0.04985983017884432,0.04985983017884432,0.04985983017884432,0.04985983017884432,0.04985983017884432,0.04985983017884432,0.04985983017884432,0.04985983017884432,0.04985983017884432,0.04985983017884432,0.04985983017884432,0.04985983017884432,0.04985983017884432,0.04985983017884432,0.04985983017884432,0.04985983017884432,0.04985983017884432]}