{"year":[2000,2001,2002,2003,2004,2005,2006,2007,2008,2009,2010,2011,2012,2013,2014,2015,2016,2017,2018,2019,2020,2021,2022,2023,2024,2025,2026,2027,2028,2029,2030,2031,2032,2033,2034,2035,2036,2037,2038,2039,2040,2041,2042,2043,2044,2045,2046,2047,2048,2049,2050],"iHat":[1600,1500,1300,1300,1200,1100,1100,910,930,730,710,650,650,540,550,580,590,570,500,530,410,400,440,520,null,null,null,null,null,null,null,null,null,null,null,null,null,null,null,null,null,null,null,null,null,null,null,null,null,null,null],"sEi":[127.55102040816327,102.04081632653062,102.04081632653062,102.04081632653062,102.04081632653062,86.73469387755102,94.38775510204081,56.12244897959184,79.08163265306122,56.12244897959184,53.57142857142857,48.46938775510204,48.46938775510204,43.36734693877551,40.816326530612244,45.91836734693878,45.91836734693878,43.36734693877551,38.26530612244898,40.816326530612244,33.16326530612245,30.612244897959183,33.16326530612245,40.816326530612244,null,null,null,null,null,null,null,null,null,null,null,null,null,null,null,null,null,null,null,null,null,null,null,null,null,null,null],"nHat":[1414,1291,1156,1153,1057,1007,973,871,868,694,668,600,605,501,514,518,516,505,444,464,367,357,384,459,null,null,null,null,null,null,null,null,null,null,null,null,null,null,null,null,null,null,null,null,null,null,null,null,null,null,null],"sEn":[108.21428571428572,98.80102040816325,88.469387755102,88.23979591836732,80.89285714285715,77.06632653061226,74.46428571428568,66.65816326530611,66.42857142857143,53.112244897959165,51.12244897959183,45.91836734693878,46.30102040816327,38.34183673469388,39.33673469387753,39.642857142857125,39.48979591836735,38.64795918367347,33.97959183673469,35.51020408163264,28.086734693877542,27.321428571428562,29.387755102040813,35.12755102040815,null,null,null,null,null,null,null,null,null,null,null,null,null,null,null,null,null,null,null,null,null,null,null,null,null,null,null],"mHat":[120,96,87,85,72,71,63,73,55,53,41,57,31,68,40,57,44,38,39,23,25,37,22,41,null,null,null,null,null,null,null,null,null,null,null,null,null,null,null,null,null,null,null,null,null,null,null,null,null,null,null],"sEm":[2.5510204081632653,0.5102040816326531,0.7653061224489796,0.7653061224489796,0.5102040816326531,0.5102040816326531,0.5102040816326531,0.5102040816326531,0.5102040816326531,0.5102040816326531,0.25510204081632654,0.5102040816326531,0.25510204081632654,0.5102040816326531,0.25510204081632654,0.25510204081632654,0.25510204081632654,0.25510204081632654,0.25510204081632654,0.25510204081632654,0.25510204081632654,0.25510204081632654,1.0204081632653061,2.806122448979592,null,null,null,null,null,null,null,null,null,null,null,null,null,null,null,null,null,null,null,null,null,null,null,null,null,null,null],"pHat":[null,null,null,null,null,null,null,null,null,null,null,null,null,null,null,null,null,null,null,null,null,null,null,null],"sEp":[null,null,null,null,null,null,null,null,null,null,null,null,null,null,null,null,null,null,null,null,null,null,null,null,null,null,null,null,null,null,null,null,null,null,null,null,null,null,null,null,null,null,null,null,null,null,null,null,null,null,null],"modelType":"IPn2","hRd":[1,1,1,1,1,1,1,1,1,1,1,1,1,1,1,1,1,1,1,1,1,1,1,1,1,1,1,1,1,1,1,1,1,1,1,1,1,1,1,1,1,1,1,1,1,1,1,1,1,1,1],"hRi":[1,1,1,1,1,1,1,1,1,1,1,1,1,1,1,1,1,1,1,1,1,1,1,1,1,1,1,1,1,1,1,1,1,1,1,1,1,1,1,1,1,1,1,1,1,1,1,1,1,1,1],"oRt":[1,1,1,1,1,1,1,1,1,1,1,1,1,1,1,1,1,1,1,1,1,1,1,1,1,1,1,1,1,1,1,1,1,1,1,1,1,1,1,1,1,1,1,1,1,1,1,1,1,1,1],"tXf":[0.0167032655797796,0.0167032655797796,0.0167032655797796,0.0167032655797796,0.0167032655797796,0.0167032655797796,0.0167032655797796,0.0167032655797796,0.0167032655797796,0.0167032655797796,0.0167032655797796,0.0167032655797796,0.0167032655797796,0.0167032655797796,0.0167032655797796,0.0167032655797796,0.0167032655797796,0.0167032655797796,0.0167032655797796,0.0167032655797796,0.0167032655797796,0.0167032655797796,0.0167032655797796,0.0167032655797796,0.0167032655797796,0.0167032655797796,0.0167032655797796,0.0167032655797796,0.0167032655797796,0.0167032655797796,0.0167032655797796,0.0167032655797796,0.0167032655797796,0.0167032655797796,0.0167032655797796,0.0167032655797796,0.0167032655797796,0.0167032655797796,0.0167032655797796,0.0167032655797796,0.0167032655797796,0.0167032655797796,0.0167032655797796,0.0167032655797796,0.0167032655797796,0.0167032655797796,0.0167032655797796,0.0167032655797796,0.0167032655797796,0.0167032655797796,0.0167032655797796]}