{"year":[2000,2001,2002,2003,2004,2005,2006,2007,2008,2009,2010,2011,2012,2013,2014,2015,2016,2017,2018,2019,2020,2021,2022,2023,2024,2025,2026,2027,2028,2029,2030,2031,2032,2033,2034,2035,2036,2037,2038,2039,2040,2041,2042,2043,2044,2045,2046,2047,2048,2049,2050],"iHat":[1600,1500,1300,1300,1200,1100,1100,910,930,730,710,650,650,540,550,580,590,570,500,530,410,400,440,null,null,null,null,null,null,null,null,null,null,null,null,null,null,null,null,null,null,null,null,null,null,null,null,null,null,null,null],"sEi":[127.55102040816327,102.04081632653062,102.04081632653062,102.04081632653062,102.04081632653062,86.73469387755102,94.38775510204081,56.12244897959184,79.08163265306122,56.12244897959184,53.57142857142857,48.46938775510204,48.46938775510204,43.36734693877551,40.816326530612244,45.91836734693878,45.91836734693878,43.36734693877551,38.26530612244898,40.816326530612244,33.16326530612245,30.612244897959183,33.16326530612245,null,null,null,null,null,null,null,null,null,null,null,null,null,null,null,null,null,null,null,null,null,null,null,null,null,null,null,null],"nHat":[28616052.052219324,26126819.801566582,23394735.62402089,22828081.12793734,20784077.409921672,19691243.738903396,19043638.600522194,15987751.853785902,16331792.083550915,12790201.483028721,12527111.895561358,11494991.20626632,11434278.224543082,9531938.130548304,9592651.112271542,10341444.553524805,10422395.195822455,10118830.287206266,8823620.010443864,9289086.203655353,7346270.788511749,7143894.182767624,7751024.0,null,null,null,null,null,null,null,null,null,null,null,null,null,null,null,null,null,null,null,null,null,null,null,null,null,null,null,null],"sEn":[108.21428571428572,98.80102040816325,88.469387755102,86.32653061224487,78.59693877551021,74.46428571428568,72.01530612244893,60.45918367346936,61.76020408163266,48.36734693877552,47.37244897959182,43.46938775510202,43.23979591836735,36.04591836734694,36.27551020408161,39.10714285714286,39.41326530612245,38.26530612244898,33.36734693877551,35.12755102040815,27.780612244897952,27.015306122448973,29.31122448979591,null,null,null,null,null,null,null,null,null,null,null,null,null,null,null,null,null,null,null,null,null,null,null,null,null,null,null,null],"mHat":[120,96,87,85,72,71,63,73,55,53,41,57,31,68,40,57,43,38,39,23,22,30,17,null,null,null,null,null,null,null,null,null,null,null,null,null,null,null,null,null,null,null,null,null,null,null,null,null,null,null,null],"sEm":[2.5510204081632653,0.5102040816326531,0.7653061224489796,0.7653061224489796,0.5102040816326531,0.5102040816326531,0.5102040816326531,0.5102040816326531,0.5102040816326531,0.5102040816326531,0.25510204081632654,0.5102040816326531,0.25510204081632654,0.5102040816326531,0.25510204081632654,0.25510204081632654,0.25510204081632654,0.25510204081632654,0.25510204081632654,0.5102040816326531,0.25510204081632654,0.25510204081632654,0.0,null,null,null,null,null,null,null,null,null,null,null,null,null,null,null,null,null,null,null,null,null,null,null,null,null,null,null,null],"pHat":[null,null,null,null,null,null,null,null,null,null,null,null,null,null,null,null,null,null,null,null,null,null,null],"sEp":[null,null,null,null,null,null,null,null,null,null,null,null,null,null,null,null,null,null,null,null,null,null,null,null,null,null,null,null,null,null,null,null,null,null,null,null,null,null,null,null,null,null,null,null,null,null,null,null,null,null,null],"modelType":"IP","hRd":[1,1,1,1,1,1,1,1,1,1,1,1,1,1,1,1,1,1,1,1,1,1,1,1,1,1,1,1,1,1,1,1,1,1,1,1,1,1,1,1,1,1,1,1,1,1,1,1,1,1,1],"hRi":[1,1,1,1,1,1,1,1,1,1,1,1,1,1,1,1,1,1,1,1,1,1,1,1,1,1,1,1,1,1,1,1,1,1,1,1,1,1,1,1,1,1,1,1,1,1,1,1,1,1,1],"oRt":[1,1,1,1,1,1,1,1,1,1,1,1,1,1,1,1,1,1,1,1,1,1,1,1,1,1,1,1,1,1,1,1,1,1,1,1,1,1,1,1,1,1,1,1,1,1,1,1,1,1,1],"tXf":[0.031028219631149483,0.031028219631149483,0.031028219631149483,0.031028219631149483,0.031028219631149483,0.031028219631149483,0.031028219631149483,0.031028219631149483,0.031028219631149483,0.031028219631149483,0.031028219631149483,0.031028219631149483,0.031028219631149483,0.031028219631149483,0.031028219631149483,0.031028219631149483,0.031028219631149483,0.031028219631149483,0.031028219631149483,0.031028219631149483,0.031028219631149483,0.031028219631149483,0.031028219631149483,0.031028219631149483,0.031028219631149483,0.031028219631149483,0.031028219631149483,0.031028219631149483,0.031028219631149483,0.031028219631149483,0.031028219631149483,0.031028219631149483,0.031028219631149483,0.031028219631149483,0.031028219631149483,0.031028219631149483,0.031028219631149483,0.031028219631149483,0.031028219631149483,0.031028219631149483,0.031028219631149483,0.031028219631149483,0.031028219631149483,0.031028219631149483,0.031028219631149483,0.031028219631149483,0.031028219631149483,0.031028219631149483,0.031028219631149483,0.031028219631149483,0.031028219631149483]}