{"year":[2000,2001,2002,2003,2004,2005,2006,2007,2008,2009,2010,2011,2012,2013,2014,2015,2016,2017,2018,2019,2020,2021,2022,2023,2024,2025,2026,2027,2028,2029,2030,2031,2032,2033,2034,2035,2036,2037,2038,2039,2040,2041,2042,2043,2044,2045,2046,2047,2048,2049,2050],"iHat":[10000,7700,7600,7700,6800,6300,5700,5100,4500,4600,4500,4500,4400,4600,4800,6200,6300,5900,5800,5100,4400,4200,4300,null,null,null,null,null,null,null,null,null,null,null,null,null,null,null,null,null,null,null,null,null,null,null,null,null,null,null,null],"sEi":[510.2040816326531,382.6530612244898,382.6530612244898,382.6530612244898,357.14285714285717,306.12244897959187,280.6122448979592,255.10204081632654,229.59183673469389,255.10204081632654,229.59183673469389,229.59183673469389,229.59183673469389,229.59183673469389,229.59183673469389,331.6326530612245,331.6326530612245,306.12244897959187,306.12244897959187,255.10204081632654,229.59183673469389,204.08163265306123,204.08163265306123,null,null,null,null,null,null,null,null,null,null,null,null,null,null,null,null,null,null,null,null,null,null,null,null,null,null,null,null],"nHat":[9451.231517012024,7256.301867485291,7227.105653619852,7325.1215144538255,6457.576873880788,5943.514965464314,5362.718853926836,4855.955998976721,4312.697876694808,4346.064978255309,4229.280122793553,4235.5364543361475,4201.126630851881,4403.414684062421,4542.096699923254,5943.514965464314,6009.206446661551,5603.587618316706,5524.340752110515,4853.87055512919,4208.42568431824,3982.1550268610904,4076.0000000000005,null,null,null,null,null,null,null,null,null,null,null,null,null,null,null,null,null,null,null,null,null,null,null,null,null,null,null,null],"sEn":[693.6734693877548,532.5765306122448,530.4336734693878,537.627551020408,473.95408163265296,436.22448979591815,393.5969387755101,356.40306122448965,316.5306122448979,318.9795918367347,310.4081632653061,310.86734693877537,308.34183673469374,323.1887755102041,333.3673469387754,436.22448979591815,441.04591836734687,411.27551020408157,405.4591836734693,356.25,308.8775510204081,292.27040816326513,299.158163265306,null,null,null,null,null,null,null,null,null,null,null,null,null,null,null,null,null,null,null,null,null,null,null,null,null,null,null,null],"mHat":[760,650,610,610,510,500,470,480,390,380,380,370,380,410,350,350,330,330,340,290,290,290,290,null,null,null,null,null,null,null,null,null,null,null,null,null,null,null,null,null,null,null,null,null,null,null,null,null,null,null,null],"sEm":[43.36734693877551,30.612244897959183,28.06122448979592,25.510204081632654,22.95918367346939,17.857142857142858,12.755102040816327,10.204081632653061,7.653061224489796,7.653061224489796,10.204081632653061,10.204081632653061,7.653061224489796,7.653061224489796,7.653061224489796,10.204081632653061,10.204081632653061,10.204081632653061,10.204081632653061,7.653061224489796,7.653061224489796,7.653061224489796,7.653061224489796,null,null,null,null,null,null,null,null,null,null,null,null,null,null,null,null,null,null,null,null,null,null,null,null,null,null,null,null],"pHat":[null,null,null,null,null,null,null,null,null,null,null,null,null,null,null,null,null,null,null,null,null,null,null],"sEp":[null,null,null,null,null,null,null,null,null,null,null,null,null,null,null,null,null,null,null,null,null,null,null,null,null,null,null,null,null,null,null,null,null,null,null,null,null,null,null,null,null,null,null,null,null,null,null,null,null,null,null],"modelType":"IPn2","hRd":[1,1,1,1,1,1,1,1,1,1,1,1,1,1,1,1,1,1,1,1,1,1,1,1,1,1,1,1,1,1,1,1,1,1,1,1,1,1,1,1,1,1,1,1,1,1,1,1,1,1,1],"hRi":[1,1,1,1,1,1,1,1,1,1,1,1,1,1,1,1,1,1,1,1,1,1,1,1,1,1,1,1,1,1,1,1,1,1,1,1,1,1,1,1,1,1,1,1,1,1,1,1,1,1,1],"oRt":[1,1,1,1,1,1,1,1,1,1,1,1,1,1,1,1,1,1,1,1,1,1,1,1,1,1,1,1,1,1,1,1,1,1,1,1,1,1,1,1,1,1,1,1,1,1,1,1,1,1,1],"tXf":[0.05012558458142702,0.05012558458142702,0.05012558458142702,0.05012558458142702,0.05012558458142702,0.05012558458142702,0.05012558458142702,0.05012558458142702,0.05012558458142702,0.05012558458142702,0.05012558458142702,0.05012558458142702,0.05012558458142702,0.05012558458142702,0.05012558458142702,0.05012558458142702,0.05012558458142702,0.05012558458142702,0.05012558458142702,0.05012558458142702,0.05012558458142702,0.05012558458142702,0.05012558458142702,0.05012558458142702,0.05012558458142702,0.05012558458142702,0.05012558458142702,0.05012558458142702,0.05012558458142702,0.05012558458142702,0.05012558458142702,0.05012558458142702,0.05012558458142702,0.05012558458142702,0.05012558458142702,0.05012558458142702,0.05012558458142702,0.05012558458142702,0.05012558458142702,0.05012558458142702,0.05012558458142702,0.05012558458142702,0.05012558458142702,0.05012558458142702,0.05012558458142702,0.05012558458142702,0.05012558458142702,0.05012558458142702,0.05012558458142702,0.05012558458142702,0.05012558458142702]}