{"year":[2000,2001,2002,2003,2004,2005,2006,2007,2008,2009,2010,2011,2012,2013,2014,2015,2016,2017,2018,2019,2020,2021,2022,2023,2024,2025,2026,2027,2028,2029,2030,2031,2032,2033,2034,2035,2036,2037,2038,2039,2040,2041,2042,2043,2044,2045,2046,2047,2048,2049,2050],"iHat":[5000,5200,4000,4000,3700,3900,3800,4000,4600,4700,5200,4600,4300,4000,3000,3400,3200,2600,2500,2300,2100,2200,2700,2500,null,null,null,null,null,null,null,null,null,null,null,null,null,null,null,null,null,null,null,null,null,null,null,null,null,null,null],"sEi":[637.7551020408164,663.265306122449,484.6938775510204,510.2040816326531,459.18367346938777,484.6938775510204,484.6938775510204,510.2040816326531,586.7346938775511,612.2448979591837,663.265306122449,586.7346938775511,561.2244897959184,510.2040816326531,382.6530612244898,408.16326530612247,408.16326530612247,331.6326530612245,331.6326530612245,306.12244897959187,280.6122448979592,280.6122448979592,331.6326530612245,331.6326530612245,null,null,null,null,null,null,null,null,null,null,null,null,null,null,null,null,null,null,null,null,null,null,null,null,null,null,null],"nHat":[3971,4262,3274,3292,3012,3170,3095,3257,3717,3804,4191,3723,3546,3162,2429,2692,2526,2058,2011,1827,1701,1799,2152,0,null,null,null,null,null,null,null,null,null,null,null,null,null,null,null,null,null,null,null,null,null,null,null,null,null,null,null],"sEn":[303.9030612244897,326.17346938775495,250.56122448979588,251.93877551020407,230.51020408163262,242.60204081632642,236.86224489795907,249.26020408163262,284.46428571428555,291.1224489795917,320.7397959183673,284.9234693877551,271.3775510204081,241.98979591836732,185.8928571428571,206.02040816326527,193.31632653061217,157.49999999999997,153.90306122448973,139.8214285714285,130.17857142857142,137.67857142857144,164.69387755102034,0.0,null,null,null,null,null,null,null,null,null,null,null,null,null,null,null,null,null,null,null,null,null,null,null,null,null,null,null],"mHat":[820,850,640,640,580,620,600,550,630,640,830,730,680,610,400,430,410,330,320,290,240,250,310,290,null,null,null,null,null,null,null,null,null,null,null,null,null,null,null,null,null,null,null,null,null,null,null,null,null,null,null],"sEm":[181.12244897959184,201.53061224489795,142.85714285714286,145.40816326530611,130.10204081632654,140.3061224489796,137.75510204081633,86.73469387755102,102.04081632653062,107.14285714285714,178.57142857142858,168.3673469387755,150.51020408163265,132.6530612244898,68.87755102040816,79.08163265306122,76.53061224489797,61.224489795918366,61.224489795918366,56.12244897959184,45.91836734693878,48.46938775510204,58.673469387755105,53.57142857142857,null,null,null,null,null,null,null,null,null,null,null,null,null,null,null,null,null,null,null,null,null,null,null,null,null,null,null],"pHat":[null,null,null,null,null,null,null,null,null,null,null,null,null,null,null,null,null,null,null,null,null,null,null,null],"sEp":[null,null,null,null,null,null,null,null,null,null,null,null,null,null,null,null,null,null,null,null,null,null,null,null,null,null,null,null,null,null,null,null,null,null,null,null,null,null,null,null,null,null,null,null,null,null,null,null,null,null,null],"modelType":"IPn2","hRd":[1,1,1,1,1,1,1,1,1,1,1,1,1,1,1,1,1,1,1,1,1,1,1,1,1,1,1,1,1,1,1,1,1,1,1,1,1,1,1,1,1,1,1,1,1,1,1,1,1,1,1],"hRi":[1,1,1,1,1,1,1,1,1,1,1,1,1,1,1,1,1,1,1,1,1,1,1,1,1,1,1,1,1,1,1,1,1,1,1,1,1,1,1,1,1,1,1,1,1,1,1,1,1,1,1],"oRt":[1,1,1,1,1,1,1,1,1,1,1,1,1,1,1,1,1,1,1,1,1,1,1,1,1,1,1,1,1,1,1,1,1,1,1,1,1,1,1,1,1,1,1,1,1,1,1,1,1,1,1],"tXf":[0.035919332273249234,0.035919332273249234,0.035919332273249234,0.035919332273249234,0.035919332273249234,0.035919332273249234,0.035919332273249234,0.035919332273249234,0.035919332273249234,0.035919332273249234,0.035919332273249234,0.035919332273249234,0.035919332273249234,0.035919332273249234,0.035919332273249234,0.035919332273249234,0.035919332273249234,0.035919332273249234,0.035919332273249234,0.035919332273249234,0.035919332273249234,0.035919332273249234,0.035919332273249234,0.035919332273249234,0.035919332273249234,0.035919332273249234,0.035919332273249234,0.035919332273249234,0.035919332273249234,0.035919332273249234,0.035919332273249234,0.035919332273249234,0.035919332273249234,0.035919332273249234,0.035919332273249234,0.035919332273249234,0.035919332273249234,0.035919332273249234,0.035919332273249234,0.035919332273249234,0.035919332273249234,0.035919332273249234,0.035919332273249234,0.035919332273249234,0.035919332273249234,0.035919332273249234,0.035919332273249234,0.035919332273249234,0.035919332273249234,0.035919332273249234,0.035919332273249234]}