{"year":[2000,2001,2002,2003,2004,2005,2006,2007,2008,2009,2010,2011,2012,2013,2014,2015,2016,2017,2018,2019,2020,2021,2022,2023,2024,2025,2026,2027,2028,2029,2030,2031,2032,2033,2034,2035,2036,2037,2038,2039,2040,2041,2042,2043,2044,2045,2046,2047,2048,2049,2050],"iHat":[23000,23000,23000,25000,25000,27000,26000,27000,26000,27000,28000,27000,27000,26000,28000,29000,28000,29000,29000,26000,25000,24000,23000,null,null,null,null,null,null,null,null,null,null,null,null,null,null,null,null,null,null,null,null,null,null,null,null,null,null,null,null],"sEi":[3826.530612244898,3571.4285714285716,3571.4285714285716,4081.6326530612246,3826.530612244898,4591.836734693878,4336.734693877551,4336.734693877551,4081.6326530612246,4336.734693877551,4336.734693877551,4081.6326530612246,4081.6326530612246,3571.4285714285716,4336.734693877551,4591.836734693878,4081.6326530612246,4081.6326530612246,4336.734693877551,3316.326530612245,3316.326530612245,3316.326530612245,3571.4285714285716,null,null,null,null,null,null,null,null,null,null,null,null,null,null,null,null,null,null,null,null,null,null,null,null,null,null,null,null],"nHat":[18701.839470594517,18377.58832319351,19066.370263635396,19867.93521186893,20068.326448927317,21485.16298430996,21290.813694097556,21518.393691962858,20731.933610844277,21852.71475077383,22492.154125306864,21578.813160422673,22032.966165012276,20845.723609776927,22674.419521827305,23870.72499733163,22960.405005870427,23238.334560785574,23629.04712349237,21024.968032874374,17332.331518838724,19144.915572633156,18869.000000000004,null,null,null,null,null,null,null,null,null,null,null,null,null,null,null,null,null,null,null,null,null,null,null,null,null,null,null,null],"sEn":[1421.326530612245,1396.6836734693877,1449.0306122448976,1509.9489795918369,1525.1785714285716,1632.8571428571427,1618.0867346938771,1635.3826530612248,1575.6122448979586,1660.7908163265304,1709.3877551020407,1639.9744897959185,1674.4897959183666,1584.2602040816325,1723.239795918367,1814.1581632653051,1744.9744897959183,1766.09693877551,1795.7908163265297,1597.8826530612248,1317.2448979591838,1455.0000000000002,1434.0306122448974,null,null,null,null,null,null,null,null,null,null,null,null,null,null,null,null,null,null,null,null,null,null,null,null,null,null,null,null],"mHat":[2500,2500,2600,2700,2700,2900,2900,2900,2800,3000,3100,3000,3000,2900,3100,3300,3200,3200,3200,2900,4000,2700,2300,null,null,null,null,null,null,null,null,null,null,null,null,null,null,null,null,null,null,null,null,null,null,null,null,null,null,null,null],"sEm":[510.2040816326531,510.2040816326531,510.2040816326531,561.2244897959184,535.7142857142858,586.7346938775511,586.7346938775511,586.7346938775511,586.7346938775511,612.2448979591837,612.2448979591837,586.7346938775511,586.7346938775511,561.2244897959184,612.2448979591837,663.265306122449,637.7551020408164,637.7551020408164,637.7551020408164,561.2244897959184,739.795918367347,561.2244897959184,510.2040816326531,null,null,null,null,null,null,null,null,null,null,null,null,null,null,null,null,null,null,null,null,null,null,null,null,null,null,null,null],"pHat":[null,null,null,null,null,null,null,null,null,null,null,null,null,null,null,null,null,null,null,null,null,null,null],"sEp":[null,null,null,null,null,null,null,null,null,null,null,null,null,null,null,null,null,null,null,null,null,null,null,null,null,null,null,null,null,null,null,null,null,null,null,null,null,null,null,null,null,null,null,null,null,null,null,null,null,null,null],"modelType":"IPn2","hRd":[1,1,1,1,1,1,1,1,1,1,1,1,1,1,1,1,1,1,1,1,1,1,1,1,1,1,1,1,1,1,1,1,1,1,1,1,1,1,1,1,1,1,1,1,1,1,1,1,1,1,1],"hRi":[1,1,1,1,1,1,1,1,1,1,1,1,1,1,1,1,1,1,1,1,1,1,1,1,1,1,1,1,1,1,1,1,1,1,1,1,1,1,1,1,1,1,1,1,1,1,1,1,1,1,1],"oRt":[1,1,1,1,1,1,1,1,1,1,1,1,1,1,1,1,1,1,1,1,1,1,1,1,1,1,1,1,1,1,1,1,1,1,1,1,1,1,1,1,1,1,1,1,1,1,1,1,1,1,1],"tXf":["TXf","TXf","TXf","TXf","TXf","TXf","TXf","TXf","TXf","TXf","TXf","TXf","TXf","TXf","TXf","TXf","TXf","TXf","TXf","TXf","TXf","TXf","TXf","TXf","TXf","TXf","TXf","TXf","TXf","TXf","TXf","TXf","TXf","TXf","TXf","TXf","TXf","TXf","TXf","TXf","TXf","TXf","TXf","TXf","TXf","TXf","TXf","TXf","TXf","TXf","TXf"]}