{"year":[2000,2001,2002,2003,2004,2005,2006,2007,2008,2009,2010,2011,2012,2013,2014,2015,2016,2017,2018,2019,2020,2021,2022,2023,2024,2025,2026,2027,2028,2029,2030,2031,2032,2033,2034,2035,2036,2037,2038,2039,2040,2041,2042,2043,2044,2045,2046,2047,2048,2049,2050],"iHat":[8600,7500,7200,8500,7900,5500,5700,6100,6000,5900,6000,6400,6800,6600,6400,6400,6600,7100,7400,7900,7700,8200,8200,null,null,null,null,null,null,null,null,null,null,null,null,null,null,null,null,null,null,null,null,null,null,null,null,null,null,null,null],"sEi":[1607.142857142857,1198.9795918367347,1122.4489795918369,1581.6326530612246,1377.5510204081634,612.2448979591837,663.265306122449,739.795918367347,714.2857142857143,637.7551020408164,663.265306122449,739.795918367347,841.8367346938776,765.3061224489796,739.795918367347,688.7755102040817,739.795918367347,841.8367346938776,892.8571428571429,994.8979591836735,969.3877551020408,918.3673469387755,892.8571428571429,null,null,null,null,null,null,null,null,null,null,null,null,null,null,null,null,null,null,null,null,null,null,null,null,null,null,null,null],"nHat":[7373.057497832997,6419.939323894829,6221.4175093903505,7269.527304247328,6745.472406818839,4713.292112106328,4903.275353943947,5205.327362034094,5171.1730713666575,5019.613406529905,5157.297890783011,5449.744004622942,5823.306558798035,5632.255995377059,5504.17740537417,5440.138110372725,5639.727246460561,6106.14677838775,6361.236636810171,6775.357411152847,5622.650101126842,5971.664258884716,7388.000000000001,null,null,null,null,null,null,null,null,null,null,null,null,null,null,null,null,null,null,null,null,null,null,null,null,null,null,null,null],"sEn":[528.6734693877551,460.331632653061,446.0969387755102,521.25,483.6734693877549,337.95918367346934,351.5816326530611,373.23979591836724,370.7908163265306,359.9234693877551,369.7959183673468,390.76530612244903,417.5510204081633,403.8520408163264,394.6683673469386,390.07653061224477,404.3877551020408,437.83163265306126,456.12244897959164,485.8163265306122,403.16326530612236,428.18877551020387,529.7448979591835,null,null,null,null,null,null,null,null,null,null,null,null,null,null,null,null,null,null,null,null,null,null,null,null,null,null,null,null],"mHat":[1700,1400,1300,1200,1100,1200,1100,1100,1000,880,840,790,740,740,760,760,770,830,810,790,880,910,850,null,null,null,null,null,null,null,null,null,null,null,null,null,null,null,null,null,null,null,null,null,null,null,null,null,null,null,null],"sEm":[153.06122448979593,127.55102040816327,127.55102040816327,107.14285714285714,94.38775510204081,109.6938775510204,94.38775510204081,102.04081632653062,91.83673469387756,66.3265306122449,68.87755102040816,66.3265306122449,61.224489795918366,58.673469387755105,66.3265306122449,63.775510204081634,56.12244897959184,58.673469387755105,61.224489795918366,61.224489795918366,63.775510204081634,53.57142857142857,68.87755102040816,null,null,null,null,null,null,null,null,null,null,null,null,null,null,null,null,null,null,null,null,null,null,null,null,null,null,null,null],"pHat":[null,null,null,null,null,null,null,null,null,null,null,null,null,null,null,null,null,null,null,null,null,null,null],"sEp":[null,null,null,null,null,null,null,null,null,null,null,null,null,null,null,null,null,null,null,null,null,null,null,null,null,null,null,null,null,null,null,null,null,null,null,null,null,null,null,null,null,null,null,null,null,null,null,null,null,null,null],"modelType":"IP","hRd":[1,1,1,1,1,1,1,1,1,1,1,1,1,1,1,1,1,1,1,1,1,1,1,1,1,1,1,1,1,1,1,1,1,1,1,1,1,1,1,1,1,1,1,1,1,1,1,1,1,1,1],"hRi":[1,1,1,1,1,1,1,1,1,1,1,1,1,1,1,1,1,1,1,1,1,1,1,1,1,1,1,1,1,1,1,1,1,1,1,1,1,1,1,1,1,1,1,1,1,1,1,1,1,1,1],"oRt":[1,1,1,1,1,1,1,1,1,1,1,1,1,1,1,1,1,1,1,1,1,1,1,1,1,1,1,1,1,1,1,1,1,1,1,1,1,1,1,1,1,1,1,1,1,1,1,1,1,1,1],"tXf":[0.0320439179427911,0.0320439179427911,0.0320439179427911,0.0320439179427911,0.0320439179427911,0.0320439179427911,0.0320439179427911,0.0320439179427911,0.0320439179427911,0.0320439179427911,0.0320439179427911,0.0320439179427911,0.0320439179427911,0.0320439179427911,0.0320439179427911,0.0320439179427911,0.0320439179427911,0.0320439179427911,0.0320439179427911,0.0320439179427911,0.0320439179427911,0.0320439179427911,0.0320439179427911,0.0320439179427911,0.0320439179427911,0.0320439179427911,0.0320439179427911,0.0320439179427911,0.0320439179427911,0.0320439179427911,0.0320439179427911,0.0320439179427911,0.0320439179427911,0.0320439179427911,0.0320439179427911,0.0320439179427911,0.0320439179427911,0.0320439179427911,0.0320439179427911,0.0320439179427911,0.0320439179427911,0.0320439179427911,0.0320439179427911,0.0320439179427911,0.0320439179427911,0.0320439179427911,0.0320439179427911,0.0320439179427911,0.0320439179427911,0.0320439179427911,0.0320439179427911]}