{"year":[2000,2001,2002,2003,2004,2005,2006,2007,2008,2009,2010,2011,2012,2013,2014,2015,2016,2017,2018,2019,2020,2021,2022],"iHat":[910,810,710,670,620,550,490,520,460,410,330,340,300,300,270,240,220,200,170,170,140,120,140],"sEi":[81.63265306122449,61.224489795918366,53.57142857142857,51.02040816326531,45.91836734693878,43.36734693877551,35.714285714285715,40.816326530612244,35.714285714285715,33.16326530612245,25.510204081632654,25.510204081632654,22.95918367346939,22.95918367346939,20.408163265306122,17.857142857142858,17.857142857142858,15.306122448979592,12.755102040816327,15.306122448979592,10.204081632653061,7.653061224489796,12.755102040816327],"nHat":[791,708,620,583,537,479,422,456,401,358,286,294,259,268,238,211,190,171,147,147,120,107,126],"sEn":[60.53571428571428,54.18367346938775,47.44897959183673,44.61734693877549,41.096938775510196,36.65816326530611,32.29591836734693,34.89795918367347,30.688775510204085,27.397959183673464,21.887755102040813,22.49999999999999,19.821428571428562,20.510204081632654,18.214285714285715,16.147959183673464,14.540816326530605,13.086734693877547,11.249999999999995,11.249999999999995,9.183673469387756,8.18877551020408,9.642857142857139],"mHat":[120,100,100,120,110,59,79,75,65,58,48,55,45,33,34,27,33,26,16,20,11,14,10],"sEm":[5.1020408163265305,2.5510204081632653,3.316326530612245,7.653061224489796,2.5510204081632653,1.7857142857142858,2.0408163265306123,2.5510204081632653,1.7857142857142858,2.0408163265306123,1.530612244897959,2.0408163265306123,2.0408163265306123,1.530612244897959,1.2755102040816326,1.2755102040816326,1.2755102040816326,0.7653061224489796,1.0204081632653061,1.0204081632653061,0.7653061224489796,0.7653061224489796,0.7653061224489796],"pHat":["","","","","","","","","","","","","","","","","","","","","","",""],"sEp":[0.0305,0.0305,0.0305,0.0305,0.0305,0.0305,0.0305,0.0305,0.0305,0.0305,0.0305,0.0305,0.0305,0.0305,0.0305,0.0305,0.0305,0.0305,0.0305,0.0305,0.0305,0.0305,0.0305]}