{"year":[2000,2001,2002,2003,2004,2005,2006,2007,2008,2009,2010,2011,2012,2013,2014,2015,2016,2017,2018,2019,2020,2021,2022,2023,2024,2025,2026,2027,2028,2029,2030,2031,2032,2033,2034,2035,2036,2037,2038,2039,2040,2041,2042,2043,2044,2045,2046,2047,2048,2049,2050],"iHat":[7400,7000,6900,7300,6200,6100,6000,6600,6600,6000,5800,5700,5700,5700,5500,5400,5700,5900,5800,5900,5300,4900,4700,null,null,null,null,null,null,null,null,null,null,null,null,null,null,null,null,null,null,null,null,null,null,null,null,null,null,null,null],"sEi":[484.6938775510204,433.6734693877551,433.6734693877551,459.18367346938777,382.6530612244898,382.6530612244898,382.6530612244898,408.16326530612247,408.16326530612247,382.6530612244898,382.6530612244898,382.6530612244898,357.14285714285717,357.14285714285717,357.14285714285717,331.6326530612245,357.14285714285717,382.6530612244898,357.14285714285717,382.6530612244898,331.6326530612245,306.12244897959187,306.12244897959187,null,null,null,null,null,null,null,null,null,null,null,null,null,null,null,null,null,null,null,null,null,null,null,null,null,null,null,null],"nHat":[12386261.792743409,11763104.55129209,11550664.582615504,12196077.43983294,10373140.184808144,10122258.69799008,10089886.893239362,11028669.23101018,10992250.950665623,9964446.149830332,9713564.663012268,9561821.828243278,9519333.83450796,9525403.547898721,9175383.409031585,9092430.65935787,9458636.700600365,9790447.699295223,9669053.431480031,9851144.833202818,8898199.830853563,8177927.175150091,7751024.0,null,null,null,null,null,null,null,null,null,null,null,null,null,null,null,null,null,null,null,null,null,null,null,null,null,null,null,null],"sEn":[468.5204081632652,444.9489795918367,436.9132653061224,461.3265306122448,392.3724489795917,382.8826530612244,381.658163265306,417.16836734693885,415.79081632653055,376.91326530612247,367.42346938775506,361.6836734693877,360.0765306122449,360.30612244897964,347.06632653061223,343.9285714285713,357.78061224489795,370.3316326530612,365.7397959183672,372.62755102040813,336.58163265306126,309.3367346938774,293.18877551020404,null,null,null,null,null,null,null,null,null,null,null,null,null,null,null,null,null,null,null,null,null,null,null,null,null,null,null,null],"mHat":[1400,1300,1200,1200,1000,1000,880,810,780,760,740,720,640,640,540,530,510,500,510,510,510,510,510,null,null,null,null,null,null,null,null,null,null,null,null,null,null,null,null,null,null,null,null,null,null,null,null,null,null,null,null],"sEm":[102.04081632653062,76.53061224489797,76.53061224489797,76.53061224489797,73.9795918367347,48.46938775510204,48.46938775510204,45.91836734693878,43.36734693877551,40.816326530612244,22.95918367346939,20.408163265306122,20.408163265306122,20.408163265306122,15.306122448979592,17.857142857142858,17.857142857142858,17.857142857142858,15.306122448979592,33.16326530612245,33.16326530612245,33.16326530612245,33.16326530612245,null,null,null,null,null,null,null,null,null,null,null,null,null,null,null,null,null,null,null,null,null,null,null,null,null,null,null,null],"pHat":[null,null,null,null,null,null,null,null,null,null,null,null,null,null,null,null,null,null,null,null,null,null,null],"sEp":[null,null,null,null,null,null,null,null,null,null,null,null,null,null,null,null,null,null,null,null,null,null,null,null,null,null,null,null,null,null,null,null,null,null,null,null,null,null,null,null,null,null,null,null,null,null,null,null,null,null,null],"modelType":"IP","hRd":[1,1,1,1,1,1,1,1,1,1,1,1,1,1,1,1,1,1,1,1,1,1,1,1,1,1,1,1,1,1,1,1,1,1,1,1,1,1,1,1,1,1,1,1,1,1,1,1,1,1,1],"hRi":[1,1,1,1,1,1,1,1,1,1,1,1,1,1,1,1,1,1,1,1,1,1,1,1,1,1,1,1,1,1,1,1,1,1,1,1,1,1,1,1,1,1,1,1,1,1,1,1,1,1,1],"oRt":[1,1,1,1,1,1,1,1,1,1,1,1,1,1,1,1,1,1,1,1,1,1,1,1,1,1,1,1,1,1,1,1,1,1,1,1,1,1,1,1,1,1,1,1,1,1,1,1,1,1,1],"tXf":[0.031028219631149483,0.031028219631149483,0.031028219631149483,0.031028219631149483,0.031028219631149483,0.031028219631149483,0.031028219631149483,0.031028219631149483,0.031028219631149483,0.031028219631149483,0.031028219631149483,0.031028219631149483,0.031028219631149483,0.031028219631149483,0.031028219631149483,0.031028219631149483,0.031028219631149483,0.031028219631149483,0.031028219631149483,0.031028219631149483,0.031028219631149483,0.031028219631149483,0.031028219631149483,0.031028219631149483,0.031028219631149483,0.031028219631149483,0.031028219631149483,0.031028219631149483,0.031028219631149483,0.031028219631149483,0.031028219631149483,0.031028219631149483,0.031028219631149483,0.031028219631149483,0.031028219631149483,0.031028219631149483,0.031028219631149483,0.031028219631149483,0.031028219631149483,0.031028219631149483,0.031028219631149483,0.031028219631149483,0.031028219631149483,0.031028219631149483,0.031028219631149483,0.031028219631149483,0.031028219631149483,0.031028219631149483,0.031028219631149483,0.031028219631149483,0.031028219631149483]}