{"year":[2000,2001,2002,2003,2004,2005,2006,2007,2008,2009,2010,2011,2012,2013,2014,2015,2016,2017,2018,2019,2020,2021,2022,2023,2024,2025,2026,2027,2028,2029,2030,2031,2032,2033,2034,2035,2036,2037,2038,2039,2040,2041,2042,2043,2044,2045,2046,2047,2048,2049,2050],"iHat":[110,130,160,130,150,120,130,170,200,190,200,190,180,190,230,130,190,170,120,110,120,90,60,null,null,null,null,null,null,null,null,null,null,null,null,null,null,null,null,null,null,null,null,null,null,null,null,null,null,null,null],"sEi":[13.520408163265307,15.306122448979592,20.408163265306122,17.857142857142858,20.408163265306122,14.285714285714286,15.306122448979592,22.95918367346939,25.510204081632654,22.95918367346939,25.510204081632654,22.95918367346939,22.95918367346939,22.95918367346939,30.612244897959183,15.306122448979592,25.510204081632654,22.95918367346939,14.540816326530612,13.520408163265307,15.816326530612246,10.459183673469388,7.653061224489796,null,null,null,null,null,null,null,null,null,null,null,null,null,null,null,null,null,null,null,null,null,null,null,null,null,null,null,null],"nHat":[14694649.666666666,16793885.333333332,20507917.666666664,17116844.666666664,19054600.666666664,15825007.333333332,16793885.333333332,22607153.333333332,26482665.333333332,23898990.666666664,26482665.333333332,23898990.666666664,23253072.0,0.0,30358177.333333332,16793885.333333332,24060470.333333332,22445673.666666664,15663527.666666666,14694649.666666666,14856129.333333332,11626536.0,7751024.0,null,null,null,null,null,null,null,null,null,null,null,null,null,null,null,null,null,null,null,null,null,null,null,null,null,null,null,null],"sEn":[6.9642857142857135,7.959183673469389,9.719387755102035,8.112244897959183,9.030612244897958,7.499999999999998,7.959183673469389,10.714285714285715,12.551020408163263,11.326530612244897,12.551020408163263,11.326530612244897,11.020408163265307,0.0,14.387755102040819,7.959183673469389,11.403061224489797,10.637755102040817,7.423469387755101,6.9642857142857135,7.040816326530611,5.510204081632653,3.6734693877551017,null,null,null,null,null,null,null,null,null,null,null,null,null,null,null,null,null,null,null,null,null,null,null,null,null,null,null,null],"mHat":[13,15,18,15,17,14,15,20,24,21,24,21,21,22,26,14,20,19,13,12,13,10,7,null,null,null,null,null,null,null,null,null,null,null,null,null,null,null,null,null,null,null,null,null,null,null,null,null,null,null,null],"sEm":[2.806122448979592,2.806122448979592,3.5714285714285716,3.061224489795918,3.316326530612245,2.806122448979592,3.061224489795918,4.081632653061225,4.846938775510204,4.336734693877551,4.846938775510204,4.336734693877551,4.081632653061225,4.336734693877551,5.357142857142858,3.061224489795918,4.081632653061225,3.826530612244898,2.806122448979592,2.5510204081632653,2.5510204081632653,2.0408163265306123,1.530612244897959,null,null,null,null,null,null,null,null,null,null,null,null,null,null,null,null,null,null,null,null,null,null,null,null,null,null,null,null],"pHat":[null,null,null,null,null,null,null,null,null,null,null,null,null,null,null,null,null,null,null,null,null,null,null],"sEp":[null,null,null,null,null,null,null,null,null,null,null,null,null,null,null,null,null,null,null,null,null,null,null,null,null,null,null,null,null,null,null,null,null,null,null,null,null,null,null,null,null,null,null,null,null,null,null,null,null,null,null],"modelType":"IP","hRd":[1,1,1,1,1,1,1,1,1,1,1,1,1,1,1,1,1,1,1,1,1,1,1,1,1,1,1,1,1,1,1,1,1,1,1,1,1,1,1,1,1,1,1,1,1,1,1,1,1,1,1],"hRi":[1,1,1,1,1,1,1,1,1,1,1,1,1,1,1,1,1,1,1,1,1,1,1,1,1,1,1,1,1,1,1,1,1,1,1,1,1,1,1,1,1,1,1,1,1,1,1,1,1,1,1],"oRt":[1,1,1,1,1,1,1,1,1,1,1,1,1,1,1,1,1,1,1,1,1,1,1,1,1,1,1,1,1,1,1,1,1,1,1,1,1,1,1,1,1,1,1,1,1,1,1,1,1,1,1],"tXf":[0.031028219631149483,0.031028219631149483,0.031028219631149483,0.031028219631149483,0.031028219631149483,0.031028219631149483,0.031028219631149483,0.031028219631149483,0.031028219631149483,0.031028219631149483,0.031028219631149483,0.031028219631149483,0.031028219631149483,0.031028219631149483,0.031028219631149483,0.031028219631149483,0.031028219631149483,0.031028219631149483,0.031028219631149483,0.031028219631149483,0.031028219631149483,0.031028219631149483,0.031028219631149483,0.031028219631149483,0.031028219631149483,0.031028219631149483,0.031028219631149483,0.031028219631149483,0.031028219631149483,0.031028219631149483,0.031028219631149483,0.031028219631149483,0.031028219631149483,0.031028219631149483,0.031028219631149483,0.031028219631149483,0.031028219631149483,0.031028219631149483,0.031028219631149483,0.031028219631149483,0.031028219631149483,0.031028219631149483,0.031028219631149483,0.031028219631149483,0.031028219631149483,0.031028219631149483,0.031028219631149483,0.031028219631149483,0.031028219631149483,0.031028219631149483,0.031028219631149483]}