{"year":[2000,2001,2002,2003,2004,2005,2006,2007,2008,2009,2010,2011,2012,2013,2014,2015,2016,2017,2018,2019,2020,2021,2022,2023,2024,2025,2026,2027,2028,2029,2030,2031,2032,2033,2034,2035,2036,2037,2038,2039,2040,2041,2042,2043,2044,2045,2046,2047,2048,2049,2050],"iHat":[6600,7200,7700,8100,8500,8600,8700,8900,9100,9300,9600,9800,10000,10000,11000,11000,11000,11000,12000,12000,12000,12000,12000,null,null,null,null,null,null,null,null,null,null,null,null,null,null,null,null,null,null,null,null,null,null,null,null,null,null,null,null],"sEi":[1275.5102040816328,1403.061224489796,1607.142857142857,1811.2244897959183,2015.3061224489795,1989.795918367347,1964.2857142857142,1913.265306122449,1887.7551020408164,2091.8367346938776,2040.8163265306123,1989.795918367347,2193.877551020408,2142.857142857143,2091.8367346938776,2321.4285714285716,2270.408163265306,2219.387755102041,2193.877551020408,2397.9591836734694,2397.9591836734694,2397.9591836734694,2627.5510204081634,null,null,null,null,null,null,null,null,null,null,null,null,null,null,null,null,null,null,null,null,null,null,null,null,null,null,null,null],"nHat":[0.0,2557.521215959468,2130.586763774541,2255.1944268524385,2643.316656111463,2565.692210259658,3116.212951234959,3846.49556681444,4637.039265357822,3138.6831855604814,3871.00854971501,4498.1323622545915,5034.35386320456,5289.697435085497,5727.867004433186,5849.410544648512,5685.990658644712,5320.33866371121,5810.598321722609,5536.870012666244,4992.477517416087,5192.666877770741,6451.0,null,null,null,null,null,null,null,null,null,null,null,null,null,null,null,null,null,null,null,null,null,null,null,null,null,null,null,null],"sEn":[0.0,191.63265306122446,159.64285714285708,168.97959183673467,198.06122448979593,192.24489795918365,233.49489795918362,288.21428571428567,347.44897959183675,235.17857142857144,290.05102040816325,337.04081632653043,377.219387755102,396.3520408163265,429.18367346938766,438.2908163265305,426.0459183673468,398.64795918367344,435.38265306122446,414.87244897959187,374.08163265306115,389.0816326530612,483.36734693877554,null,null,null,null,null,null,null,null,null,null,null,null,null,null,null,null,null,null,null,null,null,null,null,null,null,null,null,null],"mHat":[2500,2800,3300,3400,3200,2500,2200,2800,2700,2400,2300,2200,2600,2500,2000,2000,2100,2300,2300,2500,4000,3900,3400,null,null,null,null,null,null,null,null,null,null,null,null,null,null,null,null,null,null,null,null,null,null,null,null,null,null,null,null],"sEm":[637.7551020408164,688.7755102040817,816.3265306122449,841.8367346938776,561.2244897959184,867.3469387755102,818.8775510204082,484.6938775510204,459.18367346938777,913.265306122449,839.2857142857143,806.1224489795918,484.6938775510204,510.2040816326531,747.4489795918367,459.18367346938777,484.6938775510204,535.7142857142858,510.2040816326531,561.2244897959184,892.8571428571429,892.8571428571429,765.3061224489796,null,null,null,null,null,null,null,null,null,null,null,null,null,null,null,null,null,null,null,null,null,null,null,null,null,null,null,null],"pHat":[null,null,null,null,null,null,null,null,null,null,null,null,null,null,null,null,null,null,null,null,null,null,null],"sEp":[null,null,null,null,null,null,null,null,null,null,null,null,null,null,null,null,null,null,null,null,null,null,null,null,null,null,null,null,null,null,null,null,null,null,null,null,null,null,null,null,null,null,null,null,null,null,null,null,null,null,null],"modelType":"IP","hRd":[1,1,1,1,1,1,1,1,1,1,1,1,1,1,1,1,1,1,1,1,1,1,1,1,1,1,1,1,1,1,1,1,1,1,1,1,1,1,1,1,1,1,1,1,1,1,1,1,1,1,1],"hRi":[1,1,1,1,1,1,1,1,1,1,1,1,1,1,1,1,1,1,1,1,1,1,1,1,1,1,1,1,1,1,1,1,1,1,1,1,1,1,1,1,1,1,1,1,1,1,1,1,1,1,1],"oRt":[1,1,1,1,1,1,1,1,1,1,1,1,1,1,1,1,1,1,1,1,1,1,1,1,1,1,1,1,1,1,1,1,1,1,1,1,1,1,1,1,1,1,1,1,1,1,1,1,1,1,1],"tXf":[0.031573583108429906,0.031573583108429906,0.031573583108429906,0.031573583108429906,0.031573583108429906,0.031573583108429906,0.031573583108429906,0.031573583108429906,0.031573583108429906,0.031573583108429906,0.031573583108429906,0.031573583108429906,0.031573583108429906,0.031573583108429906,0.031573583108429906,0.031573583108429906,0.031573583108429906,0.031573583108429906,0.031573583108429906,0.031573583108429906,0.031573583108429906,0.031573583108429906,0.031573583108429906,0.031573583108429906,0.031573583108429906,0.031573583108429906,0.031573583108429906,0.031573583108429906,0.031573583108429906,0.031573583108429906,0.031573583108429906,0.031573583108429906,0.031573583108429906,0.031573583108429906,0.031573583108429906,0.031573583108429906,0.031573583108429906,0.031573583108429906,0.031573583108429906,0.031573583108429906,0.031573583108429906,0.031573583108429906,0.031573583108429906,0.031573583108429906,0.031573583108429906,0.031573583108429906,0.031573583108429906,0.031573583108429906,0.031573583108429906,0.031573583108429906,0.031573583108429906]}