{"year":[2000,2001,2002,2003,2004,2005,2006,2007,2008,2009,2010,2011,2012,2013,2014,2015,2016,2017,2018,2019,2020,2021,2022,2023,2024,2025,2026,2027,2028,2029,2030,2031,2032,2033,2034,2035,2036,2037,2038,2039,2040,2041,2042,2043,2044,2045,2046,2047,2048,2049,2050],"iHat":[7000,6800,7800,8000,7900,9200,9300,9000,9300,9100,8800,9500,9300,8300,7400,6600,6500,5900,5400,5400,4700,5400,5100,null,null,null,null,null,null,null,null,null,null,null,null,null,null,null,null,null,null,null,null,null,null,null,null,null,null,null,null],"sEi":[357.14285714285717,357.14285714285717,382.6530612244898,408.16326530612247,408.16326530612247,433.6734693877551,408.16326530612247,459.18367346938777,408.16326530612247,459.18367346938777,459.18367346938777,382.6530612244898,408.16326530612247,433.6734693877551,382.6530612244898,357.14285714285717,331.6326530612245,306.12244897959187,280.6122448979592,280.6122448979592,255.10204081632654,255.10204081632654,255.10204081632654,null,null,null,null,null,null,null,null,null,null,null,null,null,null,null,null,null,null,null,null,null,null,null,null,null,null,null,null],"nHat":[10090282.39430724,9777191.638342403,11175555.532858936,11563268.956048556,11418890.317287568,13258501.28756802,13401257.694432816,12947032.763499372,13370435.28840519,13141700.591042276,12689097.892005023,13638103.551276684,13414235.549602343,11978560.32147342,10742419.616575973,9496545.520301381,9397589.374633737,8513472.99120971,7746157.304311427,7791579.797404772,6789040.485558811,7935958.436165759,7751024.0,null,null,null,null,null,null,null,null,null,null,null,null,null,null,null,null,null,null,null,null,null,null,null,null,null,null,null,null],"sEn":[476.0204081632651,461.2499999999999,527.219387755102,545.5102040816323,538.6989795918367,625.4846938775507,632.219387755102,610.7908163265307,630.7653061224488,619.9744897959184,598.6224489795917,643.392857142857,632.831632653061,565.1020408163263,506.78571428571416,448.0102040816326,443.3418367346938,401.6326530612244,365.43367346938777,367.57653061224494,320.28061224489795,374.38775510204067,365.66326530612247,null,null,null,null,null,null,null,null,null,null,null,null,null,null,null,null,null,null,null,null,null,null,null,null,null,null,null,null],"mHat":[640,630,640,650,570,560,570,470,510,470,430,400,400,410,400,390,340,330,330,340,340,340,340,null,null,null,null,null,null,null,null,null,null,null,null,null,null,null,null,null,null,null,null,null,null,null,null,null,null,null,null],"sEm":[56.12244897959184,51.02040816326531,51.02040816326531,51.02040816326531,45.91836734693878,43.36734693877551,38.26530612244898,30.612244897959183,30.612244897959183,28.06122448979592,28.06122448979592,28.06122448979592,25.510204081632654,10.204081632653061,17.857142857142858,15.306122448979592,15.306122448979592,7.653061224489796,7.653061224489796,15.306122448979592,15.306122448979592,12.755102040816327,12.755102040816327,null,null,null,null,null,null,null,null,null,null,null,null,null,null,null,null,null,null,null,null,null,null,null,null,null,null,null,null],"pHat":[null,null,null,null,null,null,null,null,null,null,null,null,null,null,null,null,null,null,null,null,null,null,null],"sEp":[null,null,null,null,null,null,null,null,null,null,null,null,null,null,null,null,null,null,null,null,null,null,null,null,null,null,null,null,null,null,null,null,null,null,null,null,null,null,null,null,null,null,null,null,null,null,null,null,null,null,null],"modelType":"IP","hRd":[1,1,1,1,1,1,1,1,1,1,1,1,1,1,1,1,1,1,1,1,1,1,1,1,1,1,1,1,1,1,1,1,1,1,1,1,1,1,1,1,1,1,1,1,1,1,1,1,1,1,1],"hRi":[1,1,1,1,1,1,1,1,1,1,1,1,1,1,1,1,1,1,1,1,1,1,1,1,1,1,1,1,1,1,1,1,1,1,1,1,1,1,1,1,1,1,1,1,1,1,1,1,1,1,1],"oRt":[1,1,1,1,1,1,1,1,1,1,1,1,1,1,1,1,1,1,1,1,1,1,1,1,1,1,1,1,1,1,1,1,1,1,1,1,1,1,1,1,1,1,1,1,1,1,1,1,1,1,1],"tXf":[0.031028219631149483,0.031028219631149483,0.031028219631149483,0.031028219631149483,0.031028219631149483,0.031028219631149483,0.031028219631149483,0.031028219631149483,0.031028219631149483,0.031028219631149483,0.031028219631149483,0.031028219631149483,0.031028219631149483,0.031028219631149483,0.031028219631149483,0.031028219631149483,0.031028219631149483,0.031028219631149483,0.031028219631149483,0.031028219631149483,0.031028219631149483,0.031028219631149483,0.031028219631149483,0.031028219631149483,0.031028219631149483,0.031028219631149483,0.031028219631149483,0.031028219631149483,0.031028219631149483,0.031028219631149483,0.031028219631149483,0.031028219631149483,0.031028219631149483,0.031028219631149483,0.031028219631149483,0.031028219631149483,0.031028219631149483,0.031028219631149483,0.031028219631149483,0.031028219631149483,0.031028219631149483,0.031028219631149483,0.031028219631149483,0.031028219631149483,0.031028219631149483,0.031028219631149483,0.031028219631149483,0.031028219631149483,0.031028219631149483,0.031028219631149483,0.031028219631149483]}