{"year":[2000,2001,2002,2003,2004,2005,2006,2007,2008,2009,2010,2011,2012,2013,2014,2015,2016,2017,2018,2019,2020,2021,2022,2023,2024,2025,2026,2027,2028,2029,2030,2031,2032,2033,2034,2035,2036,2037,2038,2039,2040,2041,2042,2043,2044,2045,2046,2047,2048,2049,2050],"iHat":[7000,6800,7800,8000,7900,9200,9300,9000,9300,9100,8800,9500,9300,8300,7400,6600,6500,5900,5400,5400,4700,5400,5300,5200,null,null,null,null,null,null,null,null,null,null,null,null,null,null,null,null,null,null,null,null,null,null,null,null,null,null,null],"sEi":[357.14285714285717,357.14285714285717,382.6530612244898,408.16326530612247,408.16326530612247,433.6734693877551,408.16326530612247,459.18367346938777,408.16326530612247,459.18367346938777,459.18367346938777,382.6530612244898,408.16326530612247,433.6734693877551,382.6530612244898,357.14285714285717,331.6326530612245,306.12244897959187,280.6122448979592,280.6122448979592,255.10204081632654,255.10204081632654,255.10204081632654,255.10204081632654,null,null,null,null,null,null,null,null,null,null,null,null,null,null,null,null,null,null,null,null,null,null,null,null,null,null,null],"nHat":[6220,6027,6889,7334,7584,8633,8498,8417,8655,8900,8397,8899,8751,7892,7077,6240,6175,5567,5075,5132,4458,4795,4716,5296,null,null,null,null,null,null,null,null,null,null,null,null,null,null,null,null,null,null,null,null,null,null,null,null,null,null,null],"sEn":[476.0204081632651,461.2499999999999,527.219387755102,561.2755102040813,580.4081632653058,660.6887755102038,650.3571428571425,644.158163265306,662.3724489795918,681.1224489795918,642.6275510204081,681.0459183673466,669.719387755102,603.9795918367346,541.6071428571428,477.551020408163,472.57653061224465,426.0459183673468,388.39285714285717,392.7551020408162,341.1734693877551,366.9642857142857,360.91836734693874,405.30612244897964,null,null,null,null,null,null,null,null,null,null,null,null,null,null,null,null,null,null,null,null,null,null,null,null,null,null,null],"mHat":[640,630,650,650,570,570,580,470,520,480,440,400,400,410,410,390,340,340,330,340,340,340,350,350,null,null,null,null,null,null,null,null,null,null,null,null,null,null,null,null,null,null,null,null,null,null,null,null,null,null,null],"sEm":[53.57142857142857,48.46938775510204,51.02040816326531,51.02040816326531,45.91836734693878,45.91836734693878,35.714285714285715,30.612244897959183,30.612244897959183,30.612244897959183,28.06122448979592,28.06122448979592,25.510204081632654,10.204081632653061,17.857142857142858,15.306122448979592,17.857142857142858,7.653061224489796,7.653061224489796,15.306122448979592,12.755102040816327,12.755102040816327,15.306122448979592,15.306122448979592,null,null,null,null,null,null,null,null,null,null,null,null,null,null,null,null,null,null,null,null,null,null,null,null,null,null,null],"pHat":[null,null,null,null,null,null,null,null,null,null,null,null,null,null,null,null,null,null,null,null,null,null,null,null],"sEp":[null,null,null,null,null,null,null,null,null,null,null,null,null,null,null,null,null,null,null,null,null,null,null,null,null,null,null,null,null,null,null,null,null,null,null,null,null,null,null,null,null,null,null,null,null,null,null,null,null,null,null],"modelType":"IPn2","hRd":[1,1,1,1,1,1,1,1,1,1,1,1,1,1,1,1,1,1,1,1,1,1,1,1,1,1,1,1,1,1,1,1,1,1,1,1,1,1,1,1,1,1,1,1,1,1,1,1,1,1,1],"hRi":[1,1,1,1,1,1,1,1,1,1,1,1,1,1,1,1,1,1,1,1,1,1,1,1,1,1,1,1,1,1,1,1,1,1,1,1,1,1,1,1,1,1,1,1,1,1,1,1,1,1,1],"oRt":[1,1,1,1,1,1,1,1,1,1,1,1,1,1,1,1,1,1,1,1,1,1,1,1,1,1,1,1,1,1,1,1,1,1,1,1,1,1,1,1,1,1,1,1,1,1,1,1,1,1,1],"tXf":[0.012882876279935375,0.012882876279935375,0.012882876279935375,0.012882876279935375,0.012882876279935375,0.012882876279935375,0.012882876279935375,0.012882876279935375,0.012882876279935375,0.012882876279935375,0.012882876279935375,0.012882876279935375,0.012882876279935375,0.012882876279935375,0.012882876279935375,0.012882876279935375,0.012882876279935375,0.012882876279935375,0.012882876279935375,0.012882876279935375,0.012882876279935375,0.012882876279935375,0.012882876279935375,0.012882876279935375,0.012882876279935375,0.012882876279935375,0.012882876279935375,0.012882876279935375,0.012882876279935375,0.012882876279935375,0.012882876279935375,0.012882876279935375,0.012882876279935375,0.012882876279935375,0.012882876279935375,0.012882876279935375,0.012882876279935375,0.012882876279935375,0.012882876279935375,0.012882876279935375,0.012882876279935375,0.012882876279935375,0.012882876279935375,0.012882876279935375,0.012882876279935375,0.012882876279935375,0.012882876279935375,0.012882876279935375,0.012882876279935375,0.012882876279935375,0.012882876279935375]}