{"year":[2000,2001,2002,2003,2004,2005,2006,2007,2008,2009,2010,2011,2012,2013,2014,2015,2016,2017,2018,2019,2020,2021,2022,2023,2024,2025,2026,2027,2028,2029,2030,2031,2032,2033,2034,2035,2036,2037,2038,2039,2040,2041,2042,2043,2044,2045,2046,2047,2048,2049,2050],"iHat":[2700,2800,2900,3000,3100,3200,3200,3300,3300,3400,3500,3600,3700,3700,3800,3900,3900,4000,4000,4000,4000,3900,3900,null,null,null,null,null,null,null,null,null,null,null,null,null,null,null,null,null,null,null,null,null,null,null,null,null,null,null,null],"sEi":[510.2040816326531,484.6938775510204,459.18367346938777,459.18367346938777,382.6530612244898,484.6938775510204,765.3061224489796,790.8163265306123,510.2040816326531,535.7142857142858,790.8163265306123,510.2040816326531,535.7142857142858,586.7346938775511,586.7346938775511,586.7346938775511,586.7346938775511,586.7346938775511,586.7346938775511,561.2244897959184,586.7346938775511,586.7346938775511,612.2448979591837,null,null,null,null,null,null,null,null,null,null,null,null,null,null,null,null,null,null,null,null,null,null,null,null,null,null,null,null],"nHat":[1578.117554240631,1732.575936883629,1889.0666666666666,1976.457593688363,2176.6437869822485,2063.8485207100593,1824.0315581854043,1927.681262327416,2161.4011834319526,2160.3850098619328,2021.1692307692308,2339.2315581854045,2370.7329388560156,2362.603550295858,2593.274950690335,2571.935305719921,2538.40157790927,2529.2560157790926,2432.719526627219,2661.3585798816566,2443.897435897436,2290.4552268244574,2576.0,null,null,null,null,null,null,null,null,null,null,null,null,null,null,null,null,null,null,null,null,null,null,null,null,null,null,null,null],"sEn":[118.8520408163265,130.48469387755097,142.27040816326533,148.85204081632654,163.92857142857136,155.43367346938768,137.37244897959184,145.17857142857136,162.78061224489787,162.704081632653,152.21938775510205,176.17346938775503,178.5459183673469,177.93367346938777,195.30612244897958,193.69897959183666,191.17346938775512,190.48469387755097,183.21428571428572,200.4336734693877,184.0561224489796,172.50000000000003,194.00510204081633,null,null,null,null,null,null,null,null,null,null,null,null,null,null,null,null,null,null,null,null,null,null,null,null,null,null,null,null],"mHat":[580,550,530,540,490,590,750,740,650,620,780,670,650,680,640,670,720,740,800,670,850,890,770,null,null,null,null,null,null,null,null,null,null,null,null,null,null,null,null,null,null,null,null,null,null,null,null,null,null,null,null],"sEm":[125.0,114.79591836734694,107.14285714285714,107.14285714285714,94.38775510204081,119.89795918367348,165.81632653061226,168.3673469387755,137.75510204081633,91.83673469387756,186.22448979591837,140.3061224489796,91.83673469387756,107.14285714285714,91.83673469387756,99.48979591836735,102.04081632653062,104.59183673469389,104.59183673469389,99.48979591836735,122.44897959183673,145.40816326530611,114.79591836734694,null,null,null,null,null,null,null,null,null,null,null,null,null,null,null,null,null,null,null,null,null,null,null,null,null,null,null,null],"pHat":[null,null,null,null,null,null,null,null,null,null,null,null,null,null,null,null,null,null,null,null,null,null,null],"sEp":[null,null,null,null,null,null,null,null,null,null,null,null,null,null,null,null,null,null,null,null,null,null,null,null,null,null,null,null,null,null,null,null,null,null,null,null,null,null,null,null,null,null,null,null,null,null,null,null,null,null,null],"modelType":"IP","hRd":[1,1,1,1,1,1,1,1,1,1,1,1,1,1,1,1,1,1,1,1,1,1,1,1,1,1,1,1,1,1,1,1,1,1,1,1,1,1,1,1,1,1,1,1,1,1,1,1,1,1,1],"hRi":[1,1,1,1,1,1,1,1,1,1,1,1,1,1,1,1,1,1,1,1,1,1,1,1,1,1,1,1,1,1,1,1,1,1,1,1,1,1,1,1,1,1,1,1,1,1,1,1,1,1,1],"oRt":[1,1,1,1,1,1,1,1,1,1,1,1,1,1,1,1,1,1,1,1,1,1,1,1,1,1,1,1,1,1,1,1,1,1,1,1,1,1,1,1,1,1,1,1,1,1,1,1,1,1,1],"tXf":[0.03202130177514793,0.03202130177514793,0.03202130177514793,0.03202130177514793,0.03202130177514793,0.03202130177514793,0.03202130177514793,0.03202130177514793,0.03202130177514793,0.03202130177514793,0.03202130177514793,0.03202130177514793,0.03202130177514793,0.03202130177514793,0.03202130177514793,0.03202130177514793,0.03202130177514793,0.03202130177514793,0.03202130177514793,0.03202130177514793,0.03202130177514793,0.03202130177514793,0.03202130177514793,0.03202130177514793,0.03202130177514793,0.03202130177514793,0.03202130177514793,0.03202130177514793,0.03202130177514793,0.03202130177514793,0.03202130177514793,0.03202130177514793,0.03202130177514793,0.03202130177514793,0.03202130177514793,0.03202130177514793,0.03202130177514793,0.03202130177514793,0.03202130177514793,0.03202130177514793,0.03202130177514793,0.03202130177514793,0.03202130177514793,0.03202130177514793,0.03202130177514793,0.03202130177514793,0.03202130177514793,0.03202130177514793,0.03202130177514793,0.03202130177514793,0.03202130177514793]}