{"year":[2000,2001,2002,2003,2004,2005,2006,2007,2008,2009,2010,2011,2012,2013,2014,2015,2016,2017,2018,2019,2020,2021,2022,2023,2024,2025,2026,2027,2028,2029,2030,2031,2032,2033,2034,2035,2036,2037,2038,2039,2040,2041,2042,2043,2044,2045,2046,2047,2048,2049,2050],"iHat":[1300,1300,1400,1500,1500,1700,1800,1900,2100,2000,2400,2600,2800,3100,3400,3700,4100,4100,3800,4400,4400,4500,4600,null,null,null,null,null,null,null,null,null,null,null,null,null,null,null,null,null,null,null,null,null,null,null,null,null,null,null,null],"sEi":[160.71428571428572,178.57142857142858,178.57142857142858,204.08163265306123,204.08163265306123,204.08163265306123,255.10204081632654,280.6122448979592,306.12244897959187,280.6122448979592,357.14285714285717,408.16326530612247,459.18367346938777,535.7142857142858,612.2448979591837,714.2857142857143,841.8367346938776,816.3265306122449,663.265306122449,867.3469387755102,892.8571428571429,918.3673469387755,943.8775510204082,null,null,null,null,null,null,null,null,null,null,null,null,null,null,null,null,null,null,null,null,null,null,null,null,null,null,null,null],"nHat":[0.0,0.0,0.0,0.0,538.2822384428224,0.0,0.0,0.0,721.0571776155717,710.0103406326034,823.4914841849148,886.7597323600972,0.0,0.0,1170.9647201946473,1284.4458637469586,1434.0802919708028,1450.148418491484,1335.66301703163,1513.4166666666665,1525.4677615571775,1898.0474452554745,3302.0,null,null,null,null,null,null,null,null,null,null,null,null,null,null,null,null,null,null,null,null,null,null,null,null,null,null,null,null],"sEn":[0.0,0.0,0.0,0.0,41.02040816326531,0.0,0.0,0.0,54.94897959183673,54.10714285714286,62.7551020408163,67.5765306122449,0.0,0.0,89.23469387755098,97.8826530612245,109.28571428571425,110.51020408163266,101.78571428571423,115.3316326530612,116.25000000000001,144.64285714285714,251.63265306122452,null,null,null,null,null,null,null,null,null,null,null,null,null,null,null,null,null,null,null,null,null,null,null,null,null,null,null,null],"mHat":[480,500,510,540,560,620,680,750,800,800,800,1000,1100,1200,1200,1400,1600,1500,1400,1600,1700,1600,1100,null,null,null,null,null,null,null,null,null,null,null,null,null,null,null,null,null,null,null,null,null,null,null,null,null,null,null,null],"sEm":[102.04081632653062,104.59183673469389,104.59183673469389,109.6938775510204,114.79591836734694,125.0,140.3061224489796,158.16326530612244,176.0204081632653,150.51020408163265,102.04081632653062,219.3877551020408,229.59183673469389,267.8571428571429,181.12244897959184,229.59183673469389,367.34693877551024,229.59183673469389,206.6326530612245,255.10204081632654,280.6122448979592,255.10204081632654,165.81632653061226,null,null,null,null,null,null,null,null,null,null,null,null,null,null,null,null,null,null,null,null,null,null,null,null,null,null,null,null],"pHat":[null,null,null,null,null,null,null,null,null,null,null,null,null,null,null,null,null,null,null,null,null,null,null],"sEp":[null,null,null,null,null,null,null,null,null,null,null,null,null,null,null,null,null,null,null,null,null,null,null,null,null,null,null,null,null,null,null,null,null,null,null,null,null,null,null,null,null,null,null,null,null,null,null,null,null,null,null],"modelType":"IP","hRd":[1,1,1,1,1,1,1,1,1,1,1,1,1,1,1,1,1,1,1,1,1,1,1,1,1,1,1,1,1,1,1,1,1,1,1,1,1,1,1,1,1,1,1,1,1,1,1,1,1,1,1],"hRi":[1,1,1,1,1,1,1,1,1,1,1,1,1,1,1,1,1,1,1,1,1,1,1,1,1,1,1,1,1,1,1,1,1,1,1,1,1,1,1,1,1,1,1,1,1,1,1,1,1,1,1],"oRt":[1,1,1,1,1,1,1,1,1,1,1,1,1,1,1,1,1,1,1,1,1,1,1,1,1,1,1,1,1,1,1,1,1,1,1,1,1,1,1,1,1,1,1,1,1,1,1,1,1,1,1],"tXf":[0.04429242658423493,0.04429242658423493,0.04429242658423493,0.04429242658423493,0.04429242658423493,0.04429242658423493,0.04429242658423493,0.04429242658423493,0.04429242658423493,0.04429242658423493,0.04429242658423493,0.04429242658423493,0.04429242658423493,0.04429242658423493,0.04429242658423493,0.04429242658423493,0.04429242658423493,0.04429242658423493,0.04429242658423493,0.04429242658423493,0.04429242658423493,0.04429242658423493,0.04429242658423493,0.04429242658423493,0.04429242658423493,0.04429242658423493,0.04429242658423493,0.04429242658423493,0.04429242658423493,0.04429242658423493,0.04429242658423493,0.04429242658423493,0.04429242658423493,0.04429242658423493,0.04429242658423493,0.04429242658423493,0.04429242658423493,0.04429242658423493,0.04429242658423493,0.04429242658423493,0.04429242658423493,0.04429242658423493,0.04429242658423493,0.04429242658423493,0.04429242658423493,0.04429242658423493,0.04429242658423493,0.04429242658423493,0.04429242658423493,0.04429242658423493,0.04429242658423493]}