{"year":[2000,2001,2002,2003,2004,2005,2006,2007,2008,2009,2010,2011,2012,2013,2014,2015,2016,2017,2018,2019,2020,2021,2022,2023,2024,2025,2026,2027,2028,2029,2030,2031,2032,2033,2034,2035,2036,2037,2038,2039,2040,2041,2042,2043,2044,2045,2046,2047,2048,2049,2050],"iHat":[810,580,660,680,840,800,710,710,670,620,510,520,600,570,560,500,470,500,470,500,440,220,230,null,null,null,null,null,null,null,null,null,null,null,null,null,null,null,null,null,null,null,null,null,null,null,null,null,null,null,null],"sEi":[61.224489795918366,45.91836734693878,51.02040816326531,53.57142857142857,66.3265306122449,61.224489795918366,53.57142857142857,53.57142857142857,51.02040816326531,48.46938775510204,38.26530612244898,38.26530612244898,45.91836734693878,43.36734693877551,40.816326530612244,38.26530612244898,35.714285714285715,38.26530612244898,35.714285714285715,38.26530612244898,33.16326530612245,17.857142857142858,17.857142857142858,null,null,null,null,null,null,null,null,null,null,null,null,null,null,null,null,null,null,null,null,null,null,null,null,null,null,null,null],"nHat":[744.9006622516557,532.9801324503312,603.9735099337748,629.4039735099338,777.748344370861,734.3046357615895,654.8344370860927,651.6556291390729,620.9271523178809,574.3046357615895,469.4039735099338,481.05960264900665,548.8741721854306,523.4437086092715,512.8476821192054,464.1059602649007,431.2582781456954,461.9867549668875,430.1986754966888,460.9271523178808,403.7086092715232,206.6225165562914,320.0,null,null,null,null,null,null,null,null,null,null,null,null,null,null,null,null,null,null,null,null,null,null,null,null,null,null,null,null],"sEn":[53.80102040816326,38.49489795918365,43.62244897959184,45.45918367346937,56.173469387755084,53.03571428571428,47.295918367346935,47.066326530612244,44.84693877551021,41.479591836734684,33.90306122448979,34.74489795918365,39.642857142857125,37.80612244897957,37.040816326530596,33.5204081632653,31.14795918367346,33.36734693877551,31.071428571428577,33.290816326530596,29.158163265306126,14.923469387755095,23.112244897959176,null,null,null,null,null,null,null,null,null,null,null,null,null,null,null,null,null,null,null,null,null,null,null,null,null,null,null,null],"mHat":[98,120,98,120,87,100,91,110,90,99,83,80,120,82,60,48,52,62,56,56,55,55,55,null,null,null,null,null,null,null,null,null,null,null,null,null,null,null,null,null,null,null,null,null,null,null,null,null,null,null,null],"sEm":[2.0408163265306123,2.5510204081632653,1.7857142857142858,5.1020408163265305,2.5510204081632653,3.316326530612245,2.0408163265306123,2.5510204081632653,2.0408163265306123,1.530612244897959,2.295918367346939,2.5510204081632653,5.1020408163265305,2.295918367346939,1.2755102040816326,1.2755102040816326,1.2755102040816326,1.2755102040816326,1.7857142857142858,1.7857142857142858,1.7857142857142858,1.530612244897959,1.7857142857142858,null,null,null,null,null,null,null,null,null,null,null,null,null,null,null,null,null,null,null,null,null,null,null,null,null,null,null,null],"pHat":[null,null,null,null,null,null,null,null,null,null,null,null,null,null,null,null,null,null,null,null,null,null,null],"sEp":[null,null,null,null,null,null,null,null,null,null,null,null,null,null,null,null,null,null,null,null,null,null,null,null,null,null,null,null,null,null,null,null,null,null,null,null,null,null,null,null,null,null,null,null,null,null,null,null,null,null,null],"modelType":"IPn2","hRd":[1,1,1,1,1,1,1,1,1,1,1,1,1,1,1,1,1,1,1,1,1,1,1,1,1,1,1,1,1,1,1,1,1,1,1,1,1,1,1,1,1,1,1,1,1,1,1,1,1,1,1],"hRi":[1,1,1,1,1,1,1,1,1,1,1,1,1,1,1,1,1,1,1,1,1,1,1,1,1,1,1,1,1,1,1,1,1,1,1,1,1,1,1,1,1,1,1,1,1,1,1,1,1,1,1],"oRt":[1,1,1,1,1,1,1,1,1,1,1,1,1,1,1,1,1,1,1,1,1,1,1,1,1,1,1,1,1,1,1,1,1,1,1,1,1,1,1,1,1,1,1,1,1,1,1,1,1,1,1],"tXf":[0.029859694477899962,0.029859694477899962,0.029859694477899962,0.029859694477899962,0.029859694477899962,0.029859694477899962,0.029859694477899962,0.029859694477899962,0.029859694477899962,0.029859694477899962,0.029859694477899962,0.029859694477899962,0.029859694477899962,0.029859694477899962,0.029859694477899962,0.029859694477899962,0.029859694477899962,0.029859694477899962,0.029859694477899962,0.029859694477899962,0.029859694477899962,0.029859694477899962,0.029859694477899962,0.029859694477899962,0.029859694477899962,0.029859694477899962,0.029859694477899962,0.029859694477899962,0.029859694477899962,0.029859694477899962,0.029859694477899962,0.029859694477899962,0.029859694477899962,0.029859694477899962,0.029859694477899962,0.029859694477899962,0.029859694477899962,0.029859694477899962,0.029859694477899962,0.029859694477899962,0.029859694477899962,0.029859694477899962,0.029859694477899962,0.029859694477899962,0.029859694477899962,0.029859694477899962,0.029859694477899962,0.029859694477899962,0.029859694477899962,0.029859694477899962,0.029859694477899962]}