{"year":[2000,2001,2002,2003,2004,2005,2006,2007,2008,2009,2010,2011,2012,2013,2014,2015,2016,2017,2018,2019,2020,2021,2022,2023,2024,2025,2026,2027,2028,2029,2030,2031,2032,2033,2034,2035,2036,2037,2038,2039,2040,2041,2042,2043,2044,2045,2046,2047,2048,2049,2050],"iHat":[3700,3000,3600,3300,4100,4800,4500,3900,4000,3600,4100,3800,4300,4100,3900,4100,4000,4200,4400,4500,4400,4600,4700,5900,null,null,null,null,null,null,null,null,null,null,null,null,null,null,null,null,null,null,null,null,null,null,null,null,null,null,null],"sEi":[535.7142857142858,357.14285714285717,510.2040816326531,433.6734693877551,637.7551020408164,816.3265306122449,739.795918367347,535.7142857142858,561.2244897959184,433.6734693877551,561.2244897959184,459.18367346938777,586.7346938775511,535.7142857142858,484.6938775510204,484.6938775510204,459.18367346938777,510.2040816326531,535.7142857142858,561.2244897959184,561.2244897959184,586.7346938775511,637.7551020408164,765.3061224489796,null,null,null,null,null,null,null,null,null,null,null,null,null,null,null,null,null,null,null,null,null,null,null,null,null,null,null],"nHat":[2913,2501,2981,2716,3370,3861,3674,3203,3316,2942,3351,3088,3499,3369,3224,3381,3291,3505,3623,3762,2802,3150,4157,4846,null,null,null,null,null,null,null,null,null,null,null,null,null,null,null,null,null,null,null,null,null,null,null,null,null,null,null],"sEn":[222.93367346938777,191.40306122448973,228.13775510204076,207.8571428571428,257.90816326530603,295.48469387755097,281.17346938775495,245.1275510204082,253.77551020408157,225.1530612244898,256.454081632653,236.32653061224494,267.7806122448979,257.8316326530612,246.73469387755097,258.74999999999994,251.86224489795913,268.23979591836724,277.27040816326536,287.908163265306,214.43877551020407,241.07142857142847,318.13775510204067,370.86734693877554,null,null,null,null,null,null,null,null,null,null,null,null,null,null,null,null,null,null,null,null,null,null,null,null,null,null,null],"mHat":[670,620,550,510,490,490,470,540,580,550,520,460,380,470,450,430,450,450,450,510,570,590,560,550,null,null,null,null,null,null,null,null,null,null,null,null,null,null,null,null,null,null,null,null,null,null,null,null,null,null,null],"sEm":[53.57142857142857,45.91836734693878,43.36734693877551,35.714285714285715,40.816326530612244,40.816326530612244,38.26530612244898,38.26530612244898,43.36734693877551,35.714285714285715,33.16326530612245,30.612244897959183,22.95918367346939,30.612244897959183,25.510204081632654,28.06122448979592,28.06122448979592,30.612244897959183,30.612244897959183,35.714285714285715,35.714285714285715,38.26530612244898,40.816326530612244,38.26530612244898,null,null,null,null,null,null,null,null,null,null,null,null,null,null,null,null,null,null,null,null,null,null,null,null,null,null,null],"pHat":[null,null,null,null,null,null,null,null,null,null,null,null,null,null,null,null,null,null,null,null,null,null,null,null],"sEp":[null,null,null,null,null,null,null,null,null,null,null,null,null,null,null,null,null,null,null,null,null,null,null,null,null,null,null,null,null,null,null,null,null,null,null,null,null,null,null,null,null,null,null,null,null,null,null,null,null,null,null],"modelType":"IPn2","hRd":[1,1,1,1,1,1,1,1,1,1,1,1,1,1,1,1,1,1,1,1,1,1,1,1,1,1,1,1,1,1,1,1,1,1,1,1,1,1,1,1,1,1,1,1,1,1,1,1,1,1,1],"hRi":[1,1,1,1,1,1,1,1,1,1,1,1,1,1,1,1,1,1,1,1,1,1,1,1,1,1,1,1,1,1,1,1,1,1,1,1,1,1,1,1,1,1,1,1,1,1,1,1,1,1,1],"oRt":[1,1,1,1,1,1,1,1,1,1,1,1,1,1,1,1,1,1,1,1,1,1,1,1,1,1,1,1,1,1,1,1,1,1,1,1,1,1,1,1,1,1,1,1,1,1,1,1,1,1,1],"tXf":[0.028629415876160927,0.028629415876160927,0.028629415876160927,0.028629415876160927,0.028629415876160927,0.028629415876160927,0.028629415876160927,0.028629415876160927,0.028629415876160927,0.028629415876160927,0.028629415876160927,0.028629415876160927,0.028629415876160927,0.028629415876160927,0.028629415876160927,0.028629415876160927,0.028629415876160927,0.028629415876160927,0.028629415876160927,0.028629415876160927,0.028629415876160927,0.028629415876160927,0.028629415876160927,0.028629415876160927,0.028629415876160927,0.028629415876160927,0.028629415876160927,0.028629415876160927,0.028629415876160927,0.028629415876160927,0.028629415876160927,0.028629415876160927,0.028629415876160927,0.028629415876160927,0.028629415876160927,0.028629415876160927,0.028629415876160927,0.028629415876160927,0.028629415876160927,0.028629415876160927,0.028629415876160927,0.028629415876160927,0.028629415876160927,0.028629415876160927,0.028629415876160927,0.028629415876160927,0.028629415876160927,0.028629415876160927,0.028629415876160927,0.028629415876160927,0.028629415876160927]}