{"year":[2000,2001,2002,2003,2004,2005,2006,2007,2008,2009,2010,2011,2012,2013,2014,2015,2016,2017,2018,2019,2020,2021,2022,2023,2024,2025,2026,2027,2028,2029,2030,2031,2032,2033,2034,2035,2036,2037,2038,2039,2040,2041,2042,2043,2044,2045,2046,2047,2048,2049,2050],"iHat":[530,530,740,790,750,800,890,740,820,950,890,890,940,850,680,710,720,650,640,620,460,520,490,null,null,null,null,null,null,null,null,null,null,null,null,null,null,null,null,null,null,null,null,null,null,null,null,null,null,null,null],"sEi":[68.87755102040816,68.87755102040816,94.38775510204081,102.04081632653062,94.38775510204081,99.48979591836735,107.14285714285714,94.38775510204081,94.38775510204081,119.89795918367348,107.14285714285714,107.14285714285714,122.44897959183673,114.79591836734694,86.73469387755102,89.28571428571429,91.83673469387756,84.18367346938776,84.18367346938776,79.08163265306122,58.673469387755105,63.775510204081634,63.775510204081634,null,null,null,null,null,null,null,null,null,null,null,null,null,null,null,null,null,null,null,null,null,null,null,null,null,null,null,null],"nHat":[475.0205128205128,475.0205128205128,664.1282051282051,710.2794871794872,678.7615384615384,719.2846153846153,799.2051282051282,668.6307692307693,735.0435897435898,858.8641025641026,801.4564102564102,799.2051282051282,841.9794871794871,766.5615384615385,613.474358974359,642.7410256410257,649.4948717948718,589.8358974358974,580.8307692307692,560.5692307692308,411.9846153846154,466.0153846153846,439.0,null,null,null,null,null,null,null,null,null,null,null,null,null,null,null,null,null,null,null,null,null,null,null,null,null,null,null,null],"sEn":[32.29591836734693,32.29591836734693,45.1530612244898,48.2908163265306,46.147959183673464,48.90306122448978,54.336734693877524,45.45918367346937,49.97448979591836,58.39285714285714,54.489795918367356,54.336734693877524,57.24489795918367,52.1173469387755,41.70918367346939,43.69897959183674,44.158163265306115,40.102040816326515,39.48979591836735,38.112244897959165,28.010204081632658,31.683673469387752,29.84693877551019,null,null,null,null,null,null,null,null,null,null,null,null,null,null,null,null,null,null,null,null,null,null,null,null,null,null,null,null],"mHat":[100,99,140,130,180,150,150,170,150,150,200,170,190,180,130,130,130,140,130,130,120,120,110,null,null,null,null,null,null,null,null,null,null,null,null,null,null,null,null,null,null,null,null,null,null,null,null,null,null,null,null],"sEm":[9.948979591836736,9.948979591836736,12.755102040816327,12.755102040816327,15.306122448979592,10.204081632653061,10.204081632653061,12.755102040816327,10.204081632653061,17.857142857142858,12.755102040816327,10.204081632653061,12.755102040816327,12.755102040816327,10.204081632653061,7.653061224489796,7.653061224489796,10.204081632653061,7.653061224489796,7.653061224489796,19.387755102040817,11.224489795918368,11.989795918367347,null,null,null,null,null,null,null,null,null,null,null,null,null,null,null,null,null,null,null,null,null,null,null,null,null,null,null,null],"pHat":[null,null,null,null,null,null,null,null,null,null,null,null,null,null,null,null,null,null,null,null,null,null,null],"sEp":[null,null,null,null,null,null,null,null,null,null,null,null,null,null,null,null,null,null,null,null,null,null,null,null,null,null,null,null,null,null,null,null,null,null,null,null,null,null,null,null,null,null,null,null,null,null,null,null,null,null,null],"modelType":"IP","hRd":[1,1,1,1,1,1,1,1,1,1,1,1,1,1,1,1,1,1,1,1,1,1,1,1,1,1,1,1,1,1,1,1,1,1,1,1,1,1,1,1,1,1,1,1,1,1,1,1,1,1,1],"hRi":[1,1,1,1,1,1,1,1,1,1,1,1,1,1,1,1,1,1,1,1,1,1,1,1,1,1,1,1,1,1,1,1,1,1,1,1,1,1,1,1,1,1,1,1,1,1,1,1,1,1,1],"oRt":[1,1,1,1,1,1,1,1,1,1,1,1,1,1,1,1,1,1,1,1,1,1,1,1,1,1,1,1,1,1,1,1,1,1,1,1,1,1,1,1,1,1,1,1,1,1,1,1,1,1,1],"tXf":[0.031446153846153846,0.031446153846153846,0.031446153846153846,0.031446153846153846,0.031446153846153846,0.031446153846153846,0.031446153846153846,0.031446153846153846,0.031446153846153846,0.031446153846153846,0.031446153846153846,0.031446153846153846,0.031446153846153846,0.031446153846153846,0.031446153846153846,0.031446153846153846,0.031446153846153846,0.031446153846153846,0.031446153846153846,0.031446153846153846,0.031446153846153846,0.031446153846153846,0.031446153846153846,0.031446153846153846,0.031446153846153846,0.031446153846153846,0.031446153846153846,0.031446153846153846,0.031446153846153846,0.031446153846153846,0.031446153846153846,0.031446153846153846,0.031446153846153846,0.031446153846153846,0.031446153846153846,0.031446153846153846,0.031446153846153846,0.031446153846153846,0.031446153846153846,0.031446153846153846,0.031446153846153846,0.031446153846153846,0.031446153846153846,0.031446153846153846,0.031446153846153846,0.031446153846153846,0.031446153846153846,0.031446153846153846,0.031446153846153846,0.031446153846153846,0.031446153846153846]}