{"year":[2000,2001,2002,2003,2004,2005,2006,2007,2008,2009,2010,2011,2012,2013,2014,2015,2016,2017,2018,2019,2020,2021,2022,2023,2024,2025,2026,2027,2028,2029,2030,2031,2032,2033,2034,2035,2036,2037,2038,2039,2040,2041,2042,2043,2044,2045,2046,2047,2048,2049,2050],"iHat":[22000,23000,24000,24000,25000,25000,24000,24000,24000,23000,22000,22000,21000,21000,21000,20000,20000,20000,19000,19000,18000,18000,18000,17000,null,null,null,null,null,null,null,null,null,null,null,null,null,null,null,null,null,null,null,null,null,null,null,null,null,null,null],"sEi":[6887.755102040816,7397.95918367347,7653.061224489796,7908.163265306122,7908.163265306122,7653.061224489796,7653.061224489796,7142.857142857143,6887.755102040816,6377.551020408164,6122.448979591837,4591.836734693878,3061.2244897959185,2806.122448979592,3061.2244897959185,2551.0204081632655,2806.122448979592,2551.0204081632655,2295.918367346939,2551.0204081632655,2551.0204081632655,2295.918367346939,2551.0204081632655,2551.0204081632655,null,null,null,null,null,null,null,null,null,null,null,null,null,null,null,null,null,null,null,null,null,null,null,null,null,null,null],"nHat":[10530,10358,12170,14070,14579,14344,14002,14198,14662,14861,14265,15323,16723,17040,15963,16468,15567,15429,13713,13379,11774,10665,11416,12043,null,null,null,null,null,null,null,null,null,null,null,null,null,null,null,null,null,null,null,null,null,null,null,null,null,null,null],"sEn":[805.8673469387751,792.704081632653,931.3775510204077,1076.7857142857138,1115.739795918367,1097.7551020408162,1071.5816326530614,1086.5816326530612,1122.091836734694,1137.321428571428,1091.7091836734694,1172.6785714285709,1279.821428571428,1304.0816326530612,1221.6581632653056,1260.306122448979,1191.3520408163267,1180.7908163265304,1049.4642857142856,1023.9030612244895,901.0714285714283,816.1989795918363,873.673469387755,921.658163265306,null,null,null,null,null,null,null,null,null,null,null,null,null,null,null,null,null,null,null,null,null,null,null,null,null,null,null],"mHat":[5500,5300,4600,4100,4000,4000,4100,3200,3000,2800,2500,2400,2200,2000,2000,1800,1800,1800,1900,1900,1900,2000,2000,2100,null,null,null,null,null,null,null,null,null,null,null,null,null,null,null,null,null,null,null,null,null,null,null,null,null,null,null],"sEm":[1479.591836734694,1454.0816326530612,1275.5102040816328,1122.4489795918369,1096.938775510204,1122.4489795918369,1173.4693877551022,510.2040816326531,484.6938775510204,408.16326530612247,357.14285714285717,280.6122448979592,229.59183673469389,229.59183673469389,229.59183673469389,204.08163265306123,204.08163265306123,204.08163265306123,229.59183673469389,204.08163265306123,229.59183673469389,229.59183673469389,229.59183673469389,255.10204081632654,null,null,null,null,null,null,null,null,null,null,null,null,null,null,null,null,null,null,null,null,null,null,null,null,null,null,null],"pHat":[null,null,null,null,null,null,null,null,null,null,null,null,null,null,null,null,null,null,null,null,null,null,null,null],"sEp":[null,null,null,null,null,null,null,null,null,null,null,null,null,null,null,null,null,null,null,null,null,null,null,null,null,null,null,null,null,null,null,null,null,null,null,null,null,null,null,null,null,null,null,null,null,null,null,null,null,null,null],"modelType":"IPn2","hRd":[1,1,1,1,1,1,1,1,1,1,1,1,1,1,1,1,1,1,1,1,1,1,1,1,1,1,1,1,1,1,1,1,1,1,1,1,1,1,1,1,1,1,1,1,1,1,1,1,1,1,1],"hRi":[1,1,1,1,1,1,1,1,1,1,1,1,1,1,1,1,1,1,1,1,1,1,1,1,1,1,1,1,1,1,1,1,1,1,1,1,1,1,1,1,1,1,1,1,1,1,1,1,1,1,1],"oRt":[1,1,1,1,1,1,1,1,1,1,1,1,1,1,1,1,1,1,1,1,1,1,1,1,1,1,1,1,1,1,1,1,1,1,1,1,1,1,1,1,1,1,1,1,1,1,1,1,1,1,1],"tXf":[0.024942447172240433,0.024942447172240433,0.024942447172240433,0.024942447172240433,0.024942447172240433,0.024942447172240433,0.024942447172240433,0.024942447172240433,0.024942447172240433,0.024942447172240433,0.024942447172240433,0.024942447172240433,0.024942447172240433,0.024942447172240433,0.024942447172240433,0.024942447172240433,0.024942447172240433,0.024942447172240433,0.024942447172240433,0.024942447172240433,0.024942447172240433,0.024942447172240433,0.024942447172240433,0.024942447172240433,0.024942447172240433,0.024942447172240433,0.024942447172240433,0.024942447172240433,0.024942447172240433,0.024942447172240433,0.024942447172240433,0.024942447172240433,0.024942447172240433,0.024942447172240433,0.024942447172240433,0.024942447172240433,0.024942447172240433,0.024942447172240433,0.024942447172240433,0.024942447172240433,0.024942447172240433,0.024942447172240433,0.024942447172240433,0.024942447172240433,0.024942447172240433,0.024942447172240433,0.024942447172240433,0.024942447172240433,0.024942447172240433,0.024942447172240433,0.024942447172240433]}