{"year":[2000,2001,2002,2003,2004,2005,2006,2007,2008,2009,2010,2011,2012,2013,2014,2015,2016,2017,2018,2019,2020,2021,2022,2023,2024,2025,2026,2027,2028,2029,2030,2031,2032,2033,2034,2035,2036,2037,2038,2039,2040,2041,2042,2043,2044,2045,2046,2047,2048,2049,2050],"iHat":[23000,23000,24000,24000,25000,25000,25000,24000,24000,23000,23000,22000,22000,21000,21000,20000,20000,20000,19000,19000,19000,18000,18000,null,null,null,null,null,null,null,null,null,null,null,null,null,null,null,null,null,null,null,null,null,null,null,null,null,null,null,null],"sEi":[7142.857142857143,7397.95918367347,7908.163265306122,7908.163265306122,7908.163265306122,7908.163265306122,7653.061224489796,7397.95918367347,6887.755102040816,6632.65306122449,6122.448979591837,4591.836734693878,3061.2244897959185,2806.122448979592,3061.2244897959185,2551.0204081632655,2806.122448979592,2551.0204081632655,2551.0204081632655,2295.918367346939,2551.0204081632655,2295.918367346939,2551.0204081632655,null,null,null,null,null,null,null,null,null,null,null,null,null,null,null,null,null,null,null,null,null,null,null,null,null,null,null,null],"nHat":[10420,10224,12066,14004,14533,14311,13959,14133,14602,14777,14222,15225,16571,17040,15881,16297,15364,15033,13383,13077,11273,10451,11179,null,null,null,null,null,null,null,null,null,null,null,null,null,null,null,null,null,null,null,null,null,null,null,null,null,null,null,null],"sEn":[797.4489795918363,782.4489795918365,923.4183673469386,1071.7346938775509,1112.2193877551015,1095.229591836734,1068.2908163265304,1081.607142857143,1117.5,1130.8928571428573,1088.4183673469388,1165.1785714285716,1268.1887755102034,1304.0816326530612,1215.382653061224,1247.2193877551022,1175.816326530612,1150.4846938775504,1024.2091836734694,1000.7908163265307,862.7295918367346,799.8214285714284,855.535714285714,null,null,null,null,null,null,null,null,null,null,null,null,null,null,null,null,null,null,null,null,null,null,null,null,null,null,null,null],"mHat":[5600,5300,4700,4100,4000,4000,4100,3200,3000,2800,2500,2400,2200,2000,2100,1800,1800,1800,1900,1900,1900,2000,2000,null,null,null,null,null,null,null,null,null,null,null,null,null,null,null,null,null,null,null,null,null,null,null,null,null,null,null,null],"sEm":[1505.1020408163265,1479.591836734694,1275.5102040816328,1122.4489795918369,1096.938775510204,1122.4489795918369,1198.9795918367347,484.6938775510204,459.18367346938777,408.16326530612247,357.14285714285717,280.6122448979592,255.10204081632654,229.59183673469389,229.59183673469389,204.08163265306123,204.08163265306123,229.59183673469389,204.08163265306123,229.59183673469389,229.59183673469389,255.10204081632654,229.59183673469389,null,null,null,null,null,null,null,null,null,null,null,null,null,null,null,null,null,null,null,null,null,null,null,null,null,null,null,null],"pHat":[null,null,null,null,null,null,null,null,null,null,null,null,null,null,null,null,null,null,null,null,null,null,null],"sEp":[null,null,null,null,null,null,null,null,null,null,null,null,null,null,null,null,null,null,null,null,null,null,null,null,null,null,null,null,null,null,null,null,null,null,null,null,null,null,null,null,null,null,null,null,null,null,null,null,null,null,null],"modelType":"IPn2","hRd":[1,1,1,1,1,1,1,1,1,1,1,1,1,1,1,1,1,1,1,1,1,1,1,1,1,1,1,1,1,1,1,1,1,1,1,1,1,1,1,1,1,1,1,1,1,1,1,1,1,1,1],"hRi":[1,1,1,1,1,1,1,1,1,1,1,1,1,1,1,1,1,1,1,1,1,1,1,1,1,1,1,1,1,1,1,1,1,1,1,1,1,1,1,1,1,1,1,1,1,1,1,1,1,1,1],"oRt":[1,1,1,1,1,1,1,1,1,1,1,1,1,1,1,1,1,1,1,1,1,1,1,1,1,1,1,1,1,1,1,1,1,1,1,1,1,1,1,1,1,1,1,1,1,1,1,1,1,1,1],"tXf":[0.019642466129465457,0.019642466129465457,0.019642466129465457,0.019642466129465457,0.019642466129465457,0.019642466129465457,0.019642466129465457,0.019642466129465457,0.019642466129465457,0.019642466129465457,0.019642466129465457,0.019642466129465457,0.019642466129465457,0.019642466129465457,0.019642466129465457,0.019642466129465457,0.019642466129465457,0.019642466129465457,0.019642466129465457,0.019642466129465457,0.019642466129465457,0.019642466129465457,0.019642466129465457,0.019642466129465457,0.019642466129465457,0.019642466129465457,0.019642466129465457,0.019642466129465457,0.019642466129465457,0.019642466129465457,0.019642466129465457,0.019642466129465457,0.019642466129465457,0.019642466129465457,0.019642466129465457,0.019642466129465457,0.019642466129465457,0.019642466129465457,0.019642466129465457,0.019642466129465457,0.019642466129465457,0.019642466129465457,0.019642466129465457,0.019642466129465457,0.019642466129465457,0.019642466129465457,0.019642466129465457,0.019642466129465457,0.019642466129465457,0.019642466129465457,0.019642466129465457]}