{"year":[2000,2001,2002,2003,2004,2005,2006,2007,2008,2009,2010,2011,2012,2013,2014,2015,2016,2017,2018,2019,2020,2021,2022],"iHat":[3500,3400,3100,3100,2600,2100,1900,1800,1600,1500,1800,1500,1300,1200,920,990,850,750,690,610,440,360,500],"sEi":[280.6122448979592,255.10204081632654,229.59183673469389,229.59183673469389,204.08163265306123,153.06122448979593,127.55102040816327,127.55102040816327,127.55102040816327,102.04081632653062,127.55102040816327,102.04081632653062,102.04081632653062,102.04081632653062,79.08163265306122,66.3265306122449,63.775510204081634,56.12244897959184,53.57142857142857,45.91836734693878,33.16326530612245,28.06122448979592,38.26530612244898],"nHat":[3073,2923,2720,2720,2251,1808,1687,1540,1428,1272,1528,1279,1159,1043,800,860,740,652,602,529,385,314,436],"sEn":[235.17857142857144,223.69897959183677,208.16326530612233,208.16326530612233,172.27040816326524,138.36734693877548,129.10714285714283,117.8571428571428,109.28571428571425,97.34693877551018,116.93877551020405,97.8826530612245,88.69897959183672,79.82142857142854,61.22448979591834,65.81632653061222,56.63265306122446,49.89795918367348,46.07142857142856,40.484693877551,29.4642857142857,24.030612244897956,33.36734693877551],"mHat":[420,390,330,310,300,260,190,220,190,170,150,120,130,98,86,100,66,65,86,64,64,63,65],"sEm":[5.1020408163265305,2.5510204081632653,2.5510204081632653,2.5510204081632653,2.5510204081632653,2.5510204081632653,0.0,0.0,2.5510204081632653,0.0,0.0,2.5510204081632653,0.0,0.5102040816326531,0.5102040816326531,2.5510204081632653,0.5102040816326531,0.25510204081632654,0.5102040816326531,0.5102040816326531,0.25510204081632654,0.25510204081632654,0.5102040816326531],"pHat":["","","","","","","","","","","","","","","","","","","","","","",""],"sEp":[0.0305,0.0305,0.0305,0.0305,0.0305,0.0305,0.0305,0.0305,0.0305,0.0305,0.0305,0.0305,0.0305,0.0305,0.0305,0.0305,0.0305,0.0305,0.0305,0.0305,0.0305,0.0305,0.0305]}