{"year":[2000,2001,2002,2003,2004,2005,2006,2007,2008,2009,2010,2011,2012,2013,2014,2015,2016,2017,2018,2019,2020,2021,2022,2023,2024,2025,2026,2027,2028,2029,2030,2031,2032,2033,2034,2035,2036,2037,2038,2039,2040,2041,2042,2043,2044,2045,2046,2047,2048,2049,2050],"iHat":[3500,3400,3100,3100,2600,2100,1900,1800,1600,1500,1800,1500,1300,1200,920,990,850,750,690,610,440,360,500,570,null,null,null,null,null,null,null,null,null,null,null,null,null,null,null,null,null,null,null,null,null,null,null,null,null,null,null],"sEi":[280.6122448979592,255.10204081632654,229.59183673469389,229.59183673469389,204.08163265306123,153.06122448979593,127.55102040816327,127.55102040816327,127.55102040816327,102.04081632653062,127.55102040816327,102.04081632653062,102.04081632653062,102.04081632653062,79.08163265306122,66.3265306122449,63.775510204081634,56.12244897959184,53.57142857142857,45.91836734693878,33.16326530612245,28.06122448979592,38.26530612244898,43.36734693877551,null,null,null,null,null,null,null,null,null,null,null,null,null,null,null,null,null,null,null,null,null,null,null,null,null,null,null],"nHat":[3365,2923,2720,2745,2476,2024,1894,1752,1606,1407,1741,1445,1223,1045,851,906,786,685,640,552,406,335,440,493,null,null,null,null,null,null,null,null,null,null,null,null,null,null,null,null,null,null,null,null,null,null,null,null,null,null,null],"sEn":[257.5255102040815,223.69897959183677,208.16326530612233,210.0765306122448,189.4897959183673,154.8979591836735,144.94897959183675,134.0816326530612,122.90816326530611,107.6785714285714,133.23979591836735,110.58673469387749,93.59693877551017,79.97448979591837,65.12755102040815,69.33673469387752,60.15306122448978,52.42346938775508,48.97959183673469,42.24489795918367,31.071428571428577,25.637755102040803,33.67346938775509,37.72959183673468,null,null,null,null,null,null,null,null,null,null,null,null,null,null,null,null,null,null,null,null,null,null,null,null,null,null,null],"mHat":[420,390,330,310,300,260,190,220,190,170,150,120,130,98,86,100,66,65,86,64,64,63,63,63,null,null,null,null,null,null,null,null,null,null,null,null,null,null,null,null,null,null,null,null,null,null,null,null,null,null,null],"sEm":[5.1020408163265305,2.5510204081632653,2.5510204081632653,2.5510204081632653,2.5510204081632653,2.5510204081632653,0.0,0.0,2.5510204081632653,0.0,0.0,2.5510204081632653,0.0,0.5102040816326531,0.5102040816326531,2.5510204081632653,0.5102040816326531,0.25510204081632654,0.5102040816326531,0.5102040816326531,0.25510204081632654,0.25510204081632654,0.5102040816326531,0.25510204081632654,null,null,null,null,null,null,null,null,null,null,null,null,null,null,null,null,null,null,null,null,null,null,null,null,null,null,null],"pHat":[null,null,null,null,null,null,null,null,null,null,null,null,null,null,null,null,null,null,null,null,null,null,null,null],"sEp":[null,null,null,null,null,null,null,null,null,null,null,null,null,null,null,null,null,null,null,null,null,null,null,null,null,null,null,null,null,null,null,null,null,null,null,null,null,null,null,null,null,null,null,null,null,null,null,null,null,null,null],"modelType":"IPn2","hRd":[1,1,1,1,1,1,1,1,1,1,1,1,1,1,1,1,1,1,1,1,1,1,1,1,1,1,1,1,1,1,1,1,1,1,1,1,1,1,1,1,1,1,1,1,1,1,1,1,1,1,1],"hRi":[1,1,1,1,1,1,1,1,1,1,1,1,1,1,1,1,1,1,1,1,1,1,1,1,1,1,1,1,1,1,1,1,1,1,1,1,1,1,1,1,1,1,1,1,1,1,1,1,1,1,1],"oRt":[1,1,1,1,1,1,1,1,1,1,1,1,1,1,1,1,1,1,1,1,1,1,1,1,1,1,1,1,1,1,1,1,1,1,1,1,1,1,1,1,1,1,1,1,1,1,1,1,1,1,1],"tXf":[0.039969923656365244,0.039969923656365244,0.039969923656365244,0.039969923656365244,0.039969923656365244,0.039969923656365244,0.039969923656365244,0.039969923656365244,0.039969923656365244,0.039969923656365244,0.039969923656365244,0.039969923656365244,0.039969923656365244,0.039969923656365244,0.039969923656365244,0.039969923656365244,0.039969923656365244,0.039969923656365244,0.039969923656365244,0.039969923656365244,0.039969923656365244,0.039969923656365244,0.039969923656365244,0.039969923656365244,0.039969923656365244,0.039969923656365244,0.039969923656365244,0.039969923656365244,0.039969923656365244,0.039969923656365244,0.039969923656365244,0.039969923656365244,0.039969923656365244,0.039969923656365244,0.039969923656365244,0.039969923656365244,0.039969923656365244,0.039969923656365244,0.039969923656365244,0.039969923656365244,0.039969923656365244,0.039969923656365244,0.039969923656365244,0.039969923656365244,0.039969923656365244,0.039969923656365244,0.039969923656365244,0.039969923656365244,0.039969923656365244,0.039969923656365244,0.039969923656365244]}