{"year":[2000,2001,2002,2003,2004,2005,2006,2007,2008,2009,2010,2011,2012,2013,2014,2015,2016,2017,2018,2019,2020,2021,2022],"iHat":[440,450,430,470,470,490,510,500,490,490,450,450,390,410,340,340,340,350,340,280,260,240,230],"sEi":[33.16326530612245,33.16326530612245,33.16326530612245,35.714285714285715,35.714285714285715,35.714285714285715,40.816326530612244,38.26530612244898,38.26530612244898,38.26530612244898,33.16326530612245,35.714285714285715,28.06122448979592,30.612244897959183,25.510204081632654,25.510204081632654,25.510204081632654,25.510204081632654,25.510204081632654,22.95918367346939,17.857142857142858,17.857142857142858,17.857142857142858],"nHat":[386,393,375,408,408,423,441,435,430,427,387,388,341,356,297,295,293,301,294,247,229,210,197],"sEn":[29.540816326530617,30.07653061224489,28.69897959183672,31.224489795918362,31.224489795918362,32.37244897959183,33.75,33.290816326530596,32.90816326530611,32.67857142857142,29.6173469387755,29.693877551020403,26.096938775510207,27.244897959183678,22.729591836734684,22.5765306122449,22.423469387755105,23.03571428571428,22.49999999999999,18.903061224489786,17.525510204081623,16.071428571428566,15.076530612244897],"mHat":[56,37,45,41,43,28,44,56,35,39,38,31,29,25,26,19,19,20,20,20,20,20,20],"sEm":[1.530612244897959,1.530612244897959,1.2755102040816326,1.2755102040816326,1.2755102040816326,1.0204081632653061,1.0204081632653061,1.0204081632653061,1.0204081632653061,1.0204081632653061,0.7653061224489796,1.0204081632653061,0.7653061224489796,0.7653061224489796,0.5102040816326531,0.5102040816326531,0.7653061224489796,0.7653061224489796,0.5102040816326531,0.5102040816326531,0.5102040816326531,0.5102040816326531,0.7653061224489796],"pHat":["","","","","","","","","","","","","","","","","","","","","","",""],"sEp":[0.0305,0.0305,0.0305,0.0305,0.0305,0.0305,0.0305,0.0305,0.0305,0.0305,0.0305,0.0305,0.0305,0.0305,0.0305,0.0305,0.0305,0.0305,0.0305,0.0305,0.0305,0.0305,0.0305]}