{"year":[2000,2001,2002,2003,2004,2005,2006,2007,2008,2009,2010,2011,2012,2013,2014,2015,2016,2017,2018,2019,2020,2021,2022,2023,2024,2025,2026,2027,2028,2029,2030,2031,2032,2033,2034,2035,2036,2037,2038,2039,2040,2041,2042,2043,2044,2045,2046,2047,2048,2049,2050],"iHat":[12000,13000,13000,13000,13000,14000,14000,13000,14000,14000,14000,14000,14000,14000,14000,14000,13000,13000,12000,12000,11000,10000,9900,9400,null,null,null,null,null,null,null,null,null,null,null,null,null,null,null,null,null,null,null,null,null,null,null,null,null,null,null],"sEi":[1352.0408163265306,1556.1224489795918,1530.6122448979593,1530.6122448979593,1275.5102040816328,1530.6122448979593,1530.6122448979593,1275.5102040816328,1530.6122448979593,1530.6122448979593,1530.6122448979593,1530.6122448979593,1275.5102040816328,1275.5102040816328,1275.5102040816328,1020.4081632653061,765.3061224489796,1020.4081632653061,765.3061224489796,765.3061224489796,892.8571428571429,790.8163265306123,918.3673469387755,816.3265306122449,null,null,null,null,null,null,null,null,null,null,null,null,null,null,null,null,null,null,null,null,null,null,null,null,null,null,null],"nHat":[9697,10478,11898,11656,10498,9454,8043,7863,9280,9668,10097,9248,9099,8883,8341,8255,7317,7707,7142,6663,5015,5832,6687,7019,null,null,null,null,null,null,null,null,null,null,null,null,null,null,null,null,null,null,null,null,null,null,null,null,null,null,null],"sEn":[742.1173469387757,801.8877551020407,910.5612244897958,892.0408163265305,803.4183673469387,723.5204081632651,615.535714285714,601.7602040816323,710.2040816326531,739.8979591836734,772.7295918367348,707.755102040816,696.3520408163263,679.8214285714282,638.341836734694,631.7602040816327,559.9744897959182,589.8214285714284,546.5816326530611,509.923469387755,383.80102040816325,446.32653061224477,511.76020408163254,537.1683673469388,null,null,null,null,null,null,null,null,null,null,null,null,null,null,null,null,null,null,null,null,null,null,null,null,null,null,null],"mHat":[1300,1200,1200,1500,1400,1400,1400,1300,1100,1100,1100,1000,1000,1000,1000,1000,970,940,900,860,820,790,760,720,null,null,null,null,null,null,null,null,null,null,null,null,null,null,null,null,null,null,null,null,null,null,null,null,null,null,null],"sEm":[102.04081632653062,76.53061224489797,76.53061224489797,102.04081632653062,76.53061224489797,76.53061224489797,102.04081632653062,76.53061224489797,76.53061224489797,53.57142857142857,63.775510204081634,38.26530612244898,38.26530612244898,43.36734693877551,40.816326530612244,40.816326530612244,53.57142857142857,38.26530612244898,43.36734693877551,45.91836734693878,45.91836734693878,48.46938775510204,48.46938775510204,48.46938775510204,null,null,null,null,null,null,null,null,null,null,null,null,null,null,null,null,null,null,null,null,null,null,null,null,null,null,null],"pHat":[null,null,null,null,null,null,null,null,null,null,null,null,null,null,null,null,null,null,null,null,null,null,null,null],"sEp":[null,null,null,null,null,null,null,null,null,null,null,null,null,null,null,null,null,null,null,null,null,null,null,null,null,null,null,null,null,null,null,null,null,null,null,null,null,null,null,null,null,null,null,null,null,null,null,null,null,null,null],"modelType":"IPn2","hRd":[1,1,1,1,1,1,1,1,1,1,1,1,1,1,1,1,1,1,1,1,1,1,1,1,1,1,1,1,1,1,1,1,1,1,1,1,1,1,1,1,1,1,1,1,1,1,1,1,1,1,1],"hRi":[1,1,1,1,1,1,1,1,1,1,1,1,1,1,1,1,1,1,1,1,1,1,1,1,1,1,1,1,1,1,1,1,1,1,1,1,1,1,1,1,1,1,1,1,1,1,1,1,1,1,1],"oRt":[1,1,1,1,1,1,1,1,1,1,1,1,1,1,1,1,1,1,1,1,1,1,1,1,1,1,1,1,1,1,1,1,1,1,1,1,1,1,1,1,1,1,1,1,1,1,1,1,1,1,1],"tXf":[0.01875925562848602,0.01875925562848602,0.01875925562848602,0.01875925562848602,0.01875925562848602,0.01875925562848602,0.01875925562848602,0.01875925562848602,0.01875925562848602,0.01875925562848602,0.01875925562848602,0.01875925562848602,0.01875925562848602,0.01875925562848602,0.01875925562848602,0.01875925562848602,0.01875925562848602,0.01875925562848602,0.01875925562848602,0.01875925562848602,0.01875925562848602,0.01875925562848602,0.01875925562848602,0.01875925562848602,0.01875925562848602,0.01875925562848602,0.01875925562848602,0.01875925562848602,0.01875925562848602,0.01875925562848602,0.01875925562848602,0.01875925562848602,0.01875925562848602,0.01875925562848602,0.01875925562848602,0.01875925562848602,0.01875925562848602,0.01875925562848602,0.01875925562848602,0.01875925562848602,0.01875925562848602,0.01875925562848602,0.01875925562848602,0.01875925562848602,0.01875925562848602,0.01875925562848602,0.01875925562848602,0.01875925562848602,0.01875925562848602,0.01875925562848602,0.01875925562848602]}