{"year":[2000,2001,2002,2003,2004,2005,2006,2007,2008,2009,2010,2011,2012,2013,2014,2015,2016,2017,2018,2019,2020,2021,2022,2023,2024,2025,2026,2027,2028,2029,2030,2031,2032,2033,2034,2035,2036,2037,2038,2039,2040,2041,2042,2043,2044,2045,2046,2047,2048,2049,2050],"iHat":[12000,13000,13000,13000,14000,14000,14000,13000,14000,14000,14000,14000,15000,15000,14000,14000,14000,13000,12000,12000,11000,11000,10000,null,null,null,null,null,null,null,null,null,null,null,null,null,null,null,null,null,null,null,null,null,null,null,null,null,null,null,null],"sEi":[1352.0408163265306,1530.6122448979593,1530.6122448979593,1530.6122448979593,1530.6122448979593,1530.6122448979593,1530.6122448979593,1275.5102040816328,1530.6122448979593,1530.6122448979593,1530.6122448979593,1275.5102040816328,1275.5102040816328,1275.5102040816328,1275.5102040816328,1020.4081632653061,1020.4081632653061,1020.4081632653061,765.3061224489796,765.3061224489796,867.3469387755102,765.3061224489796,918.3673469387755,null,null,null,null,null,null,null,null,null,null,null,null,null,null,null,null,null,null,null,null,null,null,null,null,null,null,null,null],"nHat":[9697,10478,11898,11656,10498,9454,8043,7863,9099,9385,9707,8837,8664,8554,8384,8327,7391,7749,7252,6757,5084,5880,6718,null,null,null,null,null,null,null,null,null,null,null,null,null,null,null,null,null,null,null,null,null,null,null,null,null,null,null,null],"sEn":[742.1173469387757,801.8877551020407,910.5612244897958,892.0408163265305,803.4183673469387,723.5204081632651,615.535714285714,601.7602040816323,696.3520408163263,718.2397959183673,742.8826530612246,676.3010204081631,663.0612244897957,654.6428571428569,641.6326530612242,637.2704081632652,565.6377551020408,593.035714285714,554.9999999999999,517.1173469387754,389.0816326530612,449.9999999999998,514.1326530612245,null,null,null,null,null,null,null,null,null,null,null,null,null,null,null,null,null,null,null,null,null,null,null,null,null,null,null,null],"mHat":[1300,1200,1200,1600,1500,1400,1400,1300,1200,1100,1100,1100,1000,1000,1000,1000,980,940,910,870,890,910,930,null,null,null,null,null,null,null,null,null,null,null,null,null,null,null,null,null,null,null,null,null,null,null,null,null,null,null,null],"sEm":[76.53061224489797,76.53061224489797,76.53061224489797,102.04081632653062,102.04081632653062,76.53061224489797,76.53061224489797,76.53061224489797,76.53061224489797,51.02040816326531,61.224489795918366,61.224489795918366,38.26530612244898,40.816326530612244,38.26530612244898,40.816326530612244,53.57142857142857,35.714285714285715,45.91836734693878,48.46938775510204,48.46938775510204,45.91836734693878,40.816326530612244,null,null,null,null,null,null,null,null,null,null,null,null,null,null,null,null,null,null,null,null,null,null,null,null,null,null,null,null],"pHat":[null,null,null,null,null,null,null,null,null,null,null,null,null,null,null,null,null,null,null,null,null,null,null],"sEp":[null,null,null,null,null,null,null,null,null,null,null,null,null,null,null,null,null,null,null,null,null,null,null,null,null,null,null,null,null,null,null,null,null,null,null,null,null,null,null,null,null,null,null,null,null,null,null,null,null,null,null],"modelType":"IPn2","hRd":[1,1,1,1,1,1,1,1,1,1,1,1,1,1,1,1,1,1,1,1,1,1,1,1,1,1,1,1,1,1,1,1,1,1,1,1,1,1,1,1,1,1,1,1,1,1,1,1,1,1,1],"hRi":[1,1,1,1,1,1,1,1,1,1,1,1,1,1,1,1,1,1,1,1,1,1,1,1,1,1,1,1,1,1,1,1,1,1,1,1,1,1,1,1,1,1,1,1,1,1,1,1,1,1,1],"oRt":[1,1,1,1,1,1,1,1,1,1,1,1,1,1,1,1,1,1,1,1,1,1,1,1,1,1,1,1,1,1,1,1,1,1,1,1,1,1,1,1,1,1,1,1,1,1,1,1,1,1,1],"tXf":[0.017463058741652205,0.017463058741652205,0.017463058741652205,0.017463058741652205,0.017463058741652205,0.017463058741652205,0.017463058741652205,0.017463058741652205,0.017463058741652205,0.017463058741652205,0.017463058741652205,0.017463058741652205,0.017463058741652205,0.017463058741652205,0.017463058741652205,0.017463058741652205,0.017463058741652205,0.017463058741652205,0.017463058741652205,0.017463058741652205,0.017463058741652205,0.017463058741652205,0.017463058741652205,0.017463058741652205,0.017463058741652205,0.017463058741652205,0.017463058741652205,0.017463058741652205,0.017463058741652205,0.017463058741652205,0.017463058741652205,0.017463058741652205,0.017463058741652205,0.017463058741652205,0.017463058741652205,0.017463058741652205,0.017463058741652205,0.017463058741652205,0.017463058741652205,0.017463058741652205,0.017463058741652205,0.017463058741652205,0.017463058741652205,0.017463058741652205,0.017463058741652205,0.017463058741652205,0.017463058741652205,0.017463058741652205,0.017463058741652205,0.017463058741652205,0.017463058741652205]}