{"year":[2000,2001,2002,2003,2004,2005,2006,2007,2008,2009,2010,2011,2012,2013,2014,2015,2016,2017,2018,2019,2020,2021,2022],"iHat":[15,14,9,6,13,12,15,14,7,10,25,9,12,13,9,8,7,15,9,15,14,8,18],"sEi":[1.0204081632653061,1.0204081632653061,0.7653061224489796,0.5102040816326531,1.0204081632653061,0.7653061224489796,1.0204081632653061,1.0204081632653061,0.5102040816326531,0.7653061224489796,1.7857142857142858,0.7653061224489796,0.7653061224489796,1.0204081632653061,0.7653061224489796,0.5102040816326531,0.5102040816326531,1.0204081632653061,0.7653061224489796,1.0204081632653061,1.0204081632653061,0.5102040816326531,1.2755102040816326],"nHat":[13,12,8,5,11,10,13,12,6,9,22,8,10,11,8,7,6,13,8,13,12,7,16],"sEn":[0.9948979591836736,0.9183673469387754,0.6122448979591836,0.3826530612244898,0.8418367346938773,0.7653061224489796,0.9948979591836736,0.9183673469387754,0.4591836734693877,0.6887755102040817,1.6836734693877546,0.6122448979591836,0.7653061224489796,0.8418367346938773,0.6122448979591836,0.5357142857142854,0.4591836734693877,0.9948979591836736,0.6122448979591836,0.9948979591836736,0.9183673469387754,0.5357142857142854,1.2244897959183672],"mHat":[2,3,4,7,4,3,3,5,2,8,4,3,3,2,2,2,2,2,2,2,2,2,2],"sEm":[0.0,0.0,0.0,0.0,0.25510204081632654,0.25510204081632654,0.25510204081632654,0.0,0.25510204081632654,0.0,0.25510204081632654,0.25510204081632654,0.0,0.25510204081632654,0.0,0.0,0.0,0.0,0.0,0.0,0.0,0.0,0.0],"pHat":["","","","","","","","","","","","","","","","","","","","","","",""],"sEp":[0.0305,0.0305,0.0305,0.0305,0.0305,0.0305,0.0305,0.0305,0.0305,0.0305,0.0305,0.0305,0.0305,0.0305,0.0305,0.0305,0.0305,0.0305,0.0305,0.0305,0.0305,0.0305,0.0305]}