{"year":[2000,2001,2002,2003,2004,2005,2006,2007,2008,2009,2010,2011,2012,2013,2014,2015,2016,2017,2018,2019,2020,2021,2022],"iHat":[380,420,390,400,400,450,480,430,450,460,400,380,370,390,470,540,540,690,520,590,510,470,420],"sEi":[66.3265306122449,79.08163265306122,66.3265306122449,66.3265306122449,66.3265306122449,84.18367346938776,86.73469387755102,68.87755102040816,71.42857142857143,71.42857142857143,56.12244897959184,48.46938775510204,43.36734693877551,45.91836734693878,58.673469387755105,71.42857142857143,66.3265306122449,107.14285714285714,58.673469387755105,76.53061224489797,68.87755102040816,68.87755102040816,68.87755102040816],"nHat":[306,342,312,320,324,367,376,336,356,371,338,328,331,348,385,424,417,526,396,446,251,219,229],"sEn":[23.41836734693878,26.173469387755095,23.877551020408156,24.489795918367346,24.795918367346935,28.086734693877542,28.775510204081638,25.71428571428572,27.244897959183678,28.392857142857146,25.867346938775505,25.102040816326525,25.331632653061227,26.632653061224485,29.4642857142857,32.44897959183673,31.91326530612244,40.25510204081633,30.306122448979597,34.132653061224495,19.209183673469383,16.76020408163265,17.525510204081623],"mHat":[28,29,30,30,31,32,34,36,37,25,27,25,14,12,11,8,9,9,10,9,9,10,10],"sEm":[3.316326530612245,3.316326530612245,3.5714285714285716,3.5714285714285716,3.826530612244898,3.826530612244898,3.826530612244898,4.081632653061225,4.336734693877551,2.806122448979592,2.5510204081632653,2.295918367346939,1.2755102040816326,1.2755102040816326,1.0204081632653061,0.7653061224489796,1.0204081632653061,0.7653061224489796,1.0204081632653061,0.7653061224489796,0.7653061224489796,0.7653061224489796,1.0204081632653061],"pHat":["","","","","","","","","","","","","","","","","","","","","","",""],"sEp":[0.0305,0.0305,0.0305,0.0305,0.0305,0.0305,0.0305,0.0305,0.0305,0.0305,0.0305,0.0305,0.0305,0.0305,0.0305,0.0305,0.0305,0.0305,0.0305,0.0305,0.0305,0.0305,0.0305]}