{"year":[2000,2001,2002,2003,2004,2005,2006,2007,2008,2009,2010,2011,2012,2013,2014,2015,2016,2017,2018,2019,2020,2021,2022,2023,2024,2025,2026,2027,2028,2029,2030,2031,2032,2033,2034,2035,2036,2037,2038,2039,2040,2041,2042,2043,2044,2045,2046,2047,2048,2049,2050],"iHat":[45000,41000,38000,36000,34000,31000,29000,28000,28000,27000,26000,25000,24000,24000,23000,21000,20000,19000,18000,17000,15000,13000,12000,12000,null,null,null,null,null,null,null,null,null,null,null,null,null,null,null,null,null,null,null,null,null,null,null,null,null,null,null],"sEi":[3316.326530612245,3061.2244897959185,3061.2244897959185,2806.122448979592,2806.122448979592,2295.918367346939,2295.918367346939,2295.918367346939,2040.8163265306123,2040.8163265306123,2040.8163265306123,1785.7142857142858,1785.7142857142858,1785.7142857142858,1785.7142857142858,1530.6122448979593,1530.6122448979593,1275.5102040816328,1530.6122448979593,1275.5102040816328,1020.4081632653061,1020.4081632653061,1020.4081632653061,790.8163265306123,null,null,null,null,null,null,null,null,null,null,null,null,null,null,null,null,null,null,null,null,null,null,null,null,null,null,null],"nHat":[39384,35489,32828,31638,29736,28319,26384,25311,24760,24170,23261,22681,21283,20495,19615,18280,17625,16789,15590,14460,12739,11519,10235,10096,null,null,null,null,null,null,null,null,null,null,null,null,null,null,null,null,null,null,null,null,null,null,null,null,null,null,null],"sEn":[3014.0816326530608,2715.994897959184,2512.34693877551,2421.275510204081,2275.7142857142844,2167.2704081632655,2019.183673469388,1937.066326530612,1894.8979591836726,1849.7448979591827,1780.1785714285713,1735.7908163265304,1628.8010204081627,1568.4948979591827,1501.1479591836735,1398.9795918367347,1348.8520408163265,1284.8724489795916,1193.1122448979593,1106.6326530612246,974.9234693877548,881.5561224489793,783.2908163265306,772.6530612244896,null,null,null,null,null,null,null,null,null,null,null,null,null,null,null,null,null,null,null,null,null,null,null,null,null,null,null],"mHat":[5200,4800,4500,4400,4400,4400,4200,4100,4000,3800,3800,3700,3600,3400,3300,3000,3000,3700,3500,3500,3500,3500,3500,3400,null,null,null,null,null,null,null,null,null,null,null,null,null,null,null,null,null,null,null,null,null,null,null,null,null,null,null],"sEm":[51.02040816326531,51.02040816326531,51.02040816326531,51.02040816326531,51.02040816326531,51.02040816326531,25.510204081632654,51.02040816326531,51.02040816326531,51.02040816326531,76.53061224489797,51.02040816326531,51.02040816326531,51.02040816326531,51.02040816326531,76.53061224489797,51.02040816326531,102.04081632653062,102.04081632653062,102.04081632653062,102.04081632653062,102.04081632653062,102.04081632653062,76.53061224489797,null,null,null,null,null,null,null,null,null,null,null,null,null,null,null,null,null,null,null,null,null,null,null,null,null,null,null],"pHat":[null,null,null,null,null,null,null,null,null,null,null,null,null,null,null,null,null,null,null,null,null,null,null,null],"sEp":[null,null,null,null,null,null,null,null,null,null,null,null,null,null,null,null,null,null,null,null,null,null,null,null,null,null,null,null,null,null,null,null,null,null,null,null,null,null,null,null,null,null,null,null,null,null,null,null,null,null,null],"modelType":"IPn2","hRd":[1,1,1,1,1,1,1,1,1,1,1,1,1,1,1,1,1,1,1,1,1,1,1,1,1,1,1,1,1,1,1,1,1,1,1,1,1,1,1,1,1,1,1,1,1,1,1,1,1,1,1],"hRi":[1,1,1,1,1,1,1,1,1,1,1,1,1,1,1,1,1,1,1,1,1,1,1,1,1,1,1,1,1,1,1,1,1,1,1,1,1,1,1,1,1,1,1,1,1,1,1,1,1,1,1],"oRt":[1,1,1,1,1,1,1,1,1,1,1,1,1,1,1,1,1,1,1,1,1,1,1,1,1,1,1,1,1,1,1,1,1,1,1,1,1,1,1,1,1,1,1,1,1,1,1,1,1,1,1],"tXf":[0.09490183597019419,0.09490183597019419,0.09490183597019419,0.09490183597019419,0.09490183597019419,0.09490183597019419,0.09490183597019419,0.09490183597019419,0.09490183597019419,0.09490183597019419,0.09490183597019419,0.09490183597019419,0.09490183597019419,0.09490183597019419,0.09490183597019419,0.09490183597019419,0.09490183597019419,0.09490183597019419,0.09490183597019419,0.09490183597019419,0.09490183597019419,0.09490183597019419,0.09490183597019419,0.09490183597019419,0.09490183597019419,0.09490183597019419,0.09490183597019419,0.09490183597019419,0.09490183597019419,0.09490183597019419,0.09490183597019419,0.09490183597019419,0.09490183597019419,0.09490183597019419,0.09490183597019419,0.09490183597019419,0.09490183597019419,0.09490183597019419,0.09490183597019419,0.09490183597019419,0.09490183597019419,0.09490183597019419,0.09490183597019419,0.09490183597019419,0.09490183597019419,0.09490183597019419,0.09490183597019419,0.09490183597019419,0.09490183597019419,0.09490183597019419,0.09490183597019419]}