{"year":[2000,2001,2002,2003,2004,2005,2006,2007,2008,2009,2010,2011,2012,2013,2014,2015,2016,2017,2018,2019,2020,2021,2022,2023,2024,2025,2026,2027,2028,2029,2030,2031,2032,2033,2034,2035,2036,2037,2038,2039,2040,2041,2042,2043,2044,2045,2046,2047,2048,2049,2050],"iHat":[26000,28000,30000,30000,30000,29000,28000,26000,26000,25000,24000,23000,21000,18000,16000,14000,13000,13000,12000,13000,13000,14000,15000,null,null,null,null,null,null,null,null,null,null,null,null,null,null,null,null,null,null,null,null,null,null,null,null,null,null,null,null],"sEi":[12729.591836734695,14872.448979591836,16224.489795918367,16760.20408163265,16734.69387755102,15612.244897959185,13979.591836734695,12321.428571428572,11505.102040816328,10918.367346938776,9846.938775510203,8750.0,7423.469387755103,5612.244897959184,4132.65306122449,3443.877551020408,2729.591836734694,2525.5102040816328,2525.5102040816328,2474.4897959183672,2423.469387755102,2372.4489795918366,2806.122448979592,null,null,null,null,null,null,null,null,null,null,null,null,null,null,null,null,null,null,null,null,null,null,null,null,null,null,null,null],"nHat":[26122.065484446204,26507.17971071924,27843.455319992074,35524.51307707549,28739.022785813355,28938.150089161878,26906.44511591044,26998.42777887854,23389.87715474539,25173.93649692887,23651.673964731523,25344.761442441053,18200.437685753914,19533.680899544284,15711.851793144442,14384.673370319,12649.132355854963,12758.298593223697,13019.084604715672,12779.52536160095,9793.626609867248,9936.149197543094,10203.0,null,null,null,null,null,null,null,null,null,null,null,null,null,null,null,null,null,null,null,null,null,null,null,null,null,null,null,null],"sEn":[1977.7806122448974,2006.9387755102043,2108.112244897959,2689.668367346939,2175.9183673469383,2190.994897959184,2037.168367346939,2044.1326530612237,1770.9183673469379,1905.9948979591827,1790.7397959183675,1918.9285714285716,1378.010204081632,1478.954081632653,1189.5918367346935,1089.1071428571427,957.7040816326528,965.9693877551022,985.7142857142853,967.5765306122448,741.505102040816,752.295918367347,772.4999999999998,null,null,null,null,null,null,null,null,null,null,null,null,null,null,null,null,null,null,null,null,null,null,null,null,null,null,null,null],"mHat":[4600,4300,4500,4100,3800,3900,3400,3100,2900,2300,2000,1800,1700,1100,1000,770,760,640,670,680,400,350,410,null,null,null,null,null,null,null,null,null,null,null,null,null,null,null,null,null,null,null,null,null,null,null,null,null,null,null,null],"sEm":[178.57142857142858,178.57142857142858,178.57142857142858,153.06122448979593,102.04081632653062,76.53061224489797,76.53061224489797,51.02040816326531,51.02040816326531,51.02040816326531,76.53061224489797,102.04081632653062,127.55102040816327,25.510204081632654,38.26530612244898,17.857142857142858,28.06122448979592,20.408163265306122,30.612244897959183,28.06122448979592,66.3265306122449,56.12244897959184,66.3265306122449,null,null,null,null,null,null,null,null,null,null,null,null,null,null,null,null,null,null,null,null,null,null,null,null,null,null,null,null],"pHat":[null,null,null,null,null,null,null,null,null,null,null,null,null,null,null,null,null,null,null,null,null,null,null],"sEp":[null,null,null,null,null,null,null,null,null,null,null,null,null,null,null,null,null,null,null,null,null,null,null,null,null,null,null,null,null,null,null,null,null,null,null,null,null,null,null,null,null,null,null,null,null,null,null,null,null,null,null],"modelType":"IP","hRd":[1,1,1,1,1,1,1,1,1,1,1,1,1,1,1,1,1,1,1,1,1,1,1,1,1,1,1,1,1,1,1,1,1,1,1,1,1,1,1,1,1,1,1,1,1,1,1,1,1,1,1],"hRi":[1,1,1,1,1,1,1,1,1,1,1,1,1,1,1,1,1,1,1,1,1,1,1,1,1,1,1,1,1,1,1,1,1,1,1,1,1,1,1,1,1,1,1,1,1,1,1,1,1,1,1],"oRt":[1,1,1,1,1,1,1,1,1,1,1,1,1,1,1,1,1,1,1,1,1,1,1,1,1,1,1,1,1,1,1,1,1,1,1,1,1,1,1,1,1,1,1,1,1,1,1,1,1,1,1],"tXf":[0.03121930262763513,0.03121930262763513,0.03121930262763513,0.03121930262763513,0.03121930262763513,0.03121930262763513,0.03121930262763513,0.03121930262763513,0.03121930262763513,0.03121930262763513,0.03121930262763513,0.03121930262763513,0.03121930262763513,0.03121930262763513,0.03121930262763513,0.03121930262763513,0.03121930262763513,0.03121930262763513,0.03121930262763513,0.03121930262763513,0.03121930262763513,0.03121930262763513,0.03121930262763513,0.03121930262763513,0.03121930262763513,0.03121930262763513,0.03121930262763513,0.03121930262763513,0.03121930262763513,0.03121930262763513,0.03121930262763513,0.03121930262763513,0.03121930262763513,0.03121930262763513,0.03121930262763513,0.03121930262763513,0.03121930262763513,0.03121930262763513,0.03121930262763513,0.03121930262763513,0.03121930262763513,0.03121930262763513,0.03121930262763513,0.03121930262763513,0.03121930262763513,0.03121930262763513,0.03121930262763513,0.03121930262763513,0.03121930262763513,0.03121930262763513,0.03121930262763513]}