{"year":[2000,2001,2002,2003,2004,2005,2006,2007,2008,2009,2010,2011,2012,2013,2014,2015,2016,2017,2018,2019,2020,2021,2022,2023,2024,2025,2026,2027,2028,2029,2030,2031,2032,2033,2034,2035,2036,2037,2038,2039,2040,2041,2042,2043,2044,2045,2046,2047,2048,2049,2050],"iHat":[72000,72000,71000,70000,69000,69000,68000,67000,65000,64000,64000,63000,62000,60000,59000,57000,55000,53000,50000,47000,47000,48000,55000,58000,null,null,null,null,null,null,null,null,null,null,null,null,null,null,null,null,null,null,null,null,null,null,null,null,null,null,null],"sEi":[28571.428571428572,28061.224489795917,27040.816326530614,26275.510204081635,25000.0,24234.69387755102,22959.18367346939,22193.877551020407,20918.367346938776,20153.061224489797,19387.755102040817,18367.34693877551,17602.04081632653,16581.632653061224,15561.224489795919,14540.816326530612,13265.30612244898,11989.795918367347,10714.285714285714,9438.775510204081,9438.775510204081,9948.979591836734,11734.69387755102,12500.0,null,null,null,null,null,null,null,null,null,null,null,null,null,null,null,null,null,null,null,null,null,null,null,null,null,null,null],"nHat":[18891,19396,24690,28386,31105,36123,35466,36495,39820,40199,41628,39670,40258,39055,43738,35638,33736,34467,28757,30017,29139,21661,32865,32408,null,null,null,null,null,null,null,null,null,null,null,null,null,null,null,null,null,null,null,null,null,null,null,null,null,null,null],"sEn":[1445.7397959183668,1484.3877551020407,1889.5408163265297,2172.3979591836733,2380.484693877551,2764.5153061224487,2714.23469387755,2792.984693877551,3047.4489795918366,3076.4540816326526,3185.8163265306125,3035.969387755102,3080.9693877551026,2988.9030612244896,3347.2959183673474,2727.397959183673,2581.8367346938767,2637.780612244897,2200.7908163265292,2297.219387755101,2230.025510204082,1657.7295918367345,2515.1785714285716,2480.2040816326526,null,null,null,null,null,null,null,null,null,null,null,null,null,null,null,null,null,null,null,null,null,null,null,null,null,null,null],"mHat":[7200,7500,9100,8400,7700,6800,6500,6100,5800,5500,5000,4700,4400,4200,3900,3800,3700,3500,3400,3300,3300,4000,4700,4300,null,null,null,null,null,null,null,null,null,null,null,null,null,null,null,null,null,null,null,null,null,null,null,null,null,null,null],"sEm":[918.3673469387755,969.3877551020408,1301.0204081632653,1173.4693877551022,969.3877551020408,892.8571428571429,841.8367346938776,790.8163265306123,765.3061224489796,714.2857142857143,663.265306122449,612.2448979591837,586.7346938775511,612.2448979591837,612.2448979591837,586.7346938775511,586.7346938775511,612.2448979591837,612.2448979591837,612.2448979591837,612.2448979591837,714.2857142857143,841.8367346938776,841.8367346938776,null,null,null,null,null,null,null,null,null,null,null,null,null,null,null,null,null,null,null,null,null,null,null,null,null,null,null],"pHat":[null,null,null,null,null,null,null,null,null,null,null,null,null,null,null,null,null,null,null,null,null,null,null,null],"sEp":[null,null,null,null,null,null,null,null,null,null,null,null,null,null,null,null,null,null,null,null,null,null,null,null,null,null,null,null,null,null,null,null,null,null,null,null,null,null,null,null,null,null,null,null,null,null,null,null,null,null,null],"modelType":"IPn2","hRd":[1,1,1,1,1,1,1,1,1,1,1,1,1,1,1,1,1,1,1,1,1,1,1,1,1,1,1,1,1,1,1,1,1,1,1,1,1,1,1,1,1,1,1,1,1,1,1,1,1,1,1],"hRi":[1,1,1,1,1,1,1,1,1,1,1,1,1,1,1,1,1,1,1,1,1,1,1,1,1,1,1,1,1,1,1,1,1,1,1,1,1,1,1,1,1,1,1,1,1,1,1,1,1,1,1],"oRt":[1,1,1,1,1,1,1,1,1,1,1,1,1,1,1,1,1,1,1,1,1,1,1,1,1,1,1,1,1,1,1,1,1,1,1,1,1,1,1,1,1,1,1,1,1,1,1,1,1,1,1],"tXf":[0.011806268709726614,0.011806268709726614,0.011806268709726614,0.011806268709726614,0.011806268709726614,0.011806268709726614,0.011806268709726614,0.011806268709726614,0.011806268709726614,0.011806268709726614,0.011806268709726614,0.011806268709726614,0.011806268709726614,0.011806268709726614,0.011806268709726614,0.011806268709726614,0.011806268709726614,0.011806268709726614,0.011806268709726614,0.011806268709726614,0.011806268709726614,0.011806268709726614,0.011806268709726614,0.011806268709726614,0.011806268709726614,0.011806268709726614,0.011806268709726614,0.011806268709726614,0.011806268709726614,0.011806268709726614,0.011806268709726614,0.011806268709726614,0.011806268709726614,0.011806268709726614,0.011806268709726614,0.011806268709726614,0.011806268709726614,0.011806268709726614,0.011806268709726614,0.011806268709726614,0.011806268709726614,0.011806268709726614,0.011806268709726614,0.011806268709726614,0.011806268709726614,0.011806268709726614,0.011806268709726614,0.011806268709726614,0.011806268709726614,0.011806268709726614,0.011806268709726614]}