{"year":[2000,2001,2002,2003,2004,2005,2006,2007,2008,2009,2010,2011,2012,2013,2014,2015,2016,2017,2018,2019,2020,2021,2022,2023,2024,2025,2026,2027,2028,2029,2030,2031,2032,2033,2034,2035,2036,2037,2038,2039,2040,2041,2042,2043,2044,2045,2046,2047,2048,2049,2050],"iHat":[330,250,260,380,410,440,500,440,440,360,380,450,450,530,540,650,680,510,430,540,530,550,570,null,null,null,null,null,null,null,null,null,null,null,null,null,null,null,null,null,null,null,null,null,null,null,null,null,null,null,null],"sEi":[38.26530612244898,20.408163265306122,20.408163265306122,43.36734693877551,51.02040816326531,58.673469387755105,73.9795918367347,56.12244897959184,53.57142857142857,35.714285714285715,38.26530612244898,53.57142857142857,56.12244897959184,73.9795918367347,73.9795918367347,107.14285714285714,112.24489795918367,63.775510204081634,43.36734693877551,68.87755102040816,68.87755102040816,68.87755102040816,73.9795918367347,null,null,null,null,null,null,null,null,null,null,null,null,null,null,null,null,null,null,null,null,null,null,null,null,null,null,null,null],"nHat":[252,189,196,284,310,332,378,334,335,278,286,343,346,410,414,496,518,385,323,412,387,332,360,null,null,null,null,null,null,null,null,null,null,null,null,null,null,null,null,null,null,null,null,null,null,null,null,null,null,null,null],"sEn":[19.285714285714278,14.464285714285712,14.999999999999996,21.73469387755101,23.724489795918366,25.408163265306115,28.928571428571423,25.561224489795915,25.637755102040803,21.275510204081634,21.887755102040813,26.249999999999996,26.4795918367347,31.37755102040815,31.683673469387752,37.95918367346939,39.642857142857125,29.4642857142857,24.719387755102037,31.530612244897952,29.6173469387755,25.408163265306115,27.55102040816325,null,null,null,null,null,null,null,null,null,null,null,null,null,null,null,null,null,null,null,null,null,null,null,null,null,null,null,null],"mHat":[41,41,41,41,42,42,43,43,44,44,44,44,44,45,45,45,45,45,45,46,46,47,48,null,null,null,null,null,null,null,null,null,null,null,null,null,null,null,null,null,null,null,null,null,null,null,null,null,null,null,null],"sEm":[1.7857142857142858,2.0408163265306123,2.295918367346939,2.295918367346939,2.5510204081632653,2.5510204081632653,2.806122448979592,2.806122448979592,2.806122448979592,2.806122448979592,2.806122448979592,3.061224489795918,3.316326530612245,3.061224489795918,3.316326530612245,3.5714285714285716,3.5714285714285716,3.826530612244898,3.826530612244898,3.5714285714285716,3.826530612244898,3.826530612244898,3.826530612244898,null,null,null,null,null,null,null,null,null,null,null,null,null,null,null,null,null,null,null,null,null,null,null,null,null,null,null,null],"pHat":[null,null,null,null,null,null,null,null,null,null,null,null,null,null,null,null,null,null,null,null,null,null,null],"sEp":[null,null,null,null,null,null,null,null,null,null,null,null,null,null,null,null,null,null,null,null,null,null,null,null,null,null,null,null,null,null,null,null,null,null,null,null,null,null,null,null,null,null,null,null,null,null,null,null,null,null,null],"modelType":"IPn2","hRd":[1,1,1,1,1,1,1,1,1,1,1,1,1,1,1,1,1,1,1,1,1,1,1,1,1,1,1,1,1,1,1,1,1,1,1,1,1,1,1,1,1,1,1,1,1,1,1,1,1,1,1],"hRi":[1,1,1,1,1,1,1,1,1,1,1,1,1,1,1,1,1,1,1,1,1,1,1,1,1,1,1,1,1,1,1,1,1,1,1,1,1,1,1,1,1,1,1,1,1,1,1,1,1,1,1],"oRt":[1,1,1,1,1,1,1,1,1,1,1,1,1,1,1,1,1,1,1,1,1,1,1,1,1,1,1,1,1,1,1,1,1,1,1,1,1,1,1,1,1,1,1,1,1,1,1,1,1,1,1],"tXf":[0.014725812443002294,0.014725812443002294,0.014725812443002294,0.014725812443002294,0.014725812443002294,0.014725812443002294,0.014725812443002294,0.014725812443002294,0.014725812443002294,0.014725812443002294,0.014725812443002294,0.014725812443002294,0.014725812443002294,0.014725812443002294,0.014725812443002294,0.014725812443002294,0.014725812443002294,0.014725812443002294,0.014725812443002294,0.014725812443002294,0.014725812443002294,0.014725812443002294,0.014725812443002294,0.014725812443002294,0.014725812443002294,0.014725812443002294,0.014725812443002294,0.014725812443002294,0.014725812443002294,0.014725812443002294,0.014725812443002294,0.014725812443002294,0.014725812443002294,0.014725812443002294,0.014725812443002294,0.014725812443002294,0.014725812443002294,0.014725812443002294,0.014725812443002294,0.014725812443002294,0.014725812443002294,0.014725812443002294,0.014725812443002294,0.014725812443002294,0.014725812443002294,0.014725812443002294,0.014725812443002294,0.014725812443002294,0.014725812443002294,0.014725812443002294,0.014725812443002294]}