{"year":[2000,2001,2002,2003,2004,2005,2006,2007,2008,2009,2010,2011,2012,2013,2014,2015,2016,2017,2018,2019,2020,2021,2022,2023,2024,2025,2026,2027,2028,2029,2030,2031,2032,2033,2034,2035,2036,2037,2038,2039,2040,2041,2042,2043,2044,2045,2046,2047,2048,2049,2050],"iHat":[23000,40000,37000,39000,37000,46000,45000,45000,43000,46000,47000,49000,47000,44000,43000,40000,39000,36000,33000,30000,25000,23000,20000,null,null,null,null,null,null,null,null,null,null,null,null,null,null,null,null,null,null,null,null,null,null,null,null,null,null,null,null],"sEi":[765.3061224489796,1530.6122448979593,1275.5102040816328,1275.5102040816328,1275.5102040816328,1530.6122448979593,1530.6122448979593,1530.6122448979593,1530.6122448979593,1785.7142857142858,1530.6122448979593,1785.7142857142858,1530.6122448979593,1785.7142857142858,1530.6122448979593,1530.6122448979593,1530.6122448979593,1275.5102040816328,1275.5102040816328,1020.4081632653061,765.3061224489796,1020.4081632653061,765.3061224489796,null,null,null,null,null,null,null,null,null,null,null,null,null,null,null,null,null,null,null,null,null,null,null,null,null,null,null,null],"nHat":[22645.236458227075,38744.95787003978,36352.76757115169,38353.017086606145,36082.46358257676,44591.841069060494,43749.74018157707,43516.862899112515,42161.18443333673,45034.72375803326,45809.24864837295,48086.03993675406,45433.94195654392,44093.85795164746,42509.46072630827,39783.548964602676,38650.35147403856,35492.992961338365,32958.37325308579,29659.624961746405,24595.583698867693,22771.031775986943,20383.0,null,null,null,null,null,null,null,null,null,null,null,null,null,null,null,null,null,null,null,null,null,null,null,null,null,null,null,null],"sEn":[1666.989795918367,2852.1428571428564,2676.0459183673456,2823.2908163265297,2656.1479591836724,3282.551020408163,3220.5612244897957,3203.4183673469392,3103.6224489795914,3315.15306122449,3372.1683673469392,3539.7704081632655,3344.54081632653,3245.892857142858,3129.260204081632,2928.596938775509,2845.17857142857,2612.7551020408164,2426.173469387754,2183.341836734694,1810.5612244897954,1676.2499999999995,1500.4591836734692,null,null,null,null,null,null,null,null,null,null,null,null,null,null,null,null,null,null,null,null,null,null,null,null,null,null,null,null],"mHat":[4000,3800,3800,3900,3500,3600,3400,3000,2900,2800,3000,3000,3000,2700,2800,2700,2600,2200,2200,2000,2000,2000,2000,null,null,null,null,null,null,null,null,null,null,null,null,null,null,null,null,null,null,null,null,null,null,null,null,null,null,null,null],"sEm":[153.06122448979593,127.55102040816327,127.55102040816327,102.04081632653062,127.55102040816327,127.55102040816327,127.55102040816327,102.04081632653062,102.04081632653062,76.53061224489797,76.53061224489797,76.53061224489797,76.53061224489797,76.53061224489797,51.02040816326531,51.02040816326531,76.53061224489797,51.02040816326531,51.02040816326531,51.02040816326531,51.02040816326531,51.02040816326531,51.02040816326531,null,null,null,null,null,null,null,null,null,null,null,null,null,null,null,null,null,null,null,null,null,null,null,null,null,null,null,null],"pHat":[null,null,null,null,null,null,null,null,null,null,null,null,null,null,null,null,null,null,null,null,null,null,null],"sEp":[null,null,null,null,null,null,null,null,null,null,null,null,null,null,null,null,null,null,null,null,null,null,null,null,null,null,null,null,null,null,null,null,null,null,null,null,null,null,null,null,null,null,null,null,null,null,null,null,null,null,null],"modelType":"IPn2","hRd":[1,1,1,1,1,1,1,1,1,1,1,1,1,1,1,1,1,1,1,1,1,1,1,1,1,1,1,1,1,1,1,1,1,1,1,1,1,1,1,1,1,1,1,1,1,1,1,1,1,1,1],"hRi":[1,1,1,1,1,1,1,1,1,1,1,1,1,1,1,1,1,1,1,1,1,1,1,1,1,1,1,1,1,1,1,1,1,1,1,1,1,1,1,1,1,1,1,1,1,1,1,1,1,1,1],"oRt":[1,1,1,1,1,1,1,1,1,1,1,1,1,1,1,1,1,1,1,1,1,1,1,1,1,1,1,1,1,1,1,1,1,1,1,1,1,1,1,1,1,1,1,1,1,1,1,1,1,1,1],"tXf":[0.07319343740984584,0.07319343740984584,0.07319343740984584,0.07319343740984584,0.07319343740984584,0.07319343740984584,0.07319343740984584,0.07319343740984584,0.07319343740984584,0.07319343740984584,0.07319343740984584,0.07319343740984584,0.07319343740984584,0.07319343740984584,0.07319343740984584,0.07319343740984584,0.07319343740984584,0.07319343740984584,0.07319343740984584,0.07319343740984584,0.07319343740984584,0.07319343740984584,0.07319343740984584,0.07319343740984584,0.07319343740984584,0.07319343740984584,0.07319343740984584,0.07319343740984584,0.07319343740984584,0.07319343740984584,0.07319343740984584,0.07319343740984584,0.07319343740984584,0.07319343740984584,0.07319343740984584,0.07319343740984584,0.07319343740984584,0.07319343740984584,0.07319343740984584,0.07319343740984584,0.07319343740984584,0.07319343740984584,0.07319343740984584,0.07319343740984584,0.07319343740984584,0.07319343740984584,0.07319343740984584,0.07319343740984584,0.07319343740984584,0.07319343740984584,0.07319343740984584]}