{"year":[2000,2001,2002,2003,2004,2005,2006,2007,2008,2009,2010,2011,2012,2013,2014,2015,2016,2017,2018,2019,2020,2021,2022,2023,2024,2025,2026,2027,2028,2029,2030,2031,2032,2033,2034,2035,2036,2037,2038,2039,2040,2041,2042,2043,2044,2045,2046,2047,2048,2049,2050],"iHat":[660,590,500,440,450,450,430,550,600,570,590,570,720,790,770,750,740,710,750,870,760,540,590,null,null,null,null,null,null,null,null,null,null,null,null,null,null,null,null,null,null,null,null,null,null,null,null,null,null,null,null],"sEi":[51.02040816326531,45.91836734693878,38.26530612244898,33.16326530612245,33.16326530612245,35.714285714285715,33.16326530612245,40.816326530612244,45.91836734693878,43.36734693877551,45.91836734693878,43.36734693877551,56.12244897959184,61.224489795918366,58.673469387755105,56.12244897959184,56.12244897959184,53.57142857142857,56.12244897959184,66.3265306122449,56.12244897959184,43.36734693877551,45.91836734693878,null,null,null,null,null,null,null,null,null,null,null,null,null,null,null,null,null,null,null,null,null,null,null,null,null,null,null,null],"nHat":[8678107.262745097,7842212.517647059,6641563.701960784,5775272.784313725,5972847.905882353,5942451.733333333,5699282.352941177,7219090.980392157,7948599.121568628,7583845.050980392,7796618.25882353,7538250.792156863,9574794.352941176,10471481.443137255,10228312.062745098,9969944.596078431,9863557.992156863,9422813.490196079,9969944.596078431,11504951.309803922,10000340.768627452,7188694.8078431375,7751024.0,null,null,null,null,null,null,null,null,null,null,null,null,null,null,null,null,null,null,null,null,null,null,null,null,null,null,null,null],"sEn":[43.69897959183674,39.48979591836735,33.4438775510204,29.08163265306121,30.07653061224489,29.923469387755105,28.69897959183672,36.35204081632653,40.02551020408161,38.18877551020407,39.26020408163264,37.95918367346939,48.214285714285715,52.72959183673468,51.50510204081632,50.20408163265305,49.66836734693876,47.44897959183673,50.20408163265305,57.93367346938776,50.357142857142854,36.19897959183672,39.03061224489796,null,null,null,null,null,null,null,null,null,null,null,null,null,null,null,null,null,null,null,null,null,null,null,null,null,null,null,null],"mHat":[61,54,44,37,37,37,35,46,51,49,49,46,56,63,65,61,57,53,54,61,62,45,48,null,null,null,null,null,null,null,null,null,null,null,null,null,null,null,null,null,null,null,null,null,null,null,null,null,null,null,null],"sEm":[13.26530612244898,11.989795918367347,9.693877551020408,8.16326530612245,8.16326530612245,7.908163265306123,7.653061224489796,9.948979591836736,10.96938775510204,10.714285714285715,10.96938775510204,9.948979591836736,12.244897959183673,13.775510204081632,13.775510204081632,13.26530612244898,12.755102040816327,11.73469387755102,11.73469387755102,13.26530612244898,13.775510204081632,9.693877551020408,10.459183673469388,null,null,null,null,null,null,null,null,null,null,null,null,null,null,null,null,null,null,null,null,null,null,null,null,null,null,null,null],"pHat":[null,null,null,null,null,null,null,null,null,null,null,null,null,null,null,null,null,null,null,null,null,null,null],"sEp":[null,null,null,null,null,null,null,null,null,null,null,null,null,null,null,null,null,null,null,null,null,null,null,null,null,null,null,null,null,null,null,null,null,null,null,null,null,null,null,null,null,null,null,null,null,null,null,null,null,null,null],"modelType":"IP","hRd":[1,1,1,1,1,1,1,1,1,1,1,1,1,1,1,1,1,1,1,1,1,1,1,1,1,1,1,1,1,1,1,1,1,1,1,1,1,1,1,1,1,1,1,1,1,1,1,1,1,1,1],"hRi":[1,1,1,1,1,1,1,1,1,1,1,1,1,1,1,1,1,1,1,1,1,1,1,1,1,1,1,1,1,1,1,1,1,1,1,1,1,1,1,1,1,1,1,1,1,1,1,1,1,1,1],"oRt":[1,1,1,1,1,1,1,1,1,1,1,1,1,1,1,1,1,1,1,1,1,1,1,1,1,1,1,1,1,1,1,1,1,1,1,1,1,1,1,1,1,1,1,1,1,1,1,1,1,1,1],"tXf":[0.031028219631149483,0.031028219631149483,0.031028219631149483,0.031028219631149483,0.031028219631149483,0.031028219631149483,0.031028219631149483,0.031028219631149483,0.031028219631149483,0.031028219631149483,0.031028219631149483,0.031028219631149483,0.031028219631149483,0.031028219631149483,0.031028219631149483,0.031028219631149483,0.031028219631149483,0.031028219631149483,0.031028219631149483,0.031028219631149483,0.031028219631149483,0.031028219631149483,0.031028219631149483,0.031028219631149483,0.031028219631149483,0.031028219631149483,0.031028219631149483,0.031028219631149483,0.031028219631149483,0.031028219631149483,0.031028219631149483,0.031028219631149483,0.031028219631149483,0.031028219631149483,0.031028219631149483,0.031028219631149483,0.031028219631149483,0.031028219631149483,0.031028219631149483,0.031028219631149483,0.031028219631149483,0.031028219631149483,0.031028219631149483,0.031028219631149483,0.031028219631149483,0.031028219631149483,0.031028219631149483,0.031028219631149483,0.031028219631149483,0.031028219631149483,0.031028219631149483]}