{"year":[2000,2001,2002,2003,2004,2005,2006,2007,2008,2009,2010,2011,2012,2013,2014,2015,2016,2017,2018,2019,2020,2021,2022,2023,2024,2025,2026,2027,2028,2029,2030,2031,2032,2033,2034,2035,2036,2037,2038,2039,2040,2041,2042,2043,2044,2045,2046,2047,2048,2049,2050],"iHat":[660,590,500,440,450,450,430,550,600,570,590,570,720,790,770,750,740,710,750,870,760,540,590,580,null,null,null,null,null,null,null,null,null,null,null,null,null,null,null,null,null,null,null,null,null,null,null,null,null,null,null],"sEi":[51.02040816326531,45.91836734693878,38.26530612244898,33.16326530612245,33.16326530612245,35.714285714285715,33.16326530612245,40.816326530612244,45.91836734693878,43.36734693877551,45.91836734693878,43.36734693877551,56.12244897959184,61.224489795918366,58.673469387755105,56.12244897959184,56.12244897959184,53.57142857142857,56.12244897959184,66.3265306122449,56.12244897959184,43.36734693877551,45.91836734693878,43.36734693877551,null,null,null,null,null,null,null,null,null,null,null,null,null,null,null,null,null,null,null,null,null,null,null,null,null,null,null],"nHat":[571,516,437,380,393,391,375,476,523,501,515,496,630,689,683,666,657,632,668,760,660,473,516,515,null,null,null,null,null,null,null,null,null,null,null,null,null,null,null,null,null,null,null,null,null,null,null,null,null,null,null],"sEn":[43.69897959183674,39.48979591836735,33.4438775510204,29.08163265306121,30.07653061224489,29.923469387755105,28.69897959183672,36.42857142857143,40.02551020408161,38.34183673469388,39.41326530612245,37.95918367346939,48.214285714285715,52.72959183673468,52.2704081632653,50.969387755102034,50.280612244897966,48.36734693877552,51.12244897959183,58.16326530612242,50.51020408163262,36.19897959183672,39.48979591836735,39.41326530612245,null,null,null,null,null,null,null,null,null,null,null,null,null,null,null,null,null,null,null,null,null,null,null,null,null,null,null],"mHat":[61,54,44,37,38,37,36,46,51,49,50,46,57,64,66,62,58,53,55,61,62,45,48,48,null,null,null,null,null,null,null,null,null,null,null,null,null,null,null,null,null,null,null,null,null,null,null,null,null,null,null],"sEm":[13.26530612244898,11.989795918367347,9.693877551020408,8.16326530612245,8.16326530612245,7.908163265306123,7.653061224489796,10.204081632653061,11.224489795918368,10.96938775510204,10.714285714285715,9.948979591836736,12.5,13.775510204081632,14.03061224489796,13.26530612244898,12.5,11.479591836734695,11.73469387755102,13.26530612244898,13.775510204081632,9.693877551020408,10.459183673469388,10.459183673469388,null,null,null,null,null,null,null,null,null,null,null,null,null,null,null,null,null,null,null,null,null,null,null,null,null,null,null],"pHat":[null,null,null,null,null,null,null,null,null,null,null,null,null,null,null,null,null,null,null,null,null,null,null,null],"sEp":[null,null,null,null,null,null,null,null,null,null,null,null,null,null,null,null,null,null,null,null,null,null,null,null,null,null,null,null,null,null,null,null,null,null,null,null,null,null,null,null,null,null,null,null,null,null,null,null,null,null,null],"modelType":"IPn2","hRd":[1,1,1,1,1,1,1,1,1,1,1,1,1,1,1,1,1,1,1,1,1,1,1,1,1,1,1,1,1,1,1,1,1,1,1,1,1,1,1,1,1,1,1,1,1,1,1,1,1,1,1],"hRi":[1,1,1,1,1,1,1,1,1,1,1,1,1,1,1,1,1,1,1,1,1,1,1,1,1,1,1,1,1,1,1,1,1,1,1,1,1,1,1,1,1,1,1,1,1,1,1,1,1,1,1],"oRt":[1,1,1,1,1,1,1,1,1,1,1,1,1,1,1,1,1,1,1,1,1,1,1,1,1,1,1,1,1,1,1,1,1,1,1,1,1,1,1,1,1,1,1,1,1,1,1,1,1,1,1],"tXf":[0.033249152474767334,0.033249152474767334,0.033249152474767334,0.033249152474767334,0.033249152474767334,0.033249152474767334,0.033249152474767334,0.033249152474767334,0.033249152474767334,0.033249152474767334,0.033249152474767334,0.033249152474767334,0.033249152474767334,0.033249152474767334,0.033249152474767334,0.033249152474767334,0.033249152474767334,0.033249152474767334,0.033249152474767334,0.033249152474767334,0.033249152474767334,0.033249152474767334,0.033249152474767334,0.033249152474767334,0.033249152474767334,0.033249152474767334,0.033249152474767334,0.033249152474767334,0.033249152474767334,0.033249152474767334,0.033249152474767334,0.033249152474767334,0.033249152474767334,0.033249152474767334,0.033249152474767334,0.033249152474767334,0.033249152474767334,0.033249152474767334,0.033249152474767334,0.033249152474767334,0.033249152474767334,0.033249152474767334,0.033249152474767334,0.033249152474767334,0.033249152474767334,0.033249152474767334,0.033249152474767334,0.033249152474767334,0.033249152474767334,0.033249152474767334,0.033249152474767334]}