{"year":[2000,2001,2002,2003,2004,2005,2006,2007,2008,2009,2010,2011,2012,2013,2014,2015,2016,2017,2018,2019,2020,2021,2022,2023,2024,2025,2026,2027,2028,2029,2030,2031,2032,2033,2034,2035,2036,2037,2038,2039,2040,2041,2042,2043,2044,2045,2046,2047,2048,2049,2050],"iHat":[7000,7400,7700,8000,8300,8800,9500,10000,11000,11000,12000,13000,13000,14000,14000,14000,15000,15000,15000,16000,16000,16000,17000,17000,null,null,null,null,null,null,null,null,null,null,null,null,null,null,null,null,null,null,null,null,null,null,null,null,null,null,null],"sEi":[1071.4285714285716,1173.4693877551022,1147.9591836734694,1377.5510204081634,1352.0408163265306,1505.1020408163265,1658.1632653061224,1811.2244897959183,1964.2857142857142,2142.857142857143,2321.4285714285716,2474.4897959183672,2627.5510204081634,2831.6326530612246,2780.612244897959,2984.6938775510203,2933.673469387755,2882.6530612244896,3086.734693877551,3061.2244897959185,3316.326530612245,3316.326530612245,3316.326530612245,3316.326530612245,null,null,null,null,null,null,null,null,null,null,null,null,null,null,null,null,null,null,null,null,null,null,null,null,null,null,null],"nHat":[1525,1771,3439,2523,4397,3456,4514,0,5023,5964,6668,7965,8132,7556,5035,5849,7180,7728,7824,8323,7021,7441,7210,7543,null,null,null,null,null,null,null,null,null,null,null,null,null,null,null,null,null,null,null,null,null,null,null,null,null,null,null],"sEn":[116.70918367346933,135.53571428571428,263.18877551020404,193.0867346938776,336.5051020408162,264.4897959183673,345.4591836734692,0.0,384.41326530612236,456.4285714285714,510.3061224489795,609.5663265306123,622.3469387755101,578.265306122449,385.3316326530612,447.62755102040813,549.4897959183673,591.4285714285711,598.7755102040813,636.9642857142854,537.3214285714287,569.4642857142858,551.7857142857143,577.270408163265,null,null,null,null,null,null,null,null,null,null,null,null,null,null,null,null,null,null,null,null,null,null,null,null,null,null,null],"mHat":[3300,3200,2500,3100,2300,3000,2900,3100,3300,3100,3000,2700,2900,3400,4800,4200,3800,3700,3800,3700,4400,4400,4700,4700,null,null,null,null,null,null,null,null,null,null,null,null,null,null,null,null,null,null,null,null,null,null,null,null,null,null,null],"sEm":[790.8163265306123,790.8163265306123,586.7346938775511,739.795918367347,535.7142857142858,714.2857142857143,663.265306122449,739.795918367347,765.3061224489796,714.2857142857143,714.2857142857143,612.2448979591837,688.7755102040817,816.3265306122449,1122.4489795918369,816.3265306122449,688.7755102040817,663.265306122449,688.7755102040817,688.7755102040817,892.8571428571429,892.8571428571429,969.3877551020408,943.8775510204082,null,null,null,null,null,null,null,null,null,null,null,null,null,null,null,null,null,null,null,null,null,null,null,null,null,null,null],"pHat":[null,null,null,null,null,null,null,null,null,null,null,null,null,null,null,null,null,null,null,null,null,null,null,null],"sEp":[null,null,null,null,null,null,null,null,null,null,null,null,null,null,null,null,null,null,null,null,null,null,null,null,null,null,null,null,null,null,null,null,null,null,null,null,null,null,null,null,null,null,null,null,null,null,null,null,null,null,null],"modelType":"IPn2","hRd":[1,1,1,1,1,1,1,1,1,1,1,1,1,1,1,1,1,1,1,1,1,1,1,1,1,1,1,1,1,1,1,1,1,1,1,1,1,1,1,1,1,1,1,1,1,1,1,1,1,1,1],"hRi":[1,1,1,1,1,1,1,1,1,1,1,1,1,1,1,1,1,1,1,1,1,1,1,1,1,1,1,1,1,1,1,1,1,1,1,1,1,1,1,1,1,1,1,1,1,1,1,1,1,1,1],"oRt":[1,1,1,1,1,1,1,1,1,1,1,1,1,1,1,1,1,1,1,1,1,1,1,1,1,1,1,1,1,1,1,1,1,1,1,1,1,1,1,1,1,1,1,1,1,1,1,1,1,1,1],"tXf":[0.03393813410775642,0.03393813410775642,0.03393813410775642,0.03393813410775642,0.03393813410775642,0.03393813410775642,0.03393813410775642,0.03393813410775642,0.03393813410775642,0.03393813410775642,0.03393813410775642,0.03393813410775642,0.03393813410775642,0.03393813410775642,0.03393813410775642,0.03393813410775642,0.03393813410775642,0.03393813410775642,0.03393813410775642,0.03393813410775642,0.03393813410775642,0.03393813410775642,0.03393813410775642,0.03393813410775642,0.03393813410775642,0.03393813410775642,0.03393813410775642,0.03393813410775642,0.03393813410775642,0.03393813410775642,0.03393813410775642,0.03393813410775642,0.03393813410775642,0.03393813410775642,0.03393813410775642,0.03393813410775642,0.03393813410775642,0.03393813410775642,0.03393813410775642,0.03393813410775642,0.03393813410775642,0.03393813410775642,0.03393813410775642,0.03393813410775642,0.03393813410775642,0.03393813410775642,0.03393813410775642,0.03393813410775642,0.03393813410775642,0.03393813410775642,0.03393813410775642]}