{"year":[2000,2001,2002,2003,2004,2005,2006,2007,2008,2009,2010,2011,2012,2013,2014,2015,2016,2017,2018,2019,2020,2021,2022,2023,2024,2025,2026,2027,2028,2029,2030,2031,2032,2033,2034,2035,2036,2037,2038,2039,2040,2041,2042,2043,2044,2045,2046,2047,2048,2049,2050],"iHat":[12000,13000,13000,13000,13000,13000,13000,13000,13000,14000,14000,14000,14000,14000,14000,14000,14000,14000,14000,14000,14000,14000,14000,null,null,null,null,null,null,null,null,null,null,null,null,null,null,null,null,null,null,null,null,null,null,null,null,null,null,null,null],"sEi":[2117.3469387755104,2576.530612244898,1989.795918367347,1913.265306122449,2015.3061224489795,1862.2448979591836,2270.408163265306,2219.387755102041,2091.8367346938776,2040.8163265306123,2040.8163265306123,1530.6122448979593,2372.4489795918366,2321.4285714285716,2066.326530612245,2321.4285714285716,2040.8163265306123,2040.8163265306123,2040.8163265306123,2040.8163265306123,2040.8163265306123,2066.326530612245,2066.326530612245,null,null,null,null,null,null,null,null,null,null,null,null,null,null,null,null,null,null,null,null,null,null,null,null,null,null,null,null],"nHat":[8413,7499,8939,9269,8742,9451,8738,8938,9422,9575,9934,10181,9155,9331,9305,9331,8712,8370,8672,8263,7092,6585,8173,null,null,null,null,null,null,null,null,null,null,null,null,null,null,null,null,null,null,null,null,null,null,null,null,null,null,null,null],"sEn":[643.8520408163262,573.9030612244895,684.1071428571425,709.3622448979589,669.0306122448978,723.2908163265307,668.7244897959181,684.0306122448976,721.0714285714284,732.780612244898,760.255102040816,779.1581632653059,700.6377551020408,714.1071428571429,712.1173469387755,714.1071428571429,666.7346938775509,640.5612244897959,663.673469387755,632.3724489795915,542.7551020408162,503.95408163265284,625.4846938775507,null,null,null,null,null,null,null,null,null,null,null,null,null,null,null,null,null,null,null,null,null,null,null,null,null,null,null,null],"mHat":[1400,1400,1300,1400,1800,1000,1000,1000,1100,1200,1000,920,800,820,750,750,750,760,770,770,780,780,780,null,null,null,null,null,null,null,null,null,null,null,null,null,null,null,null,null,null,null,null,null,null,null,null,null,null,null,null],"sEm":[127.55102040816327,127.55102040816327,127.55102040816327,102.04081632653062,331.6326530612245,48.46938775510204,48.46938775510204,73.9795918367347,58.673469387755105,76.53061224489797,53.57142857142857,40.816326530612244,40.816326530612244,43.36734693877551,35.714285714285715,38.26530612244898,38.26530612244898,38.26530612244898,35.714285714285715,38.26530612244898,38.26530612244898,38.26530612244898,38.26530612244898,null,null,null,null,null,null,null,null,null,null,null,null,null,null,null,null,null,null,null,null,null,null,null,null,null,null,null,null],"pHat":[null,null,null,null,null,null,null,null,null,null,null,null,null,null,null,null,null,null,null,null,null,null,null],"sEp":[null,null,null,null,null,null,null,null,null,null,null,null,null,null,null,null,null,null,null,null,null,null,null,null,null,null,null,null,null,null,null,null,null,null,null,null,null,null,null,null,null,null,null,null,null,null,null,null,null,null,null],"modelType":"IPn2","hRd":[1,1,1,1,1,1,1,1,1,1,1,1,1,1,1,1,1,1,1,1,1,1,1,1,1,1,1,1,1,1,1,1,1,1,1,1,1,1,1,1,1,1,1,1,1,1,1,1,1,1,1],"hRi":[1,1,1,1,1,1,1,1,1,1,1,1,1,1,1,1,1,1,1,1,1,1,1,1,1,1,1,1,1,1,1,1,1,1,1,1,1,1,1,1,1,1,1,1,1,1,1,1,1,1,1],"oRt":[1,1,1,1,1,1,1,1,1,1,1,1,1,1,1,1,1,1,1,1,1,1,1,1,1,1,1,1,1,1,1,1,1,1,1,1,1,1,1,1,1,1,1,1,1,1,1,1,1,1,1],"tXf":[0.008744731694538667,0.008744731694538667,0.008744731694538667,0.008744731694538667,0.008744731694538667,0.008744731694538667,0.008744731694538667,0.008744731694538667,0.008744731694538667,0.008744731694538667,0.008744731694538667,0.008744731694538667,0.008744731694538667,0.008744731694538667,0.008744731694538667,0.008744731694538667,0.008744731694538667,0.008744731694538667,0.008744731694538667,0.008744731694538667,0.008744731694538667,0.008744731694538667,0.008744731694538667,0.008744731694538667,0.008744731694538667,0.008744731694538667,0.008744731694538667,0.008744731694538667,0.008744731694538667,0.008744731694538667,0.008744731694538667,0.008744731694538667,0.008744731694538667,0.008744731694538667,0.008744731694538667,0.008744731694538667,0.008744731694538667,0.008744731694538667,0.008744731694538667,0.008744731694538667,0.008744731694538667,0.008744731694538667,0.008744731694538667,0.008744731694538667,0.008744731694538667,0.008744731694538667,0.008744731694538667,0.008744731694538667,0.008744731694538667,0.008744731694538667,0.008744731694538667]}