{"year":[2000,2001,2002,2003,2004,2005,2006,2007,2008,2009,2010,2011,2012,2013,2014,2015,2016,2017,2018,2019,2020,2021,2022,2023,2024,2025,2026,2027,2028,2029,2030,2031,2032,2033,2034,2035,2036,2037,2038,2039,2040,2041,2042,2043,2044,2045,2046,2047,2048,2049,2050],"iHat":[17000,18000,20000,22000,23000,23000,24000,24000,24000,24000,24000,23000,21000,19000,18000,16000,15000,15000,14000,14000,14000,14000,15000,15000,null,null,null,null,null,null,null,null,null,null,null,null,null,null,null,null,null,null,null,null,null,null,null,null,null,null,null],"sEi":[4617.34693877551,5586.734693877551,6607.142857142857,7627.551020408164,8418.367346938776,9234.69387755102,9489.795918367347,9744.897959183674,10000.0,9719.387755102041,9158.163265306122,8367.34693877551,7321.428571428572,6020.408163265306,5025.510204081633,4285.714285714286,3571.4285714285716,3341.8367346938776,3086.734693877551,3061.2244897959185,3010.204081632653,3239.795918367347,3545.918367346939,3877.5510204081634,null,null,null,null,null,null,null,null,null,null,null,null,null,null,null,null,null,null,null,null,null,null,null,null,null,null,null],"nHat":[10842,7729,10111,13332,12303,11404,13368,14300,13219,13515,13138,12785,11971,10738,9856,7892,7582,7271,7212,7152,4624,4553,5670,6600,null,null,null,null,null,null,null,null,null,null,null,null,null,null,null,null,null,null,null,null,null,null,null,null,null,null,null],"sEn":[829.7448979591837,591.505102040816,773.8010204081631,1020.3061224489797,941.5561224489795,872.755102040816,1023.0612244897958,1094.3877551020407,1011.6581632653059,1034.3112244897954,1005.4591836734693,978.4438775510199,916.1479591836733,821.7857142857142,754.2857142857141,603.9795918367346,580.2551020408162,556.4540816326531,551.938775510204,547.3469387755101,353.877551020408,348.4438775510204,433.9285714285712,505.1020408163263,null,null,null,null,null,null,null,null,null,null,null,null,null,null,null,null,null,null,null,null,null,null,null,null,null,null,null],"mHat":[5300,8200,7500,6800,8500,9400,8800,8400,9500,9400,5900,5400,7800,7300,6500,6300,5800,5400,5000,5000,5000,5500,5800,5300,null,null,null,null,null,null,null,null,null,null,null,null,null,null,null,null,null,null,null,null,null,null,null,null,null,null,null],"sEm":[1198.9795918367347,1811.2244897959183,1658.1632653061224,1505.1020408163265,2015.3061224489795,2117.3469387755104,1938.7755102040817,1760.204081632653,1709.1836734693877,1734.6938775510205,1198.9795918367347,1071.4285714285716,1479.591836734694,1301.0204081632653,1224.4897959183675,1198.9795918367347,1096.938775510204,994.8979591836735,918.3673469387755,867.3469387755102,841.8367346938776,867.3469387755102,892.8571428571429,841.8367346938776,null,null,null,null,null,null,null,null,null,null,null,null,null,null,null,null,null,null,null,null,null,null,null,null,null,null,null],"pHat":[null,null,null,null,null,null,null,null,null,null,null,null,null,null,null,null,null,null,null,null,null,null,null,null],"sEp":[null,null,null,null,null,null,null,null,null,null,null,null,null,null,null,null,null,null,null,null,null,null,null,null,null,null,null,null,null,null,null,null,null,null,null,null,null,null,null,null,null,null,null,null,null,null,null,null,null,null,null],"modelType":"IPn2","hRd":[1,1,1,1,1,1,1,1,1,1,1,1,1,1,1,1,1,1,1,1,1,1,1,1,1,1,1,1,1,1,1,1,1,1,1,1,1,1,1,1,1,1,1,1,1,1,1,1,1,1,1],"hRi":[1,1,1,1,1,1,1,1,1,1,1,1,1,1,1,1,1,1,1,1,1,1,1,1,1,1,1,1,1,1,1,1,1,1,1,1,1,1,1,1,1,1,1,1,1,1,1,1,1,1,1],"oRt":[1,1,1,1,1,1,1,1,1,1,1,1,1,1,1,1,1,1,1,1,1,1,1,1,1,1,1,1,1,1,1,1,1,1,1,1,1,1,1,1,1,1,1,1,1,1,1,1,1,1,1],"tXf":[0.05048354699953263,0.05048354699953263,0.05048354699953263,0.05048354699953263,0.05048354699953263,0.05048354699953263,0.05048354699953263,0.05048354699953263,0.05048354699953263,0.05048354699953263,0.05048354699953263,0.05048354699953263,0.05048354699953263,0.05048354699953263,0.05048354699953263,0.05048354699953263,0.05048354699953263,0.05048354699953263,0.05048354699953263,0.05048354699953263,0.05048354699953263,0.05048354699953263,0.05048354699953263,0.05048354699953263,0.05048354699953263,0.05048354699953263,0.05048354699953263,0.05048354699953263,0.05048354699953263,0.05048354699953263,0.05048354699953263,0.05048354699953263,0.05048354699953263,0.05048354699953263,0.05048354699953263,0.05048354699953263,0.05048354699953263,0.05048354699953263,0.05048354699953263,0.05048354699953263,0.05048354699953263,0.05048354699953263,0.05048354699953263,0.05048354699953263,0.05048354699953263,0.05048354699953263,0.05048354699953263,0.05048354699953263,0.05048354699953263,0.05048354699953263,0.05048354699953263]}