{"year":[2000,2001,2002,2003,2004,2005,2006,2007,2008,2009,2010,2011,2012,2013,2014,2015,2016,2017,2018,2019,2020,2021,2022,2023,2024,2025,2026,2027,2028,2029,2030,2031,2032,2033,2034,2035,2036,2037,2038,2039,2040,2041,2042,2043,2044,2045,2046,2047,2048,2049,2050],"iHat":[3100,3000,2800,3000,2300,2400,2700,2600,2400,2200,2000,2000,1900,1800,1700,1600,1500,1500,1200,1200,790,720,830,null,null,null,null,null,null,null,null,null,null,null,null,null,null,null,null,null,null,null,null,null,null,null,null,null,null,null,null],"sEi":[229.59183673469389,229.59183673469389,204.08163265306123,229.59183673469389,178.57142857142858,178.57142857142858,204.08163265306123,204.08163265306123,178.57142857142858,153.06122448979593,153.06122448979593,153.06122448979593,153.06122448979593,153.06122448979593,127.55102040816327,127.55102040816327,127.55102040816327,127.55102040816327,102.04081632653062,79.08163265306122,58.673469387755105,53.57142857142857,63.775510204081634,null,null,null,null,null,null,null,null,null,null,null,null,null,null,null,null,null,null,null,null,null,null,null,null,null,null,null,null],"nHat":[2708.3784530386743,2648.2375690607737,2460.6795580110497,2663.527624309392,2075.3701657458564,2154.8784530386743,2410.732044198895,2278.218232044199,2136.5303867403313,1931.6436464088397,1784.8591160220994,1781.8011049723757,1666.6160220994475,1609.5331491712707,1517.792817679558,1424.013812154696,1374.0662983425414,1295.5773480662983,1085.5939226519338,1027.4917127071824,702.3232044198895,640.1436464088398,738.0,null,null,null,null,null,null,null,null,null,null,null,null,null,null,null,null,null,null,null,null,null,null,null,null,null,null,null,null],"sEn":[203.34183673469386,198.82653061224494,184.74489795918362,199.9744897959184,155.81632653061217,161.7857142857143,180.99489795918367,171.04591836734693,160.40816326530606,145.02551020408163,134.00510204081633,133.7755102040816,125.1275510204081,120.84183673469389,113.95408163265307,106.91326530612243,103.16326530612241,97.2704081632653,81.50510204081633,77.14285714285711,52.72959183673468,48.06122448979591,55.40816326530611,null,null,null,null,null,null,null,null,null,null,null,null,null,null,null,null,null,null,null,null,null,null,null,null,null,null,null,null],"mHat":[400,390,370,370,320,390,390,370,360,320,230,230,270,230,240,200,190,170,130,130,130,130,130,null,null,null,null,null,null,null,null,null,null,null,null,null,null,null,null,null,null,null,null,null,null,null,null,null,null,null,null],"sEm":[10.204081632653061,10.204081632653061,10.204081632653061,10.204081632653061,2.5510204081632653,7.653061224489796,5.1020408163265305,5.1020408163265305,5.1020408163265305,12.755102040816327,5.1020408163265305,2.5510204081632653,2.5510204081632653,2.5510204081632653,2.5510204081632653,2.5510204081632653,2.5510204081632653,2.5510204081632653,2.5510204081632653,5.1020408163265305,5.1020408163265305,5.1020408163265305,5.1020408163265305,null,null,null,null,null,null,null,null,null,null,null,null,null,null,null,null,null,null,null,null,null,null,null,null,null,null,null,null],"pHat":[null,null,null,null,null,null,null,null,null,null,null,null,null,null,null,null,null,null,null,null,null,null,null],"sEp":[null,null,null,null,null,null,null,null,null,null,null,null,null,null,null,null,null,null,null,null,null,null,null,null,null,null,null,null,null,null,null,null,null,null,null,null,null,null,null,null,null,null,null,null,null,null,null,null,null,null,null],"modelType":"IPn2","hRd":[1,1,1,1,1,1,1,1,1,1,1,1,1,1,1,1,1,1,1,1,1,1,1,1,1,1,1,1,1,1,1,1,1,1,1,1,1,1,1,1,1,1,1,1,1,1,1,1,1,1,1],"hRi":[1,1,1,1,1,1,1,1,1,1,1,1,1,1,1,1,1,1,1,1,1,1,1,1,1,1,1,1,1,1,1,1,1,1,1,1,1,1,1,1,1,1,1,1,1,1,1,1,1,1,1],"oRt":[1,1,1,1,1,1,1,1,1,1,1,1,1,1,1,1,1,1,1,1,1,1,1,1,1,1,1,1,1,1,1,1,1,1,1,1,1,1,1,1,1,1,1,1,1,1,1,1,1,1,1],"tXf":[0.09142184919111872,0.09142184919111872,0.09142184919111872,0.09142184919111872,0.09142184919111872,0.09142184919111872,0.09142184919111872,0.09142184919111872,0.09142184919111872,0.09142184919111872,0.09142184919111872,0.09142184919111872,0.09142184919111872,0.09142184919111872,0.09142184919111872,0.09142184919111872,0.09142184919111872,0.09142184919111872,0.09142184919111872,0.09142184919111872,0.09142184919111872,0.09142184919111872,0.09142184919111872,0.09142184919111872,0.09142184919111872,0.09142184919111872,0.09142184919111872,0.09142184919111872,0.09142184919111872,0.09142184919111872,0.09142184919111872,0.09142184919111872,0.09142184919111872,0.09142184919111872,0.09142184919111872,0.09142184919111872,0.09142184919111872,0.09142184919111872,0.09142184919111872,0.09142184919111872,0.09142184919111872,0.09142184919111872,0.09142184919111872,0.09142184919111872,0.09142184919111872,0.09142184919111872,0.09142184919111872,0.09142184919111872,0.09142184919111872,0.09142184919111872,0.09142184919111872]}