{"year":[2000,2001,2002,2003,2004,2005,2006,2007,2008,2009,2010,2011,2012,2013,2014,2015,2016,2017,2018,2019,2020,2021,2022,2023,2024,2025,2026,2027,2028,2029,2030,2031,2032,2033,2034,2035,2036,2037,2038,2039,2040,2041,2042,2043,2044,2045,2046,2047,2048,2049,2050],"iHat":[520,530,450,430,390,460,470,440,450,390,450,440,460,500,450,430,410,440,380,420,420,390,340,null,null,null,null,null,null,null,null,null,null,null,null,null,null,null,null,null,null,null,null,null,null,null,null,null,null,null,null],"sEi":[40.816326530612244,40.816326530612244,35.714285714285715,33.16326530612245,30.612244897959183,35.714285714285715,35.714285714285715,33.16326530612245,33.16326530612245,30.612244897959183,33.16326530612245,33.16326530612245,35.714285714285715,38.26530612244898,33.16326530612245,33.16326530612245,33.16326530612245,33.16326530612245,28.06122448979592,30.612244897959183,30.612244897959183,30.612244897959183,25.510204081632654,null,null,null,null,null,null,null,null,null,null,null,null,null,null,null,null,null,null,null,null,null,null,null,null,null,null,null,null],"nHat":[449,465,388,376,337,398,413,383,394,343,394,380,404,434,398,372,362,382,328,366,368,342,297,null,null,null,null,null,null,null,null,null,null,null,null,null,null,null,null,null,null,null,null,null,null,null,null,null,null,null,null],"sEn":[34.362244897959165,35.58673469387755,29.693877551020403,28.775510204081638,25.790816326530603,30.459183673469383,31.60714285714285,29.31122448979591,30.153061224489793,26.249999999999996,30.153061224489793,29.08163265306121,30.918367346938773,33.214285714285715,30.459183673469383,28.469387755102034,27.704081632653054,29.234693877551013,25.102040816326525,28.010204081632658,28.163265306122444,26.173469387755095,22.729591836734684,null,null,null,null,null,null,null,null,null,null,null,null,null,null,null,null,null,null,null,null,null,null,null,null,null,null,null,null],"mHat":[43,44,37,36,32,38,40,37,38,34,39,37,40,43,39,36,35,37,32,36,35,32,28,null,null,null,null,null,null,null,null,null,null,null,null,null,null,null,null,null,null,null,null,null,null,null,null,null,null,null,null],"sEm":[9.438775510204081,9.693877551020408,8.16326530612245,7.908163265306123,7.142857142857143,8.418367346938776,8.673469387755102,8.16326530612245,8.418367346938776,7.3979591836734695,8.418367346938776,8.16326530612245,8.673469387755102,9.438775510204081,8.418367346938776,7.908163265306123,7.3979591836734695,8.16326530612245,6.887755102040816,7.908163265306123,7.653061224489796,7.142857142857143,6.122448979591836,null,null,null,null,null,null,null,null,null,null,null,null,null,null,null,null,null,null,null,null,null,null,null,null,null,null,null,null],"pHat":[null,null,null,null,null,null,null,null,null,null,null,null,null,null,null,null,null,null,null,null,null,null,null],"sEp":[null,null,null,null,null,null,null,null,null,null,null,null,null,null,null,null,null,null,null,null,null,null,null,null,null,null,null,null,null,null,null,null,null,null,null,null,null,null,null,null,null,null,null,null,null,null,null,null,null,null,null],"modelType":"IPn2","hRd":[1,1,1,1,1,1,1,1,1,1,1,1,1,1,1,1,1,1,1,1,1,1,1,1,1,1,1,1,1,1,1,1,1,1,1,1,1,1,1,1,1,1,1,1,1,1,1,1,1,1,1],"hRi":[1,1,1,1,1,1,1,1,1,1,1,1,1,1,1,1,1,1,1,1,1,1,1,1,1,1,1,1,1,1,1,1,1,1,1,1,1,1,1,1,1,1,1,1,1,1,1,1,1,1,1],"oRt":[1,1,1,1,1,1,1,1,1,1,1,1,1,1,1,1,1,1,1,1,1,1,1,1,1,1,1,1,1,1,1,1,1,1,1,1,1,1,1,1,1,1,1,1,1,1,1,1,1,1,1],"tXf":[0.03167893565593452,0.03167893565593452,0.03167893565593452,0.03167893565593452,0.03167893565593452,0.03167893565593452,0.03167893565593452,0.03167893565593452,0.03167893565593452,0.03167893565593452,0.03167893565593452,0.03167893565593452,0.03167893565593452,0.03167893565593452,0.03167893565593452,0.03167893565593452,0.03167893565593452,0.03167893565593452,0.03167893565593452,0.03167893565593452,0.03167893565593452,0.03167893565593452,0.03167893565593452,0.03167893565593452,0.03167893565593452,0.03167893565593452,0.03167893565593452,0.03167893565593452,0.03167893565593452,0.03167893565593452,0.03167893565593452,0.03167893565593452,0.03167893565593452,0.03167893565593452,0.03167893565593452,0.03167893565593452,0.03167893565593452,0.03167893565593452,0.03167893565593452,0.03167893565593452,0.03167893565593452,0.03167893565593452,0.03167893565593452,0.03167893565593452,0.03167893565593452,0.03167893565593452,0.03167893565593452,0.03167893565593452,0.03167893565593452,0.03167893565593452,0.03167893565593452]}