{"year":[2000,2001,2002,2003,2004,2005,2006,2007,2008,2009,2010,2011,2012,2013,2014,2015,2016,2017,2018,2019,2020,2021,2022,2023,2024,2025,2026,2027,2028,2029,2030,2031,2032,2033,2034,2035,2036,2037,2038,2039,2040,2041,2042,2043,2044,2045,2046,2047,2048,2049,2050],"iHat":[33000,32000,34000,31000,30000,30000,30000,29000,31000,32000,33000,33000,33000,34000,35000,35000,36000,35000,36000,35000,35000,35000,35000,null,null,null,null,null,null,null,null,null,null,null,null,null,null,null,null,null,null,null,null,null,null,null,null,null,null,null,null],"sEi":[3061.2244897959185,2806.122448979592,3061.2244897959185,2551.0204081632655,2295.918367346939,2295.918367346939,2295.918367346939,2295.918367346939,2551.0204081632655,2551.0204081632655,2551.0204081632655,2551.0204081632655,2551.0204081632655,2551.0204081632655,2806.122448979592,2806.122448979592,2806.122448979592,2806.122448979592,2806.122448979592,2806.122448979592,2806.122448979592,3061.2244897959185,3061.2244897959185,null,null,null,null,null,null,null,null,null,null,null,null,null,null,null,null,null,null,null,null,null,null,null,null,null,null,null,null],"nHat":[28852,28285,29804,26789,25909,26269,26099,25562,26838,27348,28359,28640,28635,29530,30412,31052,31992,31335,31456,31183,29394,29735,30886,null,null,null,null,null,null,null,null,null,null,null,null,null,null,null,null,null,null,null,null,null,null,null,null,null,null,null,null],"sEn":[2208.0612244897948,2164.668367346938,2280.918367346939,2050.1785714285716,1982.8316326530614,2010.3826530612248,1997.372448979592,1956.2755102040812,2053.928571428571,2092.959183673469,2170.3316326530617,2191.8367346938776,2191.454081632653,2259.9489795918366,2327.4489795918353,2376.42857142857,2448.367346938774,2398.0867346938776,2407.346938775509,2386.4540816326526,2249.540816326531,2275.637755102041,2363.724489795917,null,null,null,null,null,null,null,null,null,null,null,null,null,null,null,null,null,null,null,null,null,null,null,null,null,null,null,null],"mHat":[2700,2700,2800,2600,2500,2500,2500,2400,2600,2600,2700,2800,2700,2800,2900,2900,3000,3000,3000,2900,3500,3400,2800,null,null,null,null,null,null,null,null,null,null,null,null,null,null,null,null,null,null,null,null,null,null,null,null,null,null,null,null],"sEm":[586.7346938775511,586.7346938775511,612.2448979591837,561.2244897959184,535.7142857142858,535.7142857142858,535.7142857142858,535.7142857142858,561.2244897959184,561.2244897959184,586.7346938775511,612.2448979591837,586.7346938775511,586.7346938775511,612.2448979591837,637.7551020408164,637.7551020408164,637.7551020408164,637.7551020408164,637.7551020408164,688.7755102040817,663.265306122449,637.7551020408164,null,null,null,null,null,null,null,null,null,null,null,null,null,null,null,null,null,null,null,null,null,null,null,null,null,null,null,null],"pHat":[null,null,null,null,null,null,null,null,null,null,null,null,null,null,null,null,null,null,null,null,null,null,null],"sEp":[null,null,null,null,null,null,null,null,null,null,null,null,null,null,null,null,null,null,null,null,null,null,null,null,null,null,null,null,null,null,null,null,null,null,null,null,null,null,null,null,null,null,null,null,null,null,null,null,null,null,null],"modelType":"IPn2","hRd":[1,1,1,1,1,1,1,1,1,1,1,1,1,1,1,1,1,1,1,1,1,1,1,1,1,1,1,1,1,1,1,1,1,1,1,1,1,1,1,1,1,1,1,1,1,1,1,1,1,1,1],"hRi":[1,1,1,1,1,1,1,1,1,1,1,1,1,1,1,1,1,1,1,1,1,1,1,1,1,1,1,1,1,1,1,1,1,1,1,1,1,1,1,1,1,1,1,1,1,1,1,1,1,1,1],"oRt":[1,1,1,1,1,1,1,1,1,1,1,1,1,1,1,1,1,1,1,1,1,1,1,1,1,1,1,1,1,1,1,1,1,1,1,1,1,1,1,1,1,1,1,1,1,1,1,1,1,1,1],"tXf":[0.03400935019621609,0.03400935019621609,0.03400935019621609,0.03400935019621609,0.03400935019621609,0.03400935019621609,0.03400935019621609,0.03400935019621609,0.03400935019621609,0.03400935019621609,0.03400935019621609,0.03400935019621609,0.03400935019621609,0.03400935019621609,0.03400935019621609,0.03400935019621609,0.03400935019621609,0.03400935019621609,0.03400935019621609,0.03400935019621609,0.03400935019621609,0.03400935019621609,0.03400935019621609,0.03400935019621609,0.03400935019621609,0.03400935019621609,0.03400935019621609,0.03400935019621609,0.03400935019621609,0.03400935019621609,0.03400935019621609,0.03400935019621609,0.03400935019621609,0.03400935019621609,0.03400935019621609,0.03400935019621609,0.03400935019621609,0.03400935019621609,0.03400935019621609,0.03400935019621609,0.03400935019621609,0.03400935019621609,0.03400935019621609,0.03400935019621609,0.03400935019621609,0.03400935019621609,0.03400935019621609,0.03400935019621609,0.03400935019621609,0.03400935019621609,0.03400935019621609]}