{"year":[2000,2001,2002,2003,2004,2005,2006,2007,2008,2009,2010,2011,2012,2013,2014,2015,2016,2017,2018,2019,2020,2021,2022,2023,2024,2025,2026,2027,2028,2029,2030,2031,2032,2033,2034,2035,2036,2037,2038,2039,2040,2041,2042,2043,2044,2045,2046,2047,2048,2049,2050],"iHat":[45,74,66,76,150,140,170,190,150,170,230,160,170,170,160,150,190,210,420,220,210,200,200,null,null,null,null,null,null,null,null,null,null,null,null,null,null,null,null,null,null,null,null,null,null,null,null,null,null,null,null],"sEi":[1.0204081632653061,2.5510204081632653,2.295918367346939,2.806122448979592,10.204081632653061,7.653061224489796,15.306122448979592,17.857142857142858,10.204081632653061,15.306122448979592,25.510204081632654,12.755102040816327,15.306122448979592,15.306122448979592,12.755102040816327,10.204081632653061,20.408163265306122,25.510204081632654,102.04081632653062,25.510204081632654,28.06122448979592,25.510204081632654,25.510204081632654,null,null,null,null,null,null,null,null,null,null,null,null,null,null,null,null,null,null,null,null,null,null,null,null,null,null,null,null],"nHat":[2583674.6666666665,4255464.156862745,3875512.0,4559425.882352942,8890880.470588235,8434937.88235294,10562669.960784314,12006488.156862745,9498803.921568628,10714650.823529411,14666153.25490196,10562669.960784314,11018612.549019609,11322574.274509804,10866631.68627451,10638660.392156864,14058229.80392157,15654028.862745099,32599895.05882353,17401808.784313727,11322574.274509804,9118851.764705883,7751024.0,null,null,null,null,null,null,null,null,null,null,null,null,null,null,null,null,null,null,null,null,null,null,null,null,null,null,null,null],"sEn":[2.6020408163265296,4.285714285714283,3.9030612244897953,4.591836734693878,8.954081632653056,8.494897959183673,10.637755102040817,12.09183673469388,9.566326530612246,10.790816326530608,14.770408163265309,10.637755102040817,11.096938775510205,11.403061224489797,10.943877551020407,10.714285714285715,14.158163265306115,15.765306122448976,32.83163265306122,17.525510204081623,11.403061224489797,9.183673469387756,7.806122448979591,null,null,null,null,null,null,null,null,null,null,null,null,null,null,null,null,null,null,null,null,null,null,null,null,null,null,null,null],"mHat":[5,8,7,8,16,15,19,21,16,19,25,18,18,19,17,16,21,23,46,24,31,40,45,null,null,null,null,null,null,null,null,null,null,null,null,null,null,null,null,null,null,null,null,null,null,null,null,null,null,null,null],"sEm":[1.0204081632653061,1.7857142857142858,1.2755102040816326,1.7857142857142858,3.316326530612245,3.061224489795918,3.826530612244898,4.336734693877551,3.316326530612245,3.826530612244898,5.1020408163265305,3.826530612244898,3.5714285714285716,3.826530612244898,3.5714285714285716,3.316326530612245,4.336734693877551,4.591836734693878,9.438775510204081,4.846938775510204,5.86734693877551,7.3979591836734695,8.673469387755102,null,null,null,null,null,null,null,null,null,null,null,null,null,null,null,null,null,null,null,null,null,null,null,null,null,null,null,null],"pHat":[null,null,null,null,null,null,null,null,null,null,null,null,null,null,null,null,null,null,null,null,null,null,null],"sEp":[null,null,null,null,null,null,null,null,null,null,null,null,null,null,null,null,null,null,null,null,null,null,null,null,null,null,null,null,null,null,null,null,null,null,null,null,null,null,null,null,null,null,null,null,null,null,null,null,null,null,null],"modelType":"IP","hRd":[1,1,1,1,1,1,1,1,1,1,1,1,1,1,1,1,1,1,1,1,1,1,1,1,1,1,1,1,1,1,1,1,1,1,1,1,1,1,1,1,1,1,1,1,1,1,1,1,1,1,1],"hRi":[1,1,1,1,1,1,1,1,1,1,1,1,1,1,1,1,1,1,1,1,1,1,1,1,1,1,1,1,1,1,1,1,1,1,1,1,1,1,1,1,1,1,1,1,1,1,1,1,1,1,1],"oRt":[1,1,1,1,1,1,1,1,1,1,1,1,1,1,1,1,1,1,1,1,1,1,1,1,1,1,1,1,1,1,1,1,1,1,1,1,1,1,1,1,1,1,1,1,1,1,1,1,1,1,1],"tXf":[0.031028219631149483,0.031028219631149483,0.031028219631149483,0.031028219631149483,0.031028219631149483,0.031028219631149483,0.031028219631149483,0.031028219631149483,0.031028219631149483,0.031028219631149483,0.031028219631149483,0.031028219631149483,0.031028219631149483,0.031028219631149483,0.031028219631149483,0.031028219631149483,0.031028219631149483,0.031028219631149483,0.031028219631149483,0.031028219631149483,0.031028219631149483,0.031028219631149483,0.031028219631149483,0.031028219631149483,0.031028219631149483,0.031028219631149483,0.031028219631149483,0.031028219631149483,0.031028219631149483,0.031028219631149483,0.031028219631149483,0.031028219631149483,0.031028219631149483,0.031028219631149483,0.031028219631149483,0.031028219631149483,0.031028219631149483,0.031028219631149483,0.031028219631149483,0.031028219631149483,0.031028219631149483,0.031028219631149483,0.031028219631149483,0.031028219631149483,0.031028219631149483,0.031028219631149483,0.031028219631149483,0.031028219631149483,0.031028219631149483,0.031028219631149483,0.031028219631149483]}