{"year":[2000,2001,2002,2003,2004,2005,2006,2007,2008,2009,2010,2011,2012,2013,2014,2015,2016,2017,2018,2019,2020,2021,2022,2023,2024,2025,2026,2027,2028,2029,2030,2031,2032,2033,2034,2035,2036,2037,2038,2039,2040,2041,2042,2043,2044,2045,2046,2047,2048,2049,2050],"iHat":[10000,11000,11000,11000,11000,11000,11000,11000,11000,11000,12000,12000,12000,12000,12000,13000,13000,13000,14000,14000,13000,14000,15000,null,null,null,null,null,null,null,null,null,null,null,null,null,null,null,null,null,null,null,null,null,null,null,null,null,null,null,null],"sEi":[2959.183673469388,2959.183673469388,3188.775510204082,3188.775510204082,3163.265306122449,3163.265306122449,3137.7551020408164,3137.7551020408164,3367.3469387755104,3341.8367346938776,3316.326530612245,3316.326530612245,3520.408163265306,3494.8979591836737,3469.387755102041,3698.979591836735,3647.9591836734694,3877.5510204081634,3826.530612244898,4056.122448979592,4413.265306122449,4489.795918367347,4693.877551020409,null,null,null,null,null,null,null,null,null,null,null,null,null,null,null,null,null,null,null,null,null,null,null,null,null,null,null,null],"nHat":[3135.8665744901487,3556.4701002419633,3862.0884894573105,3951.8575872796405,4581.249913584515,4640.759764949879,5092.6311787072245,4694.217767023851,4528.800553059108,4519.722779122018,4496.524023505012,4253.441410300726,4163.672312478396,4368.426546837193,4568.137573453163,4823.323885240235,4538.8869685447635,4360.357414448669,3982.1168337366057,4423.901832008296,3980.0995506394747,2814.109920497753,2918.0,null,null,null,null,null,null,null,null,null,null,null,null,null,null,null,null,null,null,null,null,null,null,null,null,null,null,null,null],"sEn":[237.9336734693877,269.8469387755101,293.0357142857141,299.84693877551024,347.6020408163264,352.1173469387754,386.40306122448976,356.17346938775495,343.62244897959187,342.9336734693877,341.1734693877551,322.7295918367346,315.9183673469388,331.454081632653,346.6071428571427,365.96938775510193,344.38775510204084,330.8418367346939,302.14285714285717,335.6632653061224,301.9897959183673,213.5204081632652,221.40306122448982,null,null,null,null,null,null,null,null,null,null,null,null,null,null,null,null,null,null,null,null,null,null,null,null,null,null,null,null],"mHat":[500,490,480,460,450,430,420,410,380,350,340,330,330,330,340,340,340,340,340,340,330,380,430,null,null,null,null,null,null,null,null,null,null,null,null,null,null,null,null,null,null,null,null,null,null,null,null,null,null,null,null],"sEm":[20.408163265306122,20.408163265306122,20.408163265306122,20.408163265306122,20.408163265306122,20.408163265306122,20.408163265306122,17.857142857142858,17.857142857142858,15.306122448979592,15.306122448979592,15.306122448979592,15.306122448979592,17.857142857142858,17.857142857142858,20.408163265306122,22.95918367346939,20.408163265306122,20.408163265306122,20.408163265306122,15.306122448979592,20.408163265306122,28.06122448979592,null,null,null,null,null,null,null,null,null,null,null,null,null,null,null,null,null,null,null,null,null,null,null,null,null,null,null,null],"pHat":[null,null,null,null,null,null,null,null,null,null,null,null,null,null,null,null,null,null,null,null,null,null,null],"sEp":[null,null,null,null,null,null,null,null,null,null,null,null,null,null,null,null,null,null,null,null,null,null,null,null,null,null,null,null,null,null,null,null,null,null,null,null,null,null,null,null,null,null,null,null,null,null,null,null,null,null,null],"modelType":"IPn2","hRd":[1,1,1,1,1,1,1,1,1,1,1,1,1,1,1,1,1,1,1,1,1,1,1,1,1,1,1,1,1,1,1,1,1,1,1,1,1,1,1,1,1,1,1,1,1,1,1,1,1,1,1],"hRi":[1,1,1,1,1,1,1,1,1,1,1,1,1,1,1,1,1,1,1,1,1,1,1,1,1,1,1,1,1,1,1,1,1,1,1,1,1,1,1,1,1,1,1,1,1,1,1,1,1,1,1],"oRt":[1,1,1,1,1,1,1,1,1,1,1,1,1,1,1,1,1,1,1,1,1,1,1,1,1,1,1,1,1,1,1,1,1,1,1,1,1,1,1,1,1,1,1,1,1,1,1,1,1,1,1],"tXf":[0.03039514308407386,0.03039514308407386,0.03039514308407386,0.03039514308407386,0.03039514308407386,0.03039514308407386,0.03039514308407386,0.03039514308407386,0.03039514308407386,0.03039514308407386,0.03039514308407386,0.03039514308407386,0.03039514308407386,0.03039514308407386,0.03039514308407386,0.03039514308407386,0.03039514308407386,0.03039514308407386,0.03039514308407386,0.03039514308407386,0.03039514308407386,0.03039514308407386,0.03039514308407386,0.03039514308407386,0.03039514308407386,0.03039514308407386,0.03039514308407386,0.03039514308407386,0.03039514308407386,0.03039514308407386,0.03039514308407386,0.03039514308407386,0.03039514308407386,0.03039514308407386,0.03039514308407386,0.03039514308407386,0.03039514308407386,0.03039514308407386,0.03039514308407386,0.03039514308407386,0.03039514308407386,0.03039514308407386,0.03039514308407386,0.03039514308407386,0.03039514308407386,0.03039514308407386,0.03039514308407386,0.03039514308407386,0.03039514308407386,0.03039514308407386,0.03039514308407386]}