{"year":[2000,2001,2002,2003,2004,2005,2006,2007,2008,2009,2010,2011,2012,2013,2014,2015,2016,2017,2018,2019,2020,2021,2022,2023,2024,2025,2026,2027,2028,2029,2030,2031,2032,2033,2034,2035,2036,2037,2038,2039,2040,2041,2042,2043,2044,2045,2046,2047,2048,2049,2050],"iHat":[86,67,61,52,61,66,59,51,32,44,37,38,37,38,30,32,32,47,54,59,47,40,26,null,null,null,null,null,null,null,null,null,null,null,null,null,null,null,null,null,null,null,null,null,null,null,null,null,null,null,null],"sEi":[6.63265306122449,5.1020408163265305,4.591836734693878,4.081632653061225,4.591836734693878,5.1020408163265305,4.591836734693878,3.826530612244898,2.295918367346939,3.316326530612245,3.061224489795918,3.061224489795918,3.061224489795918,3.061224489795918,2.295918367346939,2.295918367346939,2.295918367346939,3.5714285714285716,4.081632653061225,4.591836734693878,3.5714285714285716,3.316326530612245,2.0408163265306123,null,null,null,null,null,null,null,null,null,null,null,null,null,null,null,null,null,null,null,null,null,null,null,null,null,null,null,null],"nHat":[25275078.260869566,19546060.52173913,17861055.304347824,15165046.956521738,17861055.304347824,19209059.47826087,17187053.217391305,14828045.913043479,9436029.217391305,12806039.652173912,10784033.391304348,11121034.43478261,10784033.391304348,11121034.43478261,8762027.130434783,9436029.217391305,9436029.217391305,13817042.782608695,15839049.04347826,17187053.217391305,13817042.782608695,11795036.52173913,7751024.0,null,null,null,null,null,null,null,null,null,null,null,null,null,null,null,null,null,null,null,null,null,null,null,null,null,null,null,null],"sEn":[5.7397959183673475,4.43877551020408,4.0561224489795915,3.4438775510204063,4.0561224489795915,4.362244897959184,3.9030612244897953,3.3673469387755093,2.1428571428571415,2.908163265306122,2.4489795918367343,2.5255102040816313,2.4489795918367343,2.5255102040816313,1.9897959183673473,2.1428571428571415,2.1428571428571415,3.1377551020408156,3.5969387755102047,3.9030612244897953,3.1377551020408156,2.678571428571429,1.7602040816326527,null,null,null,null,null,null,null,null,null,null,null,null,null,null,null,null,null,null,null,null,null,null,null,null,null,null,null,null],"mHat":[10,7,7,5,6,7,6,5,3,4,3,3,3,3,2,2,2,3,4,4,4,3,2,null,null,null,null,null,null,null,null,null,null,null,null,null,null,null,null,null,null,null,null,null,null,null,null,null,null,null,null],"sEm":[2.295918367346939,1.530612244897959,1.530612244897959,1.2755102040816326,1.2755102040816326,1.530612244897959,1.2755102040816326,1.0204081632653061,0.5102040816326531,1.0204081632653061,0.7653061224489796,0.7653061224489796,0.5102040816326531,0.5102040816326531,0.5102040816326531,0.7653061224489796,0.7653061224489796,0.7653061224489796,1.0204081632653061,0.7653061224489796,1.0204081632653061,0.7653061224489796,0.5102040816326531,null,null,null,null,null,null,null,null,null,null,null,null,null,null,null,null,null,null,null,null,null,null,null,null,null,null,null,null],"pHat":[null,null,null,null,null,null,null,null,null,null,null,null,null,null,null,null,null,null,null,null,null,null,null],"sEp":[null,null,null,null,null,null,null,null,null,null,null,null,null,null,null,null,null,null,null,null,null,null,null,null,null,null,null,null,null,null,null,null,null,null,null,null,null,null,null,null,null,null,null,null,null,null,null,null,null,null,null],"modelType":"IP","hRd":[1,1,1,1,1,1,1,1,1,1,1,1,1,1,1,1,1,1,1,1,1,1,1,1,1,1,1,1,1,1,1,1,1,1,1,1,1,1,1,1,1,1,1,1,1,1,1,1,1,1,1],"hRi":[1,1,1,1,1,1,1,1,1,1,1,1,1,1,1,1,1,1,1,1,1,1,1,1,1,1,1,1,1,1,1,1,1,1,1,1,1,1,1,1,1,1,1,1,1,1,1,1,1,1,1],"oRt":[1,1,1,1,1,1,1,1,1,1,1,1,1,1,1,1,1,1,1,1,1,1,1,1,1,1,1,1,1,1,1,1,1,1,1,1,1,1,1,1,1,1,1,1,1,1,1,1,1,1,1],"tXf":[0.031028219631149483,0.031028219631149483,0.031028219631149483,0.031028219631149483,0.031028219631149483,0.031028219631149483,0.031028219631149483,0.031028219631149483,0.031028219631149483,0.031028219631149483,0.031028219631149483,0.031028219631149483,0.031028219631149483,0.031028219631149483,0.031028219631149483,0.031028219631149483,0.031028219631149483,0.031028219631149483,0.031028219631149483,0.031028219631149483,0.031028219631149483,0.031028219631149483,0.031028219631149483,0.031028219631149483,0.031028219631149483,0.031028219631149483,0.031028219631149483,0.031028219631149483,0.031028219631149483,0.031028219631149483,0.031028219631149483,0.031028219631149483,0.031028219631149483,0.031028219631149483,0.031028219631149483,0.031028219631149483,0.031028219631149483,0.031028219631149483,0.031028219631149483,0.031028219631149483,0.031028219631149483,0.031028219631149483,0.031028219631149483,0.031028219631149483,0.031028219631149483,0.031028219631149483,0.031028219631149483,0.031028219631149483,0.031028219631149483,0.031028219631149483,0.031028219631149483]}