{"year":[2000,2001,2002,2003,2004,2005,2006,2007,2008,2009,2010,2011,2012,2013,2014,2015,2016,2017,2018,2019,2020,2021,2022],"iHat":[210,160,180,180,180,160,150,140,140,150,160,150,160,170,160,160,160,150,170,150,160,160,160],"sEi":[38.26530612244898,20.408163265306122,28.06122448979592,25.510204081632654,25.510204081632654,22.95918367346939,20.408163265306122,15.306122448979592,15.306122448979592,20.408163265306122,20.408163265306122,17.857142857142858,22.95918367346939,25.510204081632654,22.95918367346939,22.95918367346939,20.408163265306122,17.857142857142858,25.510204081632654,17.857142857142858,20.408163265306122,20.408163265306122,20.408163265306122],"nHat":[160,123,139,137,137,125,114,106,107,115,122,114,128,130,126,128,121,118,131,119,101,91,120],"sEn":[12.244897959183673,9.413265306122447,10.637755102040817,10.484693877551015,10.484693877551015,9.566326530612246,8.724489795918368,8.112244897959183,8.18877551020408,8.801020408163266,9.336734693877546,8.724489795918368,9.795918367346937,9.948979591836736,9.642857142857139,9.795918367346937,9.260204081632649,9.030612244897958,10.025510204081629,9.107142857142858,7.729591836734693,6.9642857142857135,9.183673469387756],"mHat":[13,15,15,13,16,15,10,17,19,19,15,23,20,25,23,20,24,28,25,27,26,27,28],"sEm":[3.061224489795918,2.295918367346939,2.295918367346939,0.7653061224489796,0.7653061224489796,0.5102040816326531,0.7653061224489796,0.7653061224489796,0.5102040816326531,0.25510204081632654,0.5102040816326531,0.5102040816326531,0.5102040816326531,1.2755102040816326,0.7653061224489796,0.7653061224489796,1.530612244897959,1.7857142857142858,1.7857142857142858,2.0408163265306123,2.0408163265306123,2.0408163265306123,2.0408163265306123],"pHat":["","","","","","","","","","","","","","","","","","","","","","",""],"sEp":[0.0305,0.0305,0.0305,0.0305,0.0305,0.0305,0.0305,0.0305,0.0305,0.0305,0.0305,0.0305,0.0305,0.0305,0.0305,0.0305,0.0305,0.0305,0.0305,0.0305,0.0305,0.0305,0.0305]}