{"year":[2000,2001,2002,2003,2004,2005,2006,2007,2008,2009,2010,2011,2012,2013,2014,2015,2016,2017,2018,2019,2020,2021,2022,2023,2024,2025,2026,2027,2028,2029,2030,2031,2032,2033,2034,2035,2036,2037,2038,2039,2040,2041,2042,2043,2044,2045,2046,2047,2048,2049,2050],"iHat":[43000,45000,47000,49000,50000,51000,51000,52000,52000,51000,50000,48000,45000,42000,38000,33000,31000,29000,28000,28000,27000,26000,25000,null,null,null,null,null,null,null,null,null,null,null,null,null,null,null,null,null,null,null,null,null,null,null,null,null,null,null,null],"sEi":[30153.061224489797,32244.897959183672,34030.61224489796,35306.12244897959,36020.4081632653,36479.5918367347,36377.551020408166,35739.795918367345,34566.32653061225,32857.142857142855,30586.73469387755,27755.102040816328,24234.69387755102,20153.061224489797,15816.326530612245,12244.897959183674,9948.979591836734,8928.57142857143,7908.163265306122,7397.95918367347,7653.061224489796,7653.061224489796,7908.163265306122,null,null,null,null,null,null,null,null,null,null,null,null,null,null,null,null,null,null,null,null,null,null,null,null,null,null,null,null],"nHat":[23604,26094,24595,28234,27030,25491,25054,24461,23929,22674,21092,19361,20335,17779,16267,15737,15516,16902,16022,17342,15539,14759,18534,null,null,null,null,null,null,null,null,null,null,null,null,null,null,null,null,null,null,null,null,null,null,null,null,null,null,null,null],"sEn":[1806.4285714285716,1996.9897959183675,1882.2704081632644,2160.765306122449,2068.622448979591,1950.8418367346937,1917.3979591836737,1872.015306122449,1831.3010204081636,1735.2551020408166,1614.1836734693875,1481.7091836734692,1556.25,1360.6377551020405,1244.9234693877552,1204.3622448979593,1187.4489795918362,1293.5204081632655,1226.1734693877552,1327.1938775510205,1189.2091836734692,1129.5153061224487,1418.4183673469386,null,null,null,null,null,null,null,null,null,null,null,null,null,null,null,null,null,null,null,null,null,null,null,null,null,null,null,null],"mHat":[15000,15000,17000,15000,17000,18000,19000,20000,19000,20000,21000,19000,17000,16000,14000,12000,9900,8100,8100,7000,7700,7700,5500,null,null,null,null,null,null,null,null,null,null,null,null,null,null,null,null,null,null,null,null,null,null,null,null,null,null,null,null],"sEm":[3928.5714285714284,3979.591836734694,4260.2040816326535,3928.5714285714284,4260.2040816326535,4846.938775510204,4336.734693877551,4336.734693877551,4591.836734693878,4336.734693877551,5867.34693877551,4081.6326530612246,3826.530612244898,3341.8367346938776,2882.6530612244896,2474.4897959183672,1964.2857142857142,1734.6938775510205,1734.6938775510205,1377.5510204081634,1530.6122448979593,1556.1224489795918,1173.4693877551022,null,null,null,null,null,null,null,null,null,null,null,null,null,null,null,null,null,null,null,null,null,null,null,null,null,null,null,null],"pHat":[null,null,null,null,null,null,null,null,null,null,null,null,null,null,null,null,null,null,null,null,null,null,null],"sEp":[null,null,null,null,null,null,null,null,null,null,null,null,null,null,null,null,null,null,null,null,null,null,null,null,null,null,null,null,null,null,null,null,null,null,null,null,null,null,null,null,null,null,null,null,null,null,null,null,null,null,null],"modelType":"IPn2","hRd":[1,1,1,1,1,1,1,1,1,1,1,1,1,1,1,1,1,1,1,1,1,1,1,1,1,1,1,1,1,1,1,1,1,1,1,1,1,1,1,1,1,1,1,1,1,1,1,1,1,1,1],"hRi":[1,1,1,1,1,1,1,1,1,1,1,1,1,1,1,1,1,1,1,1,1,1,1,1,1,1,1,1,1,1,1,1,1,1,1,1,1,1,1,1,1,1,1,1,1,1,1,1,1,1,1],"oRt":[1,1,1,1,1,1,1,1,1,1,1,1,1,1,1,1,1,1,1,1,1,1,1,1,1,1,1,1,1,1,1,1,1,1,1,1,1,1,1,1,1,1,1,1,1,1,1,1,1,1,1],"tXf":[0.051966409837150694,0.051966409837150694,0.051966409837150694,0.051966409837150694,0.051966409837150694,0.051966409837150694,0.051966409837150694,0.051966409837150694,0.051966409837150694,0.051966409837150694,0.051966409837150694,0.051966409837150694,0.051966409837150694,0.051966409837150694,0.051966409837150694,0.051966409837150694,0.051966409837150694,0.051966409837150694,0.051966409837150694,0.051966409837150694,0.051966409837150694,0.051966409837150694,0.051966409837150694,0.051966409837150694,0.051966409837150694,0.051966409837150694,0.051966409837150694,0.051966409837150694,0.051966409837150694,0.051966409837150694,0.051966409837150694,0.051966409837150694,0.051966409837150694,0.051966409837150694,0.051966409837150694,0.051966409837150694,0.051966409837150694,0.051966409837150694,0.051966409837150694,0.051966409837150694,0.051966409837150694,0.051966409837150694,0.051966409837150694,0.051966409837150694,0.051966409837150694,0.051966409837150694,0.051966409837150694,0.051966409837150694,0.051966409837150694,0.051966409837150694,0.051966409837150694]}