{"year":[2000,2001,2002,2003,2004,2005,2006,2007,2008,2009,2010,2011,2012,2013,2014,2015,2016,2017,2018,2019,2020,2021,2022,2023,2024,2025,2026,2027,2028,2029,2030,2031,2032,2033,2034,2035,2036,2037,2038,2039,2040,2041,2042,2043,2044,2045,2046,2047,2048,2049,2050],"iHat":[22000,22000,21000,21000,20000,20000,19000,19000,19000,19000,19000,19000,19000,19000,19000,19000,19000,19000,20000,20000,20000,20000,20000,null,null,null,null,null,null,null,null,null,null,null,null,null,null,null,null,null,null,null,null,null,null,null,null,null,null,null,null],"sEi":[9923.469387755102,9056.122448979591,8188.775510204082,7602.040816326531,7244.897959183673,6658.163265306122,6326.530612244898,5739.795918367347,5433.673469387755,5357.142857142857,5102.040816326531,4846.938775510204,4591.836734693878,4591.836734693878,4591.836734693878,4336.734693877551,4336.734693877551,4081.6326530612246,4081.6326530612246,3826.530612244898,4081.6326530612246,4081.6326530612246,4591.836734693878,null,null,null,null,null,null,null,null,null,null,null,null,null,null,null,null,null,null,null,null,null,null,null,null,null,null,null,null],"nHat":[4701,5115,5185,7078,6822,7873,8474,9276,9209,10021,10130,10510,10989,11251,10851,10383,9921,10418,10639,11485,11376,12786,14223,null,null,null,null,null,null,null,null,null,null,null,null,null,null,null,null,null,null,null,null,null,null,null,null,null,null,null,null],"sEn":[359.77040816326524,391.4540816326531,396.8112244897957,541.6836734693877,522.0918367346937,602.5255102040813,648.5204081632651,709.8979591836735,704.7704081632651,766.9132653061223,775.2551020408164,804.3367346938771,840.9948979591834,861.0459183673468,830.4336734693876,794.6173469387754,759.2602040816325,797.2959183673469,814.2091836734692,878.9540816326526,870.612244897959,978.5204081632652,1088.4948979591836,null,null,null,null,null,null,null,null,null,null,null,null,null,null,null,null,null,null,null,null,null,null,null,null,null,null,null,null],"mHat":[8300,7800,7400,6400,6300,5700,5300,4900,4900,4500,4400,4100,3900,3800,4100,4300,4500,4300,4300,4000,4100,3600,3000,null,null,null,null,null,null,null,null,null,null,null,null,null,null,null,null,null,null,null,null,null,null,null,null,null,null,null,null],"sEm":[1760.204081632653,1836.734693877551,1658.1632653061224,1403.061224489796,1377.5510204081634,1250.0,1147.9591836734694,1045.9183673469388,969.3877551020408,892.8571428571429,867.3469387755102,892.8571428571429,867.3469387755102,841.8367346938776,841.8367346938776,918.3673469387755,969.3877551020408,943.8775510204082,943.8775510204082,867.3469387755102,918.3673469387755,790.8163265306123,714.2857142857143,null,null,null,null,null,null,null,null,null,null,null,null,null,null,null,null,null,null,null,null,null,null,null,null,null,null,null,null],"pHat":[null,null,null,null,null,null,null,null,null,null,null,null,null,null,null,null,null,null,null,null,null,null,null],"sEp":[null,null,null,null,null,null,null,null,null,null,null,null,null,null,null,null,null,null,null,null,null,null,null,null,null,null,null,null,null,null,null,null,null,null,null,null,null,null,null,null,null,null,null,null,null,null,null,null,null,null,null],"modelType":"IPn2","hRd":[1,1,1,1,1,1,1,1,1,1,1,1,1,1,1,1,1,1,1,1,1,1,1,1,1,1,1,1,1,1,1,1,1,1,1,1,1,1,1,1,1,1,1,1,1,1,1,1,1,1,1],"hRi":[1,1,1,1,1,1,1,1,1,1,1,1,1,1,1,1,1,1,1,1,1,1,1,1,1,1,1,1,1,1,1,1,1,1,1,1,1,1,1,1,1,1,1,1,1,1,1,1,1,1,1],"oRt":[1,1,1,1,1,1,1,1,1,1,1,1,1,1,1,1,1,1,1,1,1,1,1,1,1,1,1,1,1,1,1,1,1,1,1,1,1,1,1,1,1,1,1,1,1,1,1,1,1,1,1],"tXf":[0.03214242092444687,0.03214242092444687,0.03214242092444687,0.03214242092444687,0.03214242092444687,0.03214242092444687,0.03214242092444687,0.03214242092444687,0.03214242092444687,0.03214242092444687,0.03214242092444687,0.03214242092444687,0.03214242092444687,0.03214242092444687,0.03214242092444687,0.03214242092444687,0.03214242092444687,0.03214242092444687,0.03214242092444687,0.03214242092444687,0.03214242092444687,0.03214242092444687,0.03214242092444687,0.03214242092444687,0.03214242092444687,0.03214242092444687,0.03214242092444687,0.03214242092444687,0.03214242092444687,0.03214242092444687,0.03214242092444687,0.03214242092444687,0.03214242092444687,0.03214242092444687,0.03214242092444687,0.03214242092444687,0.03214242092444687,0.03214242092444687,0.03214242092444687,0.03214242092444687,0.03214242092444687,0.03214242092444687,0.03214242092444687,0.03214242092444687,0.03214242092444687,0.03214242092444687,0.03214242092444687,0.03214242092444687,0.03214242092444687,0.03214242092444687,0.03214242092444687]}