{"year":[2000,2001,2002,2003,2004,2005,2006,2007,2008,2009,2010,2011,2012,2013,2014,2015,2016,2017,2018,2019,2020,2021,2022,2023,2024,2025,2026,2027,2028,2029,2030,2031,2032,2033,2034,2035,2036,2037,2038,2039,2040,2041,2042,2043,2044,2045,2046,2047,2048,2049,2050],"iHat":[370,340,330,290,340,300,390,380,400,380,350,390,440,380,410,380,400,310,280,420,360,270,420,560,null,null,null,null,null,null,null,null,null,null,null,null,null,null,null,null,null,null,null,null,null,null,null,null,null,null,null],"sEi":[28.06122448979592,25.510204081632654,25.510204081632654,22.95918367346939,25.510204081632654,22.95918367346939,30.612244897959183,30.612244897959183,33.16326530612245,28.06122448979592,28.06122448979592,30.612244897959183,33.16326530612245,30.612244897959183,33.16326530612245,30.612244897959183,30.612244897959183,22.95918367346939,22.95918367346939,33.16326530612245,28.06122448979592,20.408163265306122,33.16326530612245,43.36734693877551,null,null,null,null,null,null,null,null,null,null,null,null,null,null,null,null,null,null,null,null,null,null,null,null,null,null,null],"nHat":[321,292,290,255,292,261,339,328,352,334,313,337,383,330,358,328,345,270,246,368,314,231,369,490,null,null,null,null,null,null,null,null,null,null,null,null,null,null,null,null,null,null,null,null,null,null,null,null,null,null,null],"sEn":[24.566326530612248,22.346938775510196,22.19387755102041,19.51530612244898,22.346938775510196,19.974489795918362,25.943877551020407,25.102040816326525,26.938775510204074,25.561224489795915,23.954081632653057,25.790816326530603,29.31122448979591,25.25510204081631,27.397959183673464,25.102040816326525,26.403061224489782,20.66326530612245,18.826530612244895,28.163265306122444,24.030612244897956,17.678571428571423,28.239795918367346,37.5,null,null,null,null,null,null,null,null,null,null,null,null,null,null,null,null,null,null,null,null,null,null,null,null,null,null,null],"mHat":[25,23,21,20,18,18,17,18,17,16,16,17,20,18,18,18,20,18,18,18,18,18,19,20,null,null,null,null,null,null,null,null,null,null,null,null,null,null,null,null,null,null,null,null,null,null,null,null,null,null,null],"sEm":[3.5714285714285716,3.061224489795918,2.806122448979592,2.295918367346939,1.7857142857142858,2.0408163265306123,1.7857142857142858,1.7857142857142858,1.7857142857142858,1.7857142857142858,1.530612244897959,1.7857142857142858,2.0408163265306123,2.0408163265306123,2.0408163265306123,2.295918367346939,2.5510204081632653,2.295918367346939,2.295918367346939,2.295918367346939,2.295918367346939,2.5510204081632653,2.5510204081632653,2.806122448979592,null,null,null,null,null,null,null,null,null,null,null,null,null,null,null,null,null,null,null,null,null,null,null,null,null,null,null],"pHat":[null,null,null,null,null,null,null,null,null,null,null,null,null,null,null,null,null,null,null,null,null,null,null,null],"sEp":[null,null,null,null,null,null,null,null,null,null,null,null,null,null,null,null,null,null,null,null,null,null,null,null,null,null,null,null,null,null,null,null,null,null,null,null,null,null,null,null,null,null,null,null,null,null,null,null,null,null,null],"modelType":"IPn2","hRd":[1,1,1,1,1,1,1,1,1,1,1,1,1,1,1,1,1,1,1,1,1,1,1,1,1,1,1,1,1,1,1,1,1,1,1,1,1,1,1,1,1,1,1,1,1,1,1,1,1,1,1],"hRi":[1,1,1,1,1,1,1,1,1,1,1,1,1,1,1,1,1,1,1,1,1,1,1,1,1,1,1,1,1,1,1,1,1,1,1,1,1,1,1,1,1,1,1,1,1,1,1,1,1,1,1],"oRt":[1,1,1,1,1,1,1,1,1,1,1,1,1,1,1,1,1,1,1,1,1,1,1,1,1,1,1,1,1,1,1,1,1,1,1,1,1,1,1,1,1,1,1,1,1,1,1,1,1,1,1],"tXf":[0.0127678523424141,0.0127678523424141,0.0127678523424141,0.0127678523424141,0.0127678523424141,0.0127678523424141,0.0127678523424141,0.0127678523424141,0.0127678523424141,0.0127678523424141,0.0127678523424141,0.0127678523424141,0.0127678523424141,0.0127678523424141,0.0127678523424141,0.0127678523424141,0.0127678523424141,0.0127678523424141,0.0127678523424141,0.0127678523424141,0.0127678523424141,0.0127678523424141,0.0127678523424141,0.0127678523424141,0.0127678523424141,0.0127678523424141,0.0127678523424141,0.0127678523424141,0.0127678523424141,0.0127678523424141,0.0127678523424141,0.0127678523424141,0.0127678523424141,0.0127678523424141,0.0127678523424141,0.0127678523424141,0.0127678523424141,0.0127678523424141,0.0127678523424141,0.0127678523424141,0.0127678523424141,0.0127678523424141,0.0127678523424141,0.0127678523424141,0.0127678523424141,0.0127678523424141,0.0127678523424141,0.0127678523424141,0.0127678523424141,0.0127678523424141,0.0127678523424141]}