{"year":[2000,2001,2002,2003,2004,2005,2006,2007,2008,2009,2010,2011,2012,2013,2014,2015,2016,2017,2018,2019,2020,2021,2022],"iHat":[425000,438000,450000,460000,470000,481000,491000,501000,512000,524000,536000,548000,557000,565000,562000,570000,573000,577000,582000,588000,584000,615000,608000],"sEi":[88520.40816326531,91581.63265306123,93622.44897959183,95918.36734693877,98214.28571428571,100255.10204081633,102551.02040816327,104591.83673469388,106887.75510204081,109438.77551020408,111734.69387755102,114285.71428571429,116326.5306122449,117602.04081632654,115051.02040816327,108928.57142857143,93112.24489795919,94132.6530612245,94387.75510204081,94642.85714285714,93877.55102040817,94642.85714285714,96683.67346938775],"nHat":[11050,20707,48344,69632,94327,142017,177376,230468,245635,264248,264235,264934,267475,288910,308638,324467,357269,360340,361701,329344,273551,339890,425334],"sEn":[845.663265306122,1584.7193877551017,3699.795918367346,5328.979591836733,7218.903061224488,10868.64795918367,13574.693877551017,17637.857142857134,18798.59693877551,20223.061224489786,20222.066326530614,20275.561224489793,20470.025510204083,22110.45918367347,23620.255102040806,24831.6581632653,27342.015306122452,27577.040816326517,27681.198979591834,25204.897959183676,20935.025510204072,26011.989795918355,32551.07142857143],"mHat":[58000,58000,58000,58000,57000,56000,55000,54000,54000,53000,52000,52000,51000,51000,52000,49000,48000,46000,46000,45000,50000,52000,48000],"sEm":[3316.326530612245,3316.326530612245,3571.4285714285716,3316.326530612245,3316.326530612245,3316.326530612245,3571.4285714285716,3571.4285714285716,3571.4285714285716,3571.4285714285716,3826.530612244898,4081.6326530612246,4081.6326530612246,4336.734693877551,4846.938775510204,4591.836734693878,4591.836734693878,4591.836734693878,4591.836734693878,4591.836734693878,5612.244897959184,6122.448979591837,5102.040816326531],"pHat":["","","","","","","","","","","","","","","","","","","","","","",""],"sEp":[0.0305,0.0305,0.0305,0.0305,0.0305,0.0305,0.0305,0.0305,0.0305,0.0305,0.0305,0.0305,0.0305,0.0305,0.0305,0.0305,0.0305,0.0305,0.0305,0.0305,0.0305,0.0305,0.0305]}