{"year":[2000,2001,2002,2003,2004,2005,2006,2007,2008,2009,2010,2011,2012,2013,2014,2015,2016,2017,2018,2019,2020,2021,2022,2023,2024,2025,2026,2027,2028,2029,2030,2031,2032,2033,2034,2035,2036,2037,2038,2039,2040,2041,2042,2043,2044,2045,2046,2047,2048,2049,2050],"iHat":[1500,2100,2000,2000,2100,2000,2000,2000,2000,1900,1900,2000,1900,1800,1800,2100,2300,2300,2200,1600,1400,1800,2100,null,null,null,null,null,null,null,null,null,null,null,null,null,null,null,null,null,null,null,null,null,null,null,null,null,null,null,null],"sEi":[178.57142857142858,280.6122448979592,255.10204081632654,255.10204081632654,280.6122448979592,255.10204081632654,255.10204081632654,255.10204081632654,255.10204081632654,229.59183673469389,229.59183673469389,255.10204081632654,229.59183673469389,229.59183673469389,229.59183673469389,255.10204081632654,306.12244897959187,306.12244897959187,280.6122448979592,204.08163265306123,178.57142857142858,229.59183673469389,255.10204081632654,null,null,null,null,null,null,null,null,null,null,null,null,null,null,null,null,null,null,null,null,null,null,null,null,null,null,null,null],"nHat":[1169,1718,1577,1620,1701,1637,1636,1596,1635,1535,1541,1632,1520,1469,1476,1661,1830,1889,1727,1266,1145,1466,1660,null,null,null,null,null,null,null,null,null,null,null,null,null,null,null,null,null,null,null,null,null,null,null,null,null,null,null,null],"sEn":[89.4642857142857,131.47959183673467,120.68877551020407,123.97959183673464,130.17857142857142,125.28061224489794,125.20408163265306,122.14285714285714,125.1275510204081,117.47448979591832,117.93367346938774,124.89795918367345,116.32653061224484,112.42346938775512,112.95918367346938,127.1173469387755,140.05102040816325,144.56632653061226,132.16836734693877,96.88775510204081,87.62755102040816,112.19387755102039,127.04081632653056,null,null,null,null,null,null,null,null,null,null,null,null,null,null,null,null,null,null,null,null,null,null,null,null,null,null,null,null],"mHat":[230,250,230,250,230,270,250,250,290,300,260,230,260,270,250,290,260,320,290,280,270,250,240,null,null,null,null,null,null,null,null,null,null,null,null,null,null,null,null,null,null,null,null,null,null,null,null,null,null,null,null],"sEm":[17.857142857142858,25.510204081632654,22.95918367346939,20.408163265306122,20.408163265306122,12.755102040816327,15.306122448979592,12.755102040816327,17.857142857142858,12.755102040816327,12.755102040816327,12.755102040816327,10.204081632653061,10.204081632653061,5.1020408163265305,12.755102040816327,17.857142857142858,22.95918367346939,17.857142857142858,12.755102040816327,12.755102040816327,15.306122448979592,15.306122448979592,null,null,null,null,null,null,null,null,null,null,null,null,null,null,null,null,null,null,null,null,null,null,null,null,null,null,null,null],"pHat":[null,null,null,null,null,null,null,null,null,null,null,null,null,null,null,null,null,null,null,null,null,null,null],"sEp":[null,null,null,null,null,null,null,null,null,null,null,null,null,null,null,null,null,null,null,null,null,null,null,null,null,null,null,null,null,null,null,null,null,null,null,null,null,null,null,null,null,null,null,null,null,null,null,null,null,null,null],"modelType":"IPn2","hRd":[1,1,1,1,1,1,1,1,1,1,1,1,1,1,1,1,1,1,1,1,1,1,1,1,1,1,1,1,1,1,1,1,1,1,1,1,1,1,1,1,1,1,1,1,1,1,1,1,1,1,1],"hRi":[1,1,1,1,1,1,1,1,1,1,1,1,1,1,1,1,1,1,1,1,1,1,1,1,1,1,1,1,1,1,1,1,1,1,1,1,1,1,1,1,1,1,1,1,1,1,1,1,1,1,1],"oRt":[1,1,1,1,1,1,1,1,1,1,1,1,1,1,1,1,1,1,1,1,1,1,1,1,1,1,1,1,1,1,1,1,1,1,1,1,1,1,1,1,1,1,1,1,1,1,1,1,1,1,1],"tXf":[0.0371069522345907,0.0371069522345907,0.0371069522345907,0.0371069522345907,0.0371069522345907,0.0371069522345907,0.0371069522345907,0.0371069522345907,0.0371069522345907,0.0371069522345907,0.0371069522345907,0.0371069522345907,0.0371069522345907,0.0371069522345907,0.0371069522345907,0.0371069522345907,0.0371069522345907,0.0371069522345907,0.0371069522345907,0.0371069522345907,0.0371069522345907,0.0371069522345907,0.0371069522345907,0.0371069522345907,0.0371069522345907,0.0371069522345907,0.0371069522345907,0.0371069522345907,0.0371069522345907,0.0371069522345907,0.0371069522345907,0.0371069522345907,0.0371069522345907,0.0371069522345907,0.0371069522345907,0.0371069522345907,0.0371069522345907,0.0371069522345907,0.0371069522345907,0.0371069522345907,0.0371069522345907,0.0371069522345907,0.0371069522345907,0.0371069522345907,0.0371069522345907,0.0371069522345907,0.0371069522345907,0.0371069522345907,0.0371069522345907,0.0371069522345907,0.0371069522345907]}