{"year":[2000,2001,2002,2003,2004,2005,2006,2007,2008,2009,2010,2011,2012,2013,2014,2015,2016,2017,2018,2019,2020,2021,2022,2023,2024,2025,2026,2027,2028,2029,2030,2031,2032,2033,2034,2035,2036,2037,2038,2039,2040,2041,2042,2043,2044,2045,2046,2047,2048,2049,2050],"iHat":[1500,2100,2000,2000,2100,2000,2000,2000,2000,1900,1900,2000,1900,1800,1800,2100,2300,2300,2200,1600,1400,1800,2100,2600,null,null,null,null,null,null,null,null,null,null,null,null,null,null,null,null,null,null,null,null,null,null,null,null,null,null,null],"sEi":[178.57142857142858,280.6122448979592,255.10204081632654,255.10204081632654,280.6122448979592,255.10204081632654,255.10204081632654,255.10204081632654,255.10204081632654,229.59183673469389,229.59183673469389,255.10204081632654,229.59183673469389,229.59183673469389,229.59183673469389,255.10204081632654,306.12244897959187,306.12244897959187,280.6122448979592,204.08163265306123,178.57142857142858,229.59183673469389,255.10204081632654,331.6326530612245,null,null,null,null,null,null,null,null,null,null,null,null,null,null,null,null,null,null,null,null,null,null,null,null,null,null,null],"nHat":[1262,1879,1802,1843,1944,1828,1847,1773,1772,1661,1671,1740,1675,1542,1528,1744,1887,1968,1837,1353,1184,1512,1755,2224,null,null,null,null,null,null,null,null,null,null,null,null,null,null,null,null,null,null,null,null,null,null,null,null,null,null,null],"sEn":[96.5816326530612,143.80102040816328,137.90816326530603,141.0459183673469,148.77551020408166,139.89795918367344,141.35204081632645,135.68877551020404,135.61224489795916,127.1173469387755,127.88265306122447,133.16326530612238,128.18877551020404,118.01020408163264,116.93877551020405,133.46938775510205,144.41326530612238,150.61224489795916,140.58673469387747,103.5459183673469,90.61224489795917,115.7142857142857,134.31122448979588,170.20408163265307,null,null,null,null,null,null,null,null,null,null,null,null,null,null,null,null,null,null,null,null,null,null,null,null,null,null,null],"mHat":[230,250,230,250,230,280,250,250,290,300,260,240,260,270,250,290,260,320,290,290,270,250,240,230,null,null,null,null,null,null,null,null,null,null,null,null,null,null,null,null,null,null,null,null,null,null,null,null,null,null,null],"sEm":[17.857142857142858,25.510204081632654,22.95918367346939,20.408163265306122,22.95918367346939,12.755102040816327,15.306122448979592,12.755102040816327,17.857142857142858,12.755102040816327,12.755102040816327,12.755102040816327,10.204081632653061,12.755102040816327,5.1020408163265305,12.755102040816327,17.857142857142858,22.95918367346939,17.857142857142858,12.755102040816327,12.755102040816327,15.306122448979592,15.306122448979592,12.755102040816327,null,null,null,null,null,null,null,null,null,null,null,null,null,null,null,null,null,null,null,null,null,null,null,null,null,null,null],"pHat":[null,null,null,null,null,null,null,null,null,null,null,null,null,null,null,null,null,null,null,null,null,null,null,null],"sEp":[null,null,null,null,null,null,null,null,null,null,null,null,null,null,null,null,null,null,null,null,null,null,null,null,null,null,null,null,null,null,null,null,null,null,null,null,null,null,null,null,null,null,null,null,null,null,null,null,null,null,null],"modelType":"IPn2","hRd":[1,1,1,1,1,1,1,1,1,1,1,1,1,1,1,1,1,1,1,1,1,1,1,1,1,1,1,1,1,1,1,1,1,1,1,1,1,1,1,1,1,1,1,1,1,1,1,1,1,1,1],"hRi":[1,1,1,1,1,1,1,1,1,1,1,1,1,1,1,1,1,1,1,1,1,1,1,1,1,1,1,1,1,1,1,1,1,1,1,1,1,1,1,1,1,1,1,1,1,1,1,1,1,1,1],"oRt":[1,1,1,1,1,1,1,1,1,1,1,1,1,1,1,1,1,1,1,1,1,1,1,1,1,1,1,1,1,1,1,1,1,1,1,1,1,1,1,1,1,1,1,1,1,1,1,1,1,1,1],"tXf":[0.03241120712619977,0.03241120712619977,0.03241120712619977,0.03241120712619977,0.03241120712619977,0.03241120712619977,0.03241120712619977,0.03241120712619977,0.03241120712619977,0.03241120712619977,0.03241120712619977,0.03241120712619977,0.03241120712619977,0.03241120712619977,0.03241120712619977,0.03241120712619977,0.03241120712619977,0.03241120712619977,0.03241120712619977,0.03241120712619977,0.03241120712619977,0.03241120712619977,0.03241120712619977,0.03241120712619977,0.03241120712619977,0.03241120712619977,0.03241120712619977,0.03241120712619977,0.03241120712619977,0.03241120712619977,0.03241120712619977,0.03241120712619977,0.03241120712619977,0.03241120712619977,0.03241120712619977,0.03241120712619977,0.03241120712619977,0.03241120712619977,0.03241120712619977,0.03241120712619977,0.03241120712619977,0.03241120712619977,0.03241120712619977,0.03241120712619977,0.03241120712619977,0.03241120712619977,0.03241120712619977,0.03241120712619977,0.03241120712619977,0.03241120712619977,0.03241120712619977]}