{"year":[2000,2001,2002,2003,2004,2005,2006,2007,2008,2009,2010,2011,2012,2013,2014,2015,2016,2017,2018,2019,2020,2021,2022,2023,2024,2025,2026,2027,2028,2029,2030,2031,2032,2033,2034,2035,2036,2037,2038,2039,2040,2041,2042,2043,2044,2045,2046,2047,2048,2049,2050],"iHat":[49000,47000,45000,40000,42000,43000,43000,41000,40000,40000,39000,39000,37000,37000,38000,37000,37000,37000,38000,38000,38000,43000,51000,59000,null,null,null,null,null,null,null,null,null,null,null,null,null,null,null,null,null,null,null,null,null,null,null,null,null,null,null],"sEi":[9438.775510204081,8673.469387755102,8163.265306122449,6377.551020408164,6887.755102040816,6887.755102040816,7142.857142857143,6377.551020408164,6122.448979591837,5867.34693877551,5612.244897959184,5612.244897959184,5102.040816326531,5102.040816326531,5102.040816326531,4846.938775510204,4846.938775510204,4846.938775510204,4846.938775510204,5102.040816326531,4846.938775510204,6122.448979591837,8928.57142857143,11734.69387755102,null,null,null,null,null,null,null,null,null,null,null,null,null,null,null,null,null,null,null,null,null,null,null,null,null,null,null],"nHat":[38661,41995,37139,33058,35131,35541,36643,34534,33667,33169,32477,32844,31705,31052,31461,30988,31079,31120,32642,32970,24581,26437,29541,33113,null,null,null,null,null,null,null,null,null,null,null,null,null,null,null,null,null,null,null,null,null,null,null,null,null,null,null],"sEn":[2958.749999999999,3213.903061224488,2842.2704081632655,2529.948979591836,2688.596938775509,2719.974489795917,2804.311224489795,2642.9081632653065,2576.5561224489784,2538.4438775510207,2485.48469387755,2513.571428571429,2426.4030612244896,2376.42857142857,2407.7295918367336,2371.5306122448974,2378.494897959184,2381.6326530612246,2498.112244897958,2523.214285714286,1881.1989795918366,2023.239795918367,2260.7908163265297,2534.1581632653056,null,null,null,null,null,null,null,null,null,null,null,null,null,null,null,null,null,null,null,null,null,null,null,null,null,null,null],"mHat":[4600,4000,3800,3500,3500,3400,3300,3200,3100,2900,2800,3000,3000,2700,2700,2900,3300,2500,2800,2900,3400,4700,5900,5600,null,null,null,null,null,null,null,null,null,null,null,null,null,null,null,null,null,null,null,null,null,null,null,null,null,null,null],"sEm":[969.3877551020408,790.8163265306123,714.2857142857143,586.7346938775511,535.7142857142858,510.2040816326531,637.7551020408164,535.7142857142858,510.2040816326531,408.16326530612247,382.6530612244898,459.18367346938777,484.6938775510204,382.6530612244898,408.16326530612247,459.18367346938777,586.7346938775511,280.6122448979592,280.6122448979592,280.6122448979592,331.6326530612245,459.18367346938777,765.3061224489796,816.3265306122449,null,null,null,null,null,null,null,null,null,null,null,null,null,null,null,null,null,null,null,null,null,null,null,null,null,null,null],"pHat":[null,null,null,null,null,null,null,null,null,null,null,null,null,null,null,null,null,null,null,null,null,null,null,null],"sEp":[null,null,null,null,null,null,null,null,null,null,null,null,null,null,null,null,null,null,null,null,null,null,null,null,null,null,null,null,null,null,null,null,null,null,null,null,null,null,null,null,null,null,null,null,null,null,null,null,null,null,null],"modelType":"IPn2","hRd":[1,1,1,1,1,1,1,1,1,1,1,1,1,1,1,1,1,1,1,1,1,1,1,1,1,1,1,1,1,1,1,1,1,1,1,1,1,1,1,1,1,1,1,1,1,1,1,1,1,1,1],"hRi":[1,1,1,1,1,1,1,1,1,1,1,1,1,1,1,1,1,1,1,1,1,1,1,1,1,1,1,1,1,1,1,1,1,1,1,1,1,1,1,1,1,1,1,1,1,1,1,1,1,1,1],"oRt":[1,1,1,1,1,1,1,1,1,1,1,1,1,1,1,1,1,1,1,1,1,1,1,1,1,1,1,1,1,1,1,1,1,1,1,1,1,1,1,1,1,1,1,1,1,1,1,1,1,1,1],"tXf":[0.015073337411106693,0.015073337411106693,0.015073337411106693,0.015073337411106693,0.015073337411106693,0.015073337411106693,0.015073337411106693,0.015073337411106693,0.015073337411106693,0.015073337411106693,0.015073337411106693,0.015073337411106693,0.015073337411106693,0.015073337411106693,0.015073337411106693,0.015073337411106693,0.015073337411106693,0.015073337411106693,0.015073337411106693,0.015073337411106693,0.015073337411106693,0.015073337411106693,0.015073337411106693,0.015073337411106693,0.015073337411106693,0.015073337411106693,0.015073337411106693,0.015073337411106693,0.015073337411106693,0.015073337411106693,0.015073337411106693,0.015073337411106693,0.015073337411106693,0.015073337411106693,0.015073337411106693,0.015073337411106693,0.015073337411106693,0.015073337411106693,0.015073337411106693,0.015073337411106693,0.015073337411106693,0.015073337411106693,0.015073337411106693,0.015073337411106693,0.015073337411106693,0.015073337411106693,0.015073337411106693,0.015073337411106693,0.015073337411106693,0.015073337411106693,0.015073337411106693]}