{"year":[2000,2001,2002,2003,2004,2005,2006,2007,2008,2009,2010,2011,2012,2013,2014,2015,2016,2017,2018,2019,2020,2021,2022,2023,2024,2025,2026,2027,2028,2029,2030,2031,2032,2033,2034,2035,2036,2037,2038,2039,2040,2041,2042,2043,2044,2045,2046,2047,2048,2049,2050],"iHat":[49000,47000,46000,40000,42000,43000,43000,41000,41000,40000,39000,39000,38000,37000,38000,38000,37000,37000,38000,39000,38000,43000,52000,null,null,null,null,null,null,null,null,null,null,null,null,null,null,null,null,null,null,null,null,null,null,null,null,null,null,null,null],"sEi":[9438.775510204081,8673.469387755102,8163.265306122449,6377.551020408164,6887.755102040816,6887.755102040816,6887.755102040816,6122.448979591837,6122.448979591837,6122.448979591837,5612.244897959184,5612.244897959184,5102.040816326531,5102.040816326531,4846.938775510204,4846.938775510204,4591.836734693878,4591.836734693878,4846.938775510204,4846.938775510204,5102.040816326531,5357.142857142857,7397.95918367347,null,null,null,null,null,null,null,null,null,null,null,null,null,null,null,null,null,null,null,null,null,null,null,null,null,null,null,null],"nHat":[38661,37197,36092,32064,33414,33747,34311,32407,32193,31844,31073,31241,29760,29867,30147,30010,29894,30040,31659,31993,23924,25865,28538,null,null,null,null,null,null,null,null,null,null,null,null,null,null,null,null,null,null,null,null,null,null,null,null,null,null,null,null],"sEn":[2958.749999999999,2846.709183673468,2762.142857142856,2453.877551020408,2557.1938775510207,2582.67857142857,2625.8418367346926,2480.127551020407,2463.7499999999995,2437.040816326531,2378.0357142857138,2390.892857142856,2277.5510204081634,2285.739795918366,2307.1683673469374,2296.683673469388,2287.8061224489797,2298.979591836735,2422.8826530612246,2448.44387755102,1830.918367346939,1979.4642857142849,2184.0306122448974,null,null,null,null,null,null,null,null,null,null,null,null,null,null,null,null,null,null,null,null,null,null,null,null,null,null,null,null],"mHat":[4600,4000,3800,3500,3500,3400,3400,3200,3100,2900,2800,3100,3000,2700,2700,2900,3300,2600,2800,2900,3400,4700,6100,null,null,null,null,null,null,null,null,null,null,null,null,null,null,null,null,null,null,null,null,null,null,null,null,null,null,null,null],"sEm":[969.3877551020408,790.8163265306123,714.2857142857143,586.7346938775511,535.7142857142858,510.2040816326531,612.2448979591837,535.7142857142858,510.2040816326531,408.16326530612247,382.6530612244898,484.6938775510204,459.18367346938777,408.16326530612247,408.16326530612247,459.18367346938777,586.7346938775511,280.6122448979592,280.6122448979592,306.12244897959187,331.6326530612245,459.18367346938777,663.265306122449,null,null,null,null,null,null,null,null,null,null,null,null,null,null,null,null,null,null,null,null,null,null,null,null,null,null,null,null],"pHat":[null,null,null,null,null,null,null,null,null,null,null,null,null,null,null,null,null,null,null,null,null,null,null],"sEp":[null,null,null,null,null,null,null,null,null,null,null,null,null,null,null,null,null,null,null,null,null,null,null,null,null,null,null,null,null,null,null,null,null,null,null,null,null,null,null,null,null,null,null,null,null,null,null,null,null,null,null],"modelType":"IPn2","hRd":[1,1,1,1,1,1,1,1,1,1,1,1,1,1,1,1,1,1,1,1,1,1,1,1,1,1,1,1,1,1,1,1,1,1,1,1,1,1,1,1,1,1,1,1,1,1,1,1,1,1,1],"hRi":[1,1,1,1,1,1,1,1,1,1,1,1,1,1,1,1,1,1,1,1,1,1,1,1,1,1,1,1,1,1,1,1,1,1,1,1,1,1,1,1,1,1,1,1,1,1,1,1,1,1,1],"oRt":[1,1,1,1,1,1,1,1,1,1,1,1,1,1,1,1,1,1,1,1,1,1,1,1,1,1,1,1,1,1,1,1,1,1,1,1,1,1,1,1,1,1,1,1,1,1,1,1,1,1,1],"tXf":[0.01798436929346255,0.01798436929346255,0.01798436929346255,0.01798436929346255,0.01798436929346255,0.01798436929346255,0.01798436929346255,0.01798436929346255,0.01798436929346255,0.01798436929346255,0.01798436929346255,0.01798436929346255,0.01798436929346255,0.01798436929346255,0.01798436929346255,0.01798436929346255,0.01798436929346255,0.01798436929346255,0.01798436929346255,0.01798436929346255,0.01798436929346255,0.01798436929346255,0.01798436929346255,0.01798436929346255,0.01798436929346255,0.01798436929346255,0.01798436929346255,0.01798436929346255,0.01798436929346255,0.01798436929346255,0.01798436929346255,0.01798436929346255,0.01798436929346255,0.01798436929346255,0.01798436929346255,0.01798436929346255,0.01798436929346255,0.01798436929346255,0.01798436929346255,0.01798436929346255,0.01798436929346255,0.01798436929346255,0.01798436929346255,0.01798436929346255,0.01798436929346255,0.01798436929346255,0.01798436929346255,0.01798436929346255,0.01798436929346255,0.01798436929346255,0.01798436929346255]}