{"year":[2000,2001,2002,2003,2004,2005,2006,2007,2008,2009,2010,2011,2012,2013,2014,2015,2016,2017,2018,2019,2020,2021,2022,2023,2024,2025,2026,2027,2028,2029,2030,2031,2032,2033,2034,2035,2036,2037,2038,2039,2040,2041,2042,2043,2044,2045,2046,2047,2048,2049,2050],"iHat":[470000,472000,473000,474000,474000,475000,474000,474000,486000,498000,512000,526000,540000,554000,567000,580000,591000,599000,607000,614000,600000,659000,714000,739000,null,null,null,null,null,null,null,null,null,null,null,null,null,null,null,null,null,null,null,null,null,null,null,null,null,null,null],"sEi":[133418.3673469388,131887.75510204083,129846.9387755102,127551.02040816327,125510.20408163266,123469.38775510204,121173.4693877551,121173.4693877551,123979.59183673469,127040.81632653062,130867.34693877552,134438.77551020408,138010.20408163266,141581.6326530612,144897.95918367346,148214.2857142857,151020.4081632653,153061.22448979592,155102.04081632654,156632.6530612245,154336.73469387754,177806.1224489796,211989.79591836734,239795.91836734695,null,null,null,null,null,null,null,null,null,null,null,null,null,null,null,null,null,null,null,null,null,null,null,null,null,null,null],"nHat":[119914,107133,118408,134362,130609,137100,148217,142576,145892,153167,174389,206088,230162,244392,267436,286544,345144,328773,382543,419102,263300,328497,444987,585731,null,null,null,null,null,null,null,null,null,null,null,null,null,null,null,null,null,null,null,null,null,null,null,null,null,null,null],"sEn":[9177.09183673469,8198.954081632652,9061.836734693872,10282.806122448977,9995.586734693874,10492.34693877551,11343.13775510204,10911.428571428572,11165.204081632652,11721.964285714284,13346.096938775507,15772.04081632653,17614.438775510207,18703.469387755104,20467.04081632652,21929.387755102038,26414.081632653066,25161.198979591827,29276.249999999993,32074.13265306122,20150.510204081635,25140.07653061224,34055.1275510204,44826.35204081631,null,null,null,null,null,null,null,null,null,null,null,null,null,null,null,null,null,null,null,null,null,null,null,null,null,null,null],"mHat":[33000,33000,35000,33000,32000,32000,31000,28000,29000,29000,28000,28000,28000,28000,28000,28000,29000,29000,29000,30000,35000,41000,38000,37000,null,null,null,null,null,null,null,null,null,null,null,null,null,null,null,null,null,null,null,null,null,null,null,null,null,null,null],"sEm":[1530.6122448979593,1530.6122448979593,1785.7142857142858,1530.6122448979593,1530.6122448979593,1275.5102040816328,1530.6122448979593,1020.4081632653061,1020.4081632653061,765.3061224489796,765.3061224489796,765.3061224489796,1020.4081632653061,1020.4081632653061,765.3061224489796,1020.4081632653061,765.3061224489796,1020.4081632653061,765.3061224489796,1020.4081632653061,1530.6122448979593,4081.6326530612246,7653.061224489796,6632.65306122449,null,null,null,null,null,null,null,null,null,null,null,null,null,null,null,null,null,null,null,null,null,null,null,null,null,null,null],"pHat":[null,null,null,null,null,null,null,null,null,null,null,null,null,null,null,null,null,null,null,null,null,null,null,null],"sEp":[null,null,null,null,null,null,null,null,null,null,null,null,null,null,null,null,null,null,null,null,null,null,null,null,null,null,null,null,null,null,null,null,null,null,null,null,null,null,null,null,null,null,null,null,null,null,null,null,null,null,null],"modelType":"IPn2","hRd":[1,1,1,1,1,1,1,1,1,1,1,1,1,1,1,1,1,1,1,1,1,1,1,1,1,1,1,1,1,1,1,1,1,1,1,1,1,1,1,1,1,1,1,1,1,1,1,1,1,1,1],"hRi":[1,1,1,1,1,1,1,1,1,1,1,1,1,1,1,1,1,1,1,1,1,1,1,1,1,1,1,1,1,1,1,1,1,1,1,1,1,1,1,1,1,1,1,1,1,1,1,1,1,1,1],"oRt":[1,1,1,1,1,1,1,1,1,1,1,1,1,1,1,1,1,1,1,1,1,1,1,1,1,1,1,1,1,1,1,1,1,1,1,1,1,1,1,1,1,1,1,1,1,1,1,1,1,1,1],"tXf":[0.013667474630874404,0.013667474630874404,0.013667474630874404,0.013667474630874404,0.013667474630874404,0.013667474630874404,0.013667474630874404,0.013667474630874404,0.013667474630874404,0.013667474630874404,0.013667474630874404,0.013667474630874404,0.013667474630874404,0.013667474630874404,0.013667474630874404,0.013667474630874404,0.013667474630874404,0.013667474630874404,0.013667474630874404,0.013667474630874404,0.013667474630874404,0.013667474630874404,0.013667474630874404,0.013667474630874404,0.013667474630874404,0.013667474630874404,0.013667474630874404,0.013667474630874404,0.013667474630874404,0.013667474630874404,0.013667474630874404,0.013667474630874404,0.013667474630874404,0.013667474630874404,0.013667474630874404,0.013667474630874404,0.013667474630874404,0.013667474630874404,0.013667474630874404,0.013667474630874404,0.013667474630874404,0.013667474630874404,0.013667474630874404,0.013667474630874404,0.013667474630874404,0.013667474630874404,0.013667474630874404,0.013667474630874404,0.013667474630874404,0.013667474630874404,0.013667474630874404]}