{"year":[2000,2001,2002,2003,2004,2005,2006,2007,2008,2009,2010,2011,2012,2013,2014,2015,2016,2017,2018,2019,2020,2021,2022,2023,2024,2025,2026,2027,2028,2029,2030,2031,2032,2033,2034,2035,2036,2037,2038,2039,2040,2041,2042,2043,2044,2045,2046,2047,2048,2049,2050],"iHat":[24000,25000,25000,26000,27000,28000,29000,30000,31000,32000,33000,34000,35000,36000,37000,38000,38000,39000,40000,41000,42000,43000,44000,null,null,null,null,null,null,null,null,null,null,null,null,null,null,null,null,null,null,null,null,null,null,null,null,null,null,null,null],"sEi":[4846.938775510204,4846.938775510204,5102.040816326531,5357.142857142857,5357.142857142857,5612.244897959184,5612.244897959184,6122.448979591837,6122.448979591837,6122.448979591837,6632.65306122449,6632.65306122449,7142.857142857143,5102.040816326531,3571.4285714285716,3571.4285714285716,3826.530612244898,3826.530612244898,4081.6326530612246,4081.6326530612246,4336.734693877551,4336.734693877551,4591.836734693878,null,null,null,null,null,null,null,null,null,null,null,null,null,null,null,null,null,null,null,null,null,null,null,null,null,null,null,null],"nHat":[10795.152058246991,12989.071744609355,11489.859087090452,13132.733464015682,13076.294931391769,12892.613161579391,12950.077849341922,15394.379389526744,14349.75345841501,12627.865135816299,14911.06031923831,15282.528479417531,21094.67118454215,23249.59697563708,26854.479977597315,27036.109437132458,28297.2541024923,26981.723214785776,28855.48249789975,31802.600056006722,29354.193895267435,30014.01164939793,36644.00000000001,null,null,null,null,null,null,null,null,null,null,null,null,null,null,null,null,null,null,null,null,null,null,null,null,null,null,null,null],"sEn":[805.102040816326,968.7244897959183,856.9132653061225,979.438775510204,975.2295918367346,961.5306122448977,965.8163265306118,1148.1122448979593,1070.2040816326528,941.7857142857141,1112.0663265306116,1139.7704081632648,1573.239795918367,1733.9540816326528,2002.8061224489786,2016.3520408163263,2110.408163265306,2012.2959183673472,2152.0408163265297,2371.836734693876,2189.23469387755,2238.4438775510207,2732.908163265306,null,null,null,null,null,null,null,null,null,null,null,null,null,null,null,null,null,null,null,null,null,null,null,null,null,null,null,null],"mHat":[6400,5900,6800,6500,6800,7300,7600,7000,7800,8600,8400,8600,6500,6000,4800,5100,4900,5800,5400,4800,7300,7400,5000,null,null,null,null,null,null,null,null,null,null,null,null,null,null,null,null,null,null,null,null,null,null,null,null,null,null,null,null],"sEm":[1479.591836734694,1352.0408163265306,1505.1020408163265,1479.591836734694,1505.1020408163265,1683.6734693877552,1607.142857142857,1454.0816326530612,1862.2448979591836,1989.795918367347,1760.204081632653,1964.2857142857142,1403.061224489796,1096.938775510204,816.3265306122449,867.3469387755102,816.3265306122449,943.8775510204082,918.3673469387755,867.3469387755102,1096.938775510204,1147.9591836734694,867.3469387755102,null,null,null,null,null,null,null,null,null,null,null,null,null,null,null,null,null,null,null,null,null,null,null,null,null,null,null,null],"pHat":[null,null,null,null,null,null,null,null,null,null,null,null,null,null,null,null,null,null,null,null,null,null,null],"sEp":[null,null,null,null,null,null,null,null,null,null,null,null,null,null,null,null,null,null,null,null,null,null,null,null,null,null,null,null,null,null,null,null,null,null,null,null,null,null,null,null,null,null,null,null,null,null,null,null,null,null,null],"modelType":"IP","hRd":[1,1,1,1,1,1,1,1,1,1,1,1,1,1,1,1,1,1,1,1,1,1,1,1,1,1,1,1,1,1,1,1,1,1,1,1,1,1,1,1,1,1,1,1,1,1,1,1,1,1,1],"hRi":[1,1,1,1,1,1,1,1,1,1,1,1,1,1,1,1,1,1,1,1,1,1,1,1,1,1,1,1,1,1,1,1,1,1,1,1,1,1,1,1,1,1,1,1,1,1,1,1,1,1,1],"oRt":[1,1,1,1,1,1,1,1,1,1,1,1,1,1,1,1,1,1,1,1,1,1,1,1,1,1,1,1,1,1,1,1,1,1,1,1,1,1,1,1,1,1,1,1,1,1,1,1,1,1,1],"tXf":[0.030632349602724176,0.030632349602724176,0.030632349602724176,0.030632349602724176,0.030632349602724176,0.030632349602724176,0.030632349602724176,0.030632349602724176,0.030632349602724176,0.030632349602724176,0.030632349602724176,0.030632349602724176,0.030632349602724176,0.030632349602724176,0.030632349602724176,0.030632349602724176,0.030632349602724176,0.030632349602724176,0.030632349602724176,0.030632349602724176,0.030632349602724176,0.030632349602724176,0.030632349602724176,0.030632349602724176,0.030632349602724176,0.030632349602724176,0.030632349602724176,0.030632349602724176,0.030632349602724176,0.030632349602724176,0.030632349602724176,0.030632349602724176,0.030632349602724176,0.030632349602724176,0.030632349602724176,0.030632349602724176,0.030632349602724176,0.030632349602724176,0.030632349602724176,0.030632349602724176,0.030632349602724176,0.030632349602724176,0.030632349602724176,0.030632349602724176,0.030632349602724176,0.030632349602724176,0.030632349602724176,0.030632349602724176,0.030632349602724176,0.030632349602724176,0.030632349602724176]}