{"year":[2000,2001,2002,2003,2004,2005,2006,2007,2008,2009,2010,2011,2012,2013,2014,2015,2016,2017,2018,2019,2020,2021,2022,2023,2024,2025,2026,2027,2028,2029,2030,2031,2032,2033,2034,2035,2036,2037,2038,2039,2040,2041,2042,2043,2044,2045,2046,2047,2048,2049,2050],"iHat":[24000,25000,26000,26000,27000,28000,29000,30000,31000,32000,33000,34000,35000,36000,37000,38000,39000,40000,41000,42000,42000,43000,44000,45000,null,null,null,null,null,null,null,null,null,null,null,null,null,null,null,null,null,null,null,null,null,null,null,null,null,null,null],"sEi":[4846.938775510204,4846.938775510204,5102.040816326531,5357.142857142857,5357.142857142857,5612.244897959184,5867.34693877551,6122.448979591837,6122.448979591837,6377.551020408164,6632.65306122449,6887.755102040816,6887.755102040816,4846.938775510204,3571.4285714285716,3826.530612244898,3826.530612244898,4081.6326530612246,4081.6326530612246,4081.6326530612246,4336.734693877551,4591.836734693878,4591.836734693878,4846.938775510204,null,null,null,null,null,null,null,null,null,null,null,null,null,null,null,null,null,null,null,null,null,null,null,null,null,null,null],"nHat":[10520,12658,11197,12798,12743,12564,13532,16183,13984,13220,16113,16324,22488,24860,28567,28696,29751,27934,29364,32346,29959,30180,36644,42761,null,null,null,null,null,null,null,null,null,null,null,null,null,null,null,null,null,null,null,null,null,null,null,null,null,null,null],"sEn":[805.102040816326,968.7244897959183,856.9132653061225,979.438775510204,975.2295918367346,961.5306122448977,1035.6122448979593,1238.4948979591832,1070.2040816326528,1011.7346938775506,1233.1377551020403,1249.285714285714,1721.0204081632648,1902.5510204081625,2186.2499999999986,2196.122448979591,2276.862244897958,2137.8061224489797,2247.244897959184,2475.4591836734685,2292.7806122448983,2309.6938775510203,2804.387755102041,3272.5255102040805,null,null,null,null,null,null,null,null,null,null,null,null,null,null,null,null,null,null,null,null,null,null,null,null,null,null,null],"mHat":[6400,5900,6800,6500,6900,7300,7700,7100,7800,8700,8400,8700,6600,6000,4800,5100,4900,5800,5500,4900,7400,7500,5200,3200,null,null,null,null,null,null,null,null,null,null,null,null,null,null,null,null,null,null,null,null,null,null,null,null,null,null,null],"sEm":[1505.1020408163265,1326.530612244898,1505.1020408163265,1479.591836734694,1479.591836734694,1683.6734693877552,1607.142857142857,1454.0816326530612,1836.734693877551,1989.795918367347,1734.6938775510205,1964.2857142857142,1428.5714285714287,1096.938775510204,790.8163265306123,867.3469387755102,841.8367346938776,969.3877551020408,918.3673469387755,867.3469387755102,1122.4489795918369,1173.4693877551022,918.3673469387755,765.3061224489796,null,null,null,null,null,null,null,null,null,null,null,null,null,null,null,null,null,null,null,null,null,null,null,null,null,null,null],"pHat":[null,null,null,null,null,null,null,null,null,null,null,null,null,null,null,null,null,null,null,null,null,null,null,null],"sEp":[null,null,null,null,null,null,null,null,null,null,null,null,null,null,null,null,null,null,null,null,null,null,null,null,null,null,null,null,null,null,null,null,null,null,null,null,null,null,null,null,null,null,null,null,null,null,null,null,null,null,null],"modelType":"IPn2","hRd":[1,1,1,1,1,1,1,1,1,1,1,1,1,1,1,1,1,1,1,1,1,1,1,1,1,1,1,1,1,1,1,1,1,1,1,1,1,1,1,1,1,1,1,1,1,1,1,1,1,1,1],"hRi":[1,1,1,1,1,1,1,1,1,1,1,1,1,1,1,1,1,1,1,1,1,1,1,1,1,1,1,1,1,1,1,1,1,1,1,1,1,1,1,1,1,1,1,1,1,1,1,1,1,1,1],"oRt":[1,1,1,1,1,1,1,1,1,1,1,1,1,1,1,1,1,1,1,1,1,1,1,1,1,1,1,1,1,1,1,1,1,1,1,1,1,1,1,1,1,1,1,1,1,1,1,1,1,1,1],"tXf":[0.06984812898149328,0.06984812898149328,0.06984812898149328,0.06984812898149328,0.06984812898149328,0.06984812898149328,0.06984812898149328,0.06984812898149328,0.06984812898149328,0.06984812898149328,0.06984812898149328,0.06984812898149328,0.06984812898149328,0.06984812898149328,0.06984812898149328,0.06984812898149328,0.06984812898149328,0.06984812898149328,0.06984812898149328,0.06984812898149328,0.06984812898149328,0.06984812898149328,0.06984812898149328,0.06984812898149328,0.06984812898149328,0.06984812898149328,0.06984812898149328,0.06984812898149328,0.06984812898149328,0.06984812898149328,0.06984812898149328,0.06984812898149328,0.06984812898149328,0.06984812898149328,0.06984812898149328,0.06984812898149328,0.06984812898149328,0.06984812898149328,0.06984812898149328,0.06984812898149328,0.06984812898149328,0.06984812898149328,0.06984812898149328,0.06984812898149328,0.06984812898149328,0.06984812898149328,0.06984812898149328,0.06984812898149328,0.06984812898149328,0.06984812898149328,0.06984812898149328]}