{"year":[2000,2001,2002,2003,2004,2005,2006,2007,2008,2009,2010,2011,2012,2013,2014,2015,2016,2017,2018,2019,2020,2021,2022,2023,2024,2025,2026,2027,2028,2029,2030,2031,2032,2033,2034,2035,2036,2037,2038,2039,2040,2041,2042,2043,2044,2045,2046,2047,2048,2049,2050],"iHat":[13000,12000,12000,12000,10000,9400,9200,9200,8500,8800,8100,9100,8100,8100,7500,7200,7100,6400,6000,5700,3600,4000,4600,null,null,null,null,null,null,null,null,null,null,null,null,null,null,null,null,null,null,null,null,null,null,null,null,null,null,null,null],"sEi":[1020.4081632653061,765.3061224489796,790.8163265306123,765.3061224489796,867.3469387755102,739.795918367347,790.8163265306123,790.8163265306123,663.265306122449,637.7551020408164,612.2448979591837,816.3265306122449,637.7551020408164,637.7551020408164,586.7346938775511,561.2244897959184,561.2244897959184,510.2040816326531,459.18367346938777,433.6734693877551,280.6122448979592,306.12244897959187,357.14285714285717,null,null,null,null,null,null,null,null,null,null,null,null,null,null,null,null,null,null,null,null,null,null,null,null,null,null,null,null],"nHat":[20982279.183754332,19488892.19217434,19327652.465577018,19433226.096087173,16695989.7850421,15745827.110450717,15388796.287270926,15392635.328380385,14244762.036651807,14718883.613670133,13440482.92421991,15252510.327885091,13540297.993065873,13553734.636948984,12572859.633481922,11989325.38484398,11824246.617137196,10632224.352649827,9983426.405151064,9574568.526993562,6050328.788509163,6618506.872709262,7751024.0,null,null,null,null,null,null,null,null,null,null,null,null,null,null,null,null,null,null,null,null,null,null,null,null,null,null,null,null],"sEn":[836.5561224489794,777.0153061224489,770.5867346938772,774.7959183673466,665.6632653061222,627.7806122448976,613.5459183673468,613.6989795918365,567.9336734693878,586.8367346938772,535.8673469387754,608.1122448979593,539.8469387755101,540.3826530612246,501.2755102040814,478.0102040816327,471.4285714285712,423.90306122448976,398.03571428571433,381.7346938775509,241.22448979591834,263.8775510204082,309.030612244898,null,null,null,null,null,null,null,null,null,null,null,null,null,null,null,null,null,null,null,null,null,null,null,null,null,null,null,null],"mHat":[1200,1200,1100,1100,950,920,840,860,910,830,640,720,700,600,600,600,620,590,590,590,590,590,610,null,null,null,null,null,null,null,null,null,null,null,null,null,null,null,null,null,null,null,null,null,null,null,null,null,null,null,null],"sEm":[25.510204081632654,25.510204081632654,25.510204081632654,25.510204081632654,20.408163265306122,17.857142857142858,15.306122448979592,17.857142857142858,15.306122448979592,15.306122448979592,12.755102040816327,12.755102040816327,12.755102040816327,10.204081632653061,12.755102040816327,12.755102040816327,12.755102040816327,17.857142857142858,17.857142857142858,17.857142857142858,17.857142857142858,15.306122448979592,17.857142857142858,null,null,null,null,null,null,null,null,null,null,null,null,null,null,null,null,null,null,null,null,null,null,null,null,null,null,null,null],"pHat":[null,null,null,null,null,null,null,null,null,null,null,null,null,null,null,null,null,null,null,null,null,null,null],"sEp":[null,null,null,null,null,null,null,null,null,null,null,null,null,null,null,null,null,null,null,null,null,null,null,null,null,null,null,null,null,null,null,null,null,null,null,null,null,null,null,null,null,null,null,null,null,null,null,null,null,null,null],"modelType":"IP","hRd":[1,1,1,1,1,1,1,1,1,1,1,1,1,1,1,1,1,1,1,1,1,1,1,1,1,1,1,1,1,1,1,1,1,1,1,1,1,1,1,1,1,1,1,1,1,1,1,1,1,1,1],"hRi":[1,1,1,1,1,1,1,1,1,1,1,1,1,1,1,1,1,1,1,1,1,1,1,1,1,1,1,1,1,1,1,1,1,1,1,1,1,1,1,1,1,1,1,1,1,1,1,1,1,1,1],"oRt":[1,1,1,1,1,1,1,1,1,1,1,1,1,1,1,1,1,1,1,1,1,1,1,1,1,1,1,1,1,1,1,1,1,1,1,1,1,1,1,1,1,1,1,1,1,1,1,1,1,1,1],"tXf":[0.031028219631149483,0.031028219631149483,0.031028219631149483,0.031028219631149483,0.031028219631149483,0.031028219631149483,0.031028219631149483,0.031028219631149483,0.031028219631149483,0.031028219631149483,0.031028219631149483,0.031028219631149483,0.031028219631149483,0.031028219631149483,0.031028219631149483,0.031028219631149483,0.031028219631149483,0.031028219631149483,0.031028219631149483,0.031028219631149483,0.031028219631149483,0.031028219631149483,0.031028219631149483,0.031028219631149483,0.031028219631149483,0.031028219631149483,0.031028219631149483,0.031028219631149483,0.031028219631149483,0.031028219631149483,0.031028219631149483,0.031028219631149483,0.031028219631149483,0.031028219631149483,0.031028219631149483,0.031028219631149483,0.031028219631149483,0.031028219631149483,0.031028219631149483,0.031028219631149483,0.031028219631149483,0.031028219631149483,0.031028219631149483,0.031028219631149483,0.031028219631149483,0.031028219631149483,0.031028219631149483,0.031028219631149483,0.031028219631149483,0.031028219631149483,0.031028219631149483]}