{"year":[2000,2001,2002,2003,2004,2005,2006,2007,2008,2009,2010,2011,2012,2013,2014,2015,2016,2017,2018,2019,2020,2021,2022,2023,2024,2025,2026,2027,2028,2029,2030,2031,2032,2033,2034,2035,2036,2037,2038,2039,2040,2041,2042,2043,2044,2045,2046,2047,2048,2049,2050],"iHat":[200,140,150,130,140,130,130,110,110,72,92,58,82,56,51,60,75,45,29,41,31,20,24,null,null,null,null,null,null,null,null,null,null,null,null,null,null,null,null,null,null,null,null,null,null,null,null,null,null,null,null],"sEi":[15.306122448979592,10.204081632653061,10.204081632653061,10.204081632653061,10.204081632653061,10.204081632653061,10.204081632653061,8.673469387755102,9.438775510204081,5.612244897959184,7.908163265306123,4.336734693877551,6.122448979591836,4.336734693877551,3.826530612244898,4.591836734693878,5.612244897959184,3.5714285714285716,2.0408163265306123,3.316326530612245,2.295918367346939,1.530612244897959,1.7857142857142858,null,null,null,null,null,null,null,null,null,null,null,null,null,null,null,null,null,null,null,null,null,null,null,null,null,null,null,null],"nHat":[174,121,129,115,123,113,112,98,95,63,80,50,71,49,44,52,65,39,25,36,27,17,21,null,null,null,null,null,null,null,null,null,null,null,null,null,null,null,null,null,null,null,null,null,null,null,null,null,null,null,null],"sEn":[13.316326530612242,9.260204081632649,9.872448979591837,8.801020408163266,9.413265306122447,8.647959183673468,8.571428571428566,7.499999999999998,7.270408163265302,4.821428571428569,6.122448979591836,3.826530612244896,5.433673469387752,3.749999999999999,3.3673469387755093,3.9795918367346945,4.974489795918368,2.9846938775510194,1.913265306122448,2.7551020408163267,2.0663265306122445,1.3010204081632648,1.6071428571428574,null,null,null,null,null,null,null,null,null,null,null,null,null,null,null,null,null,null,null,null,null,null,null,null,null,null,null,null],"mHat":[23,34,25,17,30,28,23,21,21,11,16,15,16,14,12,8,15,8,6,6,6,6,6,null,null,null,null,null,null,null,null,null,null,null,null,null,null,null,null,null,null,null,null,null,null,null,null,null,null,null,null],"sEm":[0.0,0.0,0.25510204081632654,0.0,2.0408163265306123,1.7857142857142858,1.2755102040816326,1.2755102040816326,1.530612244897959,0.7653061224489796,1.0204081632653061,0.7653061224489796,0.7653061224489796,0.7653061224489796,0.5102040816326531,0.7653061224489796,0.7653061224489796,0.7653061224489796,0.5102040816326531,0.5102040816326531,0.5102040816326531,0.5102040816326531,0.5102040816326531,null,null,null,null,null,null,null,null,null,null,null,null,null,null,null,null,null,null,null,null,null,null,null,null,null,null,null,null],"pHat":[null,null,null,null,null,null,null,null,null,null,null,null,null,null,null,null,null,null,null,null,null,null,null],"sEp":[null,null,null,null,null,null,null,null,null,null,null,null,null,null,null,null,null,null,null,null,null,null,null,null,null,null,null,null,null,null,null,null,null,null,null,null,null,null,null,null,null,null,null,null,null,null,null,null,null,null,null],"modelType":"IPn2","hRd":[1,1,1,1,1,1,1,1,1,1,1,1,1,1,1,1,1,1,1,1,1,1,1,1,1,1,1,1,1,1,1,1,1,1,1,1,1,1,1,1,1,1,1,1,1,1,1,1,1,1,1],"hRi":[1,1,1,1,1,1,1,1,1,1,1,1,1,1,1,1,1,1,1,1,1,1,1,1,1,1,1,1,1,1,1,1,1,1,1,1,1,1,1,1,1,1,1,1,1,1,1,1,1,1,1],"oRt":[1,1,1,1,1,1,1,1,1,1,1,1,1,1,1,1,1,1,1,1,1,1,1,1,1,1,1,1,1,1,1,1,1,1,1,1,1,1,1,1,1,1,1,1,1,1,1,1,1,1,1],"tXf":[0.12570800109980754,0.12570800109980754,0.12570800109980754,0.12570800109980754,0.12570800109980754,0.12570800109980754,0.12570800109980754,0.12570800109980754,0.12570800109980754,0.12570800109980754,0.12570800109980754,0.12570800109980754,0.12570800109980754,0.12570800109980754,0.12570800109980754,0.12570800109980754,0.12570800109980754,0.12570800109980754,0.12570800109980754,0.12570800109980754,0.12570800109980754,0.12570800109980754,0.12570800109980754,0.12570800109980754,0.12570800109980754,0.12570800109980754,0.12570800109980754,0.12570800109980754,0.12570800109980754,0.12570800109980754,0.12570800109980754,0.12570800109980754,0.12570800109980754,0.12570800109980754,0.12570800109980754,0.12570800109980754,0.12570800109980754,0.12570800109980754,0.12570800109980754,0.12570800109980754,0.12570800109980754,0.12570800109980754,0.12570800109980754,0.12570800109980754,0.12570800109980754,0.12570800109980754,0.12570800109980754,0.12570800109980754,0.12570800109980754,0.12570800109980754,0.12570800109980754]}