{"year":[2000,2001,2002,2003,2004,2005,2006,2007,2008,2009,2010,2011,2012,2013,2014,2015,2016,2017,2018,2019,2020,2021,2022],"iHat":[120000,121000,121000,122000,123000,124000,124000,125000,125000,126000,127000,127000,128000,128000,129000,130000,130000,131000,131000,132000,133000,133000,134000],"sEi":[8163.265306122449,8163.265306122449,8418.367346938776,8418.367346938776,8418.367346938776,8418.367346938776,8673.469387755102,8418.367346938776,8673.469387755102,8673.469387755102,8673.469387755102,8673.469387755102,8673.469387755102,8673.469387755102,8928.57142857143,8673.469387755102,8928.57142857143,8928.57142857143,9183.673469387755,8928.57142857143,9948.979591836734,9948.979591836734,9948.979591836734],"nHat":[34131,29284,40159,49342,44602,42722,44558,58802,72541,76336,84648,91433,91885,97665,103045,112840,112606,100553,89939,95722,89640,87413,81776],"sEn":[2612.066326530611,2241.1224489795923,3073.3928571428564,3776.1734693877547,3413.4183673469383,3269.54081632653,3410.051020408164,4500.153061224488,5551.607142857142,5842.040816326529,6478.1632653061215,6997.423469387753,7032.0153061224455,7474.362244897956,7886.096938775507,8635.714285714283,8617.806122448981,7695.382653061223,6883.086734693877,7325.663265306121,6860.20408163265,6689.770408163264,6258.367346938777],"mHat":[0,0,0,0,0,0,0,0,0,0,0,0,0,0,0,0,0,0,0,0,0,0,0],"sEm":[0.0,0.0,0.0,0.0,0.0,0.0,0.0,0.0,0.0,0.0,0.0,0.0,0.0,0.0,0.0,0.0,0.0,0.0,0.0,0.0,0.0,0.0,0.0],"pHat":["","","","","","","","","","","","","","","","","","","","","","",""],"sEp":[0.0305,0.0305,0.0305,0.0305,0.0305,0.0305,0.0305,0.0305,0.0305,0.0305,0.0305,0.0305,0.0305,0.0305,0.0305,0.0305,0.0305,0.0305,0.0305,0.0305,0.0305,0.0305,0.0305]}