{"year":[2000,2001,2002,2003,2004,2005,2006,2007,2008,2009,2010,2011,2012,2013,2014,2015,2016,2017,2018,2019,2020,2021,2022,2023,2024,2025,2026,2027,2028,2029,2030,2031,2032,2033,2034,2035,2036,2037,2038,2039,2040,2041,2042,2043,2044,2045,2046,2047,2048,2049,2050],"iHat":[2200,2300,2300,2500,2500,2300,2600,2400,2400,2500,2400,2500,2600,2400,2400,2500,2600,2700,2800,3000,3000,3100,3100,null,null,null,null,null,null,null,null,null,null,null,null,null,null,null,null,null,null,null,null,null,null,null,null,null,null,null,null],"sEi":[153.06122448979593,153.06122448979593,178.57142857142858,204.08163265306123,178.57142857142858,178.57142857142858,229.59183673469389,178.57142857142858,153.06122448979593,178.57142857142858,178.57142857142858,178.57142857142858,178.57142857142858,153.06122448979593,153.06122448979593,153.06122448979593,178.57142857142858,178.57142857142858,204.08163265306123,229.59183673469389,255.10204081632654,255.10204081632654,280.6122448979592,null,null,null,null,null,null,null,null,null,null,null,null,null,null,null,null,null,null,null,null,null,null,null,null,null,null,null,null],"nHat":[2142.1270718232045,2277.245856353591,2314.59576427256,2520.0202578268872,2560.665745856353,2376.113259668508,2691.3904235727437,2491.4585635359113,2449.7145488029464,2582.636279926335,2511.232044198895,2599.1141804788213,2659.5331491712705,2487.064456721915,2473.8821362799263,2593.6215469613257,2688.0948434622464,2845.184162062615,2852.8738489871084,3123.1114180478817,2604.6068139963168,3009.9631675874766,3578.9999999999995,null,null,null,null,null,null,null,null,null,null,null,null,null,null,null,null,null,null,null,null,null,null,null,null,null,null,null,null],"sEn":[149.23469387755102,158.64795918367344,161.24999999999991,175.56122448979593,178.39285714285708,165.53571428571425,187.5,173.57142857142853,170.66326530612244,179.92346938775503,174.94897959183666,181.0714285714285,185.2806122448979,173.265306122449,172.34693877551013,180.688775510204,187.27040816326527,198.2142857142856,198.74999999999997,217.57653061224494,181.454081632653,209.6938775510203,249.3367346938776,null,null,null,null,null,null,null,null,null,null,null,null,null,null,null,null,null,null,null,null,null,null,null,null,null,null,null,null],"mHat":[240,220,220,240,280,290,260,210,260,220,240,280,240,260,270,260,300,270,270,280,300,310,290,null,null,null,null,null,null,null,null,null,null,null,null,null,null,null,null,null,null,null,null,null,null,null,null,null,null,null,null],"sEm":[28.06122448979592,25.510204081632654,28.06122448979592,30.612244897959183,28.06122448979592,25.510204081632654,22.95918367346939,15.306122448979592,22.95918367346939,17.857142857142858,12.755102040816327,17.857142857142858,15.306122448979592,12.755102040816327,17.857142857142858,12.755102040816327,12.755102040816327,15.306122448979592,15.306122448979592,17.857142857142858,20.408163265306122,20.408163265306122,22.95918367346939,null,null,null,null,null,null,null,null,null,null,null,null,null,null,null,null,null,null,null,null,null,null,null,null,null,null,null,null],"pHat":[null,null,null,null,null,null,null,null,null,null,null,null,null,null,null,null,null,null,null,null,null,null,null],"sEp":[null,null,null,null,null,null,null,null,null,null,null,null,null,null,null,null,null,null,null,null,null,null,null,null,null,null,null,null,null,null,null,null,null,null,null,null,null,null,null,null,null,null,null,null,null,null,null,null,null,null,null],"modelType":"IP","hRd":[1,1,1,1,1,1,1,1,1,1,1,1,1,1,1,1,1,1,1,1,1,1,1,1,1,1,1,1,1,1,1,1,1,1,1,1,1,1,1,1,1,1,1,1,1,1,1,1,1,1,1],"hRi":[1,1,1,1,1,1,1,1,1,1,1,1,1,1,1,1,1,1,1,1,1,1,1,1,1,1,1,1,1,1,1,1,1,1,1,1,1,1,1,1,1,1,1,1,1,1,1,1,1,1,1],"oRt":[1,1,1,1,1,1,1,1,1,1,1,1,1,1,1,1,1,1,1,1,1,1,1,1,1,1,1,1,1,1,1,1,1,1,1,1,1,1,1,1,1,1,1,1,1,1,1,1,1,1,1],"tXf":[0.03110769230769231,0.03110769230769231,0.03110769230769231,0.03110769230769231,0.03110769230769231,0.03110769230769231,0.03110769230769231,0.03110769230769231,0.03110769230769231,0.03110769230769231,0.03110769230769231,0.03110769230769231,0.03110769230769231,0.03110769230769231,0.03110769230769231,0.03110769230769231,0.03110769230769231,0.03110769230769231,0.03110769230769231,0.03110769230769231,0.03110769230769231,0.03110769230769231,0.03110769230769231,0.03110769230769231,0.03110769230769231,0.03110769230769231,0.03110769230769231,0.03110769230769231,0.03110769230769231,0.03110769230769231,0.03110769230769231,0.03110769230769231,0.03110769230769231,0.03110769230769231,0.03110769230769231,0.03110769230769231,0.03110769230769231,0.03110769230769231,0.03110769230769231,0.03110769230769231,0.03110769230769231,0.03110769230769231,0.03110769230769231,0.03110769230769231,0.03110769230769231,0.03110769230769231,0.03110769230769231,0.03110769230769231,0.03110769230769231,0.03110769230769231,0.03110769230769231]}