{"year":[2000,2001,2002,2003,2004,2005,2006,2007,2008,2009,2010,2011,2012,2013,2014,2015,2016,2017,2018,2019,2020,2021,2022,2023,2024,2025,2026,2027,2028,2029,2030,2031,2032,2033,2034,2035,2036,2037,2038,2039,2040,2041,2042,2043,2044,2045,2046,2047,2048,2049,2050],"iHat":[2100,2300,2300,2500,2500,2300,2600,2400,2400,2500,2400,2500,2600,2400,2400,2500,2600,2700,2800,3000,3000,3100,3100,4300,null,null,null,null,null,null,null,null,null,null,null,null,null,null,null,null,null,null,null,null,null,null,null,null,null,null,null],"sEi":[153.06122448979593,153.06122448979593,153.06122448979593,204.08163265306123,178.57142857142858,178.57142857142858,204.08163265306123,178.57142857142858,153.06122448979593,204.08163265306123,178.57142857142858,178.57142857142858,178.57142857142858,153.06122448979593,153.06122448979593,153.06122448979593,178.57142857142858,178.57142857142858,178.57142857142858,229.59183673469389,204.08163265306123,255.10204081632654,280.6122448979592,306.12244897959187,null,null,null,null,null,null,null,null,null,null,null,null,null,null,null,null,null,null,null,null,null,null,null,null,null,null,null],"nHat":[2466,2555,2333,2298,2572,2373,2644,2410,2376,2501,2458,2536,2618,2423,2417,2530,2611,2770,2822,3097,2592,2996,3579,4107,null,null,null,null,null,null,null,null,null,null,null,null,null,null,null,null,null,null,null,null,null,null,null,null,null,null,null],"sEn":[188.7244897959183,195.53571428571428,178.5459183673469,175.86734693877548,196.83673469387753,181.60714285714283,202.34693877551015,184.4387755102041,181.83673469387747,191.40306122448973,188.11224489795921,194.08163265306115,200.3571428571429,185.43367346938777,184.97448979591834,193.62244897959184,199.8214285714285,211.98979591836724,215.96938775510202,237.01530612244895,198.36734693877548,229.28571428571422,273.90306122448965,314.3112244897958,null,null,null,null,null,null,null,null,null,null,null,null,null,null,null,null,null,null,null,null,null,null,null,null,null,null,null],"mHat":[240,220,220,240,280,280,260,210,250,220,240,280,240,260,260,260,290,260,270,270,300,310,300,290,null,null,null,null,null,null,null,null,null,null,null,null,null,null,null,null,null,null,null,null,null,null,null,null,null,null,null],"sEm":[30.612244897959183,25.510204081632654,28.06122448979592,30.612244897959183,25.510204081632654,28.06122448979592,22.95918367346939,17.857142857142858,22.95918367346939,20.408163265306122,12.755102040816327,15.306122448979592,15.306122448979592,12.755102040816327,17.857142857142858,12.755102040816327,12.755102040816327,17.857142857142858,15.306122448979592,17.857142857142858,17.857142857142858,20.408163265306122,20.408163265306122,20.408163265306122,null,null,null,null,null,null,null,null,null,null,null,null,null,null,null,null,null,null,null,null,null,null,null,null,null,null,null],"pHat":[null,null,null,null,null,null,null,null,null,null,null,null,null,null,null,null,null,null,null,null,null,null,null,null],"sEp":[null,null,null,null,null,null,null,null,null,null,null,null,null,null,null,null,null,null,null,null,null,null,null,null,null,null,null,null,null,null,null,null,null,null,null,null,null,null,null,null,null,null,null,null,null,null,null,null,null,null,null],"modelType":"IPn2","hRd":[1,1,1,1,1,1,1,1,1,1,1,1,1,1,1,1,1,1,1,1,1,1,1,1,1,1,1,1,1,1,1,1,1,1,1,1,1,1,1,1,1,1,1,1,1,1,1,1,1,1,1],"hRi":[1,1,1,1,1,1,1,1,1,1,1,1,1,1,1,1,1,1,1,1,1,1,1,1,1,1,1,1,1,1,1,1,1,1,1,1,1,1,1,1,1,1,1,1,1,1,1,1,1,1,1],"oRt":[1,1,1,1,1,1,1,1,1,1,1,1,1,1,1,1,1,1,1,1,1,1,1,1,1,1,1,1,1,1,1,1,1,1,1,1,1,1,1,1,1,1,1,1,1,1,1,1,1,1,1],"tXf":[0.044176446855114584,0.044176446855114584,0.044176446855114584,0.044176446855114584,0.044176446855114584,0.044176446855114584,0.044176446855114584,0.044176446855114584,0.044176446855114584,0.044176446855114584,0.044176446855114584,0.044176446855114584,0.044176446855114584,0.044176446855114584,0.044176446855114584,0.044176446855114584,0.044176446855114584,0.044176446855114584,0.044176446855114584,0.044176446855114584,0.044176446855114584,0.044176446855114584,0.044176446855114584,0.044176446855114584,0.044176446855114584,0.044176446855114584,0.044176446855114584,0.044176446855114584,0.044176446855114584,0.044176446855114584,0.044176446855114584,0.044176446855114584,0.044176446855114584,0.044176446855114584,0.044176446855114584,0.044176446855114584,0.044176446855114584,0.044176446855114584,0.044176446855114584,0.044176446855114584,0.044176446855114584,0.044176446855114584,0.044176446855114584,0.044176446855114584,0.044176446855114584,0.044176446855114584,0.044176446855114584,0.044176446855114584,0.044176446855114584,0.044176446855114584,0.044176446855114584]}