{"year":[2000,2001,2002,2003,2004,2005,2006,2007,2008,2009,2010,2011,2012,2013,2014,2015,2016,2017,2018,2019,2020,2021,2022,2023,2024,2025,2026,2027,2028,2029,2030,2031,2032,2033,2034,2035,2036,2037,2038,2039,2040,2041,2042,2043,2044,2045,2046,2047,2048,2049,2050],"iHat":[71,71,76,59,71,72,79,74,58,61,47,74,58,60,64,53,63,60,62,57,74,39,63,null,null,null,null,null,null,null,null,null,null,null,null,null,null,null,null,null,null,null,null,null,null,null,null,null,null,null,null],"sEi":[5.357142857142858,5.357142857142858,5.86734693877551,4.591836734693878,5.357142857142858,5.612244897959184,6.122448979591836,5.612244897959184,4.336734693877551,4.591836734693878,3.5714285714285716,5.612244897959184,4.336734693877551,4.591836734693878,4.846938775510204,4.081632653061225,4.846938775510204,4.591836734693878,4.846938775510204,4.336734693877551,5.612244897959184,3.061224489795918,4.846938775510204,null,null,null,null,null,null,null,null,null,null,null,null,null,null,null,null,null,null,null,null,null,null,null,null,null,null,null,null],"nHat":[8581490.857142858,8581490.857142858,9135135.42857143,7058968.285714286,8581490.857142858,8719902.0,9550368.857142858,8858313.142857144,6920557.142857144,7335790.571428572,5674856.857142857,8858313.142857144,6920557.142857144,7335790.571428572,7751024.000000001,6366912.571428572,7751024.000000001,7197379.428571429,7612612.857142858,0.0,8858313.142857144,4705978.857142857,7751024.000000001,null,null,null,null,null,null,null,null,null,null,null,null,null,null,null,null,null,null,null,null,null,null,null,null,null,null,null,null],"sEn":[4.744897959183674,4.744897959183674,5.051020408163263,3.9030612244897953,4.744897959183674,4.821428571428569,5.280612244897958,4.897959183673469,3.826530612244896,4.0561224489795915,3.1377551020408156,4.897959183673469,3.826530612244896,4.0561224489795915,4.285714285714283,3.5204081632653055,4.285714285714283,3.9795918367346945,4.209183673469386,0.0,4.897959183673469,2.6020408163265296,4.285714285714283,null,null,null,null,null,null,null,null,null,null,null,null,null,null,null,null,null,null,null,null,null,null,null,null,null,null,null,null],"mHat":[6,6,6,5,6,6,7,6,5,5,4,6,5,5,6,5,6,5,5,5,6,3,5,null,null,null,null,null,null,null,null,null,null,null,null,null,null,null,null,null,null,null,null,null,null,null,null,null,null,null,null],"sEm":[1.2755102040816326,1.2755102040816326,1.530612244897959,1.0204081632653061,1.2755102040816326,1.2755102040816326,1.530612244897959,1.2755102040816326,1.0204081632653061,1.2755102040816326,0.7653061224489796,1.530612244897959,1.0204081632653061,1.2755102040816326,1.2755102040816326,1.0204081632653061,1.2755102040816326,1.2755102040816326,1.2755102040816326,1.0204081632653061,1.2755102040816326,0.7653061224489796,1.2755102040816326,null,null,null,null,null,null,null,null,null,null,null,null,null,null,null,null,null,null,null,null,null,null,null,null,null,null,null,null],"pHat":[null,null,null,null,null,null,null,null,null,null,null,null,null,null,null,null,null,null,null,null,null,null,null],"sEp":[null,null,null,null,null,null,null,null,null,null,null,null,null,null,null,null,null,null,null,null,null,null,null,null,null,null,null,null,null,null,null,null,null,null,null,null,null,null,null,null,null,null,null,null,null,null,null,null,null,null,null],"modelType":"IP","hRd":[1,1,1,1,1,1,1,1,1,1,1,1,1,1,1,1,1,1,1,1,1,1,1,1,1,1,1,1,1,1,1,1,1,1,1,1,1,1,1,1,1,1,1,1,1,1,1,1,1,1,1],"hRi":[1,1,1,1,1,1,1,1,1,1,1,1,1,1,1,1,1,1,1,1,1,1,1,1,1,1,1,1,1,1,1,1,1,1,1,1,1,1,1,1,1,1,1,1,1,1,1,1,1,1,1],"oRt":[1,1,1,1,1,1,1,1,1,1,1,1,1,1,1,1,1,1,1,1,1,1,1,1,1,1,1,1,1,1,1,1,1,1,1,1,1,1,1,1,1,1,1,1,1,1,1,1,1,1,1],"tXf":[0.031028219631149483,0.031028219631149483,0.031028219631149483,0.031028219631149483,0.031028219631149483,0.031028219631149483,0.031028219631149483,0.031028219631149483,0.031028219631149483,0.031028219631149483,0.031028219631149483,0.031028219631149483,0.031028219631149483,0.031028219631149483,0.031028219631149483,0.031028219631149483,0.031028219631149483,0.031028219631149483,0.031028219631149483,0.031028219631149483,0.031028219631149483,0.031028219631149483,0.031028219631149483,0.031028219631149483,0.031028219631149483,0.031028219631149483,0.031028219631149483,0.031028219631149483,0.031028219631149483,0.031028219631149483,0.031028219631149483,0.031028219631149483,0.031028219631149483,0.031028219631149483,0.031028219631149483,0.031028219631149483,0.031028219631149483,0.031028219631149483,0.031028219631149483,0.031028219631149483,0.031028219631149483,0.031028219631149483,0.031028219631149483,0.031028219631149483,0.031028219631149483,0.031028219631149483,0.031028219631149483,0.031028219631149483,0.031028219631149483,0.031028219631149483,0.031028219631149483]}