{"year":[2000,2001,2002,2003,2004,2005,2006,2007,2008,2009,2010,2011,2012,2013,2014,2015,2016,2017,2018,2019,2020,2021,2022],"iHat":[32000,33000,34000,34000,33000,30000,28000,26000,25000,24000,21000,20000,19000,18000,17000,16000,15000,14000,13000,13000,8300,8700,10000],"sEi":[2551.0204081632655,2551.0204081632655,2806.122448979592,2551.0204081632655,2551.0204081632655,2295.918367346939,2040.8163265306123,2040.8163265306123,2040.8163265306123,1785.7142857142858,1785.7142857142858,1530.6122448979593,1275.5102040816328,1530.6122448979593,1275.5102040816328,1275.5102040816328,1020.4081632653061,1020.4081632653061,1020.4081632653061,1020.4081632653061,637.7551020408164,637.7551020408164,841.8367346938776],"nHat":[27470,28580,29752,29673,28570,26106,24295,22590,21724,20643,18590,17045,16107,15644,14963,14346,12894,12394,11683,11162,7246,7647,8875],"sEn":[2102.295918367346,2187.2448979591836,2276.938775510203,2270.8928571428564,2186.479591836735,1997.908163265306,1859.311224489795,1728.826530612244,1662.5510204081634,1579.821428571428,1422.704081632653,1304.4642857142858,1232.6785714285716,1197.2448979591834,1145.1275510204077,1097.9081632653056,986.785714285714,948.5204081632651,894.1071428571428,854.2346938775511,554.5408163265307,585.2295918367346,679.2091836734694],"mHat":[2200,2500,2500,2400,2200,1900,1800,1700,1700,1600,1600,1400,1300,1200,1200,1100,1100,1000,1000,980,720,680,760],"sEm":[51.02040816326531,25.510204081632654,25.510204081632654,51.02040816326531,51.02040816326531,51.02040816326531,51.02040816326531,51.02040816326531,25.510204081632654,25.510204081632654,25.510204081632654,51.02040816326531,25.510204081632654,25.510204081632654,25.510204081632654,25.510204081632654,25.510204081632654,5.1020408163265305,5.1020408163265305,10.204081632653061,132.6530612244898,130.10204081632654,153.06122448979593],"pHat":["","","","","","","","","","","","","","","","","","","","","","",""],"sEp":[0.0305,0.0305,0.0305,0.0305,0.0305,0.0305,0.0305,0.0305,0.0305,0.0305,0.0305,0.0305,0.0305,0.0305,0.0305,0.0305,0.0305,0.0305,0.0305,0.0305,0.0305,0.0305,0.0305]}