{"year":[2000,2001,2002,2003,2004,2005,2006,2007,2008,2009,2010,2011,2012,2013,2014,2015,2016,2017,2018,2019,2020,2021,2022,2023,2024,2025,2026,2027,2028,2029,2030,2031,2032,2033,2034,2035,2036,2037,2038,2039,2040,2041,2042,2043,2044,2045,2046,2047,2048,2049,2050],"iHat":[32000,33000,34000,34000,33000,30000,28000,26000,25000,24000,21000,20000,19000,18000,17000,16000,15000,14000,13000,13000,8300,8700,10000,null,null,null,null,null,null,null,null,null,null,null,null,null,null,null,null,null,null,null,null,null,null,null,null,null,null,null,null],"sEi":[2551.0204081632655,2551.0204081632655,2806.122448979592,2551.0204081632655,2551.0204081632655,2295.918367346939,2040.8163265306123,2040.8163265306123,2040.8163265306123,1785.7142857142858,1785.7142857142858,1530.6122448979593,1275.5102040816328,1530.6122448979593,1275.5102040816328,1275.5102040816328,1020.4081632653061,1020.4081632653061,1020.4081632653061,1020.4081632653061,637.7551020408164,637.7551020408164,841.8367346938776,null,null,null,null,null,null,null,null,null,null,null,null,null,null,null,null,null,null,null,null,null,null,null,null,null,null,null,null],"nHat":[23991056.820281688,24960480.66704225,25984052.512450702,25915057.481915493,24951747.11887324,22799800.85002817,21218155.276619717,19729085.313802816,18972760.042366195,18028663.485295773,16235666.046197182,14886332.854084507,14067126.035830986,13662762.755605632,13068008.125295773,12529148.203267606,11261037.00912676,10824359.600676056,10203404.325859154,9748386.46625352,6328329.003267606,6678544.28484507,7751024.0,null,null,null,null,null,null,null,null,null,null,null,null,null,null,null,null,null,null,null,null,null,null,null,null,null,null,null,null],"sEn":[2102.295918367346,2187.2448979591836,2276.938775510203,2270.8928571428564,2186.479591836735,1997.908163265306,1859.311224489795,1728.826530612244,1662.5510204081634,1579.821428571428,1422.704081632653,1304.4642857142858,1232.6785714285716,1197.2448979591834,1145.1275510204077,1097.9081632653056,986.785714285714,948.5204081632651,894.1071428571428,854.2346938775511,554.5408163265307,585.2295918367346,679.2091836734694,null,null,null,null,null,null,null,null,null,null,null,null,null,null,null,null,null,null,null,null,null,null,null,null,null,null,null,null],"mHat":[2200,2500,2500,2400,2200,1900,1800,1700,1700,1600,1600,1400,1300,1200,1200,1100,1100,1000,1000,980,720,680,760,null,null,null,null,null,null,null,null,null,null,null,null,null,null,null,null,null,null,null,null,null,null,null,null,null,null,null,null],"sEm":[51.02040816326531,25.510204081632654,25.510204081632654,51.02040816326531,51.02040816326531,51.02040816326531,51.02040816326531,51.02040816326531,25.510204081632654,25.510204081632654,25.510204081632654,51.02040816326531,25.510204081632654,25.510204081632654,25.510204081632654,25.510204081632654,25.510204081632654,5.1020408163265305,5.1020408163265305,10.204081632653061,132.6530612244898,130.10204081632654,153.06122448979593,null,null,null,null,null,null,null,null,null,null,null,null,null,null,null,null,null,null,null,null,null,null,null,null,null,null,null,null],"pHat":[null,null,null,null,null,null,null,null,null,null,null,null,null,null,null,null,null,null,null,null,null,null,null],"sEp":[null,null,null,null,null,null,null,null,null,null,null,null,null,null,null,null,null,null,null,null,null,null,null,null,null,null,null,null,null,null,null,null,null,null,null,null,null,null,null,null,null,null,null,null,null,null,null,null,null,null,null],"modelType":"IP","hRd":[1,1,1,1,1,1,1,1,1,1,1,1,1,1,1,1,1,1,1,1,1,1,1,1,1,1,1,1,1,1,1,1,1,1,1,1,1,1,1,1,1,1,1,1,1,1,1,1,1,1,1],"hRi":[1,1,1,1,1,1,1,1,1,1,1,1,1,1,1,1,1,1,1,1,1,1,1,1,1,1,1,1,1,1,1,1,1,1,1,1,1,1,1,1,1,1,1,1,1,1,1,1,1,1,1],"oRt":[1,1,1,1,1,1,1,1,1,1,1,1,1,1,1,1,1,1,1,1,1,1,1,1,1,1,1,1,1,1,1,1,1,1,1,1,1,1,1,1,1,1,1,1,1,1,1,1,1,1,1],"tXf":[0.031028219631149483,0.031028219631149483,0.031028219631149483,0.031028219631149483,0.031028219631149483,0.031028219631149483,0.031028219631149483,0.031028219631149483,0.031028219631149483,0.031028219631149483,0.031028219631149483,0.031028219631149483,0.031028219631149483,0.031028219631149483,0.031028219631149483,0.031028219631149483,0.031028219631149483,0.031028219631149483,0.031028219631149483,0.031028219631149483,0.031028219631149483,0.031028219631149483,0.031028219631149483,0.031028219631149483,0.031028219631149483,0.031028219631149483,0.031028219631149483,0.031028219631149483,0.031028219631149483,0.031028219631149483,0.031028219631149483,0.031028219631149483,0.031028219631149483,0.031028219631149483,0.031028219631149483,0.031028219631149483,0.031028219631149483,0.031028219631149483,0.031028219631149483,0.031028219631149483,0.031028219631149483,0.031028219631149483,0.031028219631149483,0.031028219631149483,0.031028219631149483,0.031028219631149483,0.031028219631149483,0.031028219631149483,0.031028219631149483,0.031028219631149483,0.031028219631149483]}