{"year":[2000,2001,2002,2003,2004,2005,2006,2007,2008,2009,2010,2011,2012,2013,2014,2015,2016,2017,2018,2019,2020,2021,2022,2023,2024,2025,2026,2027,2028,2029,2030,2031,2032,2033,2034,2035,2036,2037,2038,2039,2040,2041,2042,2043,2044,2045,2046,2047,2048,2049,2050],"iHat":[139000,159000,175000,206000,221000,226000,239000,235000,221000,228000,220000,216000,206000,198000,194000,178000,167000,156000,146000,136000,130000,132000,128000,null,null,null,null,null,null,null,null,null,null,null,null,null,null,null,null,null,null,null,null,null,null,null,null,null,null,null,null],"sEi":[51785.71428571429,65051.02040816327,76530.61224489796,102551.02040816327,114030.61224489796,115816.32653061225,125765.30612244898,118622.44897959183,102295.91836734694,105867.34693877552,96173.4693877551,89795.91836734694,79846.9387755102,72448.97959183673,67602.04081632654,56122.448979591834,47959.183673469386,41071.42857142857,35204.08163265306,30357.14285714286,28061.224489795917,29591.83673469388,29591.83673469388,null,null,null,null,null,null,null,null,null,null,null,null,null,null,null,null,null,null,null,null,null,null,null,null,null,null,null,null],"nHat":[65521.46094610697,74567.56673111946,81885.74172043978,96183.04144838905,102708.73753850305,104860.4811475594,110642.71765182003,108698.28488881893,102063.31657935561,105184.21286282798,101380.10989949861,99386.65782314455,94961.64355734424,91702.88045506665,90915.50773433459,83751.53933493716,78487.06932796726,85723.5454616993,96955.0956336983,86448.62280504529,72826.3598713942,77880.45532522426,90843.0,null,null,null,null,null,null,null,null,null,null,null,null,null,null,null,null,null,null,null,null,null,null,null,null,null,null,null,null],"sEn":[4910.127551020406,5588.035714285712,6136.454081632652,7207.882653061223,7696.9132653061215,7858.163265306119,8291.479591836733,8145.765306122447,7648.545918367347,7882.423469387753,7597.3469387755085,7447.959183673466,7116.352040816324,6872.142857142858,6813.137755102037,6276.275510204078,5881.760204081633,6424.05612244898,7265.739795918366,6478.392857142858,5457.551020408161,5836.301020408162,6807.704081632653,null,null,null,null,null,null,null,null,null,null,null,null,null,null,null,null,null,null,null,null,null,null,null,null,null,null,null,null],"mHat":[55000,61000,65000,76000,80000,83000,87000,84000,77000,79000,75000,72000,68000,66000,63000,57000,53000,43000,32000,31000,31000,32000,26000,null,null,null,null,null,null,null,null,null,null,null,null,null,null,null,null,null,null,null,null,null,null,null,null,null,null,null,null],"sEm":[13010.204081632653,14795.91836734694,15816.326530612245,18367.34693877551,19897.95918367347,20408.163265306124,15051.020408163266,14285.714285714286,13265.30612244898,13520.408163265307,12755.102040816328,12500.0,11734.69387755102,11224.489795918367,10714.285714285714,9948.979591836734,9183.673469387755,7653.061224489796,5612.244897959184,5357.142857142857,5612.244897959184,5867.34693877551,5357.142857142857,null,null,null,null,null,null,null,null,null,null,null,null,null,null,null,null,null,null,null,null,null,null,null,null,null,null,null,null],"pHat":[null,null,null,null,null,null,null,null,null,null,null,null,null,null,null,null,null,null,null,null,null,null,null],"sEp":[null,null,null,null,null,null,null,null,null,null,null,null,null,null,null,null,null,null,null,null,null,null,null,null,null,null,null,null,null,null,null,null,null,null,null,null,null,null,null,null,null,null,null,null,null,null,null,null,null,null,null],"modelType":"IPn2","hRd":[1,1,1,1,1,1,1,1,1,1,1,1,1,1,1,1,1,1,1,1,1,1,1,1,1,1,1,1,1,1,1,1,1,1,1,1,1,1,1,1,1,1,1,1,1,1,1,1,1,1,1],"hRi":[1,1,1,1,1,1,1,1,1,1,1,1,1,1,1,1,1,1,1,1,1,1,1,1,1,1,1,1,1,1,1,1,1,1,1,1,1,1,1,1,1,1,1,1,1,1,1,1,1,1,1],"oRt":[1,1,1,1,1,1,1,1,1,1,1,1,1,1,1,1,1,1,1,1,1,1,1,1,1,1,1,1,1,1,1,1,1,1,1,1,1,1,1,1,1,1,1,1,1,1,1,1,1,1,1],"tXf":[0.033016980493855,0.033016980493855,0.033016980493855,0.033016980493855,0.033016980493855,0.033016980493855,0.033016980493855,0.033016980493855,0.033016980493855,0.033016980493855,0.033016980493855,0.033016980493855,0.033016980493855,0.033016980493855,0.033016980493855,0.033016980493855,0.033016980493855,0.033016980493855,0.033016980493855,0.033016980493855,0.033016980493855,0.033016980493855,0.033016980493855,0.033016980493855,0.033016980493855,0.033016980493855,0.033016980493855,0.033016980493855,0.033016980493855,0.033016980493855,0.033016980493855,0.033016980493855,0.033016980493855,0.033016980493855,0.033016980493855,0.033016980493855,0.033016980493855,0.033016980493855,0.033016980493855,0.033016980493855,0.033016980493855,0.033016980493855,0.033016980493855,0.033016980493855,0.033016980493855,0.033016980493855,0.033016980493855,0.033016980493855,0.033016980493855,0.033016980493855,0.033016980493855]}