{"year":[2000,2001,2002,2003,2004,2005,2006,2007,2008,2009,2010,2011,2012,2013,2014,2015,2016,2017,2018,2019,2020,2021,2022,2023,2024,2025,2026,2027,2028,2029,2030,2031,2032,2033,2034,2035,2036,2037,2038,2039,2040,2041,2042,2043,2044,2045,2046,2047,2048,2049,2050],"iHat":[3800,3700,3700,3600,3600,3900,4200,4400,4400,4400,4900,4300,4100,3800,3600,3600,3200,3200,3300,3200,2700,2800,2800,2800,null,null,null,null,null,null,null,null,null,null,null,null,null,null,null,null,null,null,null,null,null,null,null,null,null,null,null],"sEi":[204.08163265306123,178.57142857142858,204.08163265306123,178.57142857142858,178.57142857142858,204.08163265306123,229.59183673469389,229.59183673469389,229.59183673469389,229.59183673469389,255.10204081632654,229.59183673469389,204.08163265306123,204.08163265306123,178.57142857142858,178.57142857142858,153.06122448979593,178.57142857142858,178.57142857142858,178.57142857142858,153.06122448979593,127.55102040816327,127.55102040816327,153.06122448979593,null,null,null,null,null,null,null,null,null,null,null,null,null,null,null,null,null,null,null,null,null,null,null,null,null,null,null],"nHat":[3452,3615,3543,3317,3312,3539,3774,4013,4064,4093,4549,4015,3833,3562,3336,3429,3004,2925,3035,3004,2511,2633,2674,2593,null,null,null,null,null,null,null,null,null,null,null,null,null,null,null,null,null,null,null,null,null,null,null,null,null,null,null],"sEn":[264.1836734693877,276.65816326530614,271.1479591836735,253.8520408163265,253.46938775510202,270.84183673469386,288.82653061224477,307.11734693877554,311.02040816326513,313.23979591836735,348.13775510204067,307.2704081632653,293.3418367346939,272.6020408163264,255.30612244897952,262.42346938775506,229.89795918367344,223.85204081632642,232.2704081632652,229.89795918367344,192.1683673469387,201.50510204081635,204.6428571428571,198.44387755102042,null,null,null,null,null,null,null,null,null,null,null,null,null,null,null,null,null,null,null,null,null,null,null,null,null,null,null],"mHat":[440,430,420,410,400,390,370,360,350,340,340,320,310,290,280,260,260,250,220,210,200,180,170,180,null,null,null,null,null,null,null,null,null,null,null,null,null,null,null,null,null,null,null,null,null,null,null,null,null,null,null],"sEm":[45.91836734693878,43.36734693877551,40.816326530612244,38.26530612244898,35.714285714285715,35.714285714285715,33.16326530612245,30.612244897959183,28.06122448979592,25.510204081632654,25.510204081632654,22.95918367346939,20.408163265306122,20.408163265306122,17.857142857142858,17.857142857142858,15.306122448979592,15.306122448979592,12.755102040816327,12.755102040816327,12.755102040816327,10.204081632653061,10.204081632653061,10.204081632653061,null,null,null,null,null,null,null,null,null,null,null,null,null,null,null,null,null,null,null,null,null,null,null,null,null,null,null],"pHat":[null,null,null,null,null,null,null,null,null,null,null,null,null,null,null,null,null,null,null,null,null,null,null,null],"sEp":[null,null,null,null,null,null,null,null,null,null,null,null,null,null,null,null,null,null,null,null,null,null,null,null,null,null,null,null,null,null,null,null,null,null,null,null,null,null,null,null,null,null,null,null,null,null,null,null,null,null,null],"modelType":"IPn2","hRd":[1,1,1,1,1,1,1,1,1,1,1,1,1,1,1,1,1,1,1,1,1,1,1,1,1,1,1,1,1,1,1,1,1,1,1,1,1,1,1,1,1,1,1,1,1,1,1,1,1,1,1],"hRi":[1,1,1,1,1,1,1,1,1,1,1,1,1,1,1,1,1,1,1,1,1,1,1,1,1,1,1,1,1,1,1,1,1,1,1,1,1,1,1,1,1,1,1,1,1,1,1,1,1,1,1],"oRt":[1,1,1,1,1,1,1,1,1,1,1,1,1,1,1,1,1,1,1,1,1,1,1,1,1,1,1,1,1,1,1,1,1,1,1,1,1,1,1,1,1,1,1,1,1,1,1,1,1,1,1],"tXf":[0.030656459140327594,0.030656459140327594,0.030656459140327594,0.030656459140327594,0.030656459140327594,0.030656459140327594,0.030656459140327594,0.030656459140327594,0.030656459140327594,0.030656459140327594,0.030656459140327594,0.030656459140327594,0.030656459140327594,0.030656459140327594,0.030656459140327594,0.030656459140327594,0.030656459140327594,0.030656459140327594,0.030656459140327594,0.030656459140327594,0.030656459140327594,0.030656459140327594,0.030656459140327594,0.030656459140327594,0.030656459140327594,0.030656459140327594,0.030656459140327594,0.030656459140327594,0.030656459140327594,0.030656459140327594,0.030656459140327594,0.030656459140327594,0.030656459140327594,0.030656459140327594,0.030656459140327594,0.030656459140327594,0.030656459140327594,0.030656459140327594,0.030656459140327594,0.030656459140327594,0.030656459140327594,0.030656459140327594,0.030656459140327594,0.030656459140327594,0.030656459140327594,0.030656459140327594,0.030656459140327594,0.030656459140327594,0.030656459140327594,0.030656459140327594,0.030656459140327594]}