{"year":[2000,2001,2002,2003,2004,2005,2006,2007,2008,2009,2010,2011,2012,2013,2014,2015,2016,2017,2018,2019,2020,2021,2022,2023,2024,2025,2026,2027,2028,2029,2030,2031,2032,2033,2034,2035,2036,2037,2038,2039,2040,2041,2042,2043,2044,2045,2046,2047,2048,2049,2050],"iHat":[2000,1800,1700,1800,1600,1600,1500,1600,1800,1800,1800,1900,2600,2500,2500,2500,2800,2700,2700,2400,2700,2800,3100,null,null,null,null,null,null,null,null,null,null,null,null,null,null,null,null,null,null,null,null,null,null,null,null,null,null,null,null],"sEi":[153.06122448979593,127.55102040816327,127.55102040816327,127.55102040816327,127.55102040816327,102.04081632653062,127.55102040816327,127.55102040816327,153.06122448979593,127.55102040816327,153.06122448979593,153.06122448979593,204.08163265306123,204.08163265306123,204.08163265306123,204.08163265306123,229.59183673469389,204.08163265306123,204.08163265306123,178.57142857142858,204.08163265306123,229.59183673469389,255.10204081632654,null,null,null,null,null,null,null,null,null,null,null,null,null,null,null,null,null,null,null,null,null,null,null,null,null,null,null,null],"nHat":[1728,1536,1516,1581,1426,1376,1323,1366,1561,1525,1560,1641,2301,2180,2189,2183,2476,2347,2356,2109,2385,2486,2696,null,null,null,null,null,null,null,null,null,null,null,null,null,null,null,null,null,null,null,null,null,null,null,null,null,null,null,null],"sEn":[132.24489795918365,117.55102040816325,116.0204081632653,120.99489795918366,109.13265306122447,105.30612244897958,101.24999999999997,104.5408163265306,119.46428571428571,116.70918367346933,119.38775510204076,125.58673469387755,176.09693877551013,166.83673469387756,167.52551020408166,167.0663265306122,189.4897959183673,179.61734693877543,180.30612244897952,161.40306122448982,182.52551020408163,190.25510204081627,206.32653061224482,null,null,null,null,null,null,null,null,null,null,null,null,null,null,null,null,null,null,null,null,null,null,null,null,null,null,null,null],"mHat":[150,140,130,110,100,90,84,110,110,95,100,96,83,70,81,56,57,45,38,34,34,34,35,null,null,null,null,null,null,null,null,null,null,null,null,null,null,null,null,null,null,null,null,null,null,null,null,null,null,null,null],"sEm":[15.306122448979592,12.755102040816327,12.755102040816327,12.244897959183673,8.418367346938776,8.673469387755102,6.122448979591836,6.377551020408164,6.63265306122449,6.377551020408164,4.591836734693878,6.377551020408164,4.846938775510204,4.336734693877551,4.591836734693878,3.316326530612245,3.5714285714285716,3.061224489795918,2.5510204081632653,2.5510204081632653,2.5510204081632653,2.806122448979592,2.5510204081632653,null,null,null,null,null,null,null,null,null,null,null,null,null,null,null,null,null,null,null,null,null,null,null,null,null,null,null,null],"pHat":[null,null,null,null,null,null,null,null,null,null,null,null,null,null,null,null,null,null,null,null,null,null,null],"sEp":[null,null,null,null,null,null,null,null,null,null,null,null,null,null,null,null,null,null,null,null,null,null,null,null,null,null,null,null,null,null,null,null,null,null,null,null,null,null,null,null,null,null,null,null,null,null,null,null,null,null,null],"modelType":"IPn2","hRd":[1,1,1,1,1,1,1,1,1,1,1,1,1,1,1,1,1,1,1,1,1,1,1,1,1,1,1,1,1,1,1,1,1,1,1,1,1,1,1,1,1,1,1,1,1,1,1,1,1,1,1],"hRi":[1,1,1,1,1,1,1,1,1,1,1,1,1,1,1,1,1,1,1,1,1,1,1,1,1,1,1,1,1,1,1,1,1,1,1,1,1,1,1,1,1,1,1,1,1,1,1,1,1,1,1],"oRt":[1,1,1,1,1,1,1,1,1,1,1,1,1,1,1,1,1,1,1,1,1,1,1,1,1,1,1,1,1,1,1,1,1,1,1,1,1,1,1,1,1,1,1,1,1,1,1,1,1,1,1],"tXf":[0.030821764422783712,0.030821764422783712,0.030821764422783712,0.030821764422783712,0.030821764422783712,0.030821764422783712,0.030821764422783712,0.030821764422783712,0.030821764422783712,0.030821764422783712,0.030821764422783712,0.030821764422783712,0.030821764422783712,0.030821764422783712,0.030821764422783712,0.030821764422783712,0.030821764422783712,0.030821764422783712,0.030821764422783712,0.030821764422783712,0.030821764422783712,0.030821764422783712,0.030821764422783712,0.030821764422783712,0.030821764422783712,0.030821764422783712,0.030821764422783712,0.030821764422783712,0.030821764422783712,0.030821764422783712,0.030821764422783712,0.030821764422783712,0.030821764422783712,0.030821764422783712,0.030821764422783712,0.030821764422783712,0.030821764422783712,0.030821764422783712,0.030821764422783712,0.030821764422783712,0.030821764422783712,0.030821764422783712,0.030821764422783712,0.030821764422783712,0.030821764422783712,0.030821764422783712,0.030821764422783712,0.030821764422783712,0.030821764422783712,0.030821764422783712,0.030821764422783712]}