{"year":[2000,2001,2002,2003,2004,2005,2006,2007,2008,2009,2010,2011,2012,2013,2014,2015,2016,2017,2018,2019,2020,2021,2022,2023,2024,2025,2026,2027,2028,2029,2030,2031,2032,2033,2034,2035,2036,2037,2038,2039,2040,2041,2042,2043,2044,2045,2046,2047,2048,2049,2050],"iHat":[380,370,320,370,430,500,460,500,480,460,420,500,450,450,430,520,500,470,480,440,400,460,430,null,null,null,null,null,null,null,null,null,null,null,null,null,null,null,null,null,null,null,null,null,null,null,null,null,null,null,null],"sEi":[48.46938775510204,45.91836734693878,38.26530612244898,45.91836734693878,53.57142857142857,63.775510204081634,58.673469387755105,63.775510204081634,61.224489795918366,58.673469387755105,53.57142857142857,63.775510204081634,56.12244897959184,58.673469387755105,56.12244897959184,66.3265306122449,66.3265306122449,58.673469387755105,61.224489795918366,56.12244897959184,51.02040816326531,61.224489795918366,53.57142857142857,null,null,null,null,null,null,null,null,null,null,null,null,null,null,null,null,null,null,null,null,null,null,null,null,null,null,null,null],"nHat":[302,292,256,293,340,397,371,397,387,366,338,398,361,360,345,419,402,373,387,354,321,370,342,null,null,null,null,null,null,null,null,null,null,null,null,null,null,null,null,null,null,null,null,null,null,null,null,null,null,null,null],"sEn":[23.112244897959176,22.346938775510196,19.591836734693874,22.423469387755105,26.02040816326529,30.38265306122448,28.392857142857146,30.38265306122448,29.6173469387755,28.010204081632658,25.867346938775505,30.459183673469383,27.627551020408166,27.55102040816325,26.403061224489782,32.066326530612244,30.765306122448973,28.545918367346932,29.6173469387755,27.091836734693874,24.566326530612248,28.31632653061223,26.173469387755095,null,null,null,null,null,null,null,null,null,null,null,null,null,null,null,null,null,null,null,null,null,null,null,null,null,null,null,null],"mHat":[43,42,36,42,48,56,52,56,55,52,48,56,51,50,48,58,56,52,54,49,44,51,47,null,null,null,null,null,null,null,null,null,null,null,null,null,null,null,null,null,null,null,null,null,null,null,null,null,null,null,null],"sEm":[8.673469387755102,8.418367346938776,7.3979591836734695,8.418367346938776,9.693877551020408,11.479591836734695,10.459183673469388,11.224489795918368,10.96938775510204,10.459183673469388,9.438775510204081,11.224489795918368,10.204081632653061,10.459183673469388,9.693877551020408,11.989795918367347,11.479591836734695,10.714285714285715,10.96938775510204,9.948979591836736,8.928571428571429,10.204081632653061,9.693877551020408,null,null,null,null,null,null,null,null,null,null,null,null,null,null,null,null,null,null,null,null,null,null,null,null,null,null,null,null],"pHat":[null,null,null,null,null,null,null,null,null,null,null,null,null,null,null,null,null,null,null,null,null,null,null],"sEp":[null,null,null,null,null,null,null,null,null,null,null,null,null,null,null,null,null,null,null,null,null,null,null,null,null,null,null,null,null,null,null,null,null,null,null,null,null,null,null,null,null,null,null,null,null,null,null,null,null,null,null],"modelType":"IPn2","hRd":[1,1,1,1,1,1,1,1,1,1,1,1,1,1,1,1,1,1,1,1,1,1,1,1,1,1,1,1,1,1,1,1,1,1,1,1,1,1,1,1,1,1,1,1,1,1,1,1,1,1,1],"hRi":[1,1,1,1,1,1,1,1,1,1,1,1,1,1,1,1,1,1,1,1,1,1,1,1,1,1,1,1,1,1,1,1,1,1,1,1,1,1,1,1,1,1,1,1,1,1,1,1,1,1,1],"oRt":[1,1,1,1,1,1,1,1,1,1,1,1,1,1,1,1,1,1,1,1,1,1,1,1,1,1,1,1,1,1,1,1,1,1,1,1,1,1,1,1,1,1,1,1,1,1,1,1,1,1,1],"tXf":[0.030014848608694106,0.030014848608694106,0.030014848608694106,0.030014848608694106,0.030014848608694106,0.030014848608694106,0.030014848608694106,0.030014848608694106,0.030014848608694106,0.030014848608694106,0.030014848608694106,0.030014848608694106,0.030014848608694106,0.030014848608694106,0.030014848608694106,0.030014848608694106,0.030014848608694106,0.030014848608694106,0.030014848608694106,0.030014848608694106,0.030014848608694106,0.030014848608694106,0.030014848608694106,0.030014848608694106,0.030014848608694106,0.030014848608694106,0.030014848608694106,0.030014848608694106,0.030014848608694106,0.030014848608694106,0.030014848608694106,0.030014848608694106,0.030014848608694106,0.030014848608694106,0.030014848608694106,0.030014848608694106,0.030014848608694106,0.030014848608694106,0.030014848608694106,0.030014848608694106,0.030014848608694106,0.030014848608694106,0.030014848608694106,0.030014848608694106,0.030014848608694106,0.030014848608694106,0.030014848608694106,0.030014848608694106,0.030014848608694106,0.030014848608694106,0.030014848608694106]}