{"year":[2000,2001,2002,2003,2004,2005,2006,2007,2008,2009,2010,2011,2012,2013,2014,2015,2016,2017,2018,2019,2020,2021,2022],"iHat":[1900,1800,1900,1700,1800,2200,2100,2100,2100,2100,2100,2400,2600,2700,2800,3100,3800,4600,4500,3800,2600,2400,3200],"sEi":[229.59183673469389,229.59183673469389,255.10204081632654,229.59183673469389,229.59183673469389,280.6122448979592,255.10204081632654,255.10204081632654,280.6122448979592,280.6122448979592,280.6122448979592,306.12244897959187,306.12244897959187,331.6326530612245,357.14285714285717,408.16326530612247,484.6938775510204,586.7346938775511,561.2244897959184,484.6938775510204,306.12244897959187,306.12244897959187,408.16326530612247],"nHat":[1485,1458,1550,1383,1406,1794,1644,1666,1718,1686,1700,1896,2053,2176,2208,2452,3038,3667,3620,3012,2043,1938,2532],"sEn":[113.64795918367341,111.58163265306119,118.62244897959178,105.84183673469384,107.60204081632652,137.29591836734696,125.81632653061226,127.49999999999999,131.47959183673467,129.03061224489795,130.10204081632648,145.10204081632645,157.11734693877548,166.5306122448979,168.97959183673467,187.6530612244898,232.50000000000003,280.63775510204067,277.0408163265306,230.51020408163262,156.3520408163265,148.3163265306122,193.77551020408163],"mHat":[170,140,150,120,130,150,110,160,130,130,140,120,140,130,140,110,120,110,120,110,140,140,140],"sEm":[15.306122448979592,12.755102040816327,12.755102040816327,7.653061224489796,7.653061224489796,12.755102040816327,9.693877551020408,10.204081632653061,10.204081632653061,10.204081632653061,10.204081632653061,10.204081632653061,10.204081632653061,10.204081632653061,10.204081632653061,8.673469387755102,10.459183673469388,9.948979591836736,10.459183673469388,8.673469387755102,10.204081632653061,10.204081632653061,10.204081632653061],"pHat":["","","","","","","","","","","","","","","","","","","","","","",""],"sEp":[0.0305,0.0305,0.0305,0.0305,0.0305,0.0305,0.0305,0.0305,0.0305,0.0305,0.0305,0.0305,0.0305,0.0305,0.0305,0.0305,0.0305,0.0305,0.0305,0.0305,0.0305,0.0305,0.0305]}