{"year":[2000,2001,2002,2003,2004,2005,2006,2007,2008,2009,2010,2011,2012,2013,2014,2015,2016,2017,2018,2019,2020,2021,2022,2023,2024,2025,2026,2027,2028,2029,2030,2031,2032,2033,2034,2035,2036,2037,2038,2039,2040,2041,2042,2043,2044,2045,2046,2047,2048,2049,2050],"iHat":[1900,1800,1900,1700,1800,2200,2100,2100,2100,2100,2100,2400,2600,2700,2800,3100,3800,4600,4500,3800,2600,2400,3200,5300,null,null,null,null,null,null,null,null,null,null,null,null,null,null,null,null,null,null,null,null,null,null,null,null,null,null,null],"sEi":[229.59183673469389,229.59183673469389,255.10204081632654,229.59183673469389,229.59183673469389,280.6122448979592,255.10204081632654,255.10204081632654,280.6122448979592,280.6122448979592,280.6122448979592,306.12244897959187,306.12244897959187,331.6326530612245,357.14285714285717,408.16326530612247,484.6938775510204,586.7346938775511,561.2244897959184,484.6938775510204,306.12244897959187,306.12244897959187,408.16326530612247,663.265306122449,null,null,null,null,null,null,null,null,null,null,null,null,null,null,null,null,null,null,null,null,null,null,null,null,null,null,null],"nHat":[1665,1608,1601,1405,1466,1830,1679,1692,1746,1736,1730,1917,2063,2193,2220,2461,3050,3683,3624,3025,2060,1954,2552,4284,null,null,null,null,null,null,null,null,null,null,null,null,null,null,null,null,null,null,null,null,null,null,null,null,null,null,null],"sEn":[127.42346938775505,123.06122448979589,122.52551020408163,107.52551020408157,112.19387755102039,140.05102040816325,128.49489795918367,129.48979591836732,133.62244897959184,132.85714285714286,132.3979591836734,146.7091836734693,157.88265306122446,167.8316326530612,169.89795918367346,188.3418367346938,233.41836734693865,281.8622448979592,277.34693877551007,231.5051020408162,157.6530612244898,149.54081632653063,195.30612244897958,327.8571428571427,null,null,null,null,null,null,null,null,null,null,null,null,null,null,null,null,null,null,null,null,null,null,null,null,null,null,null],"mHat":[170,140,150,120,130,150,110,160,130,130,140,120,140,130,140,110,120,110,120,110,130,140,140,150,null,null,null,null,null,null,null,null,null,null,null,null,null,null,null,null,null,null,null,null,null,null,null,null,null,null,null],"sEm":[15.306122448979592,12.755102040816327,12.755102040816327,7.653061224489796,7.653061224489796,10.204081632653061,7.142857142857143,10.204081632653061,7.653061224489796,10.204081632653061,10.204081632653061,10.204081632653061,10.204081632653061,10.204081632653061,10.204081632653061,8.928571428571429,10.714285714285715,10.204081632653061,10.714285714285715,8.928571428571429,7.653061224489796,10.204081632653061,10.204081632653061,10.204081632653061,null,null,null,null,null,null,null,null,null,null,null,null,null,null,null,null,null,null,null,null,null,null,null,null,null,null,null],"pHat":[null,null,null,null,null,null,null,null,null,null,null,null,null,null,null,null,null,null,null,null,null,null,null,null],"sEp":[null,null,null,null,null,null,null,null,null,null,null,null,null,null,null,null,null,null,null,null,null,null,null,null,null,null,null,null,null,null,null,null,null,null,null,null,null,null,null,null,null,null,null,null,null,null,null,null,null,null,null],"modelType":"IPn2","hRd":[1,1,1,1,1,1,1,1,1,1,1,1,1,1,1,1,1,1,1,1,1,1,1,1,1,1,1,1,1,1,1,1,1,1,1,1,1,1,1,1,1,1,1,1,1,1,1,1,1,1,1],"hRi":[1,1,1,1,1,1,1,1,1,1,1,1,1,1,1,1,1,1,1,1,1,1,1,1,1,1,1,1,1,1,1,1,1,1,1,1,1,1,1,1,1,1,1,1,1,1,1,1,1,1,1],"oRt":[1,1,1,1,1,1,1,1,1,1,1,1,1,1,1,1,1,1,1,1,1,1,1,1,1,1,1,1,1,1,1,1,1,1,1,1,1,1,1,1,1,1,1,1,1,1,1,1,1,1,1],"tXf":[0.007555261528625957,0.007555261528625957,0.007555261528625957,0.007555261528625957,0.007555261528625957,0.007555261528625957,0.007555261528625957,0.007555261528625957,0.007555261528625957,0.007555261528625957,0.007555261528625957,0.007555261528625957,0.007555261528625957,0.007555261528625957,0.007555261528625957,0.007555261528625957,0.007555261528625957,0.007555261528625957,0.007555261528625957,0.007555261528625957,0.007555261528625957,0.007555261528625957,0.007555261528625957,0.007555261528625957,0.007555261528625957,0.007555261528625957,0.007555261528625957,0.007555261528625957,0.007555261528625957,0.007555261528625957,0.007555261528625957,0.007555261528625957,0.007555261528625957,0.007555261528625957,0.007555261528625957,0.007555261528625957,0.007555261528625957,0.007555261528625957,0.007555261528625957,0.007555261528625957,0.007555261528625957,0.007555261528625957,0.007555261528625957,0.007555261528625957,0.007555261528625957,0.007555261528625957,0.007555261528625957,0.007555261528625957,0.007555261528625957,0.007555261528625957,0.007555261528625957]}