{"year":[2000,2001,2002,2003,2004,2005,2006,2007,2008,2009,2010,2011,2012,2013,2014,2015,2016,2017,2018,2019,2020,2021,2022,2023,2024,2025,2026,2027,2028,2029,2030,2031,2032,2033,2034,2035,2036,2037,2038,2039,2040,2041,2042,2043,2044,2045,2046,2047,2048,2049,2050],"iHat":[25000,26000,27000,28000,29000,30000,31000,32000,33000,34000,34000,35000,36000,37000,36000,38000,39000,40000,40000,41000,42000,43000,43000,null,null,null,null,null,null,null,null,null,null,null,null,null,null,null,null,null,null,null,null,null,null,null,null,null,null,null,null],"sEi":[5612.244897959184,5612.244897959184,6122.448979591837,6122.448979591837,6377.551020408164,6632.65306122449,6632.65306122449,7142.857142857143,7142.857142857143,7397.95918367347,7653.061224489796,7908.163265306122,7908.163265306122,7908.163265306122,7653.061224489796,7908.163265306122,8163.265306122449,8163.265306122449,8163.265306122449,8163.265306122449,8673.469387755102,8928.57142857143,9183.673469387755,null,null,null,null,null,null,null,null,null,null,null,null,null,null,null,null,null,null,null,null,null,null,null,null,null,null,null,null],"nHat":[5695.8528185411815,6863.873287485785,7403.80727784697,9294.07711052147,11767.355444847564,12926.360318405805,11884.558184870308,11149.286294471218,12502.627335246656,11094.19098933232,10156.569069150375,11673.192559701087,11995.750527968808,13016.516272269453,12947.396707640655,14033.275085287269,14220.599122759515,16539.610602696703,16646.796014512372,16952.32452482807,17240.823577191746,17456.196133643796,18499.0,null,null,null,null,null,null,null,null,null,null,null,null,null,null,null,null,null,null,null,null,null,null,null,null,null,null,null,null],"sEn":[435.1530612244899,524.3877551020407,565.6377551020408,710.0510204081629,899.0051020408164,987.551020408163,907.9591836734692,851.7857142857139,955.1785714285712,847.5765306122445,775.9438775510201,891.8112244897958,916.4540816326526,994.4387755102039,989.1581632653057,1072.1173469387752,1086.4285714285713,1263.5969387755097,1271.7857142857138,1295.1275510204077,1317.168367346938,1333.6224489795911,1413.2908163265308,null,null,null,null,null,null,null,null,null,null,null,null,null,null,null,null,null,null,null,null,null,null,null,null,null,null,null,null],"mHat":[8300,8300,8600,8600,8000,8000,8900,9600,9400,10000,11000,11000,11000,11000,11000,11000,11000,10000,11000,11000,11000,11000,11000,null,null,null,null,null,null,null,null,null,null,null,null,null,null,null,null,null,null,null,null,null,null,null,null,null,null,null,null],"sEm":[2066.326530612245,2066.326530612245,2015.3061224489795,1989.795918367347,1811.2244897959183,1811.2244897959183,1938.7755102040817,2091.8367346938776,2117.3469387755104,2219.387755102041,2653.061224489796,2423.469387755102,2423.469387755102,2397.9591836734694,2423.469387755102,2448.979591836735,2678.5714285714284,2525.5102040816328,2474.4897959183672,2448.979591836735,2653.061224489796,2882.6530612244896,2678.5714285714284,null,null,null,null,null,null,null,null,null,null,null,null,null,null,null,null,null,null,null,null,null,null,null,null,null,null,null,null],"pHat":[null,null,null,null,null,null,null,null,null,null,null,null,null,null,null,null,null,null,null,null,null,null,null],"sEp":[null,null,null,null,null,null,null,null,null,null,null,null,null,null,null,null,null,null,null,null,null,null,null,null,null,null,null,null,null,null,null,null,null,null,null,null,null,null,null,null,null,null,null,null,null,null,null,null,null,null,null],"modelType":"IPn2","hRd":[1,1,1,1,1,1,1,1,1,1,1,1,1,1,1,1,1,1,1,1,1,1,1,1,1,1,1,1,1,1,1,1,1,1,1,1,1,1,1,1,1,1,1,1,1,1,1,1,1,1,1],"hRi":[1,1,1,1,1,1,1,1,1,1,1,1,1,1,1,1,1,1,1,1,1,1,1,1,1,1,1,1,1,1,1,1,1,1,1,1,1,1,1,1,1,1,1,1,1,1,1,1,1,1,1],"oRt":[1,1,1,1,1,1,1,1,1,1,1,1,1,1,1,1,1,1,1,1,1,1,1,1,1,1,1,1,1,1,1,1,1,1,1,1,1,1,1,1,1,1,1,1,1,1,1,1,1,1,1],"tXf":[0.1642392346342594,0.1642392346342594,0.1642392346342594,0.1642392346342594,0.1642392346342594,0.1642392346342594,0.1642392346342594,0.1642392346342594,0.1642392346342594,0.1642392346342594,0.1642392346342594,0.1642392346342594,0.1642392346342594,0.1642392346342594,0.1642392346342594,0.1642392346342594,0.1642392346342594,0.1642392346342594,0.1642392346342594,0.1642392346342594,0.1642392346342594,0.1642392346342594,0.1642392346342594,0.1642392346342594,0.1642392346342594,0.1642392346342594,0.1642392346342594,0.1642392346342594,0.1642392346342594,0.1642392346342594,0.1642392346342594,0.1642392346342594,0.1642392346342594,0.1642392346342594,0.1642392346342594,0.1642392346342594,0.1642392346342594,0.1642392346342594,0.1642392346342594,0.1642392346342594,0.1642392346342594,0.1642392346342594,0.1642392346342594,0.1642392346342594,0.1642392346342594,0.1642392346342594,0.1642392346342594,0.1642392346342594,0.1642392346342594,0.1642392346342594,0.1642392346342594]}