{"year":[2011,2012,2013,2014,2015,2016,2017,2018,2019,2020,2021,2022,2023,2024,2025,2026,2027,2028,2029,2030,2031,2032,2033,2034,2035,2036,2037,2038,2039,2040,2041,2042,2043,2044,2045,2046,2047,2048,2049,2050],"iHat":[23000,24000,25000,25000,25000,25000,24000,24000,24000,24000,24000,25000,null,null,null,null,null,null,null,null,null,null,null,null,null,null,null,null,null,null,null,null,null,null,null,null,null,null,null,null],"sEi":[4591.836734693878,4846.938775510204,5102.040816326531,5102.040816326531,5102.040816326531,5102.040816326531,4846.938775510204,4846.938775510204,4846.938775510204,5102.040816326531,4846.938775510204,5102.040816326531,null,null,null,null,null,null,null,null,null,null,null,null,null,null,null,null,null,null,null,null,null,null,null,null,null,null,null,null],"nHat":[7217,8403,6422,8335,9657,10770,10236,14612,16356,16035,17609,19742,null,null,null,null,null,null,null,null,null,null,null,null,null,null,null,null,null,null,null,null,null,null,null,null,null,null,null,null],"sEn":[552.3214285714284,643.0867346938772,491.4795918367346,637.8826530612245,739.0561224489797,824.2346938775506,783.3673469387753,1118.2653061224491,1251.7346938775504,1227.1683673469388,1347.627551020408,1510.8673469387752,null,null,null,null,null,null,null,null,null,null,null,null,null,null,null,null,null,null,null,null,null,null,null,null,null,null,null,null],"mHat":[7900,9000,9100,8200,7600,7100,7100,5100,4400,4400,4000,3100,null,null,null,null,null,null,null,null,null,null,null,null,null,null,null,null,null,null,null,null,null,null,null,null,null,null,null,null],"sEm":[1530.6122448979593,2244.8979591836737,1785.7142857142858,1709.1836734693877,1556.1224489795918,1377.5510204081634,1377.5510204081634,969.3877551020408,867.3469387755102,841.8367346938776,739.795918367347,612.2448979591837,null,null,null,null,null,null,null,null,null,null,null,null,null,null,null,null,null,null,null,null,null,null,null,null,null,null,null,null],"pHat":[null,null,null,null,null,null,null,null,null,null,null,null],"sEp":[null,null,null,null,null,null,null,null,null,null,null,null,null,null,null,null,null,null,null,null,null,null,null,null,null,null,null,null,null,null,null,null,null,null,null,null,null,null,null,null],"modelType":"IPn2","hRd":[1,1,1,1,1,1,1,1,1,1,1,1,1,1,1,1,1,1,1,1,1,1,1,1,1,1,1,1,1,1,1,1,1,1,1,1,1,1,1,1],"hRi":[1,1,1,1,1,1,1,1,1,1,1,1,1,1,1,1,1,1,1,1,1,1,1,1,1,1,1,1,1,1,1,1,1,1,1,1,1,1,1,1],"oRt":[1,1,1,1,1,1,1,1,1,1,1,1,1,1,1,1,1,1,1,1,1,1,1,1,1,1,1,1,1,1,1,1,1,1,1,1,1,1,1,1],"tXf":[0.03722723454939187,0.03722723454939187,0.03722723454939187,0.03722723454939187,0.03722723454939187,0.03722723454939187,0.03722723454939187,0.03722723454939187,0.03722723454939187,0.03722723454939187,0.03722723454939187,0.03722723454939187,0.03722723454939187,0.03722723454939187,0.03722723454939187,0.03722723454939187,0.03722723454939187,0.03722723454939187,0.03722723454939187,0.03722723454939187,0.03722723454939187,0.03722723454939187,0.03722723454939187,0.03722723454939187,0.03722723454939187,0.03722723454939187,0.03722723454939187,0.03722723454939187,0.03722723454939187,0.03722723454939187,0.03722723454939187,0.03722723454939187,0.03722723454939187,0.03722723454939187,0.03722723454939187,0.03722723454939187,0.03722723454939187,0.03722723454939187,0.03722723454939187,0.03722723454939187]}