{"year":[2011,2012,2013,2014,2015,2016,2017,2018,2019,2020,2021,2022,2023,2024,2025,2026,2027,2028,2029,2030,2031,2032,2033,2034,2035,2036,2037,2038,2039,2040,2041,2042,2043,2044,2045,2046,2047,2048,2049,2050],"iHat":[23000,24000,25000,26000,25000,25000,23000,23000,24000,24000,25000,25000,26000,null,null,null,null,null,null,null,null,null,null,null,null,null,null,null,null,null,null,null,null,null,null,null,null,null,null,null],"sEi":[4591.836734693878,4846.938775510204,5102.040816326531,4846.938775510204,5102.040816326531,4846.938775510204,4591.836734693878,4591.836734693878,4846.938775510204,5102.040816326531,5102.040816326531,5102.040816326531,5357.142857142857,null,null,null,null,null,null,null,null,null,null,null,null,null,null,null,null,null,null,null,null,null,null,null,null,null,null,null],"nHat":[7583,8924,6959,8856,10250,11364,10409,14964,16323,16507,18517,20484,24965,null,null,null,null,null,null,null,null,null,null,null,null,null,null,null,null,null,null,null,null,null,null,null,null,null,null,null],"sEn":[580.3316326530609,682.9591836734692,532.5765306122448,677.7551020408164,784.4387755102036,869.6938775510201,796.6071428571425,1145.2040816326528,1249.209183673469,1263.2908163265308,1417.1173469387757,1567.65306122449,1910.5867346938767,null,null,null,null,null,null,null,null,null,null,null,null,null,null,null,null,null,null,null,null,null,null,null,null,null,null,null],"mHat":[7900,9000,9100,8200,7500,6900,6800,5000,4400,4500,4100,3200,1900,null,null,null,null,null,null,null,null,null,null,null,null,null,null,null,null,null,null,null,null,null,null,null,null,null,null,null],"sEm":[1530.6122448979593,2244.8979591836737,1785.7142857142858,1683.6734693877552,1556.1224489795918,1352.0408163265306,1352.0408163265306,943.8775510204082,841.8367346938776,867.3469387755102,765.3061224489796,637.7551020408164,459.18367346938777,null,null,null,null,null,null,null,null,null,null,null,null,null,null,null,null,null,null,null,null,null,null,null,null,null,null,null],"pHat":[null,null,null,null,null,null,null,null,null,null,null,null,null],"sEp":[null,null,null,null,null,null,null,null,null,null,null,null,null,null,null,null,null,null,null,null,null,null,null,null,null,null,null,null,null,null,null,null,null,null,null,null,null,null,null,null],"modelType":"IPn2","hRd":[1,1,1,1,1,1,1,1,1,1,1,1,1,1,1,1,1,1,1,1,1,1,1,1,1,1,1,1,1,1,1,1,1,1,1,1,1,1,1,1],"hRi":[1,1,1,1,1,1,1,1,1,1,1,1,1,1,1,1,1,1,1,1,1,1,1,1,1,1,1,1,1,1,1,1,1,1,1,1,1,1,1,1],"oRt":[1,1,1,1,1,1,1,1,1,1,1,1,1,1,1,1,1,1,1,1,1,1,1,1,1,1,1,1,1,1,1,1,1,1,1,1,1,1,1,1],"tXf":[0.08123179295221418,0.08123179295221418,0.08123179295221418,0.08123179295221418,0.08123179295221418,0.08123179295221418,0.08123179295221418,0.08123179295221418,0.08123179295221418,0.08123179295221418,0.08123179295221418,0.08123179295221418,0.08123179295221418,0.08123179295221418,0.08123179295221418,0.08123179295221418,0.08123179295221418,0.08123179295221418,0.08123179295221418,0.08123179295221418,0.08123179295221418,0.08123179295221418,0.08123179295221418,0.08123179295221418,0.08123179295221418,0.08123179295221418,0.08123179295221418,0.08123179295221418,0.08123179295221418,0.08123179295221418,0.08123179295221418,0.08123179295221418,0.08123179295221418,0.08123179295221418,0.08123179295221418,0.08123179295221418,0.08123179295221418,0.08123179295221418,0.08123179295221418,0.08123179295221418]}