{"year":[2000,2001,2002,2003,2004,2005,2006,2007,2008,2009,2010,2011,2012,2013,2014,2015,2016,2017,2018,2019,2020,2021,2022],"iHat":[170,170,170,190,220,240,270,170,120,140,210,240,200,260,280,310,330,240,260,240,250,250,260],"sEi":[67.85714285714286,67.34693877551021,61.734693877551024,79.59183673469389,97.70408163265306,121.1734693877551,147.70408163265307,54.33673469387755,27.551020408163264,36.47959183673469,83.6734693877551,101.78571428571429,72.44897959183673,113.77551020408164,129.33673469387756,161.22448979591837,176.78571428571428,93.36734693877551,106.12244897959184,92.60204081632654,97.70408163265306,100.25510204081633,100.51020408163265],"nHat":[97,97,94,457,121,136,153,93,68,78,121,136,115,147,158,178,188,140,149,141,92,82,123],"sEn":[7.423469387755101,7.423469387755101,7.193877551020409,34.97448979591836,9.260204081632649,10.408163265306118,11.70918367346939,7.117346938775508,5.204081632653059,5.969387755102039,9.260204081632649,10.408163265306118,8.801020408163266,11.249999999999995,12.09183673469388,13.622448979591839,14.387755102040819,10.714285714285715,11.403061224489797,10.790816326530608,7.040816326530611,6.275510204081631,9.413265306122447],"mHat":[35,35,34,39,44,51,55,36,26,31,47,52,46,61,64,70,61,48,50,46,76,86,66],"sEm":[13.010204081632653,13.010204081632653,12.755102040816327,14.540816326530612,16.581632653061224,18.367346938775512,19.89795918367347,11.73469387755102,8.673469387755102,9.693877551020408,15.306122448979592,17.091836734693878,14.285714285714286,17.602040816326532,19.89795918367347,21.93877551020408,20.918367346938776,15.816326530612246,17.346938775510203,15.816326530612246,27.806122448979593,28.316326530612244,37.5],"pHat":["","","","","","","","","","","","","","","","","","","","","","",""],"sEp":[0.0305,0.0305,0.0305,0.0305,0.0305,0.0305,0.0305,0.0305,0.0305,0.0305,0.0305,0.0305,0.0305,0.0305,0.0305,0.0305,0.0305,0.0305,0.0305,0.0305,0.0305,0.0305,0.0305]}