{"year":[2000,2001,2002,2003,2004,2005,2006,2007,2008,2009,2010,2011,2012,2013,2014,2015,2016,2017,2018,2019,2020,2021,2022,2023,2024,2025,2026,2027,2028,2029,2030,2031,2032,2033,2034,2035,2036,2037,2038,2039,2040,2041,2042,2043,2044,2045,2046,2047,2048,2049,2050],"iHat":[110,96,120,140,130,150,170,160,140,230,250,160,160,180,190,190,150,170,220,170,170,180,180,null,null,null,null,null,null,null,null,null,null,null,null,null,null,null,null,null,null,null,null,null,null,null,null,null,null,null,null],"sEi":[12.5,7.653061224489796,13.010204081632653,15.306122448979592,12.755102040816327,20.408163265306122,25.510204081632654,22.95918367346939,15.306122448979592,43.36734693877551,51.02040816326531,20.408163265306122,20.408163265306122,28.06122448979592,28.06122448979592,25.510204081632654,15.306122448979592,20.408163265306122,35.714285714285715,22.95918367346939,22.95918367346939,22.95918367346939,20.408163265306122,null,null,null,null,null,null,null,null,null,null,null,null,null,null,null,null,null,null,null,null,null,null,null,null,null,null,null,null],"nHat":[91.15322580645162,76.81451612903226,99.34677419354838,107.54032258064515,99.34677419354838,119.83064516129032,132.1209677419355,0.0,110.61290322580645,182.30645161290323,198.69354838709677,128.0241935483871,131.09677419354838,146.45967741935485,149.53225806451613,151.5806451612903,117.78225806451613,133.1451612903226,180.25806451612902,137.24193548387098,106.51612903225806,90.12903225806451,127.0,null,null,null,null,null,null,null,null,null,null,null,null,null,null,null,null,null,null,null,null,null,null,null,null,null,null,null,null],"sEn":[6.8112244897959195,5.7397959183673475,7.423469387755101,8.035714285714283,7.423469387755101,8.954081632653056,9.872448979591837,0.0,8.265306122448978,13.622448979591839,14.846938775510202,9.566326530612246,9.795918367346937,10.943877551020407,11.173469387755098,11.326530612244897,8.801020408163266,9.948979591836736,13.469387755102037,10.255102040816327,7.959183673469389,6.734693877551019,9.489795918367347,null,null,null,null,null,null,null,null,null,null,null,null,null,null,null,null,null,null,null,null,null,null,null,null,null,null,null,null],"mHat":[11,15,12,20,14,16,16,17,26,32,38,27,27,16,25,26,21,20,21,24,26,27,26,null,null,null,null,null,null,null,null,null,null,null,null,null,null,null,null,null,null,null,null,null,null,null,null,null,null,null,null],"sEm":[2.295918367346939,1.7857142857142858,2.0408163265306123,2.0408163265306123,1.7857142857142858,2.5510204081632653,3.061224489795918,3.061224489795918,2.295918367346939,3.826530612244898,4.336734693877551,2.806122448979592,2.806122448979592,2.0408163265306123,2.806122448979592,2.806122448979592,2.0408163265306123,1.7857142857142858,2.0408163265306123,2.295918367346939,2.806122448979592,2.806122448979592,2.806122448979592,null,null,null,null,null,null,null,null,null,null,null,null,null,null,null,null,null,null,null,null,null,null,null,null,null,null,null,null],"pHat":[null,null,null,null,null,null,null,null,null,null,null,null,null,null,null,null,null,null,null,null,null,null,null],"sEp":[null,null,null,null,null,null,null,null,null,null,null,null,null,null,null,null,null,null,null,null,null,null,null,null,null,null,null,null,null,null,null,null,null,null,null,null,null,null,null,null,null,null,null,null,null,null,null,null,null,null,null],"modelType":"IP","hRd":[1,1,1,1,1,1,1,1,1,1,1,1,1,1,1,1,1,1,1,1,1,1,1,1,1,1,1,1,1,1,1,1,1,1,1,1,1,1,1,1,1,1,1,1,1,1,1,1,1,1,1],"hRi":[1,1,1,1,1,1,1,1,1,1,1,1,1,1,1,1,1,1,1,1,1,1,1,1,1,1,1,1,1,1,1,1,1,1,1,1,1,1,1,1,1,1,1,1,1,1,1,1,1,1,1],"oRt":[1,1,1,1,1,1,1,1,1,1,1,1,1,1,1,1,1,1,1,1,1,1,1,1,1,1,1,1,1,1,1,1,1,1,1,1,1,1,1,1,1,1,1,1,1,1,1,1,1,1,1],"tXf":[0.034741935483870966,0.034741935483870966,0.034741935483870966,0.034741935483870966,0.034741935483870966,0.034741935483870966,0.034741935483870966,0.034741935483870966,0.034741935483870966,0.034741935483870966,0.034741935483870966,0.034741935483870966,0.034741935483870966,0.034741935483870966,0.034741935483870966,0.034741935483870966,0.034741935483870966,0.034741935483870966,0.034741935483870966,0.034741935483870966,0.034741935483870966,0.034741935483870966,0.034741935483870966,0.034741935483870966,0.034741935483870966,0.034741935483870966,0.034741935483870966,0.034741935483870966,0.034741935483870966,0.034741935483870966,0.034741935483870966,0.034741935483870966,0.034741935483870966,0.034741935483870966,0.034741935483870966,0.034741935483870966,0.034741935483870966,0.034741935483870966,0.034741935483870966,0.034741935483870966,0.034741935483870966,0.034741935483870966,0.034741935483870966,0.034741935483870966,0.034741935483870966,0.034741935483870966,0.034741935483870966,0.034741935483870966,0.034741935483870966,0.034741935483870966,0.034741935483870966]}