{"year":[2000,2001,2002,2003,2004,2005,2006,2007,2008,2009,2010,2011,2012,2013,2014,2015,2016,2017,2018,2019,2020,2021,2022],"iHat":[1200,1100,1100,1100,760,820,770,720,670,520,470,430,370,460,370,350,320,260,310,250,180,150,160],"sEi":[79.08163265306122,84.18367346938776,86.73469387755102,86.73469387755102,58.673469387755105,61.224489795918366,58.673469387755105,56.12244897959184,53.57142857142857,38.26530612244898,35.714285714285715,33.16326530612245,28.06122448979592,35.714285714285715,30.612244897959183,28.06122448979592,22.95918367346939,20.408163265306122,22.95918367346939,17.857142857142858,12.755102040816327,12.755102040816327,12.755102040816327],"nHat":[1010,986,975,978,664,710,673,622,584,453,409,378,321,399,325,311,283,231,275,216,154,134,142],"sEn":[77.29591836734694,75.45918367346935,74.61734693877551,74.84693877551017,50.81632653061223,54.336734693877524,51.50510204081632,47.602040816326536,44.69387755102039,34.66836734693876,31.301020408163264,28.928571428571423,24.566326530612248,30.535714285714285,24.872448979591823,23.801020408163268,21.658163265306126,17.678571428571423,21.04591836734694,16.530612244897956,11.785714285714283,10.255102040816327,10.867346938775505],"mHat":[54,59,66,68,53,47,47,35,43,43,35,26,18,20,35,35,35,35,35,36,36,36,37],"sEm":[0.5102040816326531,0.5102040816326531,0.5102040816326531,0.5102040816326531,0.25510204081632654,0.25510204081632654,0.25510204081632654,0.25510204081632654,0.25510204081632654,0.25510204081632654,0.25510204081632654,0.25510204081632654,0.25510204081632654,0.25510204081632654,0.25510204081632654,0.25510204081632654,0.25510204081632654,0.25510204081632654,0.5102040816326531,0.5102040816326531,0.5102040816326531,0.5102040816326531,0.7653061224489796],"pHat":["","","","","","","","","","","","","","","","","","","","","","",""],"sEp":[0.0305,0.0305,0.0305,0.0305,0.0305,0.0305,0.0305,0.0305,0.0305,0.0305,0.0305,0.0305,0.0305,0.0305,0.0305,0.0305,0.0305,0.0305,0.0305,0.0305,0.0305,0.0305,0.0305]}