{"year":[2000,2001,2002,2003,2004,2005,2006,2007,2008,2009,2010,2011,2012,2013,2014,2015,2016,2017,2018,2019,2020,2021,2022],"iHat":[420,410,390,330,290,310,240,250,240,210,190,210,150,160,160,150,140,130,110,110,86,91,83],"sEi":[33.16326530612245,33.16326530612245,30.612244897959183,25.510204081632654,20.408163265306122,25.510204081632654,20.408163265306122,17.857142857142858,20.408163265306122,17.857142857142858,12.755102040816327,15.306122448979592,12.755102040816327,10.204081632653061,12.755102040816327,10.204081632653061,10.204081632653061,10.204081632653061,8.673469387755102,8.673469387755102,6.63265306122449,5.612244897959184,6.377551020408164],"nHat":[368,359,338,285,249,269,207,214,208,186,169,181,134,140,142,130,119,113,98,98,75,79,72],"sEn":[28.163265306122444,27.474489795918366,25.867346938775505,21.81122448979592,19.056122448979583,20.586734693877542,15.841836734693876,16.37755102040816,15.918367346938778,14.234693877551017,12.933673469387752,13.852040816326527,10.255102040816327,10.714285714285715,10.867346938775505,9.948979591836736,9.107142857142858,8.647959183673468,7.499999999999998,7.499999999999998,5.7397959183673475,6.04591836734694,5.510204081632653],"mHat":[23,28,24,30,13,19,19,30,36,26,21,14,11,10,22,11,8,8,7,15,15,15,15],"sEm":[0.5102040816326531,0.5102040816326531,0.5102040816326531,0.5102040816326531,0.25510204081632654,0.5102040816326531,0.25510204081632654,0.25510204081632654,0.25510204081632654,0.25510204081632654,0.25510204081632654,0.25510204081632654,0.25510204081632654,0.25510204081632654,0.25510204081632654,0.25510204081632654,0.25510204081632654,0.25510204081632654,0.25510204081632654,0.5102040816326531,0.5102040816326531,0.5102040816326531,0.5102040816326531],"pHat":["","","","","","","","","","","","","","","","","","","","","","",""],"sEp":[0.0305,0.0305,0.0305,0.0305,0.0305,0.0305,0.0305,0.0305,0.0305,0.0305,0.0305,0.0305,0.0305,0.0305,0.0305,0.0305,0.0305,0.0305,0.0305,0.0305,0.0305,0.0305,0.0305]}