{"year":[2000,2001,2002,2003,2004,2005,2006,2007,2008,2009,2010,2011,2012,2013,2014,2015,2016,2017,2018,2019,2020,2021,2022,2023,2024,2025,2026,2027,2028,2029,2030,2031,2032,2033,2034,2035,2036,2037,2038,2039,2040,2041,2042,2043,2044,2045,2046,2047,2048,2049,2050],"iHat":[480,450,430,460,490,620,560,530,590,660,710,620,680,700,730,900,810,560,550,550,360,400,410,null,null,null,null,null,null,null,null,null,null,null,null,null,null,null,null,null,null,null,null,null,null,null,null,null,null,null,null],"sEi":[35.714285714285715,33.16326530612245,33.16326530612245,35.714285714285715,38.26530612244898,48.46938775510204,43.36734693877551,40.816326530612244,43.36734693877551,51.02040816326531,53.57142857142857,45.91836734693878,53.57142857142857,53.57142857142857,56.12244897959184,58.673469387755105,61.224489795918366,43.36734693877551,40.816326530612244,43.36734693877551,28.06122448979592,30.612244897959183,30.612244897959183,null,null,null,null,null,null,null,null,null,null,null,null,null,null,null,null,null,null,null,null,null,null,null,null,null,null,null,null],"nHat":[436.6371191135734,412.5540166204986,392.65927977839334,414.6481994459834,449.202216066482,564.382271468144,513.0747922437673,481.66204986149586,539.2520775623269,598.9362880886426,643.9612188365651,563.3351800554017,620.9252077562327,642.9141274238227,669.0914127423823,824.0609418282548,736.1052631578947,514.1218836565097,504.69806094182826,504.69806094182826,335.06925207756234,363.34072022160666,378.0,null,null,null,null,null,null,null,null,null,null,null,null,null,null,null,null,null,null,null,null,null,null,null,null,null,null,null,null],"sEn":[31.91326530612244,30.153061224489793,28.69897959183672,30.306122448979597,32.83163265306122,41.249999999999986,37.5,35.204081632653065,39.41326530612245,43.77551020408163,47.066326530612244,41.173469387755084,45.382653061224474,46.98979591836733,48.90306122448978,60.2295918367347,53.80102040816326,37.5765306122449,36.887755102040806,36.887755102040806,24.489795918367346,26.556122448979583,27.627551020408166,null,null,null,null,null,null,null,null,null,null,null,null,null,null,null,null,null,null,null,null,null,null,null,null,null,null,null,null],"mHat":[74,92,100,62,54,63,69,66,67,64,38,50,43,47,33,28,29,25,24,25,25,25,25,null,null,null,null,null,null,null,null,null,null,null,null,null,null,null,null,null,null,null,null,null,null,null,null,null,null,null,null],"sEm":[1.2755102040816326,1.2755102040816326,2.5510204081632653,1.2755102040816326,0.7653061224489796,1.0204081632653061,1.0204081632653061,0.7653061224489796,1.0204081632653061,1.0204081632653061,0.7653061224489796,1.0204081632653061,1.0204081632653061,1.0204081632653061,1.0204081632653061,1.0204081632653061,1.0204081632653061,0.7653061224489796,0.7653061224489796,0.7653061224489796,0.7653061224489796,0.7653061224489796,0.7653061224489796,null,null,null,null,null,null,null,null,null,null,null,null,null,null,null,null,null,null,null,null,null,null,null,null,null,null,null,null],"pHat":[null,null,null,null,null,null,null,null,null,null,null,null,null,null,null,null,null,null,null,null,null,null,null],"sEp":[null,null,null,null,null,null,null,null,null,null,null,null,null,null,null,null,null,null,null,null,null,null,null,null,null,null,null,null,null,null,null,null,null,null,null,null,null,null,null,null,null,null,null,null,null,null,null,null,null,null,null],"modelType":"IPn2","hRd":[1,1,1,1,1,1,1,1,1,1,1,1,1,1,1,1,1,1,1,1,1,1,1,1,1,1,1,1,1,1,1,1,1,1,1,1,1,1,1,1,1,1,1,1,1,1,1,1,1,1,1],"hRi":[1,1,1,1,1,1,1,1,1,1,1,1,1,1,1,1,1,1,1,1,1,1,1,1,1,1,1,1,1,1,1,1,1,1,1,1,1,1,1,1,1,1,1,1,1,1,1,1,1,1,1],"oRt":[1,1,1,1,1,1,1,1,1,1,1,1,1,1,1,1,1,1,1,1,1,1,1,1,1,1,1,1,1,1,1,1,1,1,1,1,1,1,1,1,1,1,1,1,1,1,1,1,1,1,1],"tXf":[0.008744731694538667,0.008744731694538667,0.008744731694538667,0.008744731694538667,0.008744731694538667,0.008744731694538667,0.008744731694538667,0.008744731694538667,0.008744731694538667,0.008744731694538667,0.008744731694538667,0.008744731694538667,0.008744731694538667,0.008744731694538667,0.008744731694538667,0.008744731694538667,0.008744731694538667,0.008744731694538667,0.008744731694538667,0.008744731694538667,0.008744731694538667,0.008744731694538667,0.008744731694538667,0.008744731694538667,0.008744731694538667,0.008744731694538667,0.008744731694538667,0.008744731694538667,0.008744731694538667,0.008744731694538667,0.008744731694538667,0.008744731694538667,0.008744731694538667,0.008744731694538667,0.008744731694538667,0.008744731694538667,0.008744731694538667,0.008744731694538667,0.008744731694538667,0.008744731694538667,0.008744731694538667,0.008744731694538667,0.008744731694538667,0.008744731694538667,0.008744731694538667,0.008744731694538667,0.008744731694538667,0.008744731694538667,0.008744731694538667,0.008744731694538667,0.008744731694538667]}