{"year":[2000,2001,2002,2003,2004,2005,2006,2007,2008,2009,2010,2011,2012,2013,2014,2015,2016,2017,2018,2019,2020,2021,2022],"iHat":[23,22,33,12,21,16,20,20,7,17,20,24,23,28,15,9,14,18,17,16,10,13,18],"sEi":[1.7857142857142858,1.530612244897959,2.5510204081632653,0.7653061224489796,1.530612244897959,1.2755102040816326,1.530612244897959,1.530612244897959,0.5102040816326531,1.2755102040816326,1.530612244897959,1.7857142857142858,1.7857142857142858,2.0408163265306123,1.0204081632653061,0.7653061224489796,1.0204081632653061,1.2755102040816326,1.2755102040816326,1.2755102040816326,0.7653061224489796,1.0204081632653061,1.2755102040816326],"nHat":[20,19,29,10,18,14,0,0,6,15,17,21,20,24,13,8,12,16,15,14,9,11,16],"sEn":[1.530612244897959,1.454081632653061,2.21938775510204,0.7653061224489796,1.3775510204081634,1.0714285714285707,0.0,0.0,0.4591836734693877,1.1479591836734695,1.3010204081632648,1.6071428571428574,1.530612244897959,1.8367346938775508,0.9948979591836736,0.6122448979591836,0.9183673469387754,1.2244897959183672,1.1479591836734695,1.0714285714285707,0.6887755102040817,0.8418367346938773,1.2244897959183672],"mHat":[2,2,4,0,0,2,1,1,2,4,0,2,1,2,0,1,0,2,2,2,1,1,1],"sEm":[0.0,0.0,0.0,0.0,0.0,0.0,0.0,0.0,0.0,0.5102040816326531,0.25510204081632654,0.5102040816326531,0.5102040816326531,0.25510204081632654,0.25510204081632654,0.0,0.25510204081632654,0.25510204081632654,0.25510204081632654,0.25510204081632654,0.5102040816326531,0.5102040816326531,0.25510204081632654],"pHat":["","","","","","","","","","","","","","","","","","","","","","",""],"sEp":[0.0305,0.0305,0.0305,0.0305,0.0305,0.0305,0.0305,0.0305,0.0305,0.0305,0.0305,0.0305,0.0305,0.0305,0.0305,0.0305,0.0305,0.0305,0.0305,0.0305,0.0305,0.0305,0.0305]}