{"year":[2000,2001,2002,2003,2004,2005,2006,2007,2008,2009,2010,2011,2012,2013,2014,2015,2016,2017,2018,2019,2020,2021,2022,2023,2024,2025,2026,2027,2028,2029,2030,2031,2032,2033,2034,2035,2036,2037,2038,2039,2040,2041,2042,2043,2044,2045,2046,2047,2048,2049,2050],"iHat":[13000,13000,14000,14000,15000,16000,16000,17000,17000,18000,18000,19000,19000,20000,21000,21000,22000,22000,23000,24000,24000,25000,26000,27000,null,null,null,null,null,null,null,null,null,null,null,null,null,null,null,null,null,null,null,null,null,null,null,null,null,null,null],"sEi":[2780.612244897959,2959.183673469388,2882.6530612244896,3061.2244897959185,3214.285714285714,3367.3469387755104,3316.326530612245,3571.4285714285716,3571.4285714285716,3826.530612244898,3571.4285714285716,3826.530612244898,4081.6326530612246,4081.6326530612246,4336.734693877551,4081.6326530612246,4336.734693877551,4591.836734693878,4591.836734693878,4846.938775510204,4846.938775510204,5102.040816326531,5357.142857142857,5612.244897959184,null,null,null,null,null,null,null,null,null,null,null,null,null,null,null,null,null,null,null,null,null,null,null,null,null,null,null],"nHat":[0,0,5077,5011,5039,6505,0,6200,7195,8651,9697,10774,10800,11505,12305,12026,11077,12128,13306,13936,13169,14091,15172,16179,null,null,null,null,null,null,null,null,null,null,null,null,null,null,null,null,null,null,null,null,null,null,null,null,null,null,null],"sEn":[0.0,0.0,388.5459183673468,383.49489795918373,385.6377551020408,497.831632653061,0.0,474.4897959183671,550.6377551020408,662.0663265306123,742.1173469387757,824.5408163265304,826.5306122448975,880.4846938775506,941.7091836734689,920.3571428571427,847.7295918367348,928.1632653061224,1018.3163265306121,1066.5306122448978,1007.831632653061,1078.3928571428569,1161.122448979592,1238.1887755102039,null,null,null,null,null,null,null,null,null,null,null,null,null,null,null,null,null,null,null,null,null,null,null,null,null,null,null],"mHat":[4500,4600,4700,5100,5200,4900,5300,5700,5400,4900,4700,4500,4700,4700,4600,5200,5800,5500,5100,5200,6100,6000,5800,5800,null,null,null,null,null,null,null,null,null,null,null,null,null,null,null,null,null,null,null,null,null,null,null,null,null,null,null],"sEm":[1096.938775510204,1071.4285714285716,1071.4285714285716,1147.9591836734694,1173.4693877551022,1122.4489795918369,1198.9795918367347,1301.0204081632653,1250.0,1122.4489795918369,1071.4285714285716,994.8979591836735,1045.9183673469388,1045.9183673469388,1020.4081632653061,867.3469387755102,994.8979591836735,943.8775510204082,918.3673469387755,918.3673469387755,1147.9591836734694,1122.4489795918369,1122.4489795918369,1147.9591836734694,null,null,null,null,null,null,null,null,null,null,null,null,null,null,null,null,null,null,null,null,null,null,null,null,null,null,null],"pHat":[null,null,null,null,null,null,null,null,null,null,null,null,null,null,null,null,null,null,null,null,null,null,null,null],"sEp":[null,null,null,null,null,null,null,null,null,null,null,null,null,null,null,null,null,null,null,null,null,null,null,null,null,null,null,null,null,null,null,null,null,null,null,null,null,null,null,null,null,null,null,null,null,null,null,null,null,null,null],"modelType":"IPn2","hRd":[1,1,1,1,1,1,1,1,1,1,1,1,1,1,1,1,1,1,1,1,1,1,1,1,1,1,1,1,1,1,1,1,1,1,1,1,1,1,1,1,1,1,1,1,1,1,1,1,1,1,1],"hRi":[1,1,1,1,1,1,1,1,1,1,1,1,1,1,1,1,1,1,1,1,1,1,1,1,1,1,1,1,1,1,1,1,1,1,1,1,1,1,1,1,1,1,1,1,1,1,1,1,1,1,1],"oRt":[1,1,1,1,1,1,1,1,1,1,1,1,1,1,1,1,1,1,1,1,1,1,1,1,1,1,1,1,1,1,1,1,1,1,1,1,1,1,1,1,1,1,1,1,1,1,1,1,1,1,1],"tXf":[0.034532526810153695,0.034532526810153695,0.034532526810153695,0.034532526810153695,0.034532526810153695,0.034532526810153695,0.034532526810153695,0.034532526810153695,0.034532526810153695,0.034532526810153695,0.034532526810153695,0.034532526810153695,0.034532526810153695,0.034532526810153695,0.034532526810153695,0.034532526810153695,0.034532526810153695,0.034532526810153695,0.034532526810153695,0.034532526810153695,0.034532526810153695,0.034532526810153695,0.034532526810153695,0.034532526810153695,0.034532526810153695,0.034532526810153695,0.034532526810153695,0.034532526810153695,0.034532526810153695,0.034532526810153695,0.034532526810153695,0.034532526810153695,0.034532526810153695,0.034532526810153695,0.034532526810153695,0.034532526810153695,0.034532526810153695,0.034532526810153695,0.034532526810153695,0.034532526810153695,0.034532526810153695,0.034532526810153695,0.034532526810153695,0.034532526810153695,0.034532526810153695,0.034532526810153695,0.034532526810153695,0.034532526810153695,0.034532526810153695,0.034532526810153695,0.034532526810153695]}