{"year":[2000,2001,2002,2003,2004,2005,2006,2007,2008,2009,2010,2011,2012,2013,2014,2015,2016,2017,2018,2019,2020,2021,2022,2023,2024,2025,2026,2027,2028,2029,2030,2031,2032,2033,2034,2035,2036,2037,2038,2039,2040,2041,2042,2043,2044,2045,2046,2047,2048,2049,2050],"iHat":[2600,2700,2900,3300,3700,4100,4300,4600,4800,4900,5000,4900,4800,4600,4200,3900,3500,3200,3000,3100,3000,2900,2800,null,null,null,null,null,null,null,null,null,null,null,null,null,null,null,null,null,null,null,null,null,null,null,null,null,null,null,null],"sEi":[714.2857142857143,790.8163265306123,867.3469387755102,1045.9183673469388,1301.0204081632653,1530.6122448979593,1734.6938775510205,1887.7551020408164,1989.795918367347,2015.3061224489795,2015.3061224489795,1913.265306122449,1760.204081632653,1581.6326530612246,1326.530612244898,867.3469387755102,459.18367346938777,357.14285714285717,331.6326530612245,306.12244897959187,306.12244897959187,331.6326530612245,331.6326530612245,null,null,null,null,null,null,null,null,null,null,null,null,null,null,null,null,null,null,null,null,null,null,null,null,null,null,null,null],"nHat":[1451.3897972531067,0.0,1694.4898626553304,1869.6043165467627,2283.6984957488553,2617.4460431654675,2903.809679529104,2509.287115761936,3056.262262916939,3075.833878351864,2874.967298888162,2974.8855461085677,2928.5317200784825,2678.2210595160236,2600.964682799215,2691.6121648136036,2837.884238064094,2620.53629823414,2488.6854153041204,2661.7396991497712,2400.0981033355133,2511.3472858077175,3150.0,null,null,null,null,null,null,null,null,null,null,null,null,null,null,null,null,null,null,null,null,null,null,null,null,null,null,null,null],"sEn":[107.83163265306123,0.0,125.89285714285708,138.9030612244898,169.6683673469387,194.46428571428564,215.7397959183673,186.42857142857136,227.06632653061223,228.52040816326524,213.59693877551013,221.02040816326533,217.57653061224494,198.97959183673458,193.23979591836735,199.9744897959184,210.84183673469377,194.69387755102036,184.8979591836734,197.7551020408163,178.31632653061226,186.58163265306126,234.03061224489798,null,null,null,null,null,null,null,null,null,null,null,null,null,null,null,null,null,null,null,null,null,null,null,null,null,null,null,null],"mHat":[740,740,780,870,900,940,970,1300,1100,1100,1200,1200,1100,1100,940,720,470,390,370,300,400,310,110,null,null,null,null,null,null,null,null,null,null,null,null,null,null,null,null,null,null,null,null,null,null,null,null,null,null,null,null],"sEm":[170.91836734693877,170.91836734693877,188.77551020408163,201.53061224489795,221.9387755102041,214.28571428571428,237.24489795918367,311.2244897959184,181.12244897959184,186.22448979591837,216.83673469387756,198.9795918367347,188.77551020408163,170.91836734693877,165.81632653061226,107.14285714285714,63.775510204081634,58.673469387755105,56.12244897959184,51.02040816326531,56.12244897959184,51.02040816326531,48.97959183673469,null,null,null,null,null,null,null,null,null,null,null,null,null,null,null,null,null,null,null,null,null,null,null,null,null,null,null,null],"pHat":[null,null,null,null,null,null,null,null,null,null,null,null,null,null,null,null,null,null,null,null,null,null,null],"sEp":[null,null,null,null,null,null,null,null,null,null,null,null,null,null,null,null,null,null,null,null,null,null,null,null,null,null,null,null,null,null,null,null,null,null,null,null,null,null,null,null,null,null,null,null,null,null,null,null,null,null,null],"modelType":"IPn2","hRd":[1,1,1,1,1,1,1,1,1,1,1,1,1,1,1,1,1,1,1,1,1,1,1,1,1,1,1,1,1,1,1,1,1,1,1,1,1,1,1,1,1,1,1,1,1,1,1,1,1,1,1],"hRi":[1,1,1,1,1,1,1,1,1,1,1,1,1,1,1,1,1,1,1,1,1,1,1,1,1,1,1,1,1,1,1,1,1,1,1,1,1,1,1,1,1,1,1,1,1,1,1,1,1,1,1],"oRt":[1,1,1,1,1,1,1,1,1,1,1,1,1,1,1,1,1,1,1,1,1,1,1,1,1,1,1,1,1,1,1,1,1,1,1,1,1,1,1,1,1,1,1,1,1,1,1,1,1,1,1],"tXf":[0.02346164410252031,0.02346164410252031,0.02346164410252031,0.02346164410252031,0.02346164410252031,0.02346164410252031,0.02346164410252031,0.02346164410252031,0.02346164410252031,0.02346164410252031,0.02346164410252031,0.02346164410252031,0.02346164410252031,0.02346164410252031,0.02346164410252031,0.02346164410252031,0.02346164410252031,0.02346164410252031,0.02346164410252031,0.02346164410252031,0.02346164410252031,0.02346164410252031,0.02346164410252031,0.02346164410252031,0.02346164410252031,0.02346164410252031,0.02346164410252031,0.02346164410252031,0.02346164410252031,0.02346164410252031,0.02346164410252031,0.02346164410252031,0.02346164410252031,0.02346164410252031,0.02346164410252031,0.02346164410252031,0.02346164410252031,0.02346164410252031,0.02346164410252031,0.02346164410252031,0.02346164410252031,0.02346164410252031,0.02346164410252031,0.02346164410252031,0.02346164410252031,0.02346164410252031,0.02346164410252031,0.02346164410252031,0.02346164410252031,0.02346164410252031,0.02346164410252031]}