{"year":[2000,2001,2002,2003,2004,2005,2006,2007,2008,2009,2010,2011,2012,2013,2014,2015,2016,2017,2018,2019,2020,2021,2022,2023,2024,2025,2026,2027,2028,2029,2030,2031,2032,2033,2034,2035,2036,2037,2038,2039,2040,2041,2042,2043,2044,2045,2046,2047,2048,2049,2050],"iHat":[152000,156000,157000,155000,152000,147000,142000,137000,132000,128000,124000,121000,119000,118000,117000,115000,113000,111000,109000,107000,104000,104000,111000,null,null,null,null,null,null,null,null,null,null,null,null,null,null,null,null,null,null,null,null,null,null,null,null,null,null,null,null],"sEi":[67346.9387755102,69897.95918367348,69897.95918367348,67857.14285714286,64540.816326530614,60459.183673469386,56122.448979591834,52040.816326530614,47704.08163265306,38775.510204081635,33163.26530612245,31122.448979591838,32653.061224489797,29846.938775510203,28571.428571428572,27551.020408163266,21938.775510204083,15306.122448979591,14795.91836734694,14030.612244897959,13265.30612244898,12244.897959183674,13010.204081632653,null,null,null,null,null,null,null,null,null,null,null,null,null,null,null,null,null,null,null,null,null,null,null,null,null,null,null,null],"nHat":[34572.26386674729,50215.58880765214,50139.74360947721,55118.22241767907,55929.260403496235,58547.436644494526,58037.756912759054,55410.47924797977,55874.65186081029,64695.95404320818,67884.48617448189,66565.79099554724,60983.584409873016,64257.06316310263,68485.18014402727,62835.2185146501,71020.43230168764,81418.3033368149,86479.70622835468,89368.9026441647,87402.99510747072,72770.93947556484,73584.0,null,null,null,null,null,null,null,null,null,null,null,null,null,null,null,null,null,null,null,null,null,null,null,null,null,null,null,null],"sEn":[2616.3520408163254,3800.204081632652,3794.464285714285,4171.224489795918,4232.602040816326,4430.739795918367,4392.168367346938,4193.341836734694,4228.469387755102,4896.045918367347,5137.34693877551,5037.551020408161,4615.102040816324,4862.83163265306,5182.8061224489775,4755.2295918367345,5374.668367346936,6161.55612244898,6544.591836734695,6763.239795918366,6614.464285714285,5507.142857142857,5568.673469387752,null,null,null,null,null,null,null,null,null,null,null,null,null,null,null,null,null,null,null,null,null,null,null,null,null,null,null,null],"mHat":[41000,35000,33000,30000,28000,26000,22000,21000,20000,18000,16000,16000,16000,17000,16000,16000,14000,13000,12000,12000,11000,11000,14000,null,null,null,null,null,null,null,null,null,null,null,null,null,null,null,null,null,null,null,null,null,null,null,null,null,null,null,null],"sEm":[13265.30612244898,10969.387755102041,10204.081632653062,8928.57142857143,8418.367346938776,7908.163265306122,4081.6326530612246,4081.6326530612246,4081.6326530612246,3316.326530612245,2551.0204081632655,2295.918367346939,2551.0204081632655,2295.918367346939,2040.8163265306123,2040.8163265306123,1530.6122448979593,1530.6122448979593,1403.061224489796,1479.591836734694,1096.938775510204,994.8979591836735,1275.5102040816328,null,null,null,null,null,null,null,null,null,null,null,null,null,null,null,null,null,null,null,null,null,null,null,null,null,null,null,null],"pHat":[null,null,null,null,null,null,null,null,null,null,null,null,null,null,null,null,null,null,null,null,null,null,null],"sEp":[null,null,null,null,null,null,null,null,null,null,null,null,null,null,null,null,null,null,null,null,null,null,null,null,null,null,null,null,null,null,null,null,null,null,null,null,null,null,null,null,null,null,null,null,null,null,null,null,null,null,null],"modelType":"IPn2","hRd":[1,1,1,1,1,1,1,1,1,1,1,1,1,1,1,1,1,1,1,1,1,1,1,1,1,1,1,1,1,1,1,1,1,1,1,1,1,1,1,1,1,1,1,1,1,1,1,1,1,1,1],"hRi":[1,1,1,1,1,1,1,1,1,1,1,1,1,1,1,1,1,1,1,1,1,1,1,1,1,1,1,1,1,1,1,1,1,1,1,1,1,1,1,1,1,1,1,1,1,1,1,1,1,1,1],"oRt":[1,1,1,1,1,1,1,1,1,1,1,1,1,1,1,1,1,1,1,1,1,1,1,1,1,1,1,1,1,1,1,1,1,1,1,1,1,1,1,1,1,1,1,1,1,1,1,1,1,1,1],"tXf":[0.002431360364755292,0.002431360364755292,0.002431360364755292,0.002431360364755292,0.002431360364755292,0.002431360364755292,0.002431360364755292,0.002431360364755292,0.002431360364755292,0.002431360364755292,0.002431360364755292,0.002431360364755292,0.002431360364755292,0.002431360364755292,0.002431360364755292,0.002431360364755292,0.002431360364755292,0.002431360364755292,0.002431360364755292,0.002431360364755292,0.002431360364755292,0.002431360364755292,0.002431360364755292,0.002431360364755292,0.002431360364755292,0.002431360364755292,0.002431360364755292,0.002431360364755292,0.002431360364755292,0.002431360364755292,0.002431360364755292,0.002431360364755292,0.002431360364755292,0.002431360364755292,0.002431360364755292,0.002431360364755292,0.002431360364755292,0.002431360364755292,0.002431360364755292,0.002431360364755292,0.002431360364755292,0.002431360364755292,0.002431360364755292,0.002431360364755292,0.002431360364755292,0.002431360364755292,0.002431360364755292,0.002431360364755292,0.002431360364755292,0.002431360364755292,0.002431360364755292]}