{"year":[2000,2001,2002,2003,2004,2005,2006,2007,2008,2009,2010,2011,2012,2013,2014,2015,2016,2017,2018,2019,2020,2021,2022],"iHat":[152000,156000,157000,155000,152000,147000,142000,137000,132000,128000,124000,121000,119000,118000,117000,115000,113000,111000,109000,107000,104000,104000,111000],"sEi":[67346.9387755102,69897.95918367348,69897.95918367348,67857.14285714286,64540.816326530614,60459.183673469386,56122.448979591834,52040.816326530614,47704.08163265306,38775.510204081635,33163.26530612245,31122.448979591838,32653.061224489797,29846.938775510203,28571.428571428572,27551.020408163266,21938.775510204083,15306.122448979591,14795.91836734694,14030.612244897959,13265.30612244898,12244.897959183674,13010.204081632653],"nHat":[34187,49656,49581,54504,55306,57895,57391,54793,55252,63975,67128,65824,60304,63541,67722,62135,70229,80511,85516,88373,86429,71960,72764],"sEn":[2616.3520408163254,3800.204081632652,3794.464285714285,4171.224489795918,4232.602040816326,4430.739795918367,4392.168367346938,4193.341836734694,4228.469387755102,4896.045918367347,5137.34693877551,5037.551020408161,4615.102040816324,4862.83163265306,5182.8061224489775,4755.2295918367345,5374.668367346936,6161.55612244898,6544.591836734695,6763.239795918366,6614.464285714285,5507.142857142857,5568.673469387752],"mHat":[41000,35000,33000,30000,28000,26000,22000,21000,20000,18000,16000,16000,16000,17000,16000,16000,14000,13000,12000,12000,11000,11000,14000],"sEm":[13265.30612244898,10969.387755102041,10204.081632653062,8928.57142857143,8418.367346938776,7908.163265306122,4081.6326530612246,4081.6326530612246,4081.6326530612246,3316.326530612245,2551.0204081632655,2295.918367346939,2551.0204081632655,2295.918367346939,2040.8163265306123,2040.8163265306123,1530.6122448979593,1530.6122448979593,1403.061224489796,1479.591836734694,1096.938775510204,994.8979591836735,1275.5102040816328],"pHat":["","","","","","","","","","","","","","","","","","","","","","",""],"sEp":[0.0305,0.0305,0.0305,0.0305,0.0305,0.0305,0.0305,0.0305,0.0305,0.0305,0.0305,0.0305,0.0305,0.0305,0.0305,0.0305,0.0305,0.0305,0.0305,0.0305,0.0305,0.0305,0.0305]}