{"year":[2000,2001,2002,2003,2004,2005,2006,2007,2008,2009,2010,2011,2012,2013,2014,2015,2016,2017,2018,2019,2020,2021,2022,2023,2024,2025,2026,2027,2028,2029,2030,2031,2032,2033,2034,2035,2036,2037,2038,2039,2040,2041,2042,2043,2044,2045,2046,2047,2048,2049,2050],"iHat":[230,240,150,170,200,190,270,250,320,310,250,260,320,290,290,230,250,230,290,250,250,200,280,320,null,null,null,null,null,null,null,null,null,null,null,null,null,null,null,null,null,null,null,null,null,null,null,null,null,null,null],"sEi":[17.857142857142858,17.857142857142858,12.755102040816327,15.306122448979592,15.306122448979592,15.306122448979592,20.408163265306122,20.408163265306122,25.510204081632654,22.95918367346939,17.857142857142858,20.408163265306122,22.95918367346939,20.408163265306122,20.408163265306122,17.857142857142858,17.857142857142858,17.857142857142858,22.95918367346939,20.408163265306122,17.857142857142858,15.306122448979592,20.408163265306122,25.510204081632654,null,null,null,null,null,null,null,null,null,null,null,null,null,null,null,null,null,null,null,null,null,null,null,null,null,null,null],"nHat":[224,220,163,174,186,179,253,260,322,324,258,266,321,280,293,218,234,217,272,242,240,180,249,285,null,null,null,null,null,null,null,null,null,null,null,null,null,null,null,null,null,null,null,null,null,null,null,null,null,null,null],"sEn":[17.14285714285713,16.836734693877546,12.47448979591837,13.316326530612242,14.234693877551017,13.698979591836732,19.362244897959187,19.89795918367347,24.642857142857135,24.795918367346935,19.744897959183675,20.357142857142854,24.566326530612248,21.42857142857143,22.423469387755105,16.683673469387756,17.90816326530611,16.607142857142858,20.816326530612237,18.520408163265298,18.367346938775512,13.775510204081625,19.056122448979583,21.81122448979592,null,null,null,null,null,null,null,null,null,null,null,null,null,null,null,null,null,null,null,null,null,null,null,null,null,null,null],"mHat":[47,37,37,34,37,34,50,35,37,41,35,36,36,32,34,28,31,26,30,30,32,34,36,39,null,null,null,null,null,null,null,null,null,null,null,null,null,null,null,null,null,null,null,null,null,null,null,null,null,null,null],"sEm":[5.357142857142858,5.612244897959184,3.316326530612245,2.5510204081632653,4.336734693877551,2.5510204081632653,1.0204081632653061,3.061224489795918,2.806122448979592,3.316326530612245,2.0408163265306123,3.061224489795918,3.061224489795918,2.295918367346939,2.806122448979592,1.530612244897959,2.0408163265306123,1.2755102040816326,2.0408163265306123,1.7857142857142858,1.7857142857142858,2.0408163265306123,1.7857142857142858,1.7857142857142858,null,null,null,null,null,null,null,null,null,null,null,null,null,null,null,null,null,null,null,null,null,null,null,null,null,null,null],"pHat":[null,null,null,null,null,null,null,null,null,null,null,null,null,null,null,null,null,null,null,null,null,null,null,null],"sEp":[null,null,null,null,null,null,null,null,null,null,null,null,null,null,null,null,null,null,null,null,null,null,null,null,null,null,null,null,null,null,null,null,null,null,null,null,null,null,null,null,null,null,null,null,null,null,null,null,null,null,null],"modelType":"IPn2","hRd":[1,1,1,1,1,1,1,1,1,1,1,1,1,1,1,1,1,1,1,1,1,1,1,1,1,1,1,1,1,1,1,1,1,1,1,1,1,1,1,1,1,1,1,1,1,1,1,1,1,1,1],"hRi":[1,1,1,1,1,1,1,1,1,1,1,1,1,1,1,1,1,1,1,1,1,1,1,1,1,1,1,1,1,1,1,1,1,1,1,1,1,1,1,1,1,1,1,1,1,1,1,1,1,1,1],"oRt":[1,1,1,1,1,1,1,1,1,1,1,1,1,1,1,1,1,1,1,1,1,1,1,1,1,1,1,1,1,1,1,1,1,1,1,1,1,1,1,1,1,1,1,1,1,1,1,1,1,1,1],"tXf":[0.046900316437530364,0.046900316437530364,0.046900316437530364,0.046900316437530364,0.046900316437530364,0.046900316437530364,0.046900316437530364,0.046900316437530364,0.046900316437530364,0.046900316437530364,0.046900316437530364,0.046900316437530364,0.046900316437530364,0.046900316437530364,0.046900316437530364,0.046900316437530364,0.046900316437530364,0.046900316437530364,0.046900316437530364,0.046900316437530364,0.046900316437530364,0.046900316437530364,0.046900316437530364,0.046900316437530364,0.046900316437530364,0.046900316437530364,0.046900316437530364,0.046900316437530364,0.046900316437530364,0.046900316437530364,0.046900316437530364,0.046900316437530364,0.046900316437530364,0.046900316437530364,0.046900316437530364,0.046900316437530364,0.046900316437530364,0.046900316437530364,0.046900316437530364,0.046900316437530364,0.046900316437530364,0.046900316437530364,0.046900316437530364,0.046900316437530364,0.046900316437530364,0.046900316437530364,0.046900316437530364,0.046900316437530364,0.046900316437530364,0.046900316437530364,0.046900316437530364]}