{"year":[2000,2001,2002,2003,2004,2005,2006,2007,2008,2009,2010,2011,2012,2013,2014,2015,2016,2017,2018,2019,2020,2021,2022,2023,2024,2025,2026,2027,2028,2029,2030,2031,2032,2033,2034,2035,2036,2037,2038,2039,2040,2041,2042,2043,2044,2045,2046,2047,2048,2049,2050],"iHat":[19,19,15,35,18,14,10,21,19,21,16,14,22,21,17,23,22,25,29,32,33,33,33,null,null,null,null,null,null,null,null,null,null,null,null,null,null,null,null,null,null,null,null,null,null,null,null,null,null,null,null],"sEi":[1.0204081632653061,1.0204081632653061,0.5102040816326531,3.316326530612245,0.7653061224489796,0.5102040816326531,0.25510204081632654,1.0204081632653061,0.7653061224489796,1.0204081632653061,0.5102040816326531,0.5102040816326531,1.0204081632653061,1.0204081632653061,0.7653061224489796,1.2755102040816326,1.2755102040816326,1.530612244897959,2.0408163265306123,2.295918367346939,2.5510204081632653,2.5510204081632653,2.5510204081632653,null,null,null,null,null,null,null,null,null,null,null,null,null,null,null,null,null,null,null,null,null,null,null,null,null,null,null,null],"nHat":[16,16,13,31,0,12,9,18,17,18,14,12,19,18,15,20,20,23,28,31,30,22,26,null,null,null,null,null,null,null,null,null,null,null,null,null,null,null,null,null,null,null,null,null,null,null,null,null,null,null,null],"sEn":[1.2244897959183672,1.2244897959183672,0.9948979591836736,2.372448979591837,0.0,0.9183673469387754,0.6887755102040817,1.3775510204081634,1.3010204081632648,1.3775510204081634,1.0714285714285707,0.9183673469387754,1.454081632653061,1.3775510204081634,1.1479591836734695,1.530612244897959,1.530612244897959,1.7602040816326527,2.1428571428571415,2.372448979591837,2.295918367346939,1.6836734693877546,1.9897959183673473,null,null,null,null,null,null,null,null,null,null,null,null,null,null,null,null,null,null,null,null,null,null,null,null,null,null,null,null],"mHat":[2,2,1,3,1,1,1,2,2,2,1,1,2,2,1,2,2,2,2,3,2,5,4,null,null,null,null,null,null,null,null,null,null,null,null,null,null,null,null,null,null,null,null,null,null,null,null,null,null,null,null],"sEm":[0.25510204081632654,0.25510204081632654,0.25510204081632654,0.5102040816326531,0.25510204081632654,0.25510204081632654,0.0,0.5102040816326531,0.25510204081632654,0.5102040816326531,0.25510204081632654,0.25510204081632654,0.5102040816326531,0.5102040816326531,0.25510204081632654,0.5102040816326531,0.5102040816326531,0.5102040816326531,0.7653061224489796,0.5102040816326531,0.5102040816326531,1.0204081632653061,0.7653061224489796,null,null,null,null,null,null,null,null,null,null,null,null,null,null,null,null,null,null,null,null,null,null,null,null,null,null,null,null],"pHat":[null,null,null,null,null,null,null,null,null,null,null,null,null,null,null,null,null,null,null,null,null,null,null],"sEp":[null,null,null,null,null,null,null,null,null,null,null,null,null,null,null,null,null,null,null,null,null,null,null,null,null,null,null,null,null,null,null,null,null,null,null,null,null,null,null,null,null,null,null,null,null,null,null,null,null,null,null],"modelType":"IPn2","hRd":[1,1,1,1,1,1,1,1,1,1,1,1,1,1,1,1,1,1,1,1,1,1,1,1,1,1,1,1,1,1,1,1,1,1,1,1,1,1,1,1,1,1,1,1,1,1,1,1,1,1,1],"hRi":[1,1,1,1,1,1,1,1,1,1,1,1,1,1,1,1,1,1,1,1,1,1,1,1,1,1,1,1,1,1,1,1,1,1,1,1,1,1,1,1,1,1,1,1,1,1,1,1,1,1,1],"oRt":[1,1,1,1,1,1,1,1,1,1,1,1,1,1,1,1,1,1,1,1,1,1,1,1,1,1,1,1,1,1,1,1,1,1,1,1,1,1,1,1,1,1,1,1,1,1,1,1,1,1,1],"tXf":[0.0321560006293001,0.0321560006293001,0.0321560006293001,0.0321560006293001,0.0321560006293001,0.0321560006293001,0.0321560006293001,0.0321560006293001,0.0321560006293001,0.0321560006293001,0.0321560006293001,0.0321560006293001,0.0321560006293001,0.0321560006293001,0.0321560006293001,0.0321560006293001,0.0321560006293001,0.0321560006293001,0.0321560006293001,0.0321560006293001,0.0321560006293001,0.0321560006293001,0.0321560006293001,0.0321560006293001,0.0321560006293001,0.0321560006293001,0.0321560006293001,0.0321560006293001,0.0321560006293001,0.0321560006293001,0.0321560006293001,0.0321560006293001,0.0321560006293001,0.0321560006293001,0.0321560006293001,0.0321560006293001,0.0321560006293001,0.0321560006293001,0.0321560006293001,0.0321560006293001,0.0321560006293001,0.0321560006293001,0.0321560006293001,0.0321560006293001,0.0321560006293001,0.0321560006293001,0.0321560006293001,0.0321560006293001,0.0321560006293001,0.0321560006293001,0.0321560006293001]}