{"year":[2000,2001,2002,2003,2004,2005,2006,2007,2008,2009,2010,2011,2012,2013,2014,2015,2016,2017,2018,2019,2020,2021,2022,2023,2024,2025,2026,2027,2028,2029,2030,2031,2032,2033,2034,2035,2036,2037,2038,2039,2040,2041,2042,2043,2044,2045,2046,2047,2048,2049,2050],"iHat":[66000,66000,65000,65000,65000,65000,65000,66000,66000,67000,68000,69000,70000,72000,74000,76000,78000,81000,83000,86000,88000,91000,94000,null,null,null,null,null,null,null,null,null,null,null,null,null,null,null,null,null,null,null,null,null,null,null,null,null,null,null,null],"sEi":[26020.408163265307,18877.551020408162,15816.326530612245,13775.510204081633,13010.204081632653,14285.714285714286,14030.612244897959,14030.612244897959,13265.30612244898,14030.612244897959,13520.408163265307,12244.897959183674,13775.510204081633,14030.612244897959,15561.224489795919,17602.04081632653,18622.448979591838,19387.755102040817,19642.857142857145,20408.163265306124,20153.061224489797,20663.26530612245,21428.571428571428,null,null,null,null,null,null,null,null,null,null,null,null,null,null,null,null,null,null,null,null,null,null,null,null,null,null,null,null],"nHat":[30372,36829,40695,42891,43721,41040,40782,40909,42178,41703,42885,46306,44663,45549,44294,42005,43502,45879,56064,66107,60982,74884,94569,null,null,null,null,null,null,null,null,null,null,null,null,null,null,null,null,null,null,null,null,null,null,null,null,null,null,null,null],"sEn":[2324.3877551020396,2818.545918367347,3114.4132653061224,3282.474489795917,3345.9948979591827,3140.8163265306102,3121.0714285714284,3130.79081632653,3227.9081632653065,3191.55612244898,3282.0153061224473,3543.826530612244,3418.086734693878,3485.8928571428564,3389.8469387755094,3214.668367346937,3329.234693877551,3511.147959183673,4290.612244897959,5059.209183673467,4666.989795918365,5730.918367346936,7237.423469387754,null,null,null,null,null,null,null,null,null,null,null,null,null,null,null,null,null,null,null,null,null,null,null,null,null,null,null,null],"mHat":[25000,20000,17000,16000,15000,17000,17000,18000,18000,18000,18000,17000,18000,18000,20000,22000,23000,22000,19000,15000,18000,12000,4700,null,null,null,null,null,null,null,null,null,null,null,null,null,null,null,null,null,null,null,null,null,null,null,null,null,null,null,null],"sEm":[6887.755102040816,4846.938775510204,4081.6326530612246,3392.857142857143,3469.387755102041,3826.530612244898,3826.530612244898,4081.6326530612246,3316.326530612245,3061.2244897959185,3061.2244897959185,2295.918367346939,2806.122448979592,2806.122448979592,3061.2244897959185,3826.530612244898,4081.6326530612246,4081.6326530612246,3316.326530612245,2806.122448979592,2806.122448979592,2117.3469387755104,1658.1632653061224,null,null,null,null,null,null,null,null,null,null,null,null,null,null,null,null,null,null,null,null,null,null,null,null,null,null,null,null],"pHat":[null,null,null,null,null,null,null,null,null,null,null,null,null,null,null,null,null,null,null,null,null,null,null],"sEp":[null,null,null,null,null,null,null,null,null,null,null,null,null,null,null,null,null,null,null,null,null,null,null,null,null,null,null,null,null,null,null,null,null,null,null,null,null,null,null,null,null,null,null,null,null,null,null,null,null,null,null],"modelType":"IPn2","hRd":[1,1,1,1,1,1,1,1,1,1,1,1,1,1,1,1,1,1,1,1,1,1,1,1,1,1,1,1,1,1,1,1,1,1,1,1,1,1,1,1,1,1,1,1,1,1,1,1,1,1,1],"hRi":[1,1,1,1,1,1,1,1,1,1,1,1,1,1,1,1,1,1,1,1,1,1,1,1,1,1,1,1,1,1,1,1,1,1,1,1,1,1,1,1,1,1,1,1,1,1,1,1,1,1,1],"oRt":[1,1,1,1,1,1,1,1,1,1,1,1,1,1,1,1,1,1,1,1,1,1,1,1,1,1,1,1,1,1,1,1,1,1,1,1,1,1,1,1,1,1,1,1,1,1,1,1,1,1,1],"tXf":[0.00768024641622865,0.00768024641622865,0.00768024641622865,0.00768024641622865,0.00768024641622865,0.00768024641622865,0.00768024641622865,0.00768024641622865,0.00768024641622865,0.00768024641622865,0.00768024641622865,0.00768024641622865,0.00768024641622865,0.00768024641622865,0.00768024641622865,0.00768024641622865,0.00768024641622865,0.00768024641622865,0.00768024641622865,0.00768024641622865,0.00768024641622865,0.00768024641622865,0.00768024641622865,0.00768024641622865,0.00768024641622865,0.00768024641622865,0.00768024641622865,0.00768024641622865,0.00768024641622865,0.00768024641622865,0.00768024641622865,0.00768024641622865,0.00768024641622865,0.00768024641622865,0.00768024641622865,0.00768024641622865,0.00768024641622865,0.00768024641622865,0.00768024641622865,0.00768024641622865,0.00768024641622865,0.00768024641622865,0.00768024641622865,0.00768024641622865,0.00768024641622865,0.00768024641622865,0.00768024641622865,0.00768024641622865,0.00768024641622865,0.00768024641622865,0.00768024641622865]}