{"year":[2000,2001,2002,2003,2004,2005,2006,2007,2008,2009,2010,2011,2012,2013,2014,2015,2016,2017,2018,2019,2020,2021,2022,2023,2024,2025,2026,2027,2028,2029,2030,2031,2032,2033,2034,2035,2036,2037,2038,2039,2040,2041,2042,2043,2044,2045,2046,2047,2048,2049,2050],"iHat":[19000,18000,17000,17000,17000,16000,16000,15000,15000,13000,13000,12000,11000,10000,10000,10000,10000,10000,9800,9800,7900,8700,8900,null,null,null,null,null,null,null,null,null,null,null,null,null,null,null,null,null,null,null,null,null,null,null,null,null,null,null,null],"sEi":[1530.6122448979593,1275.5102040816328,1275.5102040816328,1275.5102040816328,1275.5102040816328,1275.5102040816328,1020.4081632653061,1275.5102040816328,1020.4081632653061,1020.4081632653061,1020.4081632653061,1020.4081632653061,816.3265306122449,765.3061224489796,816.3265306122449,790.8163265306123,841.8367346938776,892.8571428571429,663.265306122449,663.265306122449,612.2448979591837,663.265306122449,612.2448979591837,null,null,null,null,null,null,null,null,null,null,null,null,null,null,null,null,null,null,null,null,null,null,null,null,null,null,null,null],"nHat":[17551.299508154287,17158.520579860215,16201.861765467254,15967.270515143673,15605.698679782554,15151.581672275435,14827.673569764433,14311.142376391406,13886.080248511522,12423.65130727414,12031.948485632929,11321.718094745018,10701.880662697387,9808.712140823196,9630.078436448357,9747.374061610148,9484.804038312193,9321.235827077402,9212.549055138494,9139.373802743983,7370.254465441368,8132.137975666581,8314.0,null,null,null,null,null,null,null,null,null,null,null,null,null,null,null,null,null,null,null,null,null,null,null,null,null,null,null,null],"sEn":[1248.2142857142858,1220.280612244898,1152.244897959183,1135.5612244897954,1109.8469387755104,1077.551020408163,1054.5153061224487,1017.7806122448977,987.551020408163,883.5459183673465,855.6887755102039,805.1785714285712,761.0969387755102,697.5765306122449,684.8724489795916,693.2142857142854,674.5408163265304,662.908163265306,655.1785714285714,649.9744897959181,524.158163265306,578.3418367346937,591.2755102040817,null,null,null,null,null,null,null,null,null,null,null,null,null,null,null,null,null,null,null,null,null,null,null,null,null,null,null,null],"mHat":[1800,1700,1600,1400,1300,1200,1100,930,930,830,820,750,700,730,640,620,670,650,640,640,640,640,650,null,null,null,null,null,null,null,null,null,null,null,null,null,null,null,null,null,null,null,null,null,null,null,null,null,null,null,null],"sEm":[306.12244897959187,280.6122448979592,255.10204081632654,232.14285714285714,201.53061224489795,165.81632653061226,153.06122448979593,43.36734693877551,40.816326530612244,40.816326530612244,35.714285714285715,28.06122448979592,28.06122448979592,20.408163265306122,20.408163265306122,17.857142857142858,17.857142857142858,17.857142857142858,17.857142857142858,15.306122448979592,15.306122448979592,12.755102040816327,15.306122448979592,null,null,null,null,null,null,null,null,null,null,null,null,null,null,null,null,null,null,null,null,null,null,null,null,null,null,null,null],"pHat":[null,null,null,null,null,null,null,null,null,null,null,null,null,null,null,null,null,null,null,null,null,null,null],"sEp":[null,null,null,null,null,null,null,null,null,null,null,null,null,null,null,null,null,null,null,null,null,null,null,null,null,null,null,null,null,null,null,null,null,null,null,null,null,null,null,null,null,null,null,null,null,null,null,null,null,null,null],"modelType":"IPn2","hRd":[1,1,1,1,1,1,1,1,1,1,1,1,1,1,1,1,1,1,1,1,1,1,1,1,1,1,1,1,1,1,1,1,1,1,1,1,1,1,1,1,1,1,1,1,1,1,1,1,1,1,1],"hRi":[1,1,1,1,1,1,1,1,1,1,1,1,1,1,1,1,1,1,1,1,1,1,1,1,1,1,1,1,1,1,1,1,1,1,1,1,1,1,1,1,1,1,1,1,1,1,1,1,1,1,1],"oRt":[1,1,1,1,1,1,1,1,1,1,1,1,1,1,1,1,1,1,1,1,1,1,1,1,1,1,1,1,1,1,1,1,1,1,1,1,1,1,1,1,1,1,1,1,1,1,1,1,1,1,1],"tXf":[0.033618129609769364,0.033618129609769364,0.033618129609769364,0.033618129609769364,0.033618129609769364,0.033618129609769364,0.033618129609769364,0.033618129609769364,0.033618129609769364,0.033618129609769364,0.033618129609769364,0.033618129609769364,0.033618129609769364,0.033618129609769364,0.033618129609769364,0.033618129609769364,0.033618129609769364,0.033618129609769364,0.033618129609769364,0.033618129609769364,0.033618129609769364,0.033618129609769364,0.033618129609769364,0.033618129609769364,0.033618129609769364,0.033618129609769364,0.033618129609769364,0.033618129609769364,0.033618129609769364,0.033618129609769364,0.033618129609769364,0.033618129609769364,0.033618129609769364,0.033618129609769364,0.033618129609769364,0.033618129609769364,0.033618129609769364,0.033618129609769364,0.033618129609769364,0.033618129609769364,0.033618129609769364,0.033618129609769364,0.033618129609769364,0.033618129609769364,0.033618129609769364,0.033618129609769364,0.033618129609769364,0.033618129609769364,0.033618129609769364,0.033618129609769364,0.033618129609769364]}