{"year":[2000,2001,2002,2003,2004,2005,2006,2007,2008,2009,2010,2011,2012,2013,2014,2015,2016,2017,2018,2019,2020,2021,2022,2023,2024,2025,2026,2027,2028,2029,2030,2031,2032,2033,2034,2035,2036,2037,2038,2039,2040,2041,2042,2043,2044,2045,2046,2047,2048,2049,2050],"iHat":[19000,18000,17000,17000,17000,16000,16000,15000,15000,13000,13000,12000,11000,10000,10000,10000,10000,10000,9800,9800,7900,8700,8900,null,null,null,null,null,null,null,null,null,null,null,null,null,null,null,null,null,null,null,null,null,null,null,null,null,null,null,null],"sEi":[1530.6122448979593,1275.5102040816328,1275.5102040816328,1275.5102040816328,1275.5102040816328,1275.5102040816328,1020.4081632653061,1275.5102040816328,1020.4081632653061,1020.4081632653061,1020.4081632653061,1020.4081632653061,816.3265306122449,765.3061224489796,816.3265306122449,790.8163265306123,841.8367346938776,892.8571428571429,663.265306122449,663.265306122449,612.2448979591837,663.265306122449,612.2448979591837,null,null,null,null,null,null,null,null,null,null,null,null,null,null,null,null,null,null,null,null,null,null,null,null,null,null,null,null],"nHat":[16362827.004918458,15996644.794201398,15104765.382345328,14886059.294848563,14548971.013202174,14125604.183277246,13823629.264302356,13342074.576236086,12945795.197514884,11582393.486927258,11217214.51514367,10555076.81905255,9977211.193373026,9144522.878591768,8977985.215635516,9087338.259383898,8842547.959616877,8690055.641729226,8588728.509448616,8520508.26197256,6871183.455345586,7581476.620243334,7751024.0,null,null,null,null,null,null,null,null,null,null,null,null,null,null,null,null,null,null,null,null,null,null,null,null,null,null,null,null],"sEn":[1248.2142857142858,1220.280612244898,1152.244897959183,1135.5612244897954,1109.8469387755104,1077.551020408163,1054.5153061224487,1017.7806122448977,987.551020408163,883.5459183673465,855.6887755102039,805.1785714285712,761.0969387755102,697.5765306122449,684.8724489795916,693.2142857142854,674.5408163265304,662.908163265306,655.1785714285714,649.9744897959181,524.158163265306,578.3418367346937,591.2755102040817,null,null,null,null,null,null,null,null,null,null,null,null,null,null,null,null,null,null,null,null,null,null,null,null,null,null,null,null],"mHat":[1800,1700,1600,1400,1300,1200,1100,930,930,830,820,750,700,730,640,620,670,650,640,640,640,640,650,null,null,null,null,null,null,null,null,null,null,null,null,null,null,null,null,null,null,null,null,null,null,null,null,null,null,null,null],"sEm":[306.12244897959187,280.6122448979592,255.10204081632654,232.14285714285714,201.53061224489795,165.81632653061226,153.06122448979593,43.36734693877551,40.816326530612244,40.816326530612244,35.714285714285715,28.06122448979592,28.06122448979592,20.408163265306122,20.408163265306122,17.857142857142858,17.857142857142858,17.857142857142858,17.857142857142858,15.306122448979592,15.306122448979592,12.755102040816327,15.306122448979592,null,null,null,null,null,null,null,null,null,null,null,null,null,null,null,null,null,null,null,null,null,null,null,null,null,null,null,null],"pHat":[null,null,null,null,null,null,null,null,null,null,null,null,null,null,null,null,null,null,null,null,null,null,null],"sEp":[null,null,null,null,null,null,null,null,null,null,null,null,null,null,null,null,null,null,null,null,null,null,null,null,null,null,null,null,null,null,null,null,null,null,null,null,null,null,null,null,null,null,null,null,null,null,null,null,null,null,null],"modelType":"IP","hRd":[1,1,1,1,1,1,1,1,1,1,1,1,1,1,1,1,1,1,1,1,1,1,1,1,1,1,1,1,1,1,1,1,1,1,1,1,1,1,1,1,1,1,1,1,1,1,1,1,1,1,1],"hRi":[1,1,1,1,1,1,1,1,1,1,1,1,1,1,1,1,1,1,1,1,1,1,1,1,1,1,1,1,1,1,1,1,1,1,1,1,1,1,1,1,1,1,1,1,1,1,1,1,1,1,1],"oRt":[1,1,1,1,1,1,1,1,1,1,1,1,1,1,1,1,1,1,1,1,1,1,1,1,1,1,1,1,1,1,1,1,1,1,1,1,1,1,1,1,1,1,1,1,1,1,1,1,1,1,1],"tXf":[0.031028219631149483,0.031028219631149483,0.031028219631149483,0.031028219631149483,0.031028219631149483,0.031028219631149483,0.031028219631149483,0.031028219631149483,0.031028219631149483,0.031028219631149483,0.031028219631149483,0.031028219631149483,0.031028219631149483,0.031028219631149483,0.031028219631149483,0.031028219631149483,0.031028219631149483,0.031028219631149483,0.031028219631149483,0.031028219631149483,0.031028219631149483,0.031028219631149483,0.031028219631149483,0.031028219631149483,0.031028219631149483,0.031028219631149483,0.031028219631149483,0.031028219631149483,0.031028219631149483,0.031028219631149483,0.031028219631149483,0.031028219631149483,0.031028219631149483,0.031028219631149483,0.031028219631149483,0.031028219631149483,0.031028219631149483,0.031028219631149483,0.031028219631149483,0.031028219631149483,0.031028219631149483,0.031028219631149483,0.031028219631149483,0.031028219631149483,0.031028219631149483,0.031028219631149483,0.031028219631149483,0.031028219631149483,0.031028219631149483,0.031028219631149483,0.031028219631149483]}