{"year":[2000,2001,2002,2003,2004,2005,2006,2007,2008,2009,2010,2011,2012,2013,2014,2015,2016,2017,2018,2019,2020,2021,2022,2023,2024,2025,2026,2027,2028,2029,2030,2031,2032,2033,2034,2035,2036,2037,2038,2039,2040,2041,2042,2043,2044,2045,2046,2047,2048,2049,2050],"iHat":[24000,27000,29000,30000,31000,32000,31000,30000,29000,28000,28000,27000,26000,25000,25000,24000,24000,23000,23000,22000,22000,21000,21000,20000,null,null,null,null,null,null,null,null,null,null,null,null,null,null,null,null,null,null,null,null,null,null,null,null,null,null,null],"sEi":[7142.857142857143,8418.367346938776,6632.65306122449,4846.938775510204,10969.387755102041,8418.367346938776,5612.244897959184,7908.163265306122,8928.57142857143,5867.34693877551,7908.163265306122,7397.95918367347,6887.755102040816,2551.0204081632655,3826.530612244898,4591.836734693878,4591.836734693878,4081.6326530612246,3826.530612244898,3826.530612244898,3826.530612244898,4081.6326530612246,3826.530612244898,4081.6326530612246,null,null,null,null,null,null,null,null,null,null,null,null,null,null,null,null,null,null,null,null,null,null,null,null,null,null,null],"nHat":[16074,17391,20588,26172,25714,28891,25310,23390,21194,21453,20330,15913,16810,25168,22804,19055,18441,19329,18496,18774,14127,15450,16174,15499,null,null,null,null,null,null,null,null,null,null,null,null,null,null,null,null,null,null,null,null,null,null,null,null,null,null,null],"sEn":[1230.1530612244896,1330.9438775510198,1575.6122448979586,2002.959183673469,1967.9081632653063,2211.045918367346,1936.9897959183666,1790.0510204081625,1621.9897959183675,1641.8112244897954,1555.8673469387754,1217.8316326530608,1286.4795918367347,1926.1224489795914,1745.2040816326532,1458.2908163265306,1411.3010204081627,1479.2602040816328,1415.510204081632,1436.785714285714,1081.1479591836735,1182.3979591836735,1237.8061224489793,1186.1479591836733,null,null,null,null,null,null,null,null,null,null,null,null,null,null,null,null,null,null,null,null,null,null,null,null,null,null,null],"mHat":[5800,6100,6200,6000,4000,3900,3700,3500,3300,3100,2900,2900,2700,2400,2400,2500,2200,2000,1600,1300,1000,840,690,560,null,null,null,null,null,null,null,null,null,null,null,null,null,null,null,null,null,null,null,null,null,null,null,null,null,null,null],"sEm":[1071.4285714285716,1147.9591836734694,1198.9795918367347,1198.9795918367347,408.16326530612247,382.6530612244898,331.6326530612245,280.6122448979592,255.10204081632654,204.08163265306123,178.57142857142858,178.57142857142858,178.57142857142858,102.04081632653062,102.04081632653062,127.55102040816327,102.04081632653062,76.53061224489797,51.02040816326531,51.02040816326531,40.816326530612244,53.57142857142857,56.12244897959184,56.12244897959184,null,null,null,null,null,null,null,null,null,null,null,null,null,null,null,null,null,null,null,null,null,null,null,null,null,null,null],"pHat":[null,null,null,null,null,null,null,null,null,null,null,null,null,null,null,null,null,null,null,null,null,null,null,null],"sEp":[null,null,null,null,null,null,null,null,null,null,null,null,null,null,null,null,null,null,null,null,null,null,null,null,null,null,null,null,null,null,null,null,null,null,null,null,null,null,null,null,null,null,null,null,null,null,null,null,null,null,null],"modelType":"IPn2","hRd":[1,1,1,1,1,1,1,1,1,1,1,1,1,1,1,1,1,1,1,1,1,1,1,1,1,1,1,1,1,1,1,1,1,1,1,1,1,1,1,1,1,1,1,1,1,1,1,1,1,1,1],"hRi":[1,1,1,1,1,1,1,1,1,1,1,1,1,1,1,1,1,1,1,1,1,1,1,1,1,1,1,1,1,1,1,1,1,1,1,1,1,1,1,1,1,1,1,1,1,1,1,1,1,1,1],"oRt":[1,1,1,1,1,1,1,1,1,1,1,1,1,1,1,1,1,1,1,1,1,1,1,1,1,1,1,1,1,1,1,1,1,1,1,1,1,1,1,1,1,1,1,1,1,1,1,1,1,1,1],"tXf":[0.008690692467369405,0.008690692467369405,0.008690692467369405,0.008690692467369405,0.008690692467369405,0.008690692467369405,0.008690692467369405,0.008690692467369405,0.008690692467369405,0.008690692467369405,0.008690692467369405,0.008690692467369405,0.008690692467369405,0.008690692467369405,0.008690692467369405,0.008690692467369405,0.008690692467369405,0.008690692467369405,0.008690692467369405,0.008690692467369405,0.008690692467369405,0.008690692467369405,0.008690692467369405,0.008690692467369405,0.008690692467369405,0.008690692467369405,0.008690692467369405,0.008690692467369405,0.008690692467369405,0.008690692467369405,0.008690692467369405,0.008690692467369405,0.008690692467369405,0.008690692467369405,0.008690692467369405,0.008690692467369405,0.008690692467369405,0.008690692467369405,0.008690692467369405,0.008690692467369405,0.008690692467369405,0.008690692467369405,0.008690692467369405,0.008690692467369405,0.008690692467369405,0.008690692467369405,0.008690692467369405,0.008690692467369405,0.008690692467369405,0.008690692467369405,0.008690692467369405]}