{"year":[2000,2001,2002,2003,2004,2005,2006,2007,2008,2009,2010,2011,2012,2013,2014,2015,2016,2017,2018,2019,2020,2021,2022,2023,2024,2025,2026,2027,2028,2029,2030,2031,2032,2033,2034,2035,2036,2037,2038,2039,2040,2041,2042,2043,2044,2045,2046,2047,2048,2049,2050],"iHat":[210,240,140,140,180,180,180,180,170,170,170,170,170,160,170,170,160,150,140,130,120,110,99,null,null,null,null,null,null,null,null,null,null,null,null,null,null,null,null,null,null,null,null,null,null,null,null,null,null,null,null],"sEi":[69.64285714285714,89.28571428571429,28.316326530612244,29.846938775510203,75.0,69.38775510204081,40.816326530612244,46.42857142857143,62.755102040816325,28.06122448979592,41.07142857142857,42.3469387755102,28.06122448979592,25.510204081632654,38.26530612244898,22.95918367346939,28.06122448979592,25.510204081632654,20.408163265306122,16.581632653061224,16.071428571428573,15.816326530612246,18.112244897959183,null,null,null,null,null,null,null,null,null,null,null,null,null,null,null,null,null,null,null,null,null,null,null,null,null,null,null,null],"nHat":[152.0,175.0,101.0,105.0,115.0,76.0,130.0,122.0,103.0,134.0,116.0,110.0,125.0,123.0,112.0,137.0,100.0,92.0,90.0,93.0,83.0,69.0,84.0,null,null,null,null,null,null,null,null,null,null,null,null,null,null,null,null,null,null,null,null,null,null,null,null,null,null,null,null],"sEn":[11.632653061224488,13.392857142857135,7.729591836734693,8.035714285714283,8.801020408163266,5.816326530612244,9.948979591836736,9.336734693877546,7.882653061224488,10.255102040816327,8.87755102040816,8.418367346938773,9.566326530612246,9.413265306122447,8.571428571428566,10.484693877551015,7.653061224489792,7.040816326530611,6.8877551020408125,7.117346938775508,6.352040816326529,5.280612244897958,6.42857142857143,null,null,null,null,null,null,null,null,null,null,null,null,null,null,null,null,null,null,null,null,null,null,null,null,null,null,null,null],"mHat":[27,31,18,18,30,46,22,25,32,26,35,27,20,20,27,19,28,27,22,17,17,19,9,null,null,null,null,null,null,null,null,null,null,null,null,null,null,null,null,null,null,null,null,null,null,null,null,null,null,null,null],"sEm":[5.357142857142858,5.86734693877551,3.316326530612245,3.316326530612245,7.142857142857143,10.96938775510204,4.336734693877551,4.846938775510204,7.3979591836734695,3.5714285714285716,4.846938775510204,5.612244897959184,3.826530612244898,3.826530612244898,5.357142857142858,3.5714285714285716,5.357142857142858,4.846938775510204,4.081632653061225,3.061224489795918,3.316326530612245,3.826530612244898,2.295918367346939,null,null,null,null,null,null,null,null,null,null,null,null,null,null,null,null,null,null,null,null,null,null,null,null,null,null,null,null],"pHat":[null,null,null,null,null,null,null,null,null,null,null,null,null,null,null,null,null,null,null,null,null,null,null],"sEp":[null,null,null,null,null,null,null,null,null,null,null,null,null,null,null,null,null,null,null,null,null,null,null,null,null,null,null,null,null,null,null,null,null,null,null,null,null,null,null,null,null,null,null,null,null,null,null,null,null,null,null],"modelType":"IPn2","hRd":[1,1,1,1,1,1,1,1,1,1,1,1,1,1,1,1,1,1,1,1,1,1,1,1,1,1,1,1,1,1,1,1,1,1,1,1,1,1,1,1,1,1,1,1,1,1,1,1,1,1,1],"hRi":[1,1,1,1,1,1,1,1,1,1,1,1,1,1,1,1,1,1,1,1,1,1,1,1,1,1,1,1,1,1,1,1,1,1,1,1,1,1,1,1,1,1,1,1,1,1,1,1,1,1,1],"oRt":[1,1,1,1,1,1,1,1,1,1,1,1,1,1,1,1,1,1,1,1,1,1,1,1,1,1,1,1,1,1,1,1,1,1,1,1,1,1,1,1,1,1,1,1,1,1,1,1,1,1,1],"tXf":[0.05351956556384646,0.05351956556384646,0.05351956556384646,0.05351956556384646,0.05351956556384646,0.05351956556384646,0.05351956556384646,0.05351956556384646,0.05351956556384646,0.05351956556384646,0.05351956556384646,0.05351956556384646,0.05351956556384646,0.05351956556384646,0.05351956556384646,0.05351956556384646,0.05351956556384646,0.05351956556384646,0.05351956556384646,0.05351956556384646,0.05351956556384646,0.05351956556384646,0.05351956556384646,0.05351956556384646,0.05351956556384646,0.05351956556384646,0.05351956556384646,0.05351956556384646,0.05351956556384646,0.05351956556384646,0.05351956556384646,0.05351956556384646,0.05351956556384646,0.05351956556384646,0.05351956556384646,0.05351956556384646,0.05351956556384646,0.05351956556384646,0.05351956556384646,0.05351956556384646,0.05351956556384646,0.05351956556384646,0.05351956556384646,0.05351956556384646,0.05351956556384646,0.05351956556384646,0.05351956556384646,0.05351956556384646,0.05351956556384646,0.05351956556384646,0.05351956556384646]}