{"year":[2000,2001,2002,2003,2004,2005,2006,2007,2008,2009,2010,2011,2012,2013,2014,2015,2016,2017,2018,2019,2020,2021,2022,2023,2024,2025,2026,2027,2028,2029,2030,2031,2032,2033,2034,2035,2036,2037,2038,2039,2040,2041,2042,2043,2044,2045,2046,2047,2048,2049,2050],"iHat":[23000,22000,21000,20000,19000,18000,17000,16000,15000,14000,14000,14000,14000,14000,14000,15000,15000,16000,16000,17000,17000,18000,18000,19000,null,null,null,null,null,null,null,null,null,null,null,null,null,null,null,null,null,null,null,null,null,null,null,null,null,null,null],"sEi":[2551.0204081632655,2040.8163265306123,1785.7142857142858,1275.5102040816328,1275.5102040816328,1275.5102040816328,1020.4081632653061,510.2040816326531,510.2040816326531,765.3061224489796,1020.4081632653061,765.3061224489796,1020.4081632653061,1020.4081632653061,765.3061224489796,1020.4081632653061,1020.4081632653061,1020.4081632653061,1275.5102040816328,1020.4081632653061,1275.5102040816328,1275.5102040816328,1275.5102040816328,1530.6122448979593,null,null,null,null,null,null,null,null,null,null,null,null,null,null,null,null,null,null,null,null,null,null,null,null,null,null,null],"nHat":[13651,13029,11677,10413,10016,9063,8468,8427,8290,8562,9050,8713,9950,10367,9693,7699,9498,9693,9784,10268,8911,9396,10388,11068,null,null,null,null,null,null,null,null,null,null,null,null,null,null,null,null,null,null,null,null,null,null,null,null,null,null,null],"sEn":[1044.719387755102,997.1173469387752,893.6479591836736,796.9132653061224,766.5306122448978,693.5969387755099,648.0612244897956,644.923469387755,634.4387755102041,655.2551020408162,692.6020408163265,666.8112244897956,761.4795918367347,793.3928571428572,741.8112244897958,589.2091836734692,726.8877551020405,741.8112244897958,748.7755102040813,785.8163265306122,681.9642857142858,719.0816326530613,794.9999999999999,847.0408163265305,null,null,null,null,null,null,null,null,null,null,null,null,null,null,null,null,null,null,null,null,null,null,null,null,null,null,null],"mHat":[3700,3700,3900,4100,3800,3700,3500,3100,2700,2300,1900,1900,1300,1200,1700,2800,2200,2200,2400,2300,3900,3900,3800,3700,null,null,null,null,null,null,null,null,null,null,null,null,null,null,null,null,null,null,null,null,null,null,null,null,null,null,null],"sEm":[561.2244897959184,561.2244897959184,586.7346938775511,586.7346938775511,561.2244897959184,561.2244897959184,510.2040816326531,433.6734693877551,408.16326530612247,357.14285714285717,306.12244897959187,306.12244897959187,257.6530612244898,257.6530612244898,306.12244897959187,459.18367346938777,357.14285714285717,357.14285714285717,382.6530612244898,382.6530612244898,612.2448979591837,612.2448979591837,586.7346938775511,586.7346938775511,null,null,null,null,null,null,null,null,null,null,null,null,null,null,null,null,null,null,null,null,null,null,null,null,null,null,null],"pHat":[null,null,null,null,null,null,null,null,null,null,null,null,null,null,null,null,null,null,null,null,null,null,null,null],"sEp":[null,null,null,null,null,null,null,null,null,null,null,null,null,null,null,null,null,null,null,null,null,null,null,null,null,null,null,null,null,null,null,null,null,null,null,null,null,null,null,null,null,null,null,null,null,null,null,null,null,null,null],"modelType":"IPn2","hRd":[1,1,1,1,1,1,1,1,1,1,1,1,1,1,1,1,1,1,1,1,1,1,1,1,1,1,1,1,1,1,1,1,1,1,1,1,1,1,1,1,1,1,1,1,1,1,1,1,1,1,1],"hRi":[1,1,1,1,1,1,1,1,1,1,1,1,1,1,1,1,1,1,1,1,1,1,1,1,1,1,1,1,1,1,1,1,1,1,1,1,1,1,1,1,1,1,1,1,1,1,1,1,1,1,1],"oRt":[1,1,1,1,1,1,1,1,1,1,1,1,1,1,1,1,1,1,1,1,1,1,1,1,1,1,1,1,1,1,1,1,1,1,1,1,1,1,1,1,1,1,1,1,1,1,1,1,1,1,1],"tXf":[0.030982436515571588,0.030982436515571588,0.030982436515571588,0.030982436515571588,0.030982436515571588,0.030982436515571588,0.030982436515571588,0.030982436515571588,0.030982436515571588,0.030982436515571588,0.030982436515571588,0.030982436515571588,0.030982436515571588,0.030982436515571588,0.030982436515571588,0.030982436515571588,0.030982436515571588,0.030982436515571588,0.030982436515571588,0.030982436515571588,0.030982436515571588,0.030982436515571588,0.030982436515571588,0.030982436515571588,0.030982436515571588,0.030982436515571588,0.030982436515571588,0.030982436515571588,0.030982436515571588,0.030982436515571588,0.030982436515571588,0.030982436515571588,0.030982436515571588,0.030982436515571588,0.030982436515571588,0.030982436515571588,0.030982436515571588,0.030982436515571588,0.030982436515571588,0.030982436515571588,0.030982436515571588,0.030982436515571588,0.030982436515571588,0.030982436515571588,0.030982436515571588,0.030982436515571588,0.030982436515571588,0.030982436515571588,0.030982436515571588,0.030982436515571588,0.030982436515571588]}