{"year":[2000,2001,2002,2003,2004,2005,2006,2007,2008,2009,2010,2011,2012,2013,2014,2015,2016,2017,2018,2019,2020,2021,2022,2023,2024,2025,2026,2027,2028,2029,2030,2031,2032,2033,2034,2035,2036,2037,2038,2039,2040,2041,2042,2043,2044,2045,2046,2047,2048,2049,2050],"iHat":[360000,413000,466000,518000,564000,601000,627000,643000,651000,651000,646000,636000,625000,604000,594000,561000,461000,426000,397000,366000,340000,315000,292000,270000,null,null,null,null,null,null,null,null,null,null,null,null,null,null,null,null,null,null,null,null,null,null,null,null,null,null,null],"sEi":[95663.26530612246,124489.79591836735,157397.95918367346,191581.63265306124,224744.89795918367,250510.20408163266,271173.4693877551,281122.44897959183,210969.38775510204,191836.73469387754,189795.91836734695,164795.91836734695,197193.8775510204,181377.55102040817,172704.08163265308,151020.4081632653,101530.61224489796,86224.48979591837,73469.38775510204,61989.795918367345,55612.244897959186,56632.65306122449,57397.95918367347,57908.163265306124,null,null,null,null,null,null,null,null,null,null,null,null,null,null,null,null,null,null,null,null,null,null,null,null,null,null,null],"nHat":[207441,229133,223416,255422,295150,302467,341165,353619,388882,405982,396554,389974,349582,328896,318193,294603,244053,250354,235652,222350,208032,181864,224621,222041,null,null,null,null,null,null,null,null,null,null,null,null,null,null,null,null,null,null,null,null,null,null,null,null,null,null,null],"sEn":[15875.586734693876,17535.688775510196,17098.16326530612,19547.602040816328,22588.010204081635,23147.98469387755,26109.5663265306,27062.678571428576,29761.377551020403,31070.05102040816,30348.52040816327,29844.94897959184,26753.724489795914,25170.612244897955,24351.505102040806,22546.147959183665,18677.525510204072,19159.74489795918,18034.591836734697,17016.581632653055,15920.816326530614,13918.163265306119,17190.38265306122,16992.933673469386,null,null,null,null,null,null,null,null,null,null,null,null,null,null,null,null,null,null,null,null,null,null,null,null,null,null,null],"mHat":[149000,179000,172000,193000,196000,218000,213000,213000,200000,192000,116000,113000,86000,75000,69000,66000,64000,61000,60000,59000,58000,57000,56000,56000,null,null,null,null,null,null,null,null,null,null,null,null,null,null,null,null,null,null,null,null,null,null,null,null,null,null,null],"sEm":[31377.551020408166,39795.91836734694,37755.102040816324,43367.34693877551,43877.551020408166,49234.69387755102,48469.38775510204,48979.5918367347,40051.02040816327,37755.102040816324,22193.877551020407,22193.877551020407,28826.5306122449,26785.714285714286,26275.510204081635,23214.285714285714,19897.95918367347,16836.73469387755,15306.122448979591,13775.510204081633,14030.612244897959,14285.714285714286,14285.714285714286,14795.91836734694,null,null,null,null,null,null,null,null,null,null,null,null,null,null,null,null,null,null,null,null,null,null,null,null,null,null,null],"pHat":[null,null,null,null,null,null,null,null,null,null,null,null,null,null,null,null,null,null,null,null,null,null,null,null],"sEp":[null,null,null,null,null,null,null,null,null,null,null,null,null,null,null,null,null,null,null,null,null,null,null,null,null,null,null,null,null,null,null,null,null,null,null,null,null,null,null,null,null,null,null,null,null,null,null,null,null,null,null],"modelType":"IPn2","hRd":[1,1,1,1,1,1,1,1,1,1,1,1,1,1,1,1,1,1,1,1,1,1,1,1,1,1,1,1,1,1,1,1,1,1,1,1,1,1,1,1,1,1,1,1,1,1,1,1,1,1,1],"hRi":[1,1,1,1,1,1,1,1,1,1,1,1,1,1,1,1,1,1,1,1,1,1,1,1,1,1,1,1,1,1,1,1,1,1,1,1,1,1,1,1,1,1,1,1,1,1,1,1,1,1,1],"oRt":[1,1,1,1,1,1,1,1,1,1,1,1,1,1,1,1,1,1,1,1,1,1,1,1,1,1,1,1,1,1,1,1,1,1,1,1,1,1,1,1,1,1,1,1,1,1,1,1,1,1,1],"tXf":[0.06755274476254974,0.06755274476254974,0.06755274476254974,0.06755274476254974,0.06755274476254974,0.06755274476254974,0.06755274476254974,0.06755274476254974,0.06755274476254974,0.06755274476254974,0.06755274476254974,0.06755274476254974,0.06755274476254974,0.06755274476254974,0.06755274476254974,0.06755274476254974,0.06755274476254974,0.06755274476254974,0.06755274476254974,0.06755274476254974,0.06755274476254974,0.06755274476254974,0.06755274476254974,0.06755274476254974,0.06755274476254974,0.06755274476254974,0.06755274476254974,0.06755274476254974,0.06755274476254974,0.06755274476254974,0.06755274476254974,0.06755274476254974,0.06755274476254974,0.06755274476254974,0.06755274476254974,0.06755274476254974,0.06755274476254974,0.06755274476254974,0.06755274476254974,0.06755274476254974,0.06755274476254974,0.06755274476254974,0.06755274476254974,0.06755274476254974,0.06755274476254974,0.06755274476254974,0.06755274476254974,0.06755274476254974,0.06755274476254974,0.06755274476254974,0.06755274476254974]}