{"ISO3AlphaCountryCode":"BEN","otherRecurrentCosts":[[0.0,0.126439473,0.112988465,0.162377722],[0.0,0.0,0.385236861,0.487937015]],"capitalCosts":[[0.0,0.431875698,0.385931474,0.494972431],[0.0,0.0,1.315842551,1.41191873]]}