{"ISO3AlphaCountryCode":"BIH","otherRecurrentCosts":[[0.0,0.620539823,0.0,0.554540212,0.798625081,0.798625081],[0.0,0.0,0.0,3.414045108,4.325249476,4.325249476]],"capitalCosts":[[0.0,2.119560161,0.0,1.894127173,2.434431237,2.434431237],[0.0,0.0,0.0,11.66125642,12.51575626,12.51575626]]}