{"ISO3AlphaCountryCode":"COD","otherRecurrentCosts":[[0.0,0.035869354,0.0,0.032282419,0.046623306,0.046623306],[0.0,0.0,0.0,0.065999611,0.083868361,0.083868361]],"capitalCosts":[[0.0,0.122517928,0.0,0.110266136,0.142120797,0.142120797],[0.0,0.0,0.0,0.225432988,0.242685647,0.242685647]]}