{"ISO3AlphaCountryCode":"COM","otherRecurrentCosts":[[0.0,0.134510077,0.0,0.120162336,0.173229698,0.173229698],[0.0,0.0,0.0,0.375193442,0.475075413,0.475075413]],"capitalCosts":[[0.0,0.459442231,0.0,0.41043506,0.528052271,0.528052271],[0.0,0.0,0.0,1.281537531,1.374701762,1.374701762]]}