{"ISO3AlphaCountryCode":"CPV","otherRecurrentCosts":[[0.0,0.490513415,0.438682199,0.631826184],[0.0,0.0,2.0653574,2.616800048]],"capitalCosts":[[0.0,1.67543267,1.498394264,1.925981834],[0.0,0.0,7.054582316,7.572102318]]}