{"ISO3AlphaCountryCode":"DZA","otherRecurrentCosts":[[0.0,0.651925508,0.0,0.582518308,0.838817587,0.838817587],[0.0,0.0,0.0,3.46282743,4.387681834,4.387681834]],"capitalCosts":[[0.0,2.226763348,0.0,1.989691157,2.556949165,2.556949165],[0.0,0.0,0.0,11.8278808,12.69641362,12.69641362]]}