{"ISO3AlphaCountryCode":"ERI","otherRecurrentCosts":[[0.0,0.057390966,0.051293176,0.07395421],[0.0,0.0,0.129129674,0.163717472]],"capitalCosts":[[0.0,0.196028685,0.175200638,0.225432988],[0.0,0.0,0.441064542,0.473740991]]}