{"ISO3AlphaCountryCode":"GAB","otherRecurrentCosts":[[0.0,1.190862551,0.0,1.064602425,1.534147929,1.534147929],[0.0,0.0,0.0,7.653802744,9.697647691,9.697647691]],"capitalCosts":[[0.0,4.067595222,0.0,3.636332114,4.676509326,4.676509326],[0.0,0.0,0.0,26.14287556,28.06159401,28.06159401]]}