{"ISO3AlphaCountryCode":"GIN","otherRecurrentCosts":[[0.0,0.065461571,0.058467047,0.084404261],[0.0,0.0,0.177911996,0.22561393]],"capitalCosts":[[0.0,0.223595219,0.199704223,0.25728765],[0.0,0.0,0.607688925,0.65284765]]}