{"ISO3AlphaCountryCode":"GNQ","otherRecurrentCosts":[[0.0,2.962808636,0.0,2.648234402,3.815474533,3.815474533],[0.0,0.0,0.0,25.0454177,31.73305478,31.73305478]],"capitalCosts":[[0.0,10.11998088,0.0,9.045498652,11.63062694,11.63062694],[0.0,0.0,0.0,85.54691831,91.8243401,91.8243401]]}