{"ISO3AlphaCountryCode":"IRQ","otherRecurrentCosts":[[0.0,0.48692648,0.435095263,0.627003083],[0.0,0.0,1.924749533,2.438613275]],"capitalCosts":[[0.0,1.663180878,1.486142471,1.911279683],[0.0,0.0,6.574312036,7.056492238]]}