{"ISO3AlphaCountryCode":"LBR","otherRecurrentCosts":[[0.0,0.043043225,0.0,0.038380209,0.055063732,0.055063732],[0.0,0.0,0.0,0.084651675,0.107180014,0.107180014]],"capitalCosts":[[0.0,0.147021514,0.0,0.131094183,0.167849562,0.167849562],[0.0,0.0,0.0,0.289142311,0.310141402,0.310141402]]}