{"ISO3AlphaCountryCode":"LSO","otherRecurrentCosts":[[0.0,0.127336206,0.0,0.113705852,0.163583497,0.163583497],[0.0,0.0,0.0,0.393845506,0.498922966,0.498922966]],"capitalCosts":[[0.0,0.434938646,0.0,0.388381833,0.498647968,0.498647968],[0.0,0.0,0.0,1.345246854,1.443708224,1.443708224]]}