{"ISO3AlphaCountryCode":"MDA","otherRecurrentCosts":[[0.0,0.24929201,0.0,0.222748688,0.320736193,0.320736193],[0.0,0.0,0.0,0.954842202,1.209526461,1.209526461]],"capitalCosts":[[0.0,0.851499602,0.0,0.760836335,0.977693068,0.977693068],[0.0,0.0,0.0,3.261427253,3.499945716,3.499945716]]}