{"ISO3AlphaCountryCode":"MDG","otherRecurrentCosts":[[0.0,0.083396248,0.0,0.074608256,0.107313989,0.107313989],[0.0,0.0,0.0,0.226694317,0.287510388,0.287510388]],"capitalCosts":[[0.0,0.284854183,0.0,0.254837291,0.327122869,0.327122869],[0.0,0.0,0.0,0.774313307,0.83195431,0.83195431]]}