{"ISO3AlphaCountryCode":"MUS","otherRecurrentCosts":[[0.0,0.884179575,0.0,0.790560561,1.139055602,1.139055602],[0.0,0.0,0.0,5.381120479,6.817720708,6.817720708]],"capitalCosts":[[0.0,3.020066934,0.0,2.700295141,3.47215809,3.47215809],[0.0,0.0,0.0,18.38013961,19.72809455,19.72809455]]}