{"ISO3AlphaCountryCode":"NIC","otherRecurrentCosts":[[0.0,0.16768923,0.149933899,0.215833754],[0.0,0.0,0.618387662,0.783753854]],"capitalCosts":[[0.0,0.572771315,0.512124941,0.657921275],[0.0,0.0,2.112209085,2.267908999]]}