{"ISO3AlphaCountryCode":"OMN","otherRecurrentCosts":[[0.0,2.358410022,2.108400625,3.037749554],[0.0,0.0,18.84432379,23.87622383]],"capitalCosts":[[0.0,8.05555379,7.20160383,9.259905026],[0.0,0.0,64.36601885,69.08942466]]}