{"ISO3AlphaCountryCode":"PHL","otherRecurrentCosts":[[0.0,0.266329953,0.23817251,0.343243996],[0.0,0.0,1.075363231,1.362793881]],"capitalCosts":[[0.0,0.909695618,0.813519044,1.046303108],[0.0,0.0,3.673087493,3.94344792]]}