{"ISO3AlphaCountryCode":"PRK","otherRecurrentCosts":[[0.0,0.089673385,0.0,0.080347353,0.115754415,0.115754415],[0.0,0.0,0.0,0.276911412,0.351014547,0.351014547]],"capitalCosts":[[0.0,0.306294821,0.0,0.27444016,0.352851634,0.352851634],[0.0,0.0,0.0,0.945838407,1.01571309,1.01571309]]}