{"ISO3AlphaCountryCode":"ROU","otherRecurrentCosts":[[0.0,1.119123843,1.000396281,1.441303242],[0.0,0.0,7.323087301,9.278305885]],"capitalCosts":[[0.0,3.822559365,3.417025022,4.393492911],[0.0,0.0,25.01326026,26.84816578]]}