{"ISO3AlphaCountryCode":"SAMP","otherRecurrentCosts":[[0.0,0.693175265,0.0,0.619463743,0.892273619,0.892273619],[0.0,0.0,0.0,3.964280998,5.022991369,5.022991369]],"capitalCosts":[[0.0,2.367658966,0.0,2.115884623,2.71989801,2.71989801],[0.0,0.0,0.0,13.54068144,14.53477678,14.53477678]]}