{"ISO3AlphaCountryCode":"SVK","otherRecurrentCosts":[[0.0,1.945015718,0.0,1.738587586,2.504796934,2.504796934],[0.0,0.0,0.0,14.52350141,18.40120075,18.40120075]],"capitalCosts":[[0.0,6.643534666,0.0,5.938443988,7.635317296,7.635317296],[0.0,0.0,0.0,49.6075092,53.24662652,53.24662652]]}