{"ISO3AlphaCountryCode":"SYR","otherRecurrentCosts":[[0.0,0.327307855,0.0,0.292693928,0.421619381,0.421619381],[0.0,0.0,0.0,1.379535353,1.748373983,1.748373983]],"capitalCosts":[[0.0,1.117976096,0.0,0.999746296,1.285213069,1.285213069],[0.0,0.0,0.0,4.712039525,5.059181612,5.059181612]]}