{"ISO3AlphaCountryCode":"TGO","otherRecurrentCosts":[[0.0,0.107608062,0.0,0.096129869,0.137860293,0.137860293],[0.0,0.0,0.0,0.304889509,0.386116001,0.386116001]],"capitalCosts":[[0.0,0.367553785,0.0,0.328348048,0.420236494,0.420236494],[0.0,0.0,0.0,1.041402391,1.117284399,1.117284399]]}