{"ISO3AlphaCountryCode":"TUN","otherRecurrentCosts":[[0.0,0.517415431,0.462355972,0.665989814],[0.0,0.0,2.74328819,3.475579913]],"capitalCosts":[[0.0,1.767321117,1.579256097,2.030122073],[0.0,0.0,9.370171162,10.0571103]]}