{"ISO3AlphaCountryCode":"VCT","otherRecurrentCosts":[[0.0,0.672550386,0.601170372,0.86614849],[0.0,0.0,3.726825875,4.721815529]],"capitalCosts":[[0.0,2.297211157,2.053400479,2.640261356],[0.0,0.0,12.72961276,13.66327944]]}