{"ISO3AlphaCountryCode":"VEN","otherRecurrentCosts":[[0.0,1.338823636,1.196601648,1.723856555],[0.0,0.0,8.210495118,10.40289219]],"capitalCosts":[[0.0,4.572981676,4.08719809,5.254793948],[0.0,0.0,28.0443538,30.10232443]]}