{"ISO3AlphaCountryCode":"ZWE","otherRecurrentCosts":[[0.0,0.19100431,0.170379431,0.245576208],[0.0,0.0,0.563148857,0.713550945]],"capitalCosts":[[0.0,0.652407969,0.58196016,0.748584542],[0.0,0.0,1.923531475,2.064766381]]}