{"1":{"alpha":{"mstID":0,"value":-1.48154307865306},"beta":{"mstID":1,"value":0.102433015708361},"t0":{"mstID":2,"value":-0.672538752005492},"a":{"mstID":3,"value":1.28538808286962},"b":{"mstID":4,"value":1.73761592075777},"d0":{"mstID":7,"value":0.0797589520704478},"d1":{"mstID":8,"value":-3.79253168965282},"d2":{"mstID":9,"value":-2.12610531840067},"d3":{"mstID":10,"value":14.43740925},"d4":{"mstID":11,"value":0.1743366227},"d5":{"mstID":12,"value":3.496853849},"d6":{"mstID":13,"value":3.04897853313795},"kappa1":{"mstID":5,"value":-1.32351974800378},"kappa2":{"mstID":6,"value":-0.365739779554268},"First year of HIV diagnosis":{"mstID":14,"value":1980.0}},"2":{"alpha":{"mstID":0,"value":1.76679938429011},"beta":{"mstID":1,"value":-3.28114115034058},"d0":{"mstID":2,"value":-0.68020063461296},"d1":{"mstID":3,"value":-0.795110379757267},"d2":{"mstID":4,"value":-3.02445484191304},"d3":{"mstID":5,"value":0.0436264603730142},"d4":{"mstID":6,"value":21.54605079},"d5":{"mstID":7,"value":-1.32149552258022},"d6":{"mstID":8,"value":-0.683741794796048},"First year of HIV diagnosis":{"mstID":9,"value":1980.0}},"3":{"p0":{"mstID":0,"value":-29.9954816126406},"p1":{"mstID":1,"value":-10.420984196158},"p2":{"mstID":2,"value":0.4088876308},"p3":{"mstID":3,"value":-4.99248283613198},"p4":{"mstID":4,"value":-3.34850734},"p5":{"mstID":5,"value":-6.71927808332402},"p6":{"mstID":6,"value":0.4424620365},"p7":{"mstID":7,"value":-6.050740560702},"p8":{"mstID":8,"value":0.4258078133},"p9":{"mstID":9,"value":-6.16580601715934},"p10":{"mstID":10,"value":-0.2989627842},"d0":{"mstID":11,"value":-0.802608754172196},"d1":{"mstID":12,"value":-0.738072183100656},"d2":{"mstID":13,"value":-0.0935473659574736},"d3":{"mstID":14,"value":-0.882685838914788},"d4":{"mstID":15,"value":22.70302125},"d5":{"mstID":16,"value":-0.601578531652812},"d6":{"mstID":17,"value":0.0704692492381135},"First year of HIV diagnosis":{"mstID":18,"value":1980.0}},"4":{"a":{"mstID":0,"value":-5.9407710525644},"b":{"mstID":1,"value":-2.413064399},"c":{"mstID":3,"value":-1.230324989},"tmid":{"mstID":2,"value":1986.879195},"iota":{"mstID":4,"value":-15.98712105},"d0":{"mstID":5,"value":-1.09935854950307},"d1":{"mstID":6,"value":-2.70223571144175},"d2":{"mstID":7,"value":-0.883226727697653},"d3":{"mstID":8,"value":-1.24826853108813},"d4":{"mstID":9,"value":38.31551739},"d5":{"mstID":10,"value":-0.586492770127549},"d6":{"mstID":11,"value":-0.115031275972257},"First year of HIV diagnosis":{"mstID":12,"value":1980.0}},"5":{"p0":{"mstID":0,"value":-29.9954816126406},"p1":{"mstID":1,"value":-10.420984196158},"p2":{"mstID":2,"value":0.4088876308},"p3":{"mstID":3,"value":-4.99248283613198},"p4":{"mstID":4,"value":-3.34850734},"p5":{"mstID":5,"value":-6.71927808332402},"p6":{"mstID":6,"value":0.4424620365},"p7":{"mstID":7,"value":-6.050740560702},"p8":{"mstID":8,"value":0.4258078133},"d0":{"mstID":11,"value":-0.802608754172196},"d1":{"mstID":12,"value":-0.738072183100656},"d2":{"mstID":13,"value":-0.0935473659574736},"d3":{"mstID":14,"value":-0.882685838914788},"d4":{"mstID":15,"value":22.70302125},"d5":{"mstID":16,"value":-0.601578531652812},"d6":{"mstID":17,"value":0.0704692492381135},"First year of HIV diagnosis":{"mstID":18,"value":1980.0}},"6":{"p0":{"mstID":0,"value":-29.9954816126406},"p1":{"mstID":1,"value":-10.420984196158},"p2":{"mstID":2,"value":0.4088876308},"p3":{"mstID":3,"value":-4.99248283613198},"p4":{"mstID":4,"value":-3.34850734},"p5":{"mstID":5,"value":-6.71927808332402},"p6":{"mstID":6,"value":0.4424620365},"d0":{"mstID":11,"value":-0.802608754172196},"d1":{"mstID":12,"value":-0.738072183100656},"d2":{"mstID":13,"value":-0.0935473659574736},"d3":{"mstID":14,"value":-0.882685838914788},"d4":{"mstID":15,"value":22.70302125},"d5":{"mstID":16,"value":-0.601578531652812},"d6":{"mstID":17,"value":0.0704692492381135},"First year of HIV diagnosis":{"mstID":18,"value":1980.0}}}