{"1":{"alpha":{"mstID":0,"value":-1.9367785814161},"beta":{"mstID":1,"value":-0.990569879792997},"t0":{"mstID":2,"value":-0.253169713412655},"a":{"mstID":3,"value":0.853143306428534},"b":{"mstID":4,"value":1.66802838209373},"d0":{"mstID":7,"value":-1.00792654064496},"d1":{"mstID":8,"value":-4.27064036705069},"d2":{"mstID":9,"value":-2.2039099063175},"d3":{"mstID":10,"value":-0.531794648396329},"d4":{"mstID":11,"value":0.7392552047},"d5":{"mstID":12,"value":2.406764768},"d6":{"mstID":13,"value":3.01960104639376},"kappa1":{"mstID":5,"value":-1.11831128256442},"kappa2":{"mstID":6,"value":-1.12327261591716},"First year of HIV diagnosis":{"mstID":14,"value":1980.0}},"2":{"alpha":{"mstID":0,"value":1.07698511846869},"beta":{"mstID":1,"value":-6.71866774644545},"d0":{"mstID":2,"value":-0.724977910077319},"d1":{"mstID":3,"value":0.0804735705454479},"d2":{"mstID":4,"value":0.109971945950528},"d3":{"mstID":5,"value":-0.250196081812394},"d4":{"mstID":6,"value":16.85842536},"d5":{"mstID":7,"value":-0.830327945453772},"d6":{"mstID":8,"value":0.533207135232945},"First year of HIV diagnosis":{"mstID":9,"value":1987.0}},"3":{"p0":{"mstID":0,"value":-29.4636025796767},"p1":{"mstID":1,"value":-9.24545544677674},"p2":{"mstID":2,"value":-0.7755332969},"p3":{"mstID":3,"value":-7.07517877573106},"p4":{"mstID":4,"value":0.3992030666},"p5":{"mstID":5,"value":-4.83944219935497},"p6":{"mstID":6,"value":-1.460495282},"p7":{"mstID":7,"value":-5.95685774807462},"p8":{"mstID":8,"value":0.8455333508},"p9":{"mstID":9,"value":-5.99623212118818},"p10":{"mstID":10,"value":-0.1328013294},"d0":{"mstID":11,"value":-1.64723891031593},"d1":{"mstID":12,"value":-2.75065574847253},"d2":{"mstID":13,"value":-0.703049622090599},"d3":{"mstID":14,"value":-1.31191304741162},"d4":{"mstID":15,"value":27.39926836},"d5":{"mstID":16,"value":0.0195851716142797},"d6":{"mstID":17,"value":-0.657649067500269},"First year of HIV diagnosis":{"mstID":18,"value":1987.0}},"4":{"a":{"mstID":0,"value":-5.60928239562219},"b":{"mstID":1,"value":-1.9849609},"c":{"mstID":3,"value":-1.072268443},"tmid":{"mstID":2,"value":1991.377596},"iota":{"mstID":4,"value":-21.89796958},"d0":{"mstID":5,"value":-0.00188501855816894},"d1":{"mstID":6,"value":-2.55724431794628},"d2":{"mstID":7,"value":-1.46219047026157},"d3":{"mstID":8,"value":-2.32743094903855},"d4":{"mstID":9,"value":24.46683583},"d5":{"mstID":10,"value":-0.387169743902699},"d6":{"mstID":11,"value":-0.153099206019644},"First year of HIV diagnosis":{"mstID":12,"value":1987.0}},"5":{"p0":{"mstID":0,"value":-29.4636025796767},"p1":{"mstID":1,"value":-9.24545544677674},"p2":{"mstID":2,"value":-0.7755332969},"p3":{"mstID":3,"value":-7.07517877573106},"p4":{"mstID":4,"value":0.3992030666},"p5":{"mstID":5,"value":-4.83944219935497},"p6":{"mstID":6,"value":-1.460495282},"p7":{"mstID":7,"value":-5.95685774807462},"p8":{"mstID":8,"value":0.8455333508},"d0":{"mstID":11,"value":-1.64723891031593},"d1":{"mstID":12,"value":-2.75065574847253},"d2":{"mstID":13,"value":-0.703049622090599},"d3":{"mstID":14,"value":-1.31191304741162},"d4":{"mstID":15,"value":27.39926836},"d5":{"mstID":16,"value":0.0195851716142797},"d6":{"mstID":17,"value":-0.657649067500269},"First year of HIV diagnosis":{"mstID":18,"value":1987.0}},"6":{"p0":{"mstID":0,"value":-29.4636025796767},"p1":{"mstID":1,"value":-9.24545544677674},"p2":{"mstID":2,"value":-0.7755332969},"p3":{"mstID":3,"value":-7.07517877573106},"p4":{"mstID":4,"value":0.3992030666},"p5":{"mstID":5,"value":-4.83944219935497},"p6":{"mstID":6,"value":-1.460495282},"d0":{"mstID":11,"value":-1.64723891031593},"d1":{"mstID":12,"value":-2.75065574847253},"d2":{"mstID":13,"value":-0.703049622090599},"d3":{"mstID":14,"value":-1.31191304741162},"d4":{"mstID":15,"value":27.39926836},"d5":{"mstID":16,"value":0.0195851716142797},"d6":{"mstID":17,"value":-0.657649067500269},"First year of HIV diagnosis":{"mstID":18,"value":1987.0}}}