{"1":{"alpha":{"mstID":0,"value":-3.5812718602285},"beta":{"mstID":1,"value":2.64254461268355},"t0":{"mstID":2,"value":-1.28100048873404},"a":{"mstID":3,"value":0.605458602634196},"b":{"mstID":4,"value":1.73878027817637},"d0":{"mstID":7,"value":-1.71283349518584},"d1":{"mstID":8,"value":-4.02200275909606},"d2":{"mstID":9,"value":-2.13300078070168},"d3":{"mstID":10,"value":27.15692818},"d4":{"mstID":11,"value":1.741508505},"d5":{"mstID":12,"value":5.113131393},"d6":{"mstID":13,"value":2.68535761088305},"kappa1":{"mstID":5,"value":-0.903095164827552},"kappa2":{"mstID":6,"value":0.570804315414444},"First year of HIV diagnosis":{"mstID":14,"value":1984.0}},"2":{"alpha":{"mstID":0,"value":1.25585405356117},"beta":{"mstID":1,"value":-7.92850665374332},"d0":{"mstID":2,"value":0.402943301632242},"d1":{"mstID":3,"value":0.33265139361324},"d2":{"mstID":4,"value":1.31491149425882},"d3":{"mstID":5,"value":-1.47151581703369},"d4":{"mstID":6,"value":38.64938561},"d5":{"mstID":7,"value":-3.82258243073547},"d6":{"mstID":8,"value":-3.65869684647944},"First year of HIV diagnosis":{"mstID":9,"value":1984.0}},"3":{"p0":{"mstID":0,"value":-34.5387763949107},"p1":{"mstID":1,"value":-9.15799696330169},"p2":{"mstID":2,"value":-4.675336423},"p3":{"mstID":3,"value":-7.1331700221603},"p4":{"mstID":4,"value":1.159672661},"p5":{"mstID":5,"value":-6.09566569718809},"p6":{"mstID":6,"value":4.508152405},"p7":{"mstID":7,"value":-6.79262461531191},"p8":{"mstID":8,"value":-1.979381487},"p9":{"mstID":9,"value":-6.21642527453842},"p10":{"mstID":10,"value":-0.0268658735},"d0":{"mstID":11,"value":0.0257853541951897},"d1":{"mstID":12,"value":0.0449792786196366},"d2":{"mstID":13,"value":0.0410874872860618},"d3":{"mstID":14,"value":0.0476277920817114},"d4":{"mstID":15,"value":29.31548005},"d5":{"mstID":16,"value":0.0348722050925061},"d6":{"mstID":17,"value":0.870447960153061},"First year of HIV diagnosis":{"mstID":18,"value":1980.0}},"4":{"a":{"mstID":0,"value":-6.03107785571677},"b":{"mstID":1,"value":-2.49382388},"c":{"mstID":3,"value":-0.6753722788},"tmid":{"mstID":2,"value":1972.58394},"iota":{"mstID":4,"value":-6.894282674},"d0":{"mstID":5,"value":0.31551861362698},"d1":{"mstID":6,"value":-0.945301190746784},"d2":{"mstID":7,"value":-0.554078529514084},"d3":{"mstID":8,"value":0.637734189339092},"d4":{"mstID":9,"value":45.13538435},"d5":{"mstID":10,"value":-0.140665138134448},"d6":{"mstID":11,"value":0.188031355656469},"First year of HIV diagnosis":{"mstID":12,"value":1980.0}},"5":{"p0":{"mstID":0,"value":-34.5387763949107},"p1":{"mstID":1,"value":-9.15799696330169},"p2":{"mstID":2,"value":-4.675336423},"p3":{"mstID":3,"value":-7.1331700221603},"p4":{"mstID":4,"value":1.159672661},"p5":{"mstID":5,"value":-6.09566569718809},"p6":{"mstID":6,"value":4.508152405},"p7":{"mstID":7,"value":-6.79262461531191},"p8":{"mstID":8,"value":-1.979381487},"d0":{"mstID":11,"value":0.0257853541951897},"d1":{"mstID":12,"value":0.0449792786196366},"d2":{"mstID":13,"value":0.0410874872860618},"d3":{"mstID":14,"value":0.0476277920817114},"d4":{"mstID":15,"value":29.31548005},"d5":{"mstID":16,"value":0.0348722050925061},"d6":{"mstID":17,"value":0.870447960153061},"First year of HIV diagnosis":{"mstID":18,"value":1980.0}},"6":{"p0":{"mstID":0,"value":-34.5387763949107},"p1":{"mstID":1,"value":-9.15799696330169},"p2":{"mstID":2,"value":-4.675336423},"p3":{"mstID":3,"value":-7.1331700221603},"p4":{"mstID":4,"value":1.159672661},"p5":{"mstID":5,"value":-6.09566569718809},"p6":{"mstID":6,"value":4.508152405},"d0":{"mstID":11,"value":0.0257853541951897},"d1":{"mstID":12,"value":0.0449792786196366},"d2":{"mstID":13,"value":0.0410874872860618},"d3":{"mstID":14,"value":0.0476277920817114},"d4":{"mstID":15,"value":29.31548005},"d5":{"mstID":16,"value":0.0348722050925061},"d6":{"mstID":17,"value":0.870447960153061},"First year of HIV diagnosis":{"mstID":18,"value":1980.0}}}