{"1":{"alpha":{"mstID":0,"value":-1.95410288424704},"beta":{"mstID":1,"value":-1.03961632698711},"t0":{"mstID":2,"value":-0.949299946148309},"a":{"mstID":3,"value":-0.120370489869154},"b":{"mstID":4,"value":1.73456772987021},"d0":{"mstID":7,"value":-1.53264125416895},"d1":{"mstID":8,"value":-4.32497573731888},"d2":{"mstID":9,"value":-1.79125545768009},"d3":{"mstID":10,"value":31.69035603},"d4":{"mstID":11,"value":0.6880135517},"d5":{"mstID":12,"value":-3.14877500142223},"d6":{"mstID":13,"value":3.95716696091731},"kappa1":{"mstID":5,"value":-1.59569306906588},"kappa2":{"mstID":6,"value":1.15967575441375},"First year of HIV diagnosis":{"mstID":14,"value":1980.0}},"2":{"alpha":{"mstID":0,"value":1.91170060133326},"beta":{"mstID":1,"value":-2.29633893988688},"d0":{"mstID":2,"value":-2.66766989382778},"d1":{"mstID":3,"value":-3.71744921212033},"d2":{"mstID":4,"value":-3.53142675740169},"d3":{"mstID":5,"value":-5.15481318740385},"d4":{"mstID":6,"value":31.73433475},"d5":{"mstID":7,"value":-1.25112879888382},"d6":{"mstID":8,"value":0.676314656666608},"First year of HIV diagnosis":{"mstID":9,"value":1980.0}},"3":{"p0":{"mstID":0,"value":-30.364389125015},"p1":{"mstID":1,"value":-10.2016432191568},"p2":{"mstID":2,"value":0.3315851711},"p3":{"mstID":3,"value":-5.64711392147951},"p4":{"mstID":4,"value":0.4733762383},"p5":{"mstID":5,"value":-5.99545164352569},"p6":{"mstID":6,"value":-1.400265705},"p7":{"mstID":7,"value":-6.17855122983361},"p8":{"mstID":8,"value":1.237040188},"p9":{"mstID":9,"value":-7.27678830470131},"p10":{"mstID":10,"value":-0.1936528069},"d0":{"mstID":11,"value":-0.689333977694072},"d1":{"mstID":12,"value":-2.0591025458222},"d2":{"mstID":13,"value":-3.71983804616457},"d3":{"mstID":14,"value":-2.88177986635978},"d4":{"mstID":15,"value":28.58026569},"d5":{"mstID":16,"value":0.0563581505197499},"d6":{"mstID":17,"value":-0.62360367403363},"First year of HIV diagnosis":{"mstID":18,"value":1980.0}},"4":{"a":{"mstID":0,"value":-5.60661842342482},"b":{"mstID":1,"value":-2.546044684},"c":{"mstID":3,"value":-0.8967757483},"tmid":{"mstID":2,"value":1987.464427},"iota":{"mstID":4,"value":-17.54354061},"d0":{"mstID":5,"value":-0.0838642563892927},"d1":{"mstID":6,"value":-4.05225348321856},"d2":{"mstID":7,"value":-4.3208256928077},"d3":{"mstID":8,"value":-5.33956371865245},"d4":{"mstID":9,"value":7.673764568},"d5":{"mstID":10,"value":-1.45550234745834},"d6":{"mstID":11,"value":1.14661893549179},"First year of HIV diagnosis":{"mstID":12,"value":1985.0}},"5":{"p0":{"mstID":0,"value":-30.364389125015},"p1":{"mstID":1,"value":-10.2016432191568},"p2":{"mstID":2,"value":0.3315851711},"p3":{"mstID":3,"value":-5.64711392147951},"p4":{"mstID":4,"value":0.4733762383},"p5":{"mstID":5,"value":-5.99545164352569},"p6":{"mstID":6,"value":-1.400265705},"p7":{"mstID":7,"value":-6.17855122983361},"p8":{"mstID":8,"value":1.237040188},"d0":{"mstID":11,"value":-0.689333977694072},"d1":{"mstID":12,"value":-2.0591025458222},"d2":{"mstID":13,"value":-3.71983804616457},"d3":{"mstID":14,"value":-2.88177986635978},"d4":{"mstID":15,"value":28.58026569},"d5":{"mstID":16,"value":0.0563581505197499},"d6":{"mstID":17,"value":-0.62360367403363},"First year of HIV diagnosis":{"mstID":18,"value":1980.0}},"6":{"p0":{"mstID":0,"value":-30.364389125015},"p1":{"mstID":1,"value":-10.2016432191568},"p2":{"mstID":2,"value":0.3315851711},"p3":{"mstID":3,"value":-5.64711392147951},"p4":{"mstID":4,"value":0.4733762383},"p5":{"mstID":5,"value":-5.99545164352569},"p6":{"mstID":6,"value":-1.400265705},"d0":{"mstID":11,"value":-0.689333977694072},"d1":{"mstID":12,"value":-2.0591025458222},"d2":{"mstID":13,"value":-3.71983804616457},"d3":{"mstID":14,"value":-2.88177986635978},"d4":{"mstID":15,"value":28.58026569},"d5":{"mstID":16,"value":0.0563581505197499},"d6":{"mstID":17,"value":-0.62360367403363},"First year of HIV diagnosis":{"mstID":18,"value":1980.0}}}