{"1":{"alpha":{"mstID":0,"value":-0.959181090808976},"beta":{"mstID":1,"value":1.7951126181354},"t0":{"mstID":2,"value":-0.919558397712963},"a":{"mstID":3,"value":1.12048188579885},"b":{"mstID":4,"value":1.63976157480838},"d0":{"mstID":7,"value":-1.13947876403499},"d1":{"mstID":8,"value":-4.04600837784814},"d2":{"mstID":9,"value":-1.4091655911803},"d3":{"mstID":10,"value":19.10708645},"d4":{"mstID":11,"value":0.0550477895},"d5":{"mstID":12,"value":-0.781488220212244},"d6":{"mstID":13,"value":3.34304320550955},"kappa1":{"mstID":5,"value":-2.92747115800179},"kappa2":{"mstID":6,"value":-0.617272637968172},"First year of HIV diagnosis":{"mstID":14,"value":1980.0}},"2":{"alpha":{"mstID":0,"value":0.80781811049034},"beta":{"mstID":1,"value":-6.72605633263652},"d0":{"mstID":2,"value":0.498803479205494},"d1":{"mstID":3,"value":-2.4674399427749},"d2":{"mstID":4,"value":-1.76151444423869},"d3":{"mstID":5,"value":-4.47622822196576},"d4":{"mstID":6,"value":23.95888949},"d5":{"mstID":7,"value":-4.01662607691757},"d6":{"mstID":8,"value":-1.77848736770759},"First year of HIV diagnosis":{"mstID":9,"value":1984.0}},"3":{"p0":{"mstID":0,"value":-29.6559744723242},"p1":{"mstID":1,"value":-8.84931777469377},"p2":{"mstID":2,"value":0.3119132545},"p3":{"mstID":3,"value":-5.27530351191743},"p4":{"mstID":4,"value":-1.804024633},"p5":{"mstID":5,"value":-6.43334331427469},"p6":{"mstID":6,"value":4.102688665},"p7":{"mstID":7,"value":-6.68221872857346},"p8":{"mstID":8,"value":-0.929219297},"p9":{"mstID":9,"value":-5.41464498129204},"p10":{"mstID":10,"value":-0.2272793678},"d0":{"mstID":11,"value":-0.191078779048142},"d1":{"mstID":12,"value":-2.80654931301427},"d2":{"mstID":13,"value":-0.917460810219043},"d3":{"mstID":14,"value":-0.721873797085576},"d4":{"mstID":15,"value":24.34308968},"d5":{"mstID":16,"value":-1.72402743202355},"d6":{"mstID":17,"value":-3.40819993944057},"First year of HIV diagnosis":{"mstID":18,"value":1980.0}},"4":{"a":{"mstID":0,"value":-6.16330618657177},"b":{"mstID":1,"value":-2.718554287},"c":{"mstID":3,"value":-2.378443609},"tmid":{"mstID":2,"value":1995.540435},"iota":{"mstID":4,"value":-15.38462631},"d0":{"mstID":5,"value":-0.731937073005109},"d1":{"mstID":6,"value":-2.31288168659955},"d2":{"mstID":7,"value":-1.07693407001732},"d3":{"mstID":8,"value":-2.90699375095205},"d4":{"mstID":9,"value":27.03273144},"d5":{"mstID":10,"value":-1.46237054543796},"d6":{"mstID":11,"value":-0.533458352112885},"First year of HIV diagnosis":{"mstID":12,"value":1980.0}},"5":{"p0":{"mstID":0,"value":-29.6559744723242},"p1":{"mstID":1,"value":-8.84931777469377},"p2":{"mstID":2,"value":0.3119132545},"p3":{"mstID":3,"value":-5.27530351191743},"p4":{"mstID":4,"value":-1.804024633},"p5":{"mstID":5,"value":-6.43334331427469},"p6":{"mstID":6,"value":4.102688665},"p7":{"mstID":7,"value":-6.68221872857346},"p8":{"mstID":8,"value":-0.929219297},"d0":{"mstID":11,"value":-0.191078779048142},"d1":{"mstID":12,"value":-2.80654931301427},"d2":{"mstID":13,"value":-0.917460810219043},"d3":{"mstID":14,"value":-0.721873797085576},"d4":{"mstID":15,"value":24.34308968},"d5":{"mstID":16,"value":-1.72402743202355},"d6":{"mstID":17,"value":-3.40819993944057},"First year of HIV diagnosis":{"mstID":18,"value":1980.0}},"6":{"p0":{"mstID":0,"value":-29.6559744723242},"p1":{"mstID":1,"value":-8.84931777469377},"p2":{"mstID":2,"value":0.3119132545},"p3":{"mstID":3,"value":-5.27530351191743},"p4":{"mstID":4,"value":-1.804024633},"p5":{"mstID":5,"value":-6.43334331427469},"p6":{"mstID":6,"value":4.102688665},"d0":{"mstID":11,"value":-0.191078779048142},"d1":{"mstID":12,"value":-2.80654931301427},"d2":{"mstID":13,"value":-0.917460810219043},"d3":{"mstID":14,"value":-0.721873797085576},"d4":{"mstID":15,"value":24.34308968},"d5":{"mstID":16,"value":-1.72402743202355},"d6":{"mstID":17,"value":-3.40819993944057},"First year of HIV diagnosis":{"mstID":18,"value":1980.0}}}