{"1":{"alpha":{"mstID":0,"value":-1.66738749981637},"beta":{"mstID":1,"value":-0.455073375057436},"t0":{"mstID":2,"value":-1.01133395924576},"a":{"mstID":3,"value":0.878226005954832},"b":{"mstID":4,"value":1.65978569444661},"d0":{"mstID":7,"value":-1.43761849296521},"d1":{"mstID":8,"value":-3.61222582129148},"d2":{"mstID":9,"value":-1.61162763555781},"d3":{"mstID":10,"value":22.53809086},"d4":{"mstID":11,"value":1.363031439},"d5":{"mstID":12,"value":1.121309575},"d6":{"mstID":13,"value":3.6628636292392},"kappa1":{"mstID":5,"value":-1.16741268703634},"kappa2":{"mstID":6,"value":-1.96701200334148},"First year of HIV diagnosis":{"mstID":14,"value":1980.0}},"2":{"alpha":{"mstID":0,"value":0.894591788581997},"beta":{"mstID":1,"value":-6.86672668180568},"d0":{"mstID":2,"value":-0.230450030627094},"d1":{"mstID":3,"value":-3.93260650189823},"d2":{"mstID":4,"value":-1.6846369897717},"d3":{"mstID":5,"value":0.920254746858593},"d4":{"mstID":6,"value":23.08106256},"d5":{"mstID":7,"value":-1.58592033460665},"d6":{"mstID":8,"value":0.751184752021998},"First year of HIV diagnosis":{"mstID":9,"value":1980.0}},"3":{"p0":{"mstID":0,"value":-30.0844290986571},"p1":{"mstID":1,"value":-10.0472222314695},"p2":{"mstID":2,"value":-0.1462419827},"p3":{"mstID":3,"value":-5.50366634414762},"p4":{"mstID":4,"value":-2.411667924},"p5":{"mstID":5,"value":-6.81395010441586},"p6":{"mstID":6,"value":1.169315837},"p7":{"mstID":7,"value":-5.9253881543431},"p8":{"mstID":8,"value":-0.1773765367},"p9":{"mstID":9,"value":-5.18745218870281},"p10":{"mstID":10,"value":0.3128286541},"d0":{"mstID":11,"value":-0.475052146424808},"d1":{"mstID":12,"value":0.276404928888059},"d2":{"mstID":13,"value":-0.101899001440086},"d3":{"mstID":14,"value":-2.05481184018047},"d4":{"mstID":15,"value":9.370848466},"d5":{"mstID":16,"value":-0.380543937734262},"d6":{"mstID":17,"value":-2.6396769057129},"First year of HIV diagnosis":{"mstID":18,"value":1980.0}},"4":{"a":{"mstID":0,"value":-5.69705421027673},"b":{"mstID":1,"value":-2.114031878},"c":{"mstID":3,"value":-1.239453698},"tmid":{"mstID":2,"value":1988.400868},"iota":{"mstID":4,"value":-18.4341092},"d0":{"mstID":5,"value":-0.994338157422115},"d1":{"mstID":6,"value":-1.18411324862813},"d2":{"mstID":7,"value":-0.68652818924627},"d3":{"mstID":8,"value":-1.54979239063662},"d4":{"mstID":9,"value":40.10740442},"d5":{"mstID":10,"value":-0.510334063988491},"d6":{"mstID":11,"value":-0.0525617331475416},"First year of HIV diagnosis":{"mstID":12,"value":1980.0}},"5":{"p0":{"mstID":0,"value":-30.0844290986571},"p1":{"mstID":1,"value":-10.0472222314695},"p2":{"mstID":2,"value":-0.1462419827},"p3":{"mstID":3,"value":-5.50366634414762},"p4":{"mstID":4,"value":-2.411667924},"p5":{"mstID":5,"value":-6.81395010441586},"p6":{"mstID":6,"value":1.169315837},"p7":{"mstID":7,"value":-5.9253881543431},"p8":{"mstID":8,"value":-0.1773765367},"d0":{"mstID":11,"value":-0.475052146424808},"d1":{"mstID":12,"value":0.276404928888059},"d2":{"mstID":13,"value":-0.101899001440086},"d3":{"mstID":14,"value":-2.05481184018047},"d4":{"mstID":15,"value":9.370848466},"d5":{"mstID":16,"value":-0.380543937734262},"d6":{"mstID":17,"value":-2.6396769057129},"First year of HIV diagnosis":{"mstID":18,"value":1980.0}},"6":{"p0":{"mstID":0,"value":-30.0844290986571},"p1":{"mstID":1,"value":-10.0472222314695},"p2":{"mstID":2,"value":-0.1462419827},"p3":{"mstID":3,"value":-5.50366634414762},"p4":{"mstID":4,"value":-2.411667924},"p5":{"mstID":5,"value":-6.81395010441586},"p6":{"mstID":6,"value":1.169315837},"d0":{"mstID":11,"value":-0.475052146424808},"d1":{"mstID":12,"value":0.276404928888059},"d2":{"mstID":13,"value":-0.101899001440086},"d3":{"mstID":14,"value":-2.05481184018047},"d4":{"mstID":15,"value":9.370848466},"d5":{"mstID":16,"value":-0.380543937734262},"d6":{"mstID":17,"value":-2.6396769057129},"First year of HIV diagnosis":{"mstID":18,"value":1980.0}}}