{"ISO3AlphaCountryCode":"AFG","eduCode1Salary":970.3831813,"eduCode2Salary":1265.333529,"eduCode3Salary":1670.521322,"eduCode4Salary":2704.821028,"eduCode5Salary":4060.214265}