{"ISO3AlphaCountryCode":"ALB","eduCode1Salary":2383.926665,"eduCode2Salary":3108.527021,"eduCode3Salary":4103.946153,"eduCode4Salary":6644.895641,"eduCode5Salary":9974.671074}