{"ISO3AlphaCountryCode":"ARM","eduCode1Salary":6464.618164704922,"eduCode2Salary":8404.003614116398,"eduCode3Salary":10940.123047962175,"eduCode4Salary":13426.514649771761,"eduCode5Salary":20139.771974657644}