{"ISO3AlphaCountryCode":"AUS","eduCode1Salary":54627.5208922721,"eduCode2Salary":71015.77715995374,"eduCode3Salary":91045.86815378683,"eduCode4Salary":115324.76632812998,"eduCode5Salary":172987.14949219493}