{"ISO3AlphaCountryCode":"AUT","eduCode1Salary":48166.10140586504,"eduCode2Salary":62615.931827624554,"eduCode3Salary":80276.83567644173,"eduCode4Salary":101683.9918568262,"eduCode5Salary":152525.98778523927}