{"ISO3AlphaCountryCode":"AZE","eduCode1Salary":1486.842167,"eduCode2Salary":1938.77149,"eduCode3Salary":2559.609019,"eduCode4Salary":4144.385471,"eduCode5Salary":6221.148399}