{"ISO3AlphaCountryCode":"AZE","eduCode1Salary":7030.458957275298,"eduCode2Salary":9139.596644457888,"eduCode3Salary":11897.699773850505,"eduCode4Salary":14601.72244972562,"eduCode5Salary":21902.583674588433}