{"ISO3AlphaCountryCode":"BEL","eduCode1Salary":30866.69447,"eduCode2Salary":40248.70196,"eduCode3Salary":53137.22688,"eduCode4Salary":86037.02733,"eduCode5Salary":129150.4177}