{"ISO3AlphaCountryCode":"BEN","eduCode1Salary":2046.686325,"eduCode2Salary":2668.781653,"eduCode3Salary":3523.384588,"eduCode4Salary":5704.880624,"eduCode5Salary":8563.611954}