{"ISO3AlphaCountryCode":"BOL","eduCode1Salary":8028.055205428651,"eduCode2Salary":10436.471767057246,"eduCode3Salary":14049.09660950014,"eduCode4Salary":17059.617311535883,"eduCode5Salary":25589.425967303825}