{"ISO3AlphaCountryCode":"BRA","eduCode1Salary":10005.820279167037,"eduCode2Salary":13007.56636291715,"eduCode3Salary":16932.92662628268,"eduCode4Salary":20781.319041346924,"eduCode5Salary":31171.97856202039}