{"ISO3AlphaCountryCode":"BWA","eduCode1Salary":9410.434926790407,"eduCode2Salary":12233.565404827528,"eduCode3Salary":15925.35141456838,"eduCode4Salary":19544.749463333923,"eduCode5Salary":29317.124195000884}