{"ISO3AlphaCountryCode":"CAF","eduCode1Salary":1654.285107,"eduCode2Salary":2157.109122,"eduCode3Salary":2847.863192,"eduCode4Salary":4611.1116,"eduCode5Salary":6921.752271}