{"ISO3AlphaCountryCode":"CAN","eduCode1Salary":29985.01153,"eduCode2Salary":39099.02933,"eduCode3Salary":51619.40364,"eduCode4Salary":83579.44706,"eduCode5Salary":125461.3372}