{"ISO3AlphaCountryCode":"COG","eduCode1Salary":6097.135707679615,"eduCode2Salary":7926.2764199835,"eduCode3Salary":10669.987488439327,"eduCode4Salary":12956.413378819181,"eduCode5Salary":19434.62006822877}