{"ISO3AlphaCountryCode":"COL","eduCode1Salary":8037.51922828353,"eduCode2Salary":10448.774996768589,"eduCode3Salary":13601.955617095206,"eduCode4Salary":16693.309166435025,"eduCode5Salary":25039.96374965254}