{"ISO3AlphaCountryCode":"COM","eduCode1Salary":3785.9300175870285,"eduCode2Salary":4921.709022863138,"eduCode3Salary":6625.3775307773,"eduCode4Salary":8045.101287372436,"eduCode5Salary":12067.651931058654}