{"ISO3AlphaCountryCode":"CPV","eduCode1Salary":3887.678094,"eduCode2Salary":5069.347385,"eduCode3Salary":6692.664585,"eduCode4Salary":10836.41356,"eduCode5Salary":16266.57011}