{"ISO3AlphaCountryCode":"DJI","eduCode1Salary":1647.702492,"eduCode2Salary":2148.525705,"eduCode3Salary":2836.531175,"eduCode4Salary":4592.763389,"eduCode5Salary":6894.209721}