{"ISO3AlphaCountryCode":"DZA","eduCode1Salary":4459.869438,"eduCode2Salary":5815.457691,"eduCode3Salary":7677.695919,"eduCode4Salary":12431.32494,"eduCode5Salary":18660.69596}