{"ISO3AlphaCountryCode":"ESP","eduCode1Salary":27439.93885759174,"eduCode2Salary":35671.92051486926,"eduCode3Salary":45733.23142931957,"eduCode4Salary":57928.75981047144,"eduCode5Salary":86893.13971570716}