{"ISO3AlphaCountryCode":"ETH","eduCode1Salary":1029.87987,"eduCode2Salary":1342.914382,"eduCode3Salary":1772.94528,"eduCode4Salary":2870.660561,"eduCode5Salary":4309.156442}