{"ISO3AlphaCountryCode":"FJI","eduCode1Salary":6052.866743884999,"eduCode2Salary":7868.7267670505,"eduCode3Salary":10243.312951189999,"eduCode4Salary":12571.338621914998,"eduCode5Salary":18857.0079328725}