{"ISO3AlphaCountryCode":"FRA","eduCode1Salary":39304.17756896678,"eduCode2Salary":51095.430839656816,"eduCode3Salary":65506.96261494463,"eduCode4Salary":82975.48597892986,"eduCode5Salary":124463.22896839479}