{"ISO3AlphaCountryCode":"GHA","eduCode1Salary":2710.954028,"eduCode2Salary":3534.955153,"eduCode3Salary":4666.926009,"eduCode4Salary":7556.443271,"eduCode5Salary":11342.99772}