{"ISO3AlphaCountryCode":"GIN","eduCode1Salary":2854.0223987009826,"eduCode2Salary":3710.2291183112775,"eduCode3Salary":4994.53919772672,"eduCode4Salary":6064.797597239588,"eduCode5Salary":9097.196395859382}