{"ISO3AlphaCountryCode":"GNQ","eduCode1Salary":9627.910467231519,"eduCode2Salary":12516.283607400976,"eduCode3Salary":16293.38694454565,"eduCode4Salary":19996.429431942386,"eduCode5Salary":29994.644147913583}