{"ISO3AlphaCountryCode":"GRC","eduCode1Salary":18279.61423189855,"eduCode2Salary":23763.498501468115,"eduCode3Salary":30466.023719830915,"eduCode4Salary":38590.29671178582,"eduCode5Salary":57885.44506767873}