{"ISO3AlphaCountryCode":"HUN","eduCode1Salary":16877.742250818505,"eduCode2Salary":21941.064926064057,"eduCode3Salary":28129.57041803084,"eduCode4Salary":35630.789196172394,"eduCode5Salary":53446.18379425859}