{"ISO3AlphaCountryCode":"IRN","eduCode1Salary":4146.261747,"eduCode2Salary":5406.528173,"eduCode3Salary":7137.818121,"eduCode4Salary":11557.18295,"eduCode5Salary":17348.51903}