{"ISO3AlphaCountryCode":"ISL","eduCode1Salary":36036.0188,"eduCode2Salary":46989.25509,"eduCode3Salary":62036.25427,"eduCode4Salary":100445.8685,"eduCode5Salary":150779.5687}