{"ISO3AlphaCountryCode":"ISR","eduCode1Salary":46916.56436508976,"eduCode2Salary":60991.5336746167,"eduCode3Salary":78194.27394181627,"eduCode4Salary":99046.08032630061,"eduCode5Salary":148569.1204894509}