{"ISO3AlphaCountryCode":"KAZ","eduCode1Salary":13485.92673016772,"eduCode2Salary":17531.704749218035,"eduCode3Salary":22822.337543360754,"eduCode4Salary":28009.232439579107,"eduCode5Salary":42013.84865936867}