{"ISO3AlphaCountryCode":"KGZ","eduCode1Salary":3277.219929582891,"eduCode2Salary":4260.385908457759,"eduCode3Salary":5735.13487677006,"eduCode4Salary":6964.092350363643,"eduCode5Salary":10446.138525545464}