{"ISO3AlphaCountryCode":"KOR","eduCode1Salary":4987.963277,"eduCode2Salary":6504.066947,"eduCode3Salary":8586.813095,"eduCode4Salary":13903.32007,"eduCode5Salary":20870.31189}