{"ISO3AlphaCountryCode":"LBY","eduCode1Salary":9690.24447,"eduCode2Salary":12635.61804,"eduCode3Salary":16681.82252,"eduCode4Salary":27010.33727,"eduCode5Salary":40545.29137}