{"ISO3AlphaCountryCode":"LSO","eduCode1Salary":3088.49902,"eduCode2Salary":4027.255871,"eduCode3Salary":5316.87231,"eduCode4Salary":8608.802436,"eduCode5Salary":12922.69695}