{"ISO3AlphaCountryCode":"LTU","eduCode1Salary":6145.993008,"eduCode2Salary":8014.082655,"eduCode3Salary":10580.36924,"eduCode4Salary":17131.18224,"eduCode5Salary":25715.66466}