{"ISO3AlphaCountryCode":"MAR","eduCode1Salary":9042.059765625,"eduCode2Salary":11754.6776953125,"eduCode3Salary":15823.604589843751,"eduCode4Salary":19214.377001953122,"eduCode5Salary":28821.565502929687}