{"ISO3AlphaCountryCode":"MDG","eduCode1Salary":1862.402700406174,"eduCode2Salary":2421.1235105280266,"eduCode3Salary":3221.4533196214907,"eduCode4Salary":3926.1462332886913,"eduCode5Salary":5889.219349933037}