{"ISO3AlphaCountryCode":"MDG","eduCode1Salary":1524.562732,"eduCode2Salary":1987.957314,"eduCode3Salary":2624.545232,"eduCode4Salary":4249.526802,"eduCode5Salary":6378.976339}