{"ISO3AlphaCountryCode":"MICR","eduCode1Salary":1932.379668,"eduCode2Salary":2519.731208,"eduCode3Salary":3326.604893,"eduCode4Salary":5386.265202,"eduCode5Salary":8085.337469}