{"ISO3AlphaCountryCode":"MLI","eduCode1Salary":3261.587328314266,"eduCode2Salary":4240.063526808546,"eduCode3Salary":5641.664567894946,"eduCode4Salary":6875.778692121966,"eduCode5Salary":10313.668038182948}