{"ISO3AlphaCountryCode":"MLI","eduCode1Salary":2063.944761,"eduCode2Salary":2691.285833,"eduCode3Salary":3553.095105,"eduCode4Salary":5752.986344,"eduCode5Salary":8635.823582}