{"ISO3AlphaCountryCode":"MNG","eduCode1Salary":10958.736312700372,"eduCode2Salary":14246.357206510485,"eduCode3Salary":19177.788547225653,"eduCode4Salary":23287.31466448829,"eduCode5Salary":34930.971996732434}