{"ISO3AlphaCountryCode":"PNG","eduCode1Salary":6299.049864512688,"eduCode2Salary":8188.764823866495,"eduCode3Salary":11023.337262897205,"eduCode4Salary":13385.480962089461,"eduCode5Salary":20078.221443134193}