{"ISO3AlphaCountryCode":"PNG","eduCode1Salary":1195.740865,"eduCode2Salary":1559.189233,"eduCode3Salary":2058.476125,"eduCode4Salary":3332.977217,"eduCode5Salary":5003.141243}