{"ISO3AlphaCountryCode":"SAU","eduCode1Salary":18079.79391,"eduCode2Salary":23575.19161,"eduCode3Salary":31124.4896,"eduCode4Salary":50395.1508,"eduCode5Salary":75648.2991}