{"ISO3AlphaCountryCode":"SEN","eduCode1Salary":3920.5442853685704,"eduCode2Salary":5096.707570979142,"eduCode3Salary":6860.952499394999,"eduCode4Salary":8331.156606408213,"eduCode5Salary":12496.734909612318}