{"ISO3AlphaCountryCode":"SLB","eduCode1Salary":5358.088689544394,"eduCode2Salary":6965.515296407712,"eduCode3Salary":9376.65520670269,"eduCode4Salary":11385.938465281835,"eduCode5Salary":17078.907697922754}