{"ISO3AlphaCountryCode":"SLV","eduCode1Salary":6063.604589489002,"eduCode2Salary":7882.685966335703,"eduCode3Salary":10261.484689904466,"eduCode4Salary":12593.640301246389,"eduCode5Salary":18890.460451869585}