{"ISO3AlphaCountryCode":"SWE","eduCode1Salary":31810.67274,"eduCode2Salary":41479.60473,"eduCode3Salary":54762.29195,"eduCode4Salary":88668.24796,"eduCode5Salary":133100.1502}