{"ISO3AlphaCountryCode":"SWE","eduCode1Salary":55275.91278898219,"eduCode2Salary":71858.68662567686,"eduCode3Salary":92126.5213149703,"eduCode4Salary":116693.59366562906,"eduCode5Salary":175040.39049844356}