{"ISO3AlphaCountryCode":"SWZ","eduCode1Salary":4943.283672,"eduCode2Salary":6445.806867,"eduCode3Salary":8509.896848,"eduCode4Salary":13778.78129,"eduCode5Salary":20683.36639}