{"ISO3AlphaCountryCode":"SWZ","eduCode1Salary":9764.577157223177,"eduCode2Salary":12693.950304390131,"eduCode3Salary":17088.01002514056,"eduCode4Salary":20749.726459099253,"eduCode5Salary":31124.589688648877}