{"ISO3AlphaCountryCode":"SYR","eduCode1Salary":2624.497276,"eduCode2Salary":3422.219659,"eduCode3Salary":4518.090115,"eduCode4Salary":7315.455953,"eduCode5Salary":10981.251}