{"ISO3AlphaCountryCode":"SYR","eduCode1Salary":1556.3040090961,"eduCode2Salary":2023.1952118249299,"eduCode3Salary":2691.9853130310917,"eduCode4Salary":3280.8571002566428,"eduCode5Salary":4921.285650384964}