{"ISO3AlphaCountryCode":"TCD","eduCode1Salary":2537.054165638923,"eduCode2Salary":3298.1704153306005,"eduCode3Salary":4388.4180162403,"eduCode4Salary":5348.384457292866,"eduCode5Salary":8022.576685939298}