{"ISO3AlphaCountryCode":"TON","eduCode1Salary":1951.226211,"eduCode2Salary":2544.306203,"eduCode3Salary":3359.049346,"eduCode4Salary":5438.797568,"eduCode5Salary":8164.193948}