{"ISO3AlphaCountryCode":"TUN","eduCode1Salary":4300.127778,"eduCode2Salary":5607.162162,"eduCode3Salary":7402.699552,"eduCode4Salary":11986.06516,"eduCode5Salary":17992.31528}