{"ISO3AlphaCountryCode":"TZA","eduCode1Salary":2750.476757812512,"eduCode2Salary":3575.6197851562656,"eduCode3Salary":4813.3343261718965,"eduCode4Salary":5844.763110351588,"eduCode5Salary":8767.144665527381}