{"ISO3AlphaCountryCode":"UGA","eduCode1Salary":2493.615396,"eduCode2Salary":3251.555911,"eduCode3Salary":4292.776058,"eduCode4Salary":6950.639179,"eduCode5Salary":10433.62354}