{"ISO3AlphaCountryCode":"UKR","eduCode1Salary":1590.356586,"eduCode2Salary":2073.74937,"eduCode3Salary":2737.809803,"eduCode4Salary":4432.918891,"eduCode5Salary":6654.266706}