{"ISO3AlphaCountryCode":"URY","eduCode1Salary":16131.59579951653,"eduCode2Salary":20971.074539371493,"eduCode3Salary":26885.99299919422,"eduCode4Salary":34055.59113231267,"eduCode5Salary":51083.386698469}