{"ISO3AlphaCountryCode":"VEN","eduCode1Salary":5076.098748,"eduCode2Salary":6618.991411,"eduCode3Salary":8738.538915,"eduCode4Salary":14148.98661,"eduCode5Salary":21239.0826}