{"ISO3AlphaCountryCode":"VNM","eduCode1Salary":1058.550874,"eduCode2Salary":1380.300009,"eduCode3Salary":1822.302612,"eduCode4Salary":2950.57738,"eduCode5Salary":4429.119798}