{"ISO3AlphaCountryCode":"VUT","eduCode1Salary":7306.976736766962,"eduCode2Salary":9499.069757797051,"eduCode3Salary":12787.209289342183,"eduCode4Salary":15527.325565629793,"eduCode5Salary":23290.988348444687}