{"2019":{"<Csect>":1,"<Urine>":99.842903,"<Blood>":100,"<BP>":99.798584}}