{"2009":{"<Csect>":1,"<Urine>":97.294022,"<Blood>":98.639923,"<BP>":99.484062},"2016":{"<Csect>":1,"<Urine>":99.19809,"<Blood>":99.125198,"<BP>":99.185699}}