{"2010":{"<Csect>":0.99322176,"<Urine>":97.568787,"<Blood>":97.243019,"<BP>":99.821075},"2018":{"<Csect>":0.93795943,"<Urine>":97.472313,"<Blood>":98.599014,"<BP>":99.462929}}