{"2009":{"<Csect>":0.16885109,"<Urine>":18.067358,"<Blood>":14.43919,"<BP>":93.175583},"2016":{"<Csect>":0.30398574,"<Urine>":60.929352,"<Blood>":57.040371,"<BP>":89.960602}}